timestamp,amount,transaction_hour,is_foreign,velocity_1h,new_device,account_age_days,avg_amount_last_30d,merchant_category,geo_distance,isFraud
86400,68.5,0,1,19.0,0,,1.0,discover,87.0,0
86401,29.0,0,1,,0,,1.0,mastercard,87.0,0
86469,59.0,0,1,287.0,0,,1.0,visa,87.0,0
86499,50.0,0,1,,0,,2.0,mastercard,87.0,0
86506,50.0,0,1,,0,,1.0,mastercard,87.0,0
86510,49.0,0,1,36.0,0,,1.0,visa,87.0,0
86522,159.0,0,1,0.0,0,,1.0,visa,87.0,0
86529,422.5,0,1,,0,,1.0,visa,87.0,0
86535,15.0,0,1,,0,,1.0,visa,87.0,0
86536,117.0,0,1,19.0,0,,2.0,mastercard,87.0,0
86549,75.887,0,0,,0,,1.0,mastercard,,0
86555,16.495,0,0,,0,30.0,1.0,mastercard,,0
86564,50.0,0,1,,0,,4.0,visa,87.0,0
86585,40.0,0,1,,0,,6.0,visa,87.0,0
86596,10.5,0,1,,0,,1.0,visa,87.0,0
86618,57.95,0,1,3.0,0,,4.0,visa,87.0,0
86620,30.0,0,1,,0,,1.0,visa,87.0,0
86668,100.0,0,1,,0,,1.0,mastercard,87.0,0
86725,47.95,0,1,5.0,0,,1.0,visa,87.0,0
86730,186.0,0,1,,0,,2.0,visa,87.0,0
86761,39.0,0,1,0.0,0,,1.0,mastercard,87.0,0
86769,159.95,0,1,,0,,127.0,mastercard,87.0,0
86786,50.0,0,1,,0,,1.0,visa,87.0,0
86808,107.95,0,1,4.0,0,,1.0,mastercard,87.0,0
86821,73.95,0,1,,0,,3.0,visa,87.0,0
86944,107.95,0,1,,0,,4.0,mastercard,87.0,0
86945,184.0,0,1,,0,,2.0,visa,87.0,0
86972,47.95,0,1,17.0,0,,4.0,visa,87.0,0
86973,20.0,0,1,,0,,1.0,mastercard,87.0,0
86979,36.99,0,1,,0,,1.0,visa,87.0,0
86994,35.0,0,1,,0,,3.0,visa,87.0,0
86998,363.89,0,1,13.0,0,,1.0,visa,87.0,0
87008,200.0,0,1,,0,,4.0,visa,87.0,0
87078,40.0,0,1,,0,,2.0,mastercard,87.0,0
87135,107.95,0,1,2.0,0,,1.0,visa,87.0,0
87140,107.95,0,1,664.0,0,,3.0,visa,87.0,0
87149,77.0,0,1,20.0,0,,8.0,visa,87.0,0
87161,21.95,0,1,,0,,92.0,visa,87.0,0
87172,25.0,0,1,,0,98.0,1.0,american express,87.0,0
87202,39.95,0,1,,0,,1.0,visa,87.0,0
87209,75.887,0,0,,0,,2.0,visa,,0
87220,774.0,0,1,0.0,0,,2.0,visa,87.0,0
87233,117.0,0,1,6.0,0,,2.0,visa,87.0,0
87248,49.0,0,1,0.0,0,,2.0,visa,87.0,0
87266,39.5,0,1,,0,,1.0,visa,87.0,0
87275,36.95,0,1,0.0,0,,190.0,visa,87.0,0
87285,49.0,0,1,30.0,0,,1.0,visa,87.0,0
87285,15.0,0,1,,0,,1.0,visa,87.0,0
87317,42.294,0,0,,0,,1.0,visa,,0
87317,3.595,0,0,,0,149.0,1.0,mastercard,,0
87319,117.0,0,1,16.0,0,,1.0,visa,87.0,0
87328,226.0,0,1,80.0,0,,4.0,visa,87.0,0
87333,117.0,0,1,5.0,0,,8.0,mastercard,87.0,0
87349,130.95,0,1,7.0,0,,5.0,mastercard,87.0,0
87401,34.0,0,1,,0,,1.0,visa,87.0,0
87413,210.95,0,1,,0,,1.0,visa,87.0,0
87440,500.0,0,1,,0,,1.0,visa,87.0,0
87445,50.0,0,1,,0,,1.0,visa,87.0,0
87532,380.21,0,1,,0,,1.0,visa,87.0,0
87557,35.95,0,1,154.0,0,,12.0,visa,87.0,0
87581,2454.0,0,1,,0,,1.0,mastercard,87.0,0
87596,58.95,0,1,16.0,0,,1.0,visa,87.0,0
87601,200.0,0,1,7.0,0,,1.0,mastercard,87.0,0
87604,80.0,0,1,,0,,3.0,visa,87.0,0
87611,250.0,0,1,,0,,6.0,visa,87.0,0
87650,114.95,0,1,1.0,0,,1.0,visa,87.0,0
87660,300.0,0,1,,0,,1.0,visa,87.0,0
87664,445.0,0,1,24.0,0,,2.0,visa,87.0,0
87667,3.081,0,0,,0,,2.0,visa,,0
87725,20.0,0,1,,0,84.0,7.0,visa,87.0,0
87735,100.0,0,1,,0,,1.0,visa,87.0,0
87736,59.0,0,1,,0,,1.0,visa,87.0,0
87752,6.767,0,0,,0,,1.0,mastercard,,0
87759,554.0,0,1,5.0,0,,1.0,visa,87.0,0
87775,27.793,0,0,,0,100.0,1.0,visa,,0
87779,68.5,0,1,,0,,8.0,visa,87.0,0
87787,36.95,0,1,1.0,0,,1.0,mastercard,87.0,0
87793,280.0,0,1,,0,,6.0,visa,87.0,0
87825,300.0,0,1,2239.0,0,,2.0,visa,87.0,0
87839,28.699,0,0,,0,,1.0,mastercard,,0
87856,60.0,0,1,,0,,2.0,visa,87.0,0
87868,104.95,0,1,1.0,0,,4.0,visa,87.0,0
87899,280.0,0,1,,0,,2.0,mastercard,87.0,0
87924,411.95,0,1,22.0,0,,1.0,mastercard,87.0,0
87928,125.674,0,0,,0,744.0,1.0,visa,,0
87935,42.596,0,0,,0,,1.0,visa,,0
87950,44.5,0,1,6.0,0,,5.0,mastercard,87.0,0
88004,88.95,0,1,9.0,0,,7.0,visa,87.0,0
88021,140.0,0,1,,0,,2.0,visa,87.0,0
88042,318.95,0,1,5.0,0,,1.0,visa,87.0,0
88046,77.821,0,0,,0,,1.0,visa,,0
88053,107.0,0,1,10.0,0,,2.0,mastercard,87.0,0
88054,117.0,0,1,327.0,0,,1.0,visa,87.0,0
88070,50.0,0,1,,0,,1.0,visa,87.0,0
88107,527.0,0,1,5.0,0,,2.0,visa,87.0,0
88120,59.0,0,1,,0,,1.0,visa,87.0,0
88131,108.5,0,1,,0,,202.0,visa,87.0,0
88147,21.5,0,1,4.0,0,,1.0,mastercard,87.0,0
88149,159.0,0,1,137.0,0,,1.0,mastercard,87.0,0
88162,75.0,0,1,,0,,2.0,visa,87.0,0
88169,100.0,0,1,,0,,1.0,visa,87.0,0
88174,25.0,0,1,,0,,1.0,visa,87.0,0
88178,42.95,0,1,0.0,0,,1.0,visa,87.0,0
88184,47.95,0,1,31.0,0,,1.0,visa,87.0,0
88208,100.0,0,1,,0,,1.0,visa,87.0,0
88229,5.075,0,0,,0,,1.0,visa,,0
88230,92.0,0,1,1.0,0,,2.0,visa,87.0,0
88258,226.0,0,1,113.0,0,,3.0,visa,87.0,0
88303,150.0,0,1,,0,,1.0,visa,87.0,0
88346,107.95,0,1,4.0,0,,1.0,mastercard,87.0,0
88380,1153.95,0,1,,0,,1.0,visa,87.0,0
88383,18.186,0,0,,0,109.0,1.0,mastercard,,0
88394,210.95,0,1,5.0,0,,202.0,visa,87.0,0
88404,11.782,0,0,,0,,1.0,visa,,0
88404,4.433,0,0,,0,7.0,1.0,visa,,0
88410,75.0,0,1,,0,,4.0,visa,87.0,0
88435,34.0,0,1,2.0,0,,1.0,mastercard,87.0,0
88440,200.0,0,1,,0,,2.0,visa,87.0,0
88471,11.782,0,0,,0,,1.0,visa,,0
88484,100.0,0,1,,0,,1.0,american express,87.0,0
88507,59.0,0,1,5.0,0,,1.0,visa,87.0,0
88517,50.0,0,1,,0,,1.0,mastercard,87.0,0
88538,80.0,0,1,36.0,0,,21.0,visa,87.0,0
88549,59.0,0,1,23.0,0,,1.0,visa,87.0,0
88554,58.95,0,1,112.0,0,,3.0,visa,87.0,0
88556,50.0,0,1,,0,,1.0,mastercard,87.0,0
88579,87.95,0,1,,0,,4.0,visa,87.0,0
88586,107.95,0,1,,0,,1.0,mastercard,87.0,0
88589,57.95,0,1,,0,,1.0,mastercard,87.0,0
88607,50.0,0,1,,0,,2.0,visa,87.0,0
88619,70.933,0,0,,0,,2.0,visa,,0
88628,444.61,0,1,8.0,0,,1.0,visa,87.0,0
88638,757.07,0,1,,0,,1.0,visa,87.0,0
88647,2594.95,0,1,,0,,2.0,mastercard,87.0,0
88657,117.0,0,1,30.0,0,,2.0,visa,87.0,0
88671,3000.0,0,1,9.0,0,,1.0,discover,87.0,0
88688,30.0,0,1,,0,,8.0,mastercard,87.0,0
88704,56.95,0,1,55.0,0,,131.0,visa,87.0,0
88725,100.0,0,1,,0,,1.0,mastercard,87.0,0
88735,129.299,0,0,,0,,1.0,visa,,0
88743,208.43,0,1,4.0,0,,5.0,mastercard,87.0,0
88755,200.0,0,1,,0,6.0,1.0,visa,87.0,0
88777,23.806,0,0,,0,,1.0,visa,,0
88778,100.0,0,1,,0,,3.0,visa,87.0,0
88803,200.0,0,1,,0,6.0,1.0,visa,87.0,0
88805,100.0,0,1,,0,,1.0,american express,87.0,0
88818,23.806,0,0,,0,,1.0,visa,,0
88819,25.95,0,1,,0,,4.0,visa,87.0,0
88842,30.0,0,1,,0,,1.0,visa,87.0,0
88849,43.95,0,1,,0,,3.0,visa,87.0,0
88880,117.0,0,1,,0,,1.0,visa,87.0,0
88897,49.0,0,1,,0,,16.0,visa,87.0,0
88907,587.82,0,1,9.0,0,,2.0,mastercard,87.0,0
88910,29.0,0,1,10.0,0,,4.0,mastercard,87.0,0
88912,35.95,0,1,3.0,0,,25.0,visa,87.0,0
88943,479.95,0,1,,0,,1.0,mastercard,87.0,0
88965,50.0,0,1,,0,,1.0,visa,87.0,0
88997,30.0,0,1,,0,,1.0,visa,87.0,0
88997,171.0,0,1,12.0,0,,2.0,visa,87.0,0
89072,92.95,0,1,0.0,0,,1.0,visa,87.0,0
89075,29.0,0,1,,0,,1.0,mastercard,87.0,0
89085,107.95,0,1,,0,,1.0,visa,87.0,0
89095,100.0,0,1,,0,,4.0,visa,87.0,0
89103,973.95,0,1,32.0,0,,1.0,visa,87.0,0
89133,34.0,0,1,,0,,1.0,visa,87.0,0
89134,39.0,0,1,801.0,0,,1.0,visa,87.0,0
89147,26.5,0,1,,0,,1.0,mastercard,87.0,0
89169,100.0,0,1,,0,,1.0,visa,87.0,0
89180,36.95,0,1,,0,,1.0,visa,87.0,0
89185,100.0,0,1,2355.0,0,,1.0,visa,87.0,0
89189,20.0,0,1,,0,,1.0,visa,87.0,0
89211,34.0,0,1,7.0,0,,1.0,visa,87.0,0
89225,159.95,0,1,16.0,0,,5.0,mastercard,87.0,0
89230,25.0,0,1,,0,,1.0,visa,87.0,0
89250,107.95,0,1,1111.0,0,,3.0,visa,87.0,0
89268,117.0,0,1,1.0,0,,1.0,visa,87.0,0
89283,39.0,0,1,,0,,2.0,mastercard,87.0,0
89341,306.47,0,1,,0,,1.0,visa,87.0,0
89372,445.0,0,1,11.0,0,,1.0,visa,87.0,0
89393,424.95,0,1,22.0,0,,2.0,visa,87.0,0
89404,83.95,0,1,,0,,3.0,visa,87.0,0
89437,171.0,0,1,6.0,0,,2.0,mastercard,87.0,0
89439,311.95,0,1,2.0,0,,1.0,visa,87.0,0
89444,200.0,0,1,,0,,1.0,visa,87.0,0
89466,112.99,0,1,1568.0,0,,2.0,visa,87.0,0
89483,359.91,0,1,,0,,2.0,mastercard,87.0,0
89513,117.0,0,1,83.0,0,,1.0,visa,87.0,0
89542,50.0,0,1,,0,,4.0,visa,87.0,0
89545,12.0,0,1,,0,174.0,2.0,visa,87.0,0
89561,57.399,0,0,,0,317.0,1.0,mastercard,,0
89565,32.325,0,0,,0,,1.0,mastercard,,0
89597,26.5,0,1,,0,,2.0,visa,87.0,0
89600,5.982,0,0,,0,73.0,1.0,mastercard,,0
89611,28.699,0,0,,0,,1.0,mastercard,,0
89624,1486.44,0,1,,0,,1.0,visa,87.0,0
89625,59.0,0,1,18.0,0,,1.0,visa,87.0,0
89633,8.641,0,0,,0,240.0,1.0,mastercard,,0
89663,66.0,0,1,,0,,1.0,mastercard,87.0,0
89663,15.0,0,1,,0,,1.0,visa,87.0,0
89665,19.455,0,0,,0,,2.0,visa,,0
89666,34.0,0,1,17.0,0,,2.0,visa,87.0,0
89699,2547.46,0,1,17.0,0,,1.0,visa,87.0,0
89719,47.95,0,1,,0,,3.0,visa,87.0,0
89760,445.0,0,1,,0,,2.0,visa,87.0,1
89785,47.95,0,1,6.0,0,,6.0,visa,87.0,0
89793,28.699,0,0,,0,,2.0,mastercard,,0
89793,39.0,0,1,30.0,0,,1.0,visa,87.0,0
89828,25.0,0,1,,0,,1.0,visa,87.0,0
89834,120.95,0,1,,0,,8.0,visa,87.0,0
89836,21.993,0,0,,0,4.0,2.0,visa,,0
89837,2948.95,0,1,18.0,0,,1.0,visa,87.0,0
89840,15.0,0,1,,0,,1.0,visa,87.0,0
89844,117.0,0,1,9.0,0,,1.0,visa,87.0,0
89867,499.95,0,1,27.0,0,,1.0,visa,87.0,0
89878,99.0,0,1,80.0,0,,3.0,mastercard,87.0,0
89886,209.95,0,1,10.0,0,,1.0,visa,87.0,0
89916,100.0,0,1,,0,,7.0,mastercard,87.0,0
89924,15.0,0,1,5.0,0,,1.0,mastercard,87.0,0
89930,117.0,0,1,90.0,0,,1.0,mastercard,87.0,0
89931,50.0,0,1,,0,,1.0,visa,87.0,0
89940,49.0,0,1,15.0,0,,1.0,visa,87.0,0
89941,68.5,0,1,,0,,1.0,mastercard,87.0,0
89942,590.4,0,1,,0,,1.0,visa,87.0,0
89948,54.0,0,1,0.0,0,,1.0,discover,87.0,0
89966,67.95,0,1,,0,,2.0,mastercard,87.0,0
89969,43.0,0,1,,0,,2.0,visa,87.0,0
89989,39.0,0,1,91.0,0,,2.0,mastercard,87.0,0
89990,1973.0,0,1,,0,,1.0,visa,87.0,0
90014,75.0,1,1,,0,,2.0,visa,87.0,0
90034,49.0,1,1,10.0,0,,2.0,mastercard,87.0,0
90084,107.95,1,1,14.0,0,,4.0,visa,87.0,0
90085,474.95,1,1,3.0,0,,2.0,visa,87.0,0
90098,25.95,1,1,2.0,0,,2.0,visa,87.0,0
90110,116.0,1,1,80.0,0,,3.0,mastercard,87.0,0
90111,150.5,1,1,,0,,1.0,visa,87.0,0
90147,50.0,1,1,,0,,5.0,visa,87.0,0
90149,30.0,1,1,,0,,1.0,visa,87.0,0
90156,200.0,1,1,6.0,0,,2.0,visa,87.0,0
90163,226.0,1,1,,0,,1.0,visa,87.0,0
90178,171.0,1,1,4.0,0,,1.0,visa,87.0,0
90193,37.098,1,0,,0,,0.0,visa,,1
90232,250.0,1,1,,0,,1.0,visa,87.0,0
90244,24.95,1,1,,0,,1.0,mastercard,87.0,0
90246,37.098,1,0,,0,,1.0,visa,,1
90294,15.0,1,1,,0,,2.0,visa,87.0,0
90295,37.098,1,0,,0,,2.0,visa,,1
90299,50.0,1,1,,0,,1.0,visa,87.0,0
90308,58.95,1,1,,0,,1.0,visa,87.0,0
90325,50.0,1,1,,0,,1.0,visa,87.0,0
90327,78.95,1,1,12.0,0,,1.0,visa,87.0,0
90332,289.95,1,1,12.0,0,,1.0,visa,87.0,0
90365,100.0,1,1,,0,,7.0,mastercard,87.0,0
90366,48.638,1,0,,0,240.0,1.0,mastercard,,0
90370,200.0,1,1,0.0,0,,9.0,mastercard,87.0,0
90392,54.5,1,1,38.0,0,,1.0,visa,87.0,0
90440,54.0,1,1,6.0,0,,1.0,visa,87.0,0
90441,108.95,1,1,51.0,0,,199.0,visa,87.0,0
90445,2038.95,1,1,1.0,0,,1.0,mastercard,87.0,0
90478,48.638,1,0,,0,240.0,1.0,mastercard,,0
90480,42.596,1,0,,0,,2.0,visa,,0
90487,34.5,1,1,10.0,0,,1.0,mastercard,87.0,0
90492,59.0,1,1,8.0,0,,1.0,visa,87.0,0
90504,55.829,1,0,,0,70.0,1.0,visa,,0
90515,385.78,1,1,0.0,0,,1.0,mastercard,87.0,0
90525,48.95,1,1,45.0,0,,1.0,mastercard,87.0,0
90581,50.0,1,1,,0,,1.0,visa,87.0,0
90581,48.578,1,0,,0,2.0,1.0,mastercard,,0
90593,29.0,1,1,,0,,2.0,visa,87.0,0
90608,30.95,1,1,,0,,10.0,visa,87.0,0
90610,25.0,1,1,405.0,0,,2.0,visa,87.0,0
90630,50.0,1,1,,0,,1.0,visa,87.0,0
90635,50.0,1,1,,0,,1.0,mastercard,87.0,0
90652,25.0,1,1,,0,,1.0,visa,87.0,0
90655,200.0,1,1,,0,,1.0,visa,87.0,0
90715,222.0,1,1,,0,,149.0,visa,87.0,0
90723,25.0,1,1,,0,,1.0,visa,87.0,0
90725,450.95,1,1,,0,,1.0,mastercard,87.0,0
90805,30.0,1,1,5.0,0,,6.0,mastercard,87.0,0
90807,120.95,1,1,,0,,8.0,visa,87.0,0
90808,59.0,1,1,2.0,0,,3.0,visa,87.0,0
90809,50.0,1,1,,0,,1.0,visa,87.0,0
90815,30.0,1,1,,0,,1.0,visa,87.0,0
90828,50.0,1,1,,0,,5.0,visa,87.0,0
90835,57.95,1,1,,0,,2.0,visa,87.0,0
90887,18.73,1,0,,0,0.0,1.0,visa,,0
90892,34.0,1,1,2.0,0,,1.0,mastercard,87.0,0
90946,72.99,1,1,4.0,0,,1.0,visa,87.0,0
90973,25.014,1,0,,0,7.0,1.0,mastercard,,0
90986,155.521,1,0,,0,,1.0,visa,,1
91011,107.95,1,1,0.0,0,,82.0,visa,87.0,0
91011,30.0,1,1,,0,,26.0,visa,87.0,0
91034,26.5,1,1,,0,,1.0,visa,87.0,0
91061,15.0,1,1,,0,,2.0,visa,87.0,0
91119,117.0,1,1,4.0,0,,2.0,visa,87.0,0
91124,59.0,1,1,9.0,0,,1.0,visa,87.0,0
91129,112.0,1,1,2.0,0,,3.0,mastercard,87.0,0
91145,160.5,1,1,,0,,1.0,visa,87.0,0
91160,200.0,1,1,,0,,1.0,visa,87.0,0
91168,107.95,1,1,184.0,0,,1.0,visa,87.0,0
91172,72.99,1,1,,0,,2.0,visa,87.0,0
91173,48.638,1,0,,0,,1.0,mastercard,,0
91188,20.905,1,0,,0,,1.0,visa,,0
91215,48.638,1,0,,0,,1.0,mastercard,,0
91220,1351.55,1,1,3.0,0,,1.0,visa,87.0,0
91244,554.0,1,1,2.0,0,,1.0,visa,87.0,0
91257,48.638,1,0,,0,,1.0,mastercard,,0
91323,20.0,1,1,,0,,1.0,visa,87.0,0
91330,159.95,1,1,,0,,7.0,visa,87.0,0
91333,25.95,1,1,3.0,0,,6.0,mastercard,87.0,0
91339,25.95,1,1,5.0,0,,2.0,visa,87.0,0
91339,105.0,1,1,,0,,1.0,visa,87.0,0
91343,50.0,1,1,,0,,1.0,american express,87.0,0
91346,25.0,1,1,,0,,2.0,mastercard,87.0,0
91353,83.95,1,1,1576.0,0,,1.0,visa,87.0,0
91359,54.0,1,1,0.0,0,,3.0,mastercard,87.0,0
91414,364.95,1,1,3.0,0,,1.0,visa,87.0,0
91422,19.576,1,0,,0,0.0,1.0,visa,,0
91432,335.0,1,1,2.0,0,,1.0,mastercard,87.0,0
91504,39.0,1,1,,0,,1.0,mastercard,87.0,0
91515,300.0,1,1,,0,,1.0,visa,87.0,0
91518,82.95,1,1,19.0,0,,2.0,visa,87.0,0
91544,108.5,1,0,,0,,1.0,visa,,0
91563,219.95,1,1,,0,,1.0,visa,87.0,0
91575,107.95,1,1,,0,,8.0,mastercard,87.0,0
91577,412.73,1,1,133.0,0,,1.0,visa,87.0,0
91598,354.95,1,1,222.0,0,,1.0,visa,87.0,0
91610,107.95,1,1,1.0,0,,1.0,mastercard,87.0,0
91614,125.0,1,1,,0,,1.0,visa,87.0,0
91684,16.857,1,0,,0,7.0,1.0,mastercard,,0
91691,160.5,1,1,,0,,5.0,mastercard,87.0,0
91706,25.0,1,1,,0,,1.0,visa,87.0,0
91724,105.95,1,1,9.0,0,,3.0,visa,87.0,0
91758,100.0,1,1,,0,,1.0,visa,87.0,0
91760,30.0,1,1,,0,,1.0,visa,87.0,0
91790,524.0,1,1,0.0,0,,2.0,visa,87.0,0
91804,100.0,1,1,,0,,1.0,visa,87.0,0
91824,100.0,1,1,,0,,1.0,visa,87.0,0
91875,50.0,1,1,,0,,1.0,visa,87.0,0
91884,100.0,1,1,,0,,1.0,visa,87.0,0
91890,33.25,1,1,23.0,0,,1.0,mastercard,87.0,0
91894,157.95,1,1,,0,,2.0,mastercard,87.0,0
91927,648.95,1,1,525.0,0,,1.0,visa,87.0,0
91928,335.0,1,1,5.0,0,,1.0,mastercard,87.0,0
91955,57.95,1,1,3.0,0,,1.0,mastercard,87.0,0
91977,117.0,1,1,0.0,0,,1.0,mastercard,87.0,0
92000,711.93,1,1,,0,,1.0,visa,87.0,0
92004,107.95,1,1,2.0,0,,4.0,visa,87.0,0
92010,60.0,1,1,239.0,0,,5.0,visa,87.0,0
92010,59.0,1,1,2.0,0,,1.0,visa,87.0,0
92016,59.0,1,1,68.0,0,,1.0,visa,87.0,0
92038,26.5,1,1,,0,,1.0,visa,87.0,0
92085,35.95,1,1,352.0,0,,2.0,mastercard,87.0,0
92117,26.947,1,0,,0,,0.0,visa,,0
92119,500.0,1,1,,0,,1.0,visa,87.0,0
92127,58.0,1,1,,0,,1.0,visa,87.0,0
92158,500.0,1,1,,0,,1.0,american express,87.0,0
92174,209.95,1,1,8.0,0,,1.0,visa,87.0,0
92185,25.0,1,1,,0,,3.0,visa,87.0,0
92187,59.0,1,1,10.0,0,,4.0,visa,87.0,0
92213,107.95,1,1,,0,,8.0,visa,87.0,0
92221,226.0,1,1,0.0,0,,1.0,discover,87.0,0
92222,500.0,1,1,,0,,1.0,american express,87.0,0
92268,462.95,1,1,4.0,0,,4.0,mastercard,87.0,0
92285,29.5,1,1,6.0,0,,1.0,visa,87.0,0
92291,161.0,1,1,29.0,0,,1.0,mastercard,87.0,0
92316,103.95,1,1,360.0,0,,1.0,mastercard,87.0,0
92320,20.0,1,1,,0,99.0,10.0,mastercard,87.0,0
92350,225.0,1,1,,0,,7.0,mastercard,87.0,1
92363,7.372,1,0,,0,,1.0,mastercard,,0
92398,30.95,1,1,2.0,0,,205.0,mastercard,87.0,0
92406,160.5,1,1,,0,,1.0,visa,87.0,0
92434,44.0,1,1,6.0,0,,3.0,visa,87.0,0
92463,70.0,1,1,,0,,2.0,visa,87.0,0
92485,36.95,1,1,,0,,1.0,visa,87.0,0
92501,500.0,1,1,,0,,1.0,american express,87.0,0
92504,25.95,1,1,,0,,3.0,visa,87.0,0
92509,30.0,1,1,,0,,1.0,visa,87.0,0
92549,159.95,1,1,9.0,0,,4.0,visa,87.0,0
92571,29.0,1,1,3.0,0,,1.0,mastercard,87.0,0
92592,209.95,1,1,23.0,0,,1.0,visa,87.0,0
92594,28.639,1,0,,0,,1.0,visa,,0
92606,24.5,1,1,118.0,0,,1.0,mastercard,87.0,0
92615,27.5,1,1,1.0,0,,2.0,visa,87.0,0
92616,40.0,1,1,2381.0,0,,1.0,mastercard,87.0,0
92627,57.822,1,0,,0,0.0,1.0,visa,,0
92636,15.95,1,1,,0,,205.0,mastercard,87.0,0
92639,43.019,1,0,,0,,2.0,visa,,0
92653,40.0,1,1,,0,,1.0,visa,87.0,0
92667,22.97,1,1,,0,,3.0,visa,87.0,0
92674,150.0,1,1,,0,,1.0,mastercard,87.0,0
92701,20.0,1,1,,0,,1.0,visa,87.0,0
92725,107.95,1,1,10.0,0,,1.0,visa,87.0,0
92742,50.0,1,1,185.0,0,,2.0,visa,87.0,0
92753,59.0,1,1,372.0,0,,1.0,visa,87.0,0
92760,344.95,1,1,48.0,0,,1.0,visa,87.0,0
92769,59.0,1,1,12.0,0,,1.0,mastercard,87.0,0
92858,240.95,1,1,1415.0,0,,1.0,visa,87.0,0
92892,50.0,1,1,11.0,0,,5.0,visa,87.0,0
92896,15.468,1,0,,0,,1.0,mastercard,,0
92897,54.29,1,1,22.0,0,,2.0,visa,87.0,0
92919,129.95,1,1,2.0,0,,151.0,mastercard,87.0,0
92932,250.0,1,1,,0,,1.0,visa,87.0,0
92938,49.0,1,1,39.0,0,,1.0,visa,87.0,0
92984,311.95,1,1,13.0,0,,4.0,visa,87.0,0
92991,50.0,1,1,,0,,1.0,visa,87.0,0
92999,90.57,1,0,,0,,1.0,mastercard,,1
93009,50.0,1,1,,0,,1.0,visa,87.0,0
93012,500.0,1,1,,0,,1.0,visa,87.0,0
93049,50.0,1,1,,0,,1.0,visa,87.0,0
93055,210.95,1,1,,0,,1.0,visa,87.0,0
93082,54.5,1,1,,0,,1.0,visa,87.0,0
93090,40.0,1,1,,0,,1.0,mastercard,87.0,0
93102,35.044,1,0,,0,7.0,2.0,mastercard,,0
93141,47.95,1,1,,0,,15.0,visa,87.0,0
93155,34.95,1,1,,0,,1.0,visa,87.0,0
93194,60.0,1,1,1.0,0,,157.0,visa,87.0,0
93218,35.0,1,1,,0,,1.0,visa,87.0,0
93270,315.0,1,1,5.0,0,,1.0,visa,87.0,0
93316,49.0,1,1,5.0,0,,1.0,mastercard,87.0,0
93331,25.0,1,1,,0,,2.0,mastercard,87.0,0
93339,200.0,1,1,,0,,103.0,visa,87.0,0
93358,107.95,1,1,2.0,0,,4.0,visa,87.0,0
93359,39.0,1,1,10.0,0,,1.0,visa,87.0,0
93436,29.95,1,1,40.0,0,,1.0,visa,87.0,0
93441,1472.47,1,1,,0,,1.0,visa,87.0,0
93447,30.0,1,1,,0,,1.0,mastercard,87.0,0
93514,226.0,1,1,0.0,0,,2.0,visa,87.0,0
93525,100.0,1,1,,0,,1.0,mastercard,87.0,0
93530,222.48,1,1,,0,,1.0,mastercard,87.0,0
93654,7.493,2,0,,0,425.0,1.0,visa,,0
93654,53.95,2,1,30.0,0,,15.0,mastercard,87.0,0
93661,164.95,2,1,6.0,0,,1.0,mastercard,87.0,0
93669,57.95,2,1,,0,,105.0,visa,87.0,0
93676,100.0,2,1,,0,,1.0,american express,87.0,0
93677,50.0,2,1,,0,,2.0,visa,87.0,0
93680,25.0,2,1,,0,,1.0,visa,87.0,0
93694,100.0,2,1,17.0,0,,1.0,visa,87.0,0
93706,100.0,2,1,,0,,1.0,visa,87.0,0
93706,12.326,2,0,,0,,1.0,visa,,0
93729,66.885,2,0,,0,,3.0,mastercard,,0
93803,100.0,2,1,,0,,2.0,mastercard,87.0,0
93809,107.95,2,1,2.0,0,,4.0,visa,87.0,0
93811,3162.95,2,1,9.0,0,,1.0,mastercard,87.0,0
93820,32.325,2,0,,0,,2.0,visa,,0
93843,2267.47,2,1,4.0,0,,1.0,visa,87.0,0
93850,30.0,2,1,,0,,189.0,visa,87.0,0
93854,50.0,2,1,,0,21.0,1.0,visa,87.0,0
93861,59.0,2,1,214.0,0,,1.0,visa,87.0,0
93870,24.0,2,1,1223.0,0,,1.0,visa,87.0,0
93882,200.0,2,1,,0,,1.0,visa,87.0,0
93894,15.0,2,1,9.0,0,,1.0,visa,87.0,0
93931,59.0,2,1,21.0,0,,4.0,discover,87.0,0
93960,68.95,2,1,,0,,8.0,visa,87.0,0
94009,30.0,2,1,13.0,0,,1.0,visa,87.0,0
94026,59.0,2,1,,0,,2.0,visa,87.0,0
94036,150.0,2,1,,0,,1.0,visa,87.0,0
94038,7.251,2,0,,0,,3.0,mastercard,,0
94049,50.0,2,1,,0,,1.0,visa,87.0,0
94057,3162.95,2,1,9.0,0,,1.0,mastercard,87.0,0
94065,43.97,2,1,8.0,0,,2.0,visa,87.0,0
94079,88.0,2,1,,0,,2.0,visa,87.0,0
94083,7.0,2,1,,0,2527.0,5.0,visa,87.0,0
94085,150.0,2,1,,0,,1.0,visa,87.0,0
94125,100.0,2,1,,0,,1.0,mastercard,87.0,0
94174,146.0,2,1,3.0,0,,1.0,visa,87.0,0
94178,16.313,2,0,,0,,1.0,visa,,0
94196,50.0,2,1,,0,,1.0,visa,87.0,0
94209,75.0,2,1,,0,,1.0,visa,87.0,0
94212,200.0,2,1,,0,,3.0,visa,87.0,0
94220,40.0,2,1,,0,,2.0,mastercard,87.0,0
94258,58.95,2,1,14.0,0,,4.0,mastercard,87.0,0
94260,30.95,2,1,5.0,0,,3.0,mastercard,87.0,0
94297,140.0,2,1,,0,,2.0,mastercard,87.0,0
94329,58.95,2,1,,0,,2.0,mastercard,87.0,0
94333,82.95,2,1,,0,,3.0,mastercard,87.0,0
94392,67.95,2,1,17.0,0,,3.0,mastercard,87.0,0
94458,37.763,2,0,,0,0.0,2.0,visa,,0
94463,100.0,2,1,,0,,2.0,visa,87.0,0
94465,335.0,2,1,1450.0,0,,1.0,mastercard,87.0,0
94511,57.95,2,1,,0,,5.0,visa,87.0,0
94538,59.0,2,1,3.0,0,,1.0,mastercard,87.0,0
94555,109.0,2,1,573.0,0,,1.0,mastercard,87.0,0
94581,25.0,2,1,,0,,1.0,visa,87.0,0
94611,68.95,2,1,,0,,8.0,visa,87.0,0
94621,31.95,2,1,6.0,0,,3.0,visa,87.0,0
94622,25.0,2,1,,0,,1.0,visa,87.0,0
94640,20.0,2,1,39.0,0,,1.0,mastercard,87.0,0
94642,59.0,2,1,,0,,1.0,visa,87.0,0
94642,15.105,2,0,,0,514.0,3.0,visa,,0
94645,8.7,2,0,,0,,1.0,mastercard,,0
94716,100.0,2,1,,0,,1.0,visa,87.0,0
94719,150.0,2,1,0.0,0,,2.0,visa,87.0,0
94726,350.23,2,1,0.0,0,,2.0,visa,87.0,0
94746,200.0,2,1,,0,,3.0,visa,87.0,0
94768,303.95,2,1,,0,,2.0,visa,87.0,0
94795,250.0,2,1,,0,,2.0,visa,87.0,0
94803,107.95,2,1,6.0,0,,2.0,visa,87.0,0
94829,39.0,2,1,6.0,0,,1.0,visa,87.0,0
94851,100.0,2,1,,0,,4.0,mastercard,87.0,0
94861,9.425,2,0,,0,228.0,1.0,mastercard,,0
94866,108.5,2,1,12.0,0,,1.0,visa,87.0,0
94881,27.793,2,0,,0,7.0,1.0,visa,,0
94888,68.95,2,1,,0,,8.0,visa,87.0,0
94908,36.95,2,1,49.0,0,,136.0,mastercard,87.0,0
94912,50.0,2,0,,0,,1.0,visa,,0
94940,25.0,2,1,,0,,1.0,visa,87.0,0
94956,424.95,2,1,62.0,0,,3.0,visa,87.0,0
94997,120.0,2,1,,0,,2.0,mastercard,87.0,0
95069,150.0,2,1,,0,,1.0,visa,87.0,0
95104,3000.0,2,1,,0,,1.0,discover,87.0,0
95144,500.0,2,1,,0,,10.0,visa,87.0,0
95157,209.95,2,1,13.0,0,,2.0,visa,87.0,0
95191,107.95,2,1,,0,,1.0,visa,87.0,0
95252,26.95,2,1,4.0,0,,1.0,visa,87.0,0
95253,250.0,2,1,,0,,1.0,visa,87.0,0
95287,35.0,2,1,,0,,1.0,mastercard,87.0,0
95299,2424.95,2,1,509.0,0,,1.0,mastercard,87.0,0
95310,9.305,2,0,,0,,1.0,mastercard,,0
95326,367.95,2,1,210.0,0,,1.0,visa,87.0,0
95335,57.95,2,1,7.0,0,,1.0,visa,87.0,0
95366,175.0,2,1,,0,1107.0,2.0,visa,87.0,0
95400,6.0,2,1,,0,,2.0,visa,87.0,0
95401,82.0,2,1,,0,,11.0,mastercard,87.0,0
95405,100.0,2,1,,0,,1.0,visa,87.0,0
95412,15.0,2,1,,0,,1.0,visa,87.0,0
95417,31.95,2,1,2.0,0,,1.0,visa,87.0,0
95442,201.0,2,1,324.0,0,,3.0,mastercard,87.0,0
95443,150.0,2,1,,0,,1.0,mastercard,87.0,0
95456,100.0,2,1,,0,,1.0,visa,87.0,0
95464,50.0,2,1,,0,,1.0,visa,87.0,0
95505,58.95,2,1,,0,,1.0,visa,87.0,0
95572,50.0,2,1,,0,,1.0,visa,87.0,0
95588,75.0,2,1,,0,,1.0,visa,87.0,0
95666,311.95,2,1,11.0,0,,4.0,mastercard,87.0,0
95724,19.95,2,1,15.0,0,,1.0,visa,87.0,0
95738,40.361,2,0,,0,353.0,1.0,visa,,0
95760,77.0,2,1,,0,,2.0,visa,87.0,0
95804,50.0,2,1,,0,,1.0,visa,87.0,0
95817,209.95,2,1,6.0,0,,28.0,visa,87.0,0
95818,47.95,2,1,20.0,0,,2.0,mastercard,87.0,0
95844,59.0,2,1,11.0,0,,2.0,visa,87.0,0
95848,107.95,2,1,,0,,4.0,mastercard,87.0,0
95853,58.95,2,1,,0,,2.0,visa,87.0,0
95859,100.0,2,1,,0,,1.0,visa,87.0,0
95877,125.0,2,1,,0,,1.0,visa,87.0,0
95913,171.0,2,1,,0,,1.0,visa,87.0,0
95935,35.0,2,1,,0,,4.0,visa,87.0,0
95950,64.649,2,0,,0,7.0,5.0,visa,,0
95973,2294.95,2,1,10.0,0,,1.0,visa,87.0,0
96014,60.0,2,1,,0,,7.0,mastercard,87.0,0
96059,27.31,2,0,,0,,1.0,mastercard,,0
96060,10.996,2,0,,0,,1.0,visa,,0
96068,80.0,2,1,,0,,1.0,mastercard,87.0,0
96093,42.596,2,0,,0,,1.0,visa,,0
96149,335.0,2,1,0.0,0,,1.0,visa,87.0,0
96182,75.0,2,1,,0,,1.0,visa,87.0,0
96186,41.146,2,0,,0,7.0,1.0,visa,,0
96236,50.0,2,1,,0,,2.0,visa,87.0,0
96261,100.0,2,1,,0,,1.0,mastercard,87.0,0
96284,59.0,2,1,,0,,1.0,mastercard,87.0,0
96307,203.374,2,0,,0,0.0,1.0,visa,,0
96335,300.0,2,1,29.0,0,,5.0,visa,87.0,0
96354,422.5,2,1,18.0,0,,1.0,visa,87.0,0
96376,50.0,2,1,,0,,1.0,visa,87.0,0
96378,49.0,2,1,2.0,0,,1.0,visa,87.0,0
96385,27.95,2,1,4.0,0,,3.0,visa,87.0,0
96390,554.0,2,1,49.0,0,,1.0,mastercard,87.0,0
96427,39.0,2,1,,0,,1.0,mastercard,87.0,0
96451,49.0,2,1,2.0,0,,1.0,visa,87.0,0
96468,113.95,2,1,14.0,0,,5.0,visa,87.0,0
96468,150.5,2,1,,0,,1.0,mastercard,87.0,0
96470,1.896,2,0,,0,66.0,9.0,mastercard,,0
96474,50.0,2,1,,0,,76.0,visa,87.0,0
96475,49.0,2,1,2.0,0,,1.0,visa,87.0,0
96482,103.97,2,1,,0,,2.0,visa,87.0,0
96491,117.0,2,1,3.0,0,,2.0,visa,87.0,0
96491,50.0,2,1,,0,,1.0,mastercard,87.0,0
96504,6.477,2,0,,0,317.0,2.0,mastercard,,0
96520,50.0,2,1,,0,,2.0,visa,87.0,0
96522,57.822,2,0,,0,,2.0,visa,,0
96525,49.0,2,1,2.0,0,,1.0,visa,87.0,0
96535,210.95,2,1,1.0,0,,1.0,visa,87.0,0
96579,30.0,2,1,,0,,1.0,mastercard,87.0,0
96647,226.0,2,1,5.0,0,,1.0,visa,87.0,0
96667,32.325,2,0,,0,,1.0,mastercard,,0
96695,100.0,2,1,,0,,1.0,visa,87.0,0
96703,107.95,2,1,,0,,1.0,visa,87.0,0
96742,44.0,2,1,,0,,1.0,mastercard,87.0,0
96750,40.0,2,1,,0,,2.0,mastercard,87.0,0
96780,200.0,2,1,,0,,1.0,visa,87.0,0
96820,150.0,2,1,,0,,1.0,american express,87.0,0
96822,73.95,2,1,8.0,0,,3.0,visa,87.0,0
96863,9.788,2,0,,0,67.0,1.0,mastercard,,0
96865,140.0,2,1,,0,,2.0,visa,87.0,0
96871,100.0,2,1,,0,,4.0,mastercard,87.0,0
96876,59.0,2,1,34.0,0,,1.0,mastercard,87.0,0
96883,5.4,2,0,,0,66.0,9.0,mastercard,,0
96905,107.95,2,1,1.0,0,,1.0,visa,87.0,0
96922,34.017,2,0,,0,101.0,1.0,visa,,0
96937,209.95,2,1,9.0,0,,1.0,visa,87.0,0
96986,171.0,2,1,2.0,0,,1.0,visa,87.0,0
96988,25.0,2,1,,0,,1.0,visa,87.0,0
97003,30.0,2,1,,0,,1.0,mastercard,87.0,0
97074,30.0,2,1,,0,,2.0,visa,87.0,0
97139,34.95,2,1,22.0,0,,1.0,mastercard,87.0,0
97142,10.0,2,1,,0,,1.0,visa,87.0,0
97142,49.0,2,1,10.0,0,,2.0,mastercard,87.0,0
97169,53.411,2,0,,0,,1.0,visa,,0
97194,6.0,2,1,,0,,2.0,visa,87.0,0
97224,49.0,3,1,11.0,0,,3.0,visa,87.0,0
97293,50.0,3,1,,0,,1.0,visa,87.0,0
97307,361.95,3,1,,0,,1.0,mastercard,87.0,0
97337,5.4,3,0,,0,66.0,9.0,mastercard,,0
97350,50.632,3,0,,0,571.0,1.0,visa,,0
97400,424.95,3,1,8.0,0,,2.0,visa,87.0,0
97403,47.95,3,1,0.0,0,,1.0,mastercard,87.0,0
97418,107.95,3,1,,0,,160.0,visa,87.0,0
97419,59.453,3,0,,0,,1.0,mastercard,,0
97449,5.4,3,0,,0,66.0,10.0,visa,,0
97470,30.95,3,1,3.0,0,,11.0,visa,87.0,0
97647,150.0,3,1,,0,,1.0,mastercard,87.0,0
97662,25.0,3,1,,0,,1.0,visa,87.0,0
97664,30.0,3,1,,0,,9.0,visa,87.0,0
97725,71.477,3,0,,0,340.0,1.0,visa,,0
97757,35.95,3,1,,0,,7.0,visa,87.0,0
97774,14.38,3,0,,0,,1.0,mastercard,,0
97784,67.95,3,1,,0,,15.0,mastercard,87.0,0
97815,82.95,3,1,1.0,0,,6.0,visa,87.0,0
97823,104.47,3,1,1.0,0,,155.0,mastercard,87.0,0
97834,140.58,3,1,4.0,0,,2.0,visa,87.0,0
97843,12.326,3,0,,0,7.0,1.0,mastercard,,1
97860,210.0,3,1,,0,,1.0,mastercard,87.0,0
97883,129.95,3,1,2.0,0,,111.0,visa,87.0,0
97916,15.0,3,1,,0,,1.0,visa,87.0,0
97954,161.2,3,1,91.0,0,,1.0,mastercard,87.0,0
98035,10.0,3,1,,0,1.0,2.0,visa,87.0,0
98046,29.0,3,1,27.0,0,,1.0,mastercard,87.0,0
98066,70.51,3,0,,0,340.0,2.0,visa,,0
98086,63.26,3,0,,0,,1.0,visa,,0
98119,33.231,3,0,,0,7.0,1.0,visa,,0
98127,159.95,3,1,,0,,1.0,visa,87.0,0
98150,12.326,3,0,,0,,4.0,visa,,0
98166,21.0,3,1,21.0,0,,1.0,visa,87.0,0
98206,30.0,3,1,,0,,2.0,mastercard,87.0,0
98231,47.95,3,1,18.0,0,,4.0,visa,87.0,0
98326,91.05,3,1,0.0,0,,2.0,visa,87.0,0
98333,50.0,3,1,,0,,1.0,visa,87.0,0
98334,171.0,3,1,,0,,1.0,visa,87.0,0
98339,25.0,3,1,,0,,1.0,discover,87.0,0
98359,48.95,3,1,,0,,129.0,mastercard,87.0,0
98360,25.0,3,1,,0,,5.0,visa,87.0,0
98450,42.95,3,1,10.0,0,,20.0,visa,87.0,0
98499,569.95,3,1,1622.0,0,,1.0,mastercard,87.0,0
98507,15.709,3,0,,0,516.0,1.0,visa,,0
98545,59.95,3,1,15.0,0,,5.0,mastercard,87.0,0
98586,107.95,3,1,,0,,18.0,mastercard,87.0,0
98630,59.0,3,1,5.0,0,,1.0,visa,87.0,0
98676,29.0,3,1,7.0,0,,1.0,visa,87.0,0
98695,226.0,3,1,18.0,0,,1.0,visa,87.0,0
98724,100.0,3,1,0.0,0,,2.0,mastercard,87.0,0
98799,127.788,3,0,,0,7.0,1.0,mastercard,,0
98832,40.0,3,1,,0,,2.0,visa,87.0,0
98833,171.0,3,1,,0,,2.0,visa,87.0,0
98835,369.95,3,1,12.0,0,,1.0,visa,87.0,0
98844,16.012,3,0,,0,42.0,1.0,mastercard,,0
99048,59.0,3,1,5.0,0,,1.0,visa,87.0,0
99071,61.749,3,0,,0,,1.0,mastercard,,0
99094,47.95,3,1,,0,,2.0,visa,87.0,0
99109,24.047,3,0,,0,1.0,4.0,visa,,0
99128,1183.95,3,1,,0,,1.0,visa,87.0,0
99137,59.0,3,1,8.0,0,,1.0,visa,87.0,0
99137,44.5,3,1,2.0,0,,1.0,visa,87.0,0
99170,25.376,3,0,,0,134.0,1.0,visa,,0
99189,10.0,3,1,4.0,0,,1.0,visa,87.0,0
99255,59.54,3,1,22.0,0,,3.0,visa,87.0,0
99273,109.47,3,1,14.0,0,,5.0,visa,87.0,0
99275,159.0,3,1,2.0,0,,1.0,visa,87.0,0
99428,50.0,3,1,,0,,1.0,visa,87.0,0
99438,50.0,3,1,,0,,1.0,mastercard,87.0,0
99480,107.95,3,1,71.0,0,,13.0,visa,87.0,0
99485,62.95,3,1,,0,,2.0,visa,87.0,0
99491,85.192,3,0,,0,7.0,1.0,mastercard,,0
99556,25.0,3,1,,0,,3.0,visa,87.0,0
99584,124.344,3,0,,0,7.0,1.0,mastercard,,1
99610,117.0,3,1,,0,,2.0,visa,87.0,0
99612,138.5,3,1,34.0,0,,2.0,mastercard,87.0,0
99614,73.471,3,0,,0,76.0,13.0,visa,,0
99621,39.5,3,1,,0,,1.0,mastercard,87.0,0
99625,105.0,3,1,3.0,0,,3.0,visa,87.0,0
99658,100.0,3,1,,0,,1.0,visa,87.0,0
99689,57.95,3,1,26.0,0,,3.0,visa,87.0,0
99724,34.95,3,1,6.0,0,,1.0,visa,87.0,0
99736,8.459,3,0,,0,99.0,1.0,visa,,0
99763,85.192,3,0,,0,7.0,1.0,mastercard,,0
99782,65.0,3,1,,0,,1.0,visa,96.0,0
99813,30.0,3,1,,0,,9.0,visa,87.0,0
99839,36.252,3,0,,0,,2.0,mastercard,,0
99855,44.0,3,1,9.0,0,,3.0,mastercard,87.0,0
99884,65.0,3,1,,0,,2.0,mastercard,96.0,0
99900,65.0,3,1,22.0,0,,3.0,visa,87.0,0
99901,59.0,3,1,5.0,0,,1.0,visa,87.0,0
99902,50.0,3,1,,0,,2.0,mastercard,87.0,0
99905,100.0,3,1,,0,,2.0,visa,87.0,0
99948,108.5,3,1,54.0,0,,1.0,visa,87.0,0
99974,822.47,3,1,,0,,1.0,visa,87.0,0
100000,77.0,3,1,0.0,0,,2.0,visa,87.0,0
100024,57.95,3,1,,0,,7.0,visa,87.0,0
100045,67.95,3,1,1.0,0,,4.0,mastercard,87.0,0
100060,49.0,3,1,6.0,0,,1.0,visa,87.0,0
100066,54.47,3,1,7.0,0,,3.0,mastercard,87.0,0
100079,85.192,3,0,,0,,1.0,mastercard,,0
100085,50.0,3,1,,0,,3.0,visa,87.0,0
100121,10.0,3,1,,0,,1.0,mastercard,87.0,0
100159,42.95,3,1,15.0,0,,2.0,visa,87.0,0
100169,59.0,3,1,2.0,0,,3.0,visa,87.0,0
100179,200.0,3,1,38.0,0,,4.0,visa,87.0,0
100189,57.95,3,1,,0,,1.0,visa,87.0,0
100189,39.0,3,1,7.0,0,,9.0,visa,87.0,0
100204,50.0,3,1,,0,,1.0,mastercard,87.0,0
100237,114.95,3,1,6.0,0,,2.0,visa,87.0,0
100290,26.95,3,1,4.0,0,,1.0,visa,87.0,0
100307,44.0,3,1,2.0,0,,6.0,mastercard,87.0,0
100336,205.95,3,1,559.0,0,,1.0,visa,87.0,0
100364,60.0,3,1,,0,,3.0,visa,87.0,0
100376,25.0,3,1,,0,,1.0,visa,87.0,0
100379,53.97,3,1,,0,,2.0,mastercard,87.0,0
100405,30.0,3,1,,0,,1.0,visa,87.0,0
100417,209.95,3,1,,0,,10.0,visa,87.0,0
100418,49.0,3,1,,0,,2.0,mastercard,87.0,0
100424,29.95,3,1,,0,,4.0,visa,87.0,0
100460,43.563,3,0,,0,438.0,1.0,visa,,0
100463,77.0,3,1,5.0,0,,1.0,mastercard,87.0,0
100488,100.0,3,1,,0,,1.0,visa,87.0,0
100516,150.0,3,1,,0,,1.0,visa,87.0,0
100547,445.0,3,1,,0,,1.0,visa,87.0,0
100559,150.0,3,1,,0,,3.0,mastercard,87.0,0
100591,100.0,3,1,,0,,13.0,visa,87.0,1
100616,23.47,3,1,4.0,0,,1.0,visa,87.0,0
100622,150.0,3,1,,0,,4.0,mastercard,87.0,0
100664,26.654,3,0,,0,7.0,6.0,mastercard,,0
100677,135.95,3,1,645.0,0,,1.0,visa,87.0,0
100725,25.0,3,1,,0,,1.0,visa,87.0,0
100784,159.95,3,1,2.0,0,,4.0,mastercard,87.0,0
100843,90.0,4,1,,0,,1.0,mastercard,87.0,0
100847,50.0,4,1,,0,,3.0,visa,87.0,0
100874,46.5,4,1,15.0,0,,1.0,mastercard,87.0,0
100887,28.277,4,0,,0,68.0,1.0,mastercard,,0
100895,85.192,4,0,,0,,2.0,mastercard,,0
100920,50.0,4,1,,0,,1.0,visa,87.0,0
100956,92.0,4,1,,0,,1.0,visa,87.0,0
101036,60.058,4,0,,0,7.0,1.0,mastercard,,0
101043,200.0,4,1,,0,,1.0,visa,87.0,0
101090,96.974,4,0,,0,7.0,1.0,visa,,0
101204,173.0,4,1,1.0,0,,1.0,visa,87.0,0
101258,15.0,4,1,,0,,1.0,visa,87.0,0
101286,39.0,4,1,20.0,0,,1.0,visa,87.0,0
101298,80.0,4,1,,0,,1.0,mastercard,87.0,0
101359,29.0,4,1,,0,,1.0,visa,87.0,0
101369,23.201,4,0,,0,,1.0,mastercard,,0
101371,200.0,4,1,,0,,1.0,mastercard,87.0,0
101384,112.99,4,1,15.0,0,,1.0,visa,87.0,0
101385,78.95,4,1,,0,,1.0,visa,87.0,0
101412,129.95,4,1,,0,,3.0,mastercard,87.0,0
101511,100.0,4,1,,0,,1.0,visa,87.0,0
101549,50.0,4,1,,0,,1.0,visa,87.0,0
101572,600.0,4,1,,0,,2.0,visa,87.0,0
101589,64.529,4,0,,0,,1.0,visa,,0
101590,209.95,4,1,,0,,35.0,mastercard,87.0,0
101630,10.755,4,0,,0,,1.0,visa,,0
101678,14.501,4,0,,0,36.0,1.0,visa,,0
101687,53.97,4,1,22.0,0,,3.0,visa,87.0,0
101723,25.0,4,1,,0,,1.0,visa,87.0,0
101791,30.95,4,1,,0,,1.0,visa,87.0,0
101868,600.0,4,1,,0,,2.0,visa,87.0,0
101883,65.0,4,1,,0,,1.0,mastercard,87.0,0
101890,107.95,4,1,361.0,0,,40.0,visa,87.0,0
101996,650.0,4,1,,0,,2.0,visa,87.0,0
102057,150.929,4,0,,0,7.0,1.0,visa,,0
102113,890.95,4,1,,0,,1.0,visa,87.0,0
102154,10.0,4,1,,0,,1.0,mastercard,87.0,1
102188,10.0,4,1,,0,,35.0,mastercard,87.0,1
102193,10.0,4,1,,0,,35.0,mastercard,87.0,1
102219,58.95,4,1,,0,,3.0,mastercard,87.0,0
102261,99.95,4,1,59.0,0,,133.0,mastercard,87.0,0
102310,14.26,4,0,,0,0.0,1.0,visa,,0
102326,45.0,4,1,,0,,1.0,visa,87.0,0
102337,209.95,4,1,,0,,40.0,visa,87.0,0
102348,724.0,4,1,4.0,0,,2.0,visa,87.0,0
102369,45.0,4,1,,0,,1.0,visa,87.0,0
102377,24.228,4,0,,0,,1.0,visa,,0
102379,100.0,4,1,,0,,1.0,mastercard,87.0,0
102397,85.192,4,0,,0,,3.0,mastercard,,0
102452,20.18,4,0,,0,,1.0,visa,,0
102546,20.0,4,1,,0,,2.0,visa,87.0,0
102597,25.95,4,1,,0,,2.0,visa,87.0,0
102630,10.755,4,0,,0,,1.0,mastercard,,0
102633,30.0,4,1,,0,,1.0,visa,87.0,0
102640,20.95,4,1,27.0,0,,1.0,visa,87.0,0
102655,108.5,4,1,239.0,0,,1.0,mastercard,87.0,0
102732,107.95,4,1,,0,,2.0,visa,87.0,0
102732,23.926,4,0,,0,,1.0,mastercard,,0
102897,317.5,4,1,,0,,1.0,visa,87.0,0
102999,89.36,4,1,7.0,0,,8.0,visa,87.0,0
103041,2325.97,4,1,,0,,1.0,visa,87.0,0
103121,63.26,4,0,,0,226.0,1.0,visa,,0
103144,50.0,4,1,,0,,13.0,visa,87.0,0
103175,44.95,4,1,3.0,0,,11.0,visa,87.0,0
103189,34.0,4,1,726.0,0,,3.0,visa,87.0,0
103190,59.0,4,1,1071.0,0,,4.0,visa,87.0,0
103197,30.95,4,1,0.0,0,,1.0,mastercard,87.0,0
103198,261.95,4,1,7.0,0,,2.0,mastercard,87.0,0
103264,42.95,4,1,5.0,0,,4.0,mastercard,87.0,0
103297,49.41,4,1,,0,,2.0,mastercard,87.0,0
103329,58.95,4,1,64.0,0,,2.0,visa,87.0,0
103409,279.95,4,1,,0,,1.0,visa,87.0,0
103468,129.299,4,0,,0,7.0,1.0,mastercard,,0
103486,714.72,4,1,4.0,0,,1.0,visa,87.0,0
103590,254.0,4,1,,0,,1.0,visa,87.0,0
103597,12.0,4,1,,0,,6.0,visa,87.0,0
103662,90.993,4,0,,0,,1.0,visa,,0
103688,80.963,4,0,,0,285.0,1.0,visa,,0
103698,400.0,4,1,,0,,1.0,mastercard,87.0,0
103751,100.0,4,1,,0,,3.0,visa,87.0,0
103778,100.0,4,1,,0,,14.0,mastercard,87.0,0
103796,554.0,4,1,112.0,0,,1.0,visa,87.0,0
103797,44.892,4,0,,0,,1.0,mastercard,,0
103821,824.95,4,1,16.0,0,,1.0,visa,87.0,0
103881,42.05,4,1,,0,,2.0,visa,87.0,0
103881,64.649,4,0,,0,220.0,1.0,visa,,0
104084,50.0,4,1,,0,,1.0,american express,87.0,0
104183,60.0,4,1,,0,,3.0,visa,87.0,0
104213,125.0,4,1,,0,30.0,2.0,visa,87.0,0
104239,160.5,4,1,,0,,1.0,visa,87.0,0
104320,44.5,4,1,,0,,1.0,mastercard,87.0,0
104333,20.0,4,1,,0,,2.0,visa,87.0,0
104621,25.86,5,0,,0,17.0,1.0,visa,,0
104656,482.95,5,1,6.0,0,,2.0,mastercard,87.0,0
104765,41.811,5,0,,0,,1.0,mastercard,,0
104951,51.357,5,0,,0,0.0,1.0,visa,,0
104966,80.963,5,0,,0,285.0,1.0,visa,,0
105271,117.0,5,1,,0,,1.0,mastercard,87.0,0
105324,226.0,5,1,,0,,1.0,mastercard,87.0,0
105340,1285.5,5,1,,0,,1.0,mastercard,87.0,0
105504,117.0,5,1,,0,,39.0,mastercard,87.0,0
105515,21.389,5,0,,0,744.0,1.0,mastercard,,0
105527,42.95,5,1,,0,,4.0,mastercard,87.0,0
105537,554.0,5,1,,0,,1.0,visa,87.0,0
105593,200.0,5,1,,0,,1.0,visa,87.0,0
105654,54.015,5,0,,0,,2.0,mastercard,,0
105659,42.294,5,0,,0,0.0,1.0,visa,,0
105691,100.0,5,1,,0,,1.0,mastercard,87.0,0
105725,213.0,5,1,4.0,0,,1.0,mastercard,87.0,0
105790,289.95,5,1,11.0,0,,1.0,mastercard,87.0,0
105796,80.963,5,0,,0,285.0,1.0,visa,,0
105839,118.423,5,0,,0,139.0,1.0,mastercard,,0
105877,75.0,5,1,,0,,1.0,discover,87.0,0
105878,57.95,5,1,,0,,2.0,visa,87.0,0
105883,19.999,5,0,,0,,1.0,visa,,0
105895,57.95,5,1,8.0,0,,1.0,visa,87.0,0
106010,280.0,5,1,2.0,0,,1.0,visa,87.0,0
106074,47.95,5,1,,0,,1.0,visa,87.0,0
106129,100.0,5,1,,0,,8.0,visa,87.0,0
106172,50.0,5,1,,0,,1.0,mastercard,87.0,0
106260,40.0,5,1,,0,,2.0,visa,87.0,0
106297,49.0,5,1,,0,,1.0,mastercard,87.0,0
106358,226.0,5,1,,0,,3.0,visa,87.0,0
106361,57.95,5,1,4.0,0,,96.0,visa,87.0,0
106424,107.95,5,1,4.0,0,,8.0,visa,87.0,0
106499,12.024,5,0,,0,711.0,1.0,mastercard,,0
106603,83.38,5,0,,0,9.0,1.0,visa,,1
106613,57.95,5,1,1.0,0,,1.0,visa,87.0,0
106619,49.0,5,1,1.0,0,,1.0,visa,87.0,0
106633,37.46,5,0,,0,,3.0,mastercard,,0
106704,25.0,5,1,,0,,1.0,visa,87.0,0
106729,265.0,5,1,,0,,1.0,visa,87.0,0
106739,57.95,5,1,7.0,0,,1.0,visa,87.0,0
106758,57.95,5,1,8.0,0,,1.0,visa,87.0,0
106763,59.0,5,1,,0,,1.0,mastercard,87.0,0
106768,265.01,5,1,,0,,1.0,visa,87.0,0
107050,40.0,5,1,4.0,0,,2.0,visa,87.0,0
107092,57.95,5,1,6.0,0,,10.0,visa,87.0,0
107171,6.888,5,0,,0,76.0,1.0,visa,,0
107187,418.0,5,1,,0,,3.0,mastercard,87.0,0
107193,16.95,5,1,23.0,0,,1.0,visa,87.0,0
107214,48.95,5,1,,0,,1.0,visa,87.0,0
107261,43.986,5,0,,0,,1.0,visa,,0
107538,36.373,5,0,,0,,2.0,mastercard,,0
107595,50.149,5,0,,0,,1.0,mastercard,,0
107689,403.0,5,1,,0,,3.0,visa,87.0,0
107740,211.4,5,1,58.0,0,,1.0,visa,87.0,0
107741,226.0,5,1,,0,,3.0,visa,87.0,0
107795,25.0,5,1,4.0,0,,2.0,visa,87.0,0
107796,77.0,5,1,868.0,0,,1.0,visa,87.0,0
107797,109.36,5,0,,0,7.0,1.0,visa,,0
107808,280.0,5,1,1.0,0,,1.0,visa,87.0,0
107849,16.012,5,0,,0,42.0,1.0,mastercard,,0
107900,57.95,5,1,,0,,2.0,visa,87.0,0
107997,207.95,5,1,1.0,0,,1.0,visa,87.0,0
107998,171.0,5,1,1.0,0,,1.0,visa,87.0,0
108037,47.95,6,1,0.0,0,,6.0,mastercard,87.0,0
108061,16.012,6,0,,0,42.0,2.0,mastercard,,0
108127,59.574,6,0,,0,,1.0,mastercard,,0
108197,48.95,6,1,11.0,0,,11.0,visa,87.0,0
108226,107.95,6,1,,0,,47.0,visa,87.0,0
108229,57.95,6,1,,0,,1.0,visa,87.0,0
108460,291.95,6,1,,0,,205.0,visa,87.0,0
108490,153.0,6,1,,0,,2.0,mastercard,87.0,0
108545,50.0,6,1,,0,,1.0,visa,87.0,0
108550,80.0,6,1,,0,,1.0,mastercard,87.0,0
108584,107.95,6,1,1.0,0,,2.0,visa,87.0,0
108600,70.0,6,1,,0,,2.0,visa,87.0,0
108603,450.0,6,1,,0,,4.0,mastercard,87.0,0
108654,83.198,6,0,,0,,1.0,visa,,0
108692,100.0,6,1,,0,,1.0,mastercard,87.0,0
108712,160.0,6,1,,0,,5.0,mastercard,87.0,0
108739,822.47,6,1,,0,,1.0,visa,87.0,0
108749,325.0,6,1,,0,,3.0,mastercard,87.0,0
108757,83.198,6,0,,0,,1.0,visa,,0
108789,123.5,6,1,7.0,0,,3.0,mastercard,87.0,0
108808,42.95,6,1,5.0,0,,4.0,mastercard,87.0,0
108821,171.0,6,1,,0,,3.0,mastercard,87.0,0
108836,75.95,6,1,,0,,18.0,mastercard,87.0,0
108862,105.95,6,1,8.0,0,,4.0,mastercard,87.0,0
108912,774.0,6,1,,0,,6.0,mastercard,87.0,1
108941,488.0,6,1,0.0,0,,4.0,mastercard,87.0,0
108949,240.0,6,1,28.0,0,,1.0,mastercard,87.0,0
108958,23.926,6,0,,0,7.0,1.0,mastercard,,0
109043,117.0,6,1,9.0,0,,1.0,mastercard,87.0,0
109058,16.918,6,0,,0,42.0,2.0,mastercard,,0
109088,18.67,6,0,,0,109.0,1.0,mastercard,,0
109096,305.0,6,1,14.0,0,,2.0,mastercard,87.0,0
109114,265.0,6,1,14.0,0,,1.0,mastercard,87.0,0
109129,23.926,6,0,,0,,1.0,mastercard,,0
109146,113.0,6,1,,0,,2.0,mastercard,87.0,0
109153,105.95,6,1,,0,,1.0,mastercard,87.0,0
109182,35.95,6,1,,0,,8.0,mastercard,87.0,0
109183,77.0,6,1,33.0,0,,4.0,mastercard,87.0,0
109188,300.0,6,1,,0,,1.0,visa,87.0,0
109202,15.0,6,1,,0,,1.0,visa,87.0,0
109217,46.95,6,1,,0,,1.0,visa,87.0,0
109228,600.0,6,1,,0,,2.0,visa,87.0,0
109231,50.0,6,1,,0,,1.0,mastercard,87.0,0
109231,226.0,6,1,11.0,0,,1.0,mastercard,87.0,0
109275,50.0,6,1,,0,,106.0,mastercard,87.0,0
109289,164.95,6,1,,0,,2.0,mastercard,87.0,0
109289,68.95,6,1,8.0,0,,8.0,mastercard,87.0,0
109346,408.5,6,1,484.0,0,,2.0,mastercard,87.0,0
109367,171.0,6,1,15.0,0,,1.0,mastercard,87.0,0
109373,100.0,6,1,,0,,14.0,mastercard,87.0,0
109414,30.0,6,1,,0,,9.0,visa,87.0,0
109417,100.0,6,1,,0,,1.0,mastercard,87.0,0
109435,14.138,6,0,,0,,1.0,mastercard,,0
109503,107.95,6,1,176.0,0,,2.0,mastercard,87.0,0
109549,47.95,6,1,,0,,3.0,mastercard,87.0,0
109559,179.95,6,1,,0,,10.0,mastercard,87.0,0
109565,450.0,6,1,0.0,0,,4.0,mastercard,87.0,0
109567,226.0,6,1,24.0,0,,2.0,mastercard,87.0,0
109597,39.394,6,0,,0,7.0,1.0,visa,,0
109625,60.0,6,1,,0,,4.0,mastercard,87.0,0
109658,73.97,6,1,,0,,18.0,mastercard,87.0,0
109730,97.0,6,1,,0,,1.0,mastercard,87.0,0
109837,226.0,6,1,,0,,1.0,mastercard,87.0,0
110015,250.0,6,1,0.0,0,,1.0,visa,87.0,0
110021,59.0,6,1,7.0,0,,3.0,mastercard,87.0,0
110113,25.86,6,0,,0,,6.0,visa,,0
110162,35.0,6,1,,0,,1.0,visa,87.0,0
110286,117.0,6,1,,0,,1.0,visa,87.0,0
110298,365.0,6,1,1764.0,0,,111.0,mastercard,87.0,0
110299,14.138,6,0,,0,,1.0,visa,,0
110372,15.0,6,1,,0,,15.0,visa,87.0,0
110503,250.0,6,1,0.0,0,,4.0,mastercard,87.0,0
110519,44.95,6,1,3.0,0,,11.0,visa,87.0,0
110578,88.938,6,0,,0,,2.0,visa,,0
110598,1473.95,6,1,,0,,1.0,visa,87.0,0
110681,34.95,6,1,,0,,11.0,visa,87.0,0
110697,67.95,6,1,,0,,171.0,mastercard,87.0,0
110826,36.95,6,1,,0,,3.0,mastercard,87.0,0
110866,400.0,6,1,,0,,2.0,visa,87.0,0
110899,57.95,6,1,,0,,4.0,mastercard,87.0,0
110914,117.0,6,1,1.0,0,,2.0,visa,87.0,0
110936,46.95,6,1,,0,,1.0,mastercard,87.0,0
110950,30.0,6,1,,0,,9.0,visa,87.0,0
111140,150.0,6,1,,0,,5.0,visa,87.0,0
111155,31.0,6,1,7.0,0,,9.0,visa,87.0,0
111196,70.0,6,1,1.0,0,,4.0,mastercard,87.0,0
111254,445.0,6,1,3.0,0,,1.0,mastercard,87.0,0
111349,117.0,6,1,7.0,0,,1.0,visa,87.0,0
111503,300.0,6,1,,0,,1.0,visa,87.0,0
111528,57.95,6,1,0.0,0,,3.0,mastercard,87.0,0
111599,88.938,6,0,,0,7.0,2.0,visa,,0
111717,335.0,7,1,17.0,0,,1.0,visa,87.0,0
111759,82.95,7,1,2.0,0,,5.0,mastercard,87.0,0
111825,20.0,7,1,12.0,0,,56.0,mastercard,87.0,0
111885,27.95,7,1,20.0,0,,138.0,mastercard,87.0,0
111918,20.0,7,1,,0,,1.0,mastercard,87.0,0
112040,57.95,7,1,,0,,5.0,visa,87.0,0
112070,100.0,7,1,,0,,1.0,mastercard,87.0,0
112095,36.0,7,1,,0,,4.0,mastercard,87.0,0
112125,800.0,7,1,,0,,2.0,visa,87.0,0
112151,400.0,7,1,,0,,2.0,visa,87.0,0
112154,213.0,7,1,0.0,0,,1.0,mastercard,87.0,0
112182,160.0,7,1,,0,,2.0,mastercard,87.0,0
112204,150.0,7,1,,0,,210.0,mastercard,87.0,0
112225,311.95,7,1,,0,,5.0,visa,87.0,0
112237,141.0,7,1,16.0,0,,23.0,mastercard,87.0,0
112258,188.0,7,1,52.0,0,,2.0,visa,87.0,0
112267,300.0,7,1,,0,,1.0,visa,87.0,0
112286,59.0,7,1,3.0,0,,1.0,visa,87.0,0
112366,28.519,7,0,,0,0.0,1.0,mastercard,,0
112445,59.0,7,1,96.0,0,,1.0,mastercard,87.0,0
112467,265.0,7,1,,0,,2.0,visa,87.0,0
112493,335.0,7,1,17.0,0,,1.0,visa,87.0,0
112523,226.0,7,1,,0,,1.0,mastercard,87.0,0
112524,169.95,7,1,,0,,2.0,mastercard,87.0,0
112533,445.0,7,1,,0,,4.0,mastercard,87.0,0
112637,50.0,7,1,,0,,1.0,mastercard,87.0,0
112654,42.95,7,1,5.0,0,,4.0,mastercard,87.0,0
112656,169.95,7,1,,0,,2.0,mastercard,87.0,0
112745,50.0,7,1,,0,446.0,1.0,visa,87.0,0
112766,226.0,7,1,11.0,0,,1.0,mastercard,87.0,0
112826,117.0,7,1,,0,,1.0,mastercard,87.0,0
112841,50.0,7,1,,0,446.0,1.0,visa,87.0,0
112934,42.95,7,1,,0,,4.0,mastercard,87.0,0
113002,60.0,7,1,,0,,4.0,mastercard,87.0,0
113046,45.0,7,1,,0,,1.0,mastercard,87.0,0
113073,92.0,7,1,14.0,0,,2.0,mastercard,87.0,0
113127,75.0,7,1,3.0,0,,5.0,mastercard,87.0,0
113144,35.0,7,1,,0,,2.0,mastercard,87.0,0
113422,25.0,7,1,,0,1.0,1.0,mastercard,87.0,0
113429,157.95,7,1,0.0,0,,2.0,mastercard,87.0,0
113516,77.95,7,1,8.0,0,,11.0,mastercard,87.0,0
113522,554.0,7,1,524.0,0,,1.0,mastercard,87.0,0
113645,159.95,7,1,,0,,56.0,mastercard,87.0,0
113651,45.073,7,0,,0,,1.0,mastercard,,0
113695,57.95,7,1,,0,,1.0,mastercard,87.0,0
113715,50.0,7,1,,0,,1.0,visa,87.0,0
113756,47.95,7,1,2.0,0,,1.0,mastercard,87.0,0
113823,20.0,7,1,6.0,0,,3.0,mastercard,87.0,0
113875,100.0,7,1,,0,,1.0,visa,96.0,0
113964,112.99,7,1,639.0,0,,1.0,mastercard,87.0,0
114007,59.0,7,1,3.0,0,,1.0,visa,87.0,0
114340,50.0,7,1,,0,,3.0,mastercard,87.0,0
114371,44.0,7,1,4.0,0,,1.0,visa,87.0,0
114532,40.0,7,1,,0,,111.0,visa,87.0,0
114608,57.95,7,1,,0,,1.0,mastercard,87.0,0
114703,120.0,7,1,,0,,4.0,mastercard,87.0,0
114783,250.0,7,1,,0,,1.0,visa,87.0,0
114809,226.0,7,1,44.0,0,,1.0,mastercard,87.0,0
114813,107.95,7,1,50.0,0,,39.0,mastercard,87.0,0
114875,87.95,7,1,5.0,0,,2.0,visa,87.0,0
114950,1134.7,7,1,78.0,0,,1.0,visa,87.0,0
115061,524.0,7,1,,0,,1.0,mastercard,87.0,0
115073,73.97,7,1,59.0,0,,18.0,mastercard,87.0,0
115110,21.95,7,1,,0,,5.0,mastercard,87.0,0
115116,219.99,7,1,,0,,1.0,mastercard,87.0,0
115116,411.95,7,1,,0,,2.0,mastercard,87.0,0
115210,200.0,8,1,,0,,1.0,mastercard,87.0,0
115285,117.0,8,1,459.0,0,,1.0,mastercard,87.0,0
115536,44.5,8,1,767.0,0,,3.0,mastercard,87.0,0
115544,600.0,8,1,,0,,2.0,visa,87.0,0
115568,59.0,8,1,0.0,0,,3.0,mastercard,87.0,0
115679,53.97,8,1,9.0,0,,70.0,mastercard,87.0,0
115800,90.872,8,0,,0,,2.0,visa,,1
116080,107.95,8,1,50.0,0,,39.0,mastercard,87.0,0
116130,90.872,8,0,,0,,3.0,visa,,1
116180,335.0,8,1,5.0,0,,5.0,visa,87.0,0
116209,737.0,8,1,2.0,0,,1.0,visa,87.0,0
116225,250.0,8,1,,0,,1.0,visa,87.0,0
116240,169.95,8,1,211.0,0,,95.0,mastercard,87.0,0
116296,90.872,8,0,,0,,40.0,visa,,1
116372,126.0,8,1,9.0,0,,3.0,mastercard,87.0,0
116455,60.0,8,1,,0,,4.0,mastercard,87.0,0
116497,203.0,8,1,,0,,2.0,visa,87.0,0
116572,92.95,8,1,,0,,7.0,visa,87.0,0
116649,77.0,8,1,47.0,0,,1.0,mastercard,87.0,0
116796,77.0,8,1,33.0,0,,4.0,mastercard,87.0,0
117019,35.95,8,1,3.0,0,,1.0,mastercard,87.0,0
117055,600.0,8,1,,0,,2.0,visa,87.0,0
117062,38.95,8,1,18.0,0,,3.0,visa,87.0,0
117385,171.0,8,1,,0,,1.0,mastercard,87.0,0
117390,30.0,8,1,,0,,1.0,visa,87.0,0
117398,2161.0,8,1,773.0,0,,3.0,visa,87.0,1
117425,60.0,8,1,11.0,0,,2.0,visa,87.0,0
117681,54.076,8,0,,0,,1.0,visa,,0
117749,335.0,8,1,1764.0,0,,111.0,mastercard,87.0,0
117935,117.0,8,1,,0,,1.0,mastercard,87.0,0
117954,78.95,8,1,3.0,0,,3.0,mastercard,87.0,0
118160,315.0,8,1,70.0,0,,3.0,mastercard,87.0,0
118208,117.0,8,1,38.0,0,,1.0,mastercard,87.0,0
118363,450.0,8,1,,0,,4.0,mastercard,87.0,0
118366,625.0,8,1,,0,,2.0,visa,87.0,0
118441,82.0,8,1,1764.0,0,,111.0,mastercard,87.0,0
118524,226.0,8,1,9.0,0,,1.0,visa,87.0,0
118589,100.0,8,1,,0,,2.0,visa,87.0,0
118852,159.95,9,1,,0,,3.0,visa,87.0,0
118861,100.0,9,1,2.0,0,,115.0,visa,87.0,0
118864,475.0,9,1,,0,,4.0,mastercard,87.0,0
119184,159.0,9,1,1.0,0,,3.0,visa,87.0,1
119247,100.0,9,1,,0,,2.0,mastercard,87.0,0
119257,171.0,9,1,,0,,107.0,mastercard,87.0,0
119425,100.0,9,1,,0,,1.0,mastercard,87.0,0
119704,107.95,9,1,541.0,0,,4.0,mastercard,87.0,0
119991,107.95,9,1,3.0,0,,2.0,visa,87.0,0
120071,44.95,9,1,,0,,1.0,mastercard,87.0,0
120245,614.0,9,1,,0,,2.0,mastercard,87.0,0
120282,63.97,9,1,,0,,8.0,visa,87.0,0
120354,125.0,9,1,,0,,2.0,visa,87.0,0
120439,57.95,9,1,,0,,3.0,visa,87.0,0
120545,59.0,9,1,753.0,0,,1.0,mastercard,87.0,0
120548,100.0,9,1,,0,,1.0,mastercard,87.0,0
120590,85.0,9,1,,0,,4.0,visa,87.0,0
120611,107.95,9,1,,0,,4.0,mastercard,87.0,0
120688,100.0,9,1,,0,,1.0,mastercard,87.0,0
120732,405.0,9,1,,0,,2.0,mastercard,87.0,0
120829,600.0,9,1,,0,,2.0,visa,87.0,0
120834,54.5,9,1,3.0,0,,1.0,mastercard,87.0,0
120850,75.0,9,1,,0,,1.0,visa,87.0,0
120872,117.0,9,1,17.0,0,,1.0,mastercard,87.0,0
120874,107.95,9,1,,0,,137.0,visa,87.0,0
120954,150.0,9,1,5.0,0,,3.0,mastercard,87.0,0
121004,1420.0,9,1,,0,,1.0,visa,87.0,0
121104,209.95,9,1,20.0,0,,5.0,visa,87.0,0
121154,159.95,9,1,5.0,0,,3.0,mastercard,87.0,0
121224,200.0,9,1,,0,,1.0,visa,87.0,0
121243,107.95,9,1,,0,,90.0,visa,87.0,0
121281,115.0,9,1,,0,,4.0,mastercard,87.0,0
121287,77.0,9,1,188.0,0,,7.0,mastercard,87.0,0
121482,117.0,9,1,2071.0,0,,1.0,mastercard,87.0,0
121551,124.0,9,1,0.0,0,,4.0,mastercard,87.0,0
121595,25.0,9,1,0.0,0,,2.0,visa,87.0,0
121704,57.95,9,1,,0,,2.0,mastercard,87.0,0
121760,100.0,9,1,,0,,3.0,mastercard,87.0,0
121801,160.0,9,1,,0,,1.0,mastercard,87.0,0
122097,107.95,9,1,,0,,39.0,mastercard,87.0,0
122302,47.95,9,1,,0,,39.0,mastercard,87.0,0
122425,97.0,10,1,12.0,0,,3.0,visa,87.0,0
122489,335.0,10,1,242.0,0,,3.0,visa,87.0,0
122607,75.0,10,1,,0,,1.0,visa,87.0,0
122614,43.97,10,1,0.0,0,,8.0,mastercard,87.0,0
122659,50.0,10,1,,0,,3.0,mastercard,87.0,0
122687,80.0,10,1,,0,,1.0,visa,87.0,0
122735,43.97,10,1,,0,,8.0,mastercard,87.0,0
123048,57.0,10,1,,0,,1.0,mastercard,87.0,0
123101,100.0,10,1,,0,,1.0,visa,87.0,0
123110,40.0,10,1,,0,,6.0,visa,87.0,0
123135,97.0,10,1,7.0,0,,1.0,mastercard,87.0,0
123330,25.95,10,1,3.0,0,,3.0,mastercard,87.0,0
123590,108.43,10,1,30.0,0,,3.0,visa,87.0,0
123722,35.95,10,1,1.0,0,,2.0,mastercard,87.0,0
123784,30.0,10,1,,0,,2.0,mastercard,87.0,0
123806,300.0,10,1,,0,,3.0,visa,87.0,0
123810,300.0,10,1,,0,,1.0,mastercard,87.0,0
123820,28.95,10,1,237.0,0,,4.0,visa,87.0,0
123827,66.0,10,1,,0,,2.0,visa,87.0,0
123872,100.0,10,1,,0,,2.0,visa,87.0,0
124011,25.0,10,1,,0,,3.0,visa,87.0,0
124070,40.0,10,1,,0,,42.0,visa,87.0,0
124077,171.0,10,1,1.0,0,,1.0,mastercard,87.0,0
124235,100.0,10,1,,0,,2.0,mastercard,87.0,0
124275,120.0,10,1,,0,,2.0,mastercard,87.0,0
124317,70.0,10,1,,0,,4.0,visa,87.0,0
124395,25.0,10,1,,0,,3.0,mastercard,87.0,0
124462,150.0,10,1,5.0,0,,3.0,mastercard,87.0,0
124605,224.0,10,1,11.0,0,,4.0,visa,87.0,0
124621,574.95,10,1,,0,,1.0,visa,87.0,0
124623,35.95,10,1,,0,,21.0,mastercard,87.0,0
124717,50.0,10,1,,0,,1.0,visa,87.0,0
124727,40.0,10,1,7.0,0,,42.0,visa,87.0,0
124905,152.0,10,1,,0,,3.0,mastercard,87.0,0
125042,80.0,10,1,,0,,9.0,visa,87.0,1
125163,80.0,10,1,,0,,1.0,visa,87.0,0
125254,15.0,10,1,,0,,1.0,visa,87.0,0
125263,107.95,10,1,13.0,0,,4.0,visa,87.0,0
125295,97.0,10,1,212.0,0,,9.0,visa,87.0,1
125363,335.0,10,1,388.0,0,,2.0,mastercard,87.0,0
125382,77.0,10,1,1764.0,0,,111.0,mastercard,87.0,0
125637,90.0,10,1,,0,,4.0,visa,87.0,0
125692,28.76,10,0,,0,110.0,1.0,mastercard,,0
125749,50.0,10,1,4.0,0,,1.0,visa,87.0,0
125825,67.95,10,1,23.0,0,,5.0,mastercard,87.0,0
125914,100.0,10,1,,0,,3.0,visa,87.0,0
125938,59.0,10,1,22.0,0,,2.0,visa,87.0,0
126013,25.0,11,1,,0,,1.0,visa,87.0,0
126072,159.95,11,1,17.0,0,,4.0,visa,87.0,0
126123,600.0,11,1,,0,,9.0,visa,87.0,0
126244,450.0,11,1,,0,,1.0,mastercard,87.0,0
126297,80.0,11,1,,0,,9.0,visa,87.0,1
126349,80.0,11,1,,0,,2.0,mastercard,87.0,0
126376,60.0,11,1,,0,,3.0,visa,87.0,0
126400,107.95,11,1,22.0,0,,2.0,visa,87.0,0
126457,275.99,11,1,6.0,0,,1.0,visa,87.0,0
126478,100.0,11,1,8.0,0,,1.0,mastercard,87.0,0
126555,38.548,11,0,,0,,1.0,visa,,0
126590,291.95,11,1,1.0,0,,1.0,visa,87.0,0
126625,226.0,11,1,11.0,0,,1.0,mastercard,87.0,0
126638,80.0,11,1,,0,,9.0,visa,87.0,1
126703,67.95,11,1,,0,,5.0,mastercard,87.0,0
126788,542.0,11,1,3.0,0,,5.0,visa,87.0,0
126827,100.0,11,1,,0,,3.0,mastercard,87.0,0
127000,30.95,11,1,0.0,0,,1.0,visa,87.0,0
127157,47.95,11,1,5.0,0,,4.0,visa,87.0,0
127253,43.97,11,1,,0,,8.0,mastercard,87.0,0
127320,400.0,11,1,,0,,1.0,mastercard,87.0,0
127350,40.0,11,1,,0,,1.0,mastercard,87.0,0
127355,100.0,11,1,,0,,1.0,visa,87.0,0
127425,200.0,11,1,,0,,7.0,mastercard,87.0,0
127454,500.0,11,1,,0,,2.0,visa,87.0,0
127524,100.0,11,1,,0,,1.0,visa,87.0,0
127653,243.0,11,1,5.0,0,,1.0,mastercard,87.0,0
127727,50.0,11,1,,0,,1.0,visa,87.0,0
127740,150.0,11,1,,0,,3.0,mastercard,87.0,0
127758,50.0,11,1,,0,,1.0,visa,87.0,0
127787,50.0,11,1,608.0,0,,4.0,mastercard,87.0,0
127818,47.95,11,1,3.0,0,,5.0,visa,87.0,0
127855,226.0,11,1,,0,,7.0,mastercard,87.0,0
127901,100.0,11,1,,0,,1.0,visa,87.0,0
127935,57.95,11,1,,0,,132.0,visa,87.0,0
127953,100.0,11,1,,0,,1.0,visa,87.0,0
127961,226.0,11,1,,0,,109.0,mastercard,87.0,0
127996,159.95,11,1,10.0,0,,1.0,visa,87.0,0
128002,97.0,11,1,236.0,0,,1.0,mastercard,87.0,0
128012,50.0,11,1,,0,,1.0,visa,87.0,0
128019,171.0,11,1,799.0,0,,4.0,mastercard,87.0,0
128164,97.0,11,1,,0,,1.0,mastercard,87.0,0
128172,171.0,11,1,,0,,4.0,visa,87.0,0
128307,97.0,11,1,3.0,0,,8.0,visa,87.0,0
128334,150.5,11,1,6.0,0,,106.0,mastercard,87.0,0
128340,11.782,11,0,,0,30.0,1.0,mastercard,,0
128353,70.0,11,1,,0,,2.0,mastercard,87.0,0
128359,117.0,11,1,2411.0,0,,1.0,visa,87.0,0
128411,35.0,11,1,24.0,0,,7.0,visa,87.0,0
128489,53.95,11,1,3.0,0,,2.0,mastercard,87.0,0
128489,70.0,11,1,,0,,1.0,mastercard,87.0,0
128536,25.0,11,1,,0,,2.0,mastercard,87.0,0
128577,44.5,11,1,5.0,0,,1.0,mastercard,87.0,0
128602,40.0,11,1,,0,,1.0,mastercard,87.0,1
128631,552.0,11,1,,0,,1.0,mastercard,87.0,0
128672,20.0,11,1,,0,,2.0,mastercard,87.0,0
128704,50.0,11,1,,0,,1.0,visa,87.0,0
128745,167.0,11,1,1.0,0,,1.0,mastercard,87.0,0
128788,58.95,11,1,,0,,1.0,visa,87.0,0
128821,140.0,11,1,,0,,1.0,mastercard,87.0,0
128849,100.0,11,1,,0,,1.0,mastercard,87.0,0
128896,280.0,11,1,,0,,8.0,visa,87.0,0
128981,117.0,11,1,7.0,0,,1.0,mastercard,87.0,0
129017,97.95,11,1,3.0,0,,2.0,visa,87.0,0
129057,100.0,11,1,,0,,1.0,visa,87.0,0
129059,280.0,11,1,,0,,1.0,visa,87.0,0
129061,117.0,11,1,2.0,0,,1.0,mastercard,87.0,0
129169,156.99,11,1,639.0,0,,1.0,mastercard,87.0,0
129171,226.0,11,1,4.0,0,,2.0,visa,87.0,1
129190,39.0,11,1,,0,,7.0,visa,87.0,0
129256,171.0,11,1,,0,,3.0,visa,87.0,0
129265,97.0,11,1,0.0,0,,2.0,mastercard,87.0,0
129297,100.0,11,1,,0,,2.0,visa,87.0,0
129300,221.99,11,1,53.0,0,,1.0,visa,87.0,0
129351,150.0,11,1,9.0,0,,4.0,visa,87.0,0
129351,25.0,11,1,,0,40.0,3.0,visa,87.0,0
129424,50.0,11,1,,0,,107.0,visa,87.0,0
129469,169.95,11,1,20.0,0,,5.0,mastercard,87.0,0
129477,77.95,11,1,6.0,0,,14.0,mastercard,87.0,0
129512,160.5,11,1,,0,,2.0,visa,87.0,1
129530,250.0,11,1,,0,,3.0,mastercard,87.0,0
129552,129.95,11,1,6.0,0,,2.0,mastercard,87.0,0
129616,108.5,12,1,2.0,0,,1.0,visa,87.0,0
129669,107.95,12,1,,0,,6.0,visa,87.0,0
129684,300.0,12,1,,0,,1.0,mastercard,87.0,0
129707,25.0,12,1,,0,40.0,3.0,visa,87.0,0
129709,53.97,12,1,12.0,0,,107.0,visa,87.0,0
129710,226.0,12,1,1550.0,0,,1.0,mastercard,87.0,1
129758,50.0,12,1,,0,,1.0,visa,87.0,0
129776,150.5,12,1,12.0,0,,4.0,visa,87.0,0
129802,50.0,12,1,,0,,6.0,mastercard,87.0,0
129804,92.0,12,1,,0,,1.0,visa,87.0,0
129834,280.0,12,1,5.0,0,,2.0,visa,87.0,1
129858,107.95,12,1,,0,,1.0,mastercard,87.0,0
129877,80.0,12,1,,0,,3.0,visa,87.0,0
129914,108.95,12,1,0.0,0,,1.0,visa,87.0,0
129927,540.0,12,1,16.0,0,,1.0,visa,87.0,0
130005,87.95,12,1,11.0,0,,1.0,mastercard,87.0,0
130016,50.0,12,1,866.0,0,,5.0,visa,87.0,0
130049,166.0,12,1,177.0,0,,9.0,discover,87.0,0
130050,117.0,12,1,,0,,2.0,visa,87.0,1
130052,57.0,12,1,8.0,0,,1.0,visa,87.0,0
130056,209.95,12,1,2.0,0,,2.0,mastercard,87.0,0
130066,65.0,12,1,,0,,123.0,visa,87.0,0
130067,300.0,12,1,,0,,2.0,mastercard,87.0,0
130124,235.0,12,1,1184.0,0,,4.0,mastercard,87.0,0
130164,26.99,12,1,5.0,0,,1.0,mastercard,87.0,0
130228,42.95,12,1,,0,,9.0,visa,87.0,0
130253,15.0,12,1,,0,,6.0,mastercard,87.0,0
130313,450.0,12,1,,0,,4.0,mastercard,87.0,0
130322,261.95,12,1,,0,,6.0,visa,87.0,0
130350,554.0,12,1,,0,,1.0,visa,87.0,0
130393,300.0,12,1,,0,,1.0,visa,87.0,0
130441,418.78,12,1,395.0,0,,1.0,mastercard,87.0,0
130500,45.0,12,1,,0,,1.0,mastercard,87.0,0
130531,59.58,12,1,63.0,0,,4.0,visa,87.0,0
130626,317.5,12,1,17.0,0,,1.0,visa,87.0,0
130646,50.0,12,1,,0,,2.0,mastercard,87.0,0
130656,50.0,12,1,,0,,1.0,visa,87.0,0
130659,117.0,12,1,13.0,0,,2.0,visa,87.0,0
130671,142.0,12,1,,0,,3.0,mastercard,87.0,0
130693,68.95,12,1,3.0,0,,2.0,mastercard,87.0,0
130725,25.0,12,1,,0,40.0,3.0,visa,87.0,0
130735,40.0,12,1,6.0,0,,22.0,visa,87.0,0
130742,488.0,12,1,0.0,0,,4.0,mastercard,87.0,0
130753,100.0,12,1,,0,,3.0,mastercard,87.0,0
130765,77.579,12,0,,0,7.0,2.0,mastercard,,0
130792,68.51,12,1,,0,,4.0,visa,87.0,0
130849,59.0,12,1,,0,,1.0,visa,87.0,0
130873,25.0,12,1,,0,40.0,3.0,visa,87.0,0
130883,25.0,12,1,,0,,1.0,visa,87.0,0
130888,250.0,12,1,,0,,2.0,visa,87.0,0
130895,218.0,12,1,0.0,0,,1.0,visa,87.0,0
130916,287.5,12,1,70.0,0,,3.0,mastercard,87.0,0
130916,20.0,12,1,,0,,2.0,visa,87.0,0
130927,59.0,12,1,11.0,0,,1.0,mastercard,87.0,0
130932,100.0,12,1,,0,,3.0,visa,87.0,0
130932,445.0,12,1,109.0,0,,4.0,mastercard,87.0,0
130971,25.95,12,1,0.0,0,,1.0,mastercard,87.0,0
130986,50.08,12,1,,0,,1.0,mastercard,87.0,0
131064,150.0,12,1,,0,,3.0,visa,87.0,0
131088,21.0,12,1,,0,,1.0,visa,87.0,0
131146,70.0,12,1,,0,,2.0,mastercard,87.0,0
131286,100.0,12,1,,0,,1.0,visa,87.0,0
131293,100.0,12,1,,0,,1.0,visa,87.0,0
131298,50.0,12,1,,0,,2.0,mastercard,87.0,0
131299,280.0,12,1,11.0,0,,2.0,visa,87.0,0
131322,418.78,12,1,395.0,0,,1.0,mastercard,87.0,0
131344,50.0,12,1,,0,,1.0,visa,87.0,0
131405,30.0,12,1,,0,,3.0,visa,87.0,0
131423,97.0,12,1,447.0,0,,1.0,mastercard,87.0,0
131431,150.0,12,1,,0,,1.0,mastercard,87.0,0
131486,107.95,12,1,6.0,0,,1.0,mastercard,87.0,0
131499,65.0,12,1,,0,,2.0,mastercard,87.0,0
131529,59.0,12,1,,0,,1.0,mastercard,87.0,0
131548,103.95,12,1,580.0,0,,1.0,visa,87.0,0
131588,150.0,12,1,,0,,7.0,mastercard,87.0,0
131595,25.0,12,1,,0,40.0,3.0,visa,87.0,0
131611,100.0,12,1,,0,,1.0,visa,87.0,0
131629,35.95,12,1,24.0,0,,3.0,mastercard,87.0,0
131638,100.0,12,1,,0,,1.0,visa,87.0,0
131667,50.0,12,1,,0,,1.0,visa,87.0,0
131692,25.95,12,1,356.0,0,,2.0,mastercard,87.0,0
131717,140.0,12,1,,0,,1.0,visa,87.0,0
131735,117.0,12,1,,0,,1.0,visa,87.0,0
131799,160.95,12,1,5.0,0,,1.0,visa,87.0,0
131814,405.0,12,1,133.0,0,,2.0,mastercard,87.0,0
131818,50.0,12,1,,0,,5.0,mastercard,87.0,0
131823,48.95,12,1,24.0,0,,1.0,visa,87.0,0
131834,60.0,12,1,,0,,2.0,mastercard,87.0,0
131848,107.95,12,1,18.0,0,,120.0,mastercard,87.0,0
131848,20.0,12,1,,0,,2.0,visa,87.0,0
131858,200.0,12,1,,0,,134.0,mastercard,87.0,0
131866,35.0,12,1,,0,,1.0,mastercard,87.0,1
131911,85.0,12,1,,0,14.0,5.0,mastercard,87.0,0
131952,107.95,12,1,11.0,0,,4.0,visa,87.0,0
131967,75.0,12,1,,0,,2.0,visa,87.0,0
131975,100.0,12,1,,0,,1.0,visa,87.0,0
132046,75.0,12,1,,0,,5.0,visa,87.0,0
132070,40.0,12,1,,0,,1.0,visa,87.0,0
132072,130.0,12,1,,0,,1.0,visa,87.0,0
132103,75.0,12,1,,0,,1.0,visa,87.0,0
132116,125.0,12,1,0.0,0,,4.0,visa,87.0,0
132190,107.95,12,1,1.0,0,,3.0,mastercard,87.0,0
132238,68.95,12,1,2.0,0,,1.0,mastercard,87.0,0
132277,150.0,12,1,,0,,4.0,mastercard,87.0,0
132290,30.0,12,1,,0,,1.0,visa,87.0,0
132311,59.0,12,1,2.0,0,,1.0,visa,87.0,0
132327,30.0,12,1,,0,,1.0,american express,87.0,0
132395,135.5,12,1,,0,,1.0,visa,87.0,0
132402,50.0,12,1,,0,,1.0,visa,87.0,0
132404,92.0,12,1,,0,,5.0,visa,87.0,0
132433,103.97,12,1,5.0,0,,6.0,visa,87.0,0
132456,67.95,12,1,16.0,0,,2.0,mastercard,87.0,0
132459,50.0,12,1,,0,,3.0,visa,87.0,0
132505,139.95,12,1,757.0,0,,141.0,visa,87.0,0
132516,25.0,12,1,,0,40.0,3.0,visa,87.0,0
132597,200.0,12,1,,0,,1.0,visa,87.0,0
132605,250.0,12,1,,0,,1.0,visa,87.0,0
132615,300.0,12,1,,0,,1.0,mastercard,87.0,0
132643,200.0,12,1,,0,,1.0,mastercard,87.0,0
132661,50.0,12,1,,0,,5.0,visa,87.0,0
132670,90.0,12,1,,0,,2.0,visa,87.0,0
132676,600.0,12,1,,0,,2.0,visa,87.0,0
132681,125.0,12,1,,0,,21.0,visa,87.0,0
132692,60.0,12,1,,0,,3.0,visa,87.0,0
132699,201.95,12,1,61.0,0,,109.0,visa,87.0,0
132720,150.0,12,1,,0,,1.0,mastercard,87.0,0
132729,59.0,12,1,720.0,0,,1.0,visa,87.0,0
132733,59.0,12,1,85.0,0,,1.0,visa,87.0,0
132751,124.95,12,1,11.0,0,,4.0,mastercard,87.0,0
132764,25.0,12,1,,0,40.0,4.0,mastercard,87.0,0
132768,30.0,12,1,,0,,2.0,visa,87.0,0
132776,201.0,12,1,0.0,0,,1.0,visa,87.0,0
132868,50.0,12,1,,0,,1.0,visa,87.0,0
132868,47.95,12,1,0.0,0,,8.0,mastercard,87.0,0
132940,57.95,12,1,8.0,0,,6.0,visa,87.0,0
132970,40.0,12,1,10.0,0,,3.0,visa,87.0,0
132970,209.95,12,1,2.0,0,,132.0,visa,87.0,0
132972,311.95,12,1,3.0,0,,2.0,visa,87.0,0
133003,80.0,12,1,,0,,2.0,mastercard,87.0,0
133014,61.5,12,1,,0,,5.0,visa,87.0,0
133022,226.0,12,1,1.0,0,,102.0,mastercard,87.0,0
133085,400.0,12,1,,0,,2.0,visa,87.0,0
133100,25.0,12,1,1.0,0,,8.0,visa,87.0,0
133114,60.0,12,1,,0,,2.0,mastercard,87.0,0
133149,75.0,12,1,,0,,1.0,mastercard,87.0,0
133160,25.0,12,1,,0,,1.0,visa,87.0,0
133164,150.0,12,1,,0,,2.0,mastercard,87.0,0
133185,50.0,12,1,,0,,2.0,visa,87.0,0
133243,30.95,13,1,2.0,0,,3.0,visa,87.0,0
133252,20.0,13,1,,0,,9.0,visa,87.0,0
133287,54.5,13,1,732.0,0,,12.0,mastercard,87.0,0
133307,130.0,13,1,,0,,3.0,visa,87.0,0
133313,100.0,13,1,,0,,13.0,mastercard,87.0,0
133318,250.0,13,1,,0,,1.0,visa,87.0,0
133379,108.5,13,1,739.0,0,,1.0,visa,87.0,0
133385,72.95,13,1,,0,,3.0,visa,87.0,0
133392,25.0,13,1,,0,,2.0,mastercard,87.0,0
133396,213.0,13,1,,0,,1.0,visa,87.0,0
133404,75.0,13,1,,0,,2.0,visa,87.0,0
133424,50.0,13,1,,0,,1.0,visa,87.0,0
133457,60.0,13,1,,0,,1.0,mastercard,87.0,0
133458,50.0,13,1,,0,,5.0,mastercard,87.0,0
133484,20.0,13,1,,0,,3.0,visa,87.0,0
133526,50.0,13,1,280.0,0,,1.0,visa,87.0,0
133591,120.0,13,1,,0,,1.0,mastercard,87.0,0
133615,50.0,13,1,,0,,3.0,visa,87.0,0
133624,171.0,13,1,799.0,0,,4.0,visa,87.0,0
133636,150.0,13,1,,0,,1.0,american express,87.0,0
133637,186.0,13,1,12.0,0,,2.0,visa,87.0,0
133683,300.0,13,1,,0,,2.0,visa,87.0,0
133714,234.95,13,1,,0,,1.0,mastercard,87.0,0
133719,117.0,13,1,0.0,0,,13.0,mastercard,87.0,0
133721,30.0,13,1,,0,,1.0,visa,87.0,0
133730,500.0,13,1,38.0,0,,1.0,visa,87.0,0
133737,120.0,13,1,,0,,2.0,mastercard,87.0,0
133739,173.0,13,1,149.0,0,,3.0,visa,87.0,0
133745,47.95,13,1,325.0,0,,3.0,mastercard,87.0,0
133746,445.0,13,1,109.0,0,,4.0,mastercard,87.0,0
133748,36.5,13,1,,0,,1.0,mastercard,87.0,0
133749,29.0,13,1,7.0,0,,9.0,visa,87.0,0
133753,105.95,13,1,5.0,0,,1.0,visa,87.0,0
133791,40.0,13,1,,0,,7.0,visa,87.0,0
133856,50.0,13,1,6.0,0,,2.0,visa,87.0,0
133857,311.61,13,1,4.0,0,,1.0,mastercard,87.0,0
133862,250.0,13,1,,0,,1.0,visa,87.0,0
133893,100.0,13,1,,0,,1.0,visa,87.0,0
133893,50.0,13,1,,0,,6.0,visa,87.0,0
133905,30.0,13,1,,0,,1.0,visa,87.0,0
133911,20.0,13,1,,0,,1.0,visa,87.0,0
133921,107.95,13,1,1.0,0,,160.0,visa,87.0,0
133932,25.95,13,1,4.0,0,,2.0,visa,87.0,0
133939,100.0,13,1,,0,,2.0,mastercard,87.0,0
133990,600.0,13,1,,0,,10.0,visa,87.0,0
134013,60.0,13,1,,0,,4.0,visa,87.0,0
134021,57.95,13,1,18.0,0,,7.0,visa,87.0,0
134026,83.5,13,1,9.0,0,,1.0,visa,87.0,0
134038,35.95,13,1,325.0,0,,3.0,mastercard,87.0,0
134044,40.0,13,1,7.0,0,,12.0,mastercard,87.0,0
134046,117.0,13,1,,0,,1.0,mastercard,87.0,0
134051,60.0,13,1,,0,,1.0,visa,87.0,0
134061,50.0,13,1,,0,,7.0,mastercard,87.0,0
134077,42.95,13,1,1.0,0,,102.0,mastercard,87.0,0
134089,47.95,13,1,36.0,0,,2.0,mastercard,87.0,0
134092,2801.75,13,1,133.0,0,,1.0,visa,87.0,0
134107,200.0,13,1,,0,,7.0,mastercard,87.0,0
134111,150.0,13,1,,0,,1.0,mastercard,87.0,0
134118,171.0,13,1,,0,,1.0,visa,87.0,0
134118,470.0,13,1,,0,,1.0,mastercard,87.0,0
134145,59.0,13,1,,0,,4.0,visa,87.0,0
134158,171.0,13,1,2376.0,0,,3.0,mastercard,87.0,0
134162,311.95,13,1,,0,,6.0,visa,87.0,0
134171,75.0,13,1,,0,,1.0,visa,87.0,0
134182,59.0,13,1,,0,,2.0,visa,87.0,0
134196,92.0,13,1,2.0,0,,3.0,visa,87.0,0
134197,60.0,13,1,,0,,3.0,mastercard,87.0,0
134200,50.0,13,1,,0,,1.0,visa,87.0,0
134210,60.0,13,1,71.0,0,,2.0,visa,87.0,0
134214,3247.91,13,1,2.0,0,,1.0,mastercard,87.0,0
134233,112.99,13,1,0.0,0,,1.0,visa,87.0,0
134250,57.95,13,1,0.0,0,,18.0,mastercard,87.0,0
134256,300.0,13,1,,0,,1.0,visa,87.0,0
134265,200.0,13,1,,0,,1.0,mastercard,87.0,0
134279,57.95,13,1,7.0,0,,2.0,mastercard,87.0,0
134328,29.0,13,1,1098.0,0,,1.0,mastercard,87.0,0
134331,40.0,13,1,,0,,2.0,visa,87.0,0
134336,500.0,13,1,10.0,0,,1.0,visa,87.0,0
134351,42.95,13,1,470.0,0,,1.0,visa,87.0,0
134352,335.0,13,1,9.0,0,,1.0,visa,87.0,0
134390,644.95,13,1,1020.0,0,,1.0,visa,87.0,0
134438,100.0,13,1,,0,,2.0,mastercard,87.0,0
134444,120.0,13,1,,0,,4.0,mastercard,87.0,0
134478,200.0,13,1,,0,,1.0,visa,87.0,0
134486,54.5,13,1,0.0,0,,133.0,mastercard,87.0,0
134504,47.95,13,1,0.0,0,,8.0,mastercard,87.0,0
134530,100.0,13,1,,0,,68.0,mastercard,87.0,0
134530,100.0,13,1,,0,,7.0,visa,87.0,0
134534,40.0,13,1,,0,,1.0,visa,87.0,0
134564,145.0,13,1,,0,,2.0,visa,87.0,0
134566,44.0,13,1,,0,,1.0,visa,87.0,0
134574,49.0,13,1,22.0,0,,2.0,visa,87.0,0
134586,100.0,13,1,0.0,0,,2.0,visa,87.0,0
134598,427.47,13,1,25.0,0,,2.0,mastercard,87.0,0
134610,250.0,13,1,,0,,5.0,mastercard,87.0,0
134648,59.0,13,1,34.0,0,,1.0,mastercard,87.0,0
134658,130.0,13,1,,0,,13.0,mastercard,87.0,0
134718,352.86,13,1,33.0,0,,1.0,mastercard,87.0,0
134741,50.0,13,1,22.0,0,,3.0,visa,87.0,0
134747,50.0,13,1,,0,,3.0,visa,87.0,0
134758,25.0,13,1,,0,,1.0,visa,87.0,0
134767,70.0,13,1,,0,,1.0,visa,87.0,0
134800,57.95,13,1,20.0,0,,3.0,visa,87.0,0
134821,280.0,13,1,,0,,1.0,visa,87.0,0
134835,100.0,13,1,,0,,1.0,visa,87.0,0
134838,100.0,13,1,,0,,8.0,visa,87.0,0
134869,100.0,13,1,,0,,2.0,mastercard,87.0,0
134896,107.95,13,1,45.0,0,,68.0,mastercard,87.0,0
134916,100.0,13,1,,0,,21.0,mastercard,87.0,0
134920,311.95,13,1,14.0,0,,1.0,mastercard,87.0,0
134920,117.0,13,1,,0,,1.0,visa,87.0,0
134937,100.0,13,1,,0,,2.0,mastercard,87.0,0
134948,150.0,13,1,,0,,1.0,visa,87.0,0
134959,250.0,13,1,6.0,0,,2.0,visa,87.0,0
134991,107.95,13,1,,0,,4.0,visa,87.0,0
134992,100.0,13,1,,0,,12.0,mastercard,87.0,0
135028,151.0,13,1,,0,,3.0,visa,87.0,0
135045,59.0,13,1,,0,,1.0,visa,87.0,0
135063,43.97,13,1,,0,,3.0,mastercard,87.0,0
135096,75.0,13,1,843.0,0,,2.0,visa,87.0,0
135118,53.97,13,1,0.0,0,,18.0,mastercard,87.0,0
135154,53.97,13,1,13.0,0,,3.0,visa,87.0,0
135179,114.95,13,1,,0,,1.0,visa,87.0,0
135217,100.0,13,1,,0,,1.0,visa,87.0,0
135296,100.0,13,1,,0,,1.0,mastercard,87.0,0
135303,55.95,13,1,4.0,0,,6.0,visa,87.0,0
135319,40.0,13,1,,0,,2.0,visa,87.0,0
135320,135.95,13,1,4.0,0,,134.0,mastercard,87.0,0
135325,335.0,13,1,141.0,0,,2.0,mastercard,87.0,0
135326,170.0,13,1,,0,,7.0,visa,87.0,0
135343,117.0,13,1,14.0,0,,1.0,visa,87.0,0
135366,495.15,13,1,,0,,1.0,mastercard,87.0,0
135389,40.0,13,1,,0,,2.0,visa,87.0,0
135397,20.0,13,1,,0,,7.0,mastercard,87.0,0
135417,100.0,13,1,9.0,0,,2.0,mastercard,87.0,0
135423,92.0,13,1,80.0,0,,4.0,mastercard,87.0,0
135447,57.95,13,1,71.0,0,,2.0,visa,87.0,0
135470,25.256,13,0,,0,,1.0,mastercard,,0
135499,209.95,13,1,13.0,0,,152.0,visa,87.0,0
135511,39.0,13,1,4.0,0,,1.0,mastercard,87.0,0
135536,30.0,13,1,3.0,0,,1.0,mastercard,87.0,0
135546,100.0,13,1,,0,,1.0,visa,87.0,0
135553,100.0,13,1,,0,,1.0,visa,87.0,0
135568,300.0,13,1,,0,,1.0,visa,87.0,0
135570,53.95,13,1,,0,,1.0,mastercard,87.0,0
135585,20.0,13,1,,0,,1.0,visa,87.0,0
135603,59.0,13,1,,0,,2.0,mastercard,87.0,0
135604,39.0,13,1,2.0,0,,1.0,visa,87.0,0
135607,87.95,13,1,,0,,156.0,visa,87.0,0
135609,210.0,13,1,,0,,2.0,visa,87.0,0
135616,105.0,13,1,,0,,1.0,visa,87.0,0
135622,100.0,13,1,,0,,1.0,mastercard,87.0,0
135639,67.95,13,1,,0,,133.0,mastercard,87.0,0
135686,100.0,13,1,,0,,1.0,visa,87.0,0
135706,703.95,13,1,,0,,1.0,visa,87.0,0
135718,25.0,13,1,,0,,1.0,visa,87.0,0
135725,75.0,13,1,,0,,1.0,american express,87.0,0
135728,100.0,13,1,,0,,13.0,mastercard,87.0,0
135747,26.0,13,1,70.0,0,,1.0,mastercard,87.0,0
135783,45.0,13,1,22.0,0,,2.0,visa,87.0,0
135813,57.95,13,1,,0,,6.0,visa,87.0,0
135815,60.0,13,1,,0,,1.0,visa,87.0,0
135835,117.0,13,1,,0,,2.0,visa,87.0,0
135840,21.95,13,1,18.0,0,,99.0,visa,87.0,0
135875,49.0,13,1,8.0,0,,1.0,mastercard,87.0,0
135876,35.0,13,1,,0,,17.0,mastercard,87.0,0
135886,35.95,13,1,,0,,2.0,mastercard,87.0,0
135910,42.95,13,1,3.0,0,,1.0,visa,87.0,0
135940,30.0,13,1,,0,,1.0,mastercard,87.0,0
135952,207.0,13,1,6.0,0,,2.0,visa,87.0,0
135953,49.0,13,1,8.0,0,,2.0,visa,87.0,0
135985,20.0,13,1,12.0,0,,2.0,visa,87.0,0
135986,40.0,13,1,,0,,15.0,mastercard,87.0,0
136018,25.95,13,1,,0,,1.0,visa,87.0,0
136021,209.95,13,1,1.0,0,,4.0,mastercard,87.0,0
136023,49.0,13,1,,0,,1.0,mastercard,87.0,0
136024,57.95,13,1,,0,,6.0,visa,87.0,0
136053,50.0,13,1,,0,,8.0,visa,87.0,0
136059,57.95,13,1,10.0,0,,17.0,visa,87.0,0
136119,40.0,13,1,,0,,1.0,visa,87.0,0
136123,350.0,13,1,,0,,2.0,visa,87.0,0
136160,200.0,13,1,9.0,0,,111.0,visa,87.0,0
136172,209.95,13,1,3.0,0,,8.0,mastercard,87.0,0
136176,100.0,13,1,2.0,0,,3.0,visa,87.0,0
136199,209.95,13,1,34.0,0,,5.0,visa,87.0,0
136210,75.0,13,1,11.0,0,,1.0,mastercard,87.0,0
136218,335.0,13,1,2.0,0,,1.0,mastercard,87.0,0
136219,110.0,13,1,,0,,1.0,visa,87.0,0
136244,250.0,13,1,,0,,2.0,mastercard,87.0,0
136277,361.95,13,1,5.0,0,,2.0,mastercard,87.0,0
136283,35.0,13,1,,0,,1.0,mastercard,87.0,0
136287,100.0,13,1,,0,,4.0,visa,87.0,0
136302,59.0,13,1,9.0,0,,2.0,visa,87.0,0
136314,60.0,13,1,268.0,0,,4.0,visa,87.0,0
136315,107.95,13,1,3.0,0,,128.0,mastercard,87.0,0
136328,80.0,13,1,,0,,1.0,visa,87.0,0
136339,80.0,13,1,24.0,0,,3.0,mastercard,87.0,0
136376,47.95,13,1,,0,,135.0,mastercard,87.0,0
136411,150.0,13,1,,0,,1.0,american express,87.0,0
136414,100.0,13,1,,0,,2.0,visa,87.0,0
136448,80.0,13,1,,0,,4.0,visa,87.0,1
136478,107.95,13,1,3.0,0,,3.0,visa,87.0,0
136539,29.0,13,1,0.0,0,,2.0,mastercard,87.0,0
136540,226.0,13,1,129.0,0,,2.0,visa,87.0,0
136548,78.5,13,1,,0,,2.0,visa,87.0,0
136557,250.0,13,1,10.0,0,,1.0,visa,87.0,0
136567,108.5,13,1,,0,,1.0,visa,87.0,0
136578,97.0,13,1,141.0,0,,2.0,mastercard,87.0,0
136617,160.0,13,1,,0,,5.0,visa,87.0,0
136628,100.0,13,1,,0,,1.0,visa,87.0,0
136631,50.0,13,1,,0,,1.0,visa,87.0,0
136636,38.427,13,0,,0,226.0,1.0,visa,,0
136653,97.0,13,1,9.0,0,,1.0,visa,87.0,0
136662,30.0,13,1,,0,,1.0,visa,87.0,0
136678,100.0,13,1,,0,,1.0,mastercard,87.0,0
136687,151.0,13,1,268.0,0,,3.0,visa,87.0,0
136692,309.95,13,1,9.0,0,,1.0,visa,87.0,0
136713,77.0,13,1,48.0,0,,1.0,visa,87.0,0
136714,335.0,13,1,0.0,0,,1.0,visa,87.0,0
136721,300.0,13,1,,0,,1.0,mastercard,87.0,0
136774,170.0,13,1,,0,,1.0,visa,87.0,0
136776,190.0,13,1,6.0,0,,2.0,visa,87.0,0
136806,92.0,14,1,80.0,0,,4.0,mastercard,87.0,0
136809,100.0,14,1,,0,,7.0,visa,87.0,0
136816,125.95,14,1,4.0,0,,3.0,mastercard,87.0,0
136819,72.95,14,1,,0,,4.0,visa,87.0,0
136830,159.95,14,1,1.0,0,,1.0,mastercard,87.0,0
136859,50.0,14,1,15.0,0,,6.0,visa,87.0,0
136875,120.0,14,1,,0,,2.0,mastercard,87.0,0
136918,107.95,14,1,2.0,0,,3.0,mastercard,87.0,0
136930,59.0,14,1,20.0,0,,1.0,mastercard,87.0,0
136950,110.0,14,1,,0,,1.0,visa,87.0,1
136954,280.0,14,1,42.0,0,,1.0,visa,87.0,0
136965,36.95,14,1,17.0,0,,2.0,mastercard,87.0,0
136966,151.0,14,1,,0,,3.0,visa,87.0,0
136979,59.0,14,1,3.0,0,,1.0,visa,87.0,0
136982,107.95,14,1,0.0,0,,5.0,mastercard,87.0,0
137006,20.0,14,1,,0,,1.0,visa,87.0,0
137022,212.0,14,1,6.0,0,,2.0,visa,87.0,0
137032,40.0,14,1,,0,,2.0,visa,87.0,0
137043,47.95,14,1,46.0,0,,1.0,mastercard,87.0,0
137081,107.95,14,1,4.0,0,,3.0,mastercard,87.0,0
137086,335.0,14,1,1.0,0,,1.0,mastercard,87.0,0
137100,47.128,14,0,,0,483.0,1.0,visa,,0
137127,100.0,14,1,698.0,0,,2.0,mastercard,87.0,0
137140,171.0,14,1,62.0,0,,1.0,visa,87.0,0
137178,209.95,14,1,,0,,2.0,mastercard,87.0,0
137212,108.95,14,1,,0,,2.0,visa,87.0,0
137243,40.0,14,1,,0,,1.0,mastercard,87.0,0
137256,50.0,14,1,,0,,4.0,mastercard,87.0,0
137270,160.5,14,1,3.0,0,,2.0,mastercard,87.0,0
137281,15.0,14,1,,0,,1.0,visa,87.0,0
137287,105.0,14,1,3.0,0,,2.0,mastercard,87.0,0
137287,105.95,14,1,,0,,5.0,mastercard,87.0,0
137289,100.0,14,1,,0,,1.0,visa,87.0,0
137335,50.0,14,1,,0,,1.0,discover,87.0,0
137353,60.0,14,1,,0,,2.0,visa,87.0,0
137386,50.0,14,1,,0,,4.0,mastercard,87.0,0
137413,77.0,14,1,,0,,1.0,mastercard,87.0,0
137422,171.0,14,1,1.0,0,,1.0,visa,87.0,0
137422,50.0,14,1,,0,,1.0,discover,87.0,0
137425,53.97,14,1,0.0,0,,18.0,mastercard,87.0,0
137429,75.0,14,1,,0,,4.0,visa,87.0,0
137480,40.0,14,1,,0,,1.0,visa,87.0,0
137484,49.0,14,1,7.0,0,,1.0,mastercard,87.0,0
137494,90.0,14,1,,0,,1.0,visa,87.0,0
137542,50.0,14,1,,0,,1.0,discover,87.0,0
137548,77.0,14,1,17.0,0,,2.0,visa,87.0,0
137550,80.0,14,1,,0,,9.0,visa,87.0,1
137561,50.0,14,1,,0,,107.0,visa,87.0,0
137567,87.0,14,1,,0,,1.0,visa,87.0,0
137598,35.95,14,1,11.0,0,,1.0,mastercard,87.0,0
137602,5.0,14,1,,0,,10.0,mastercard,87.0,0
137645,87.95,14,1,,0,,1.0,mastercard,87.0,0
137649,9.546,14,0,,0,811.0,1.0,visa,,0
137659,200.0,14,1,238.0,0,,150.0,mastercard,87.0,0
137666,50.0,14,1,,0,70.0,9.0,visa,87.0,0
137706,47.95,14,1,14.0,0,,2.0,visa,87.0,0
137714,50.0,14,1,,0,,1.0,visa,87.0,0
137719,40.0,14,1,,0,,4.0,visa,87.0,0
137729,161.0,14,1,,0,,3.0,visa,87.0,0
137754,70.0,14,1,,0,,3.0,mastercard,87.0,0
137754,240.0,14,1,,0,,2.0,mastercard,87.0,1
137770,100.0,14,1,,0,,5.0,visa,87.0,0
137822,50.0,14,1,,0,,1.0,visa,87.0,0
137839,50.0,14,1,,0,,1.0,mastercard,87.0,0
137844,50.0,14,1,,0,,733.0,discover,87.0,0
137855,245.97,14,1,0.0,0,,1.0,visa,87.0,0
137859,57.95,14,1,,0,,51.0,visa,87.0,0
137866,25.0,14,1,,0,,1.0,visa,87.0,0
137879,450.0,14,1,,0,,3.0,visa,87.0,1
137881,171.0,14,1,3.0,0,,2.0,visa,87.0,0
137916,15.0,14,1,,0,,4.0,visa,87.0,1
137931,200.0,14,1,,0,418.0,1.0,mastercard,87.0,0
137934,450.0,14,1,,0,,3.0,visa,87.0,1
137937,107.95,14,1,2.0,0,,4.0,visa,87.0,0
137940,554.0,14,1,524.0,0,,1.0,mastercard,87.0,0
137997,107.95,14,1,5.0,0,,5.0,visa,87.0,0
137997,100.0,14,1,,0,,734.0,visa,87.0,0
138005,77.0,14,1,,0,,2.0,mastercard,87.0,0
138012,206.95,14,1,,0,,1.0,visa,87.0,0
138047,35.0,14,1,,0,,1.0,visa,87.0,0
138056,100.0,14,1,,0,,1.0,visa,87.0,0
138063,15.5,14,1,9.0,0,,1.0,mastercard,87.0,0
138069,25.0,14,1,,0,,3.0,mastercard,87.0,0
138071,75.0,14,1,,0,,1.0,visa,87.0,0
138078,53.97,14,1,,0,,107.0,visa,87.0,0
138079,40.0,14,1,,0,,1.0,visa,87.0,0
138086,97.95,14,1,,0,,1.0,visa,87.0,0
138096,30.0,14,1,,0,,1.0,visa,87.0,0
138115,100.0,14,1,,0,,1.0,visa,87.0,0
138116,70.0,14,1,20.0,0,,3.0,mastercard,87.0,0
138131,75.0,14,1,,0,,5.0,visa,87.0,0
138174,70.0,14,1,,0,,4.0,visa,87.0,0
138222,29.0,14,1,2.0,0,,2.0,visa,87.0,0
138227,50.0,14,1,,0,,4.0,mastercard,87.0,0
138228,129.95,14,1,,0,,2.0,mastercard,87.0,0
138234,47.95,14,1,,0,,1.0,visa,87.0,0
138244,53.97,14,1,,0,,3.0,mastercard,87.0,0
138269,100.0,14,1,,0,,1.0,mastercard,87.0,0
138293,136.99,14,1,5.0,0,,1.0,visa,87.0,1
138299,135.5,14,1,,0,,1.0,visa,87.0,0
138331,311.95,14,1,1.0,0,,1.0,visa,87.0,0
138349,59.0,14,1,,0,,1.0,visa,87.0,0
138366,100.0,14,1,,0,,1.0,visa,87.0,0
138376,15.77,14,0,,0,0.0,1.0,visa,,0
138383,92.99,14,1,0.0,0,,4.0,visa,87.0,0
138387,50.0,14,1,,0,,4.0,visa,87.0,0
138390,50.0,14,1,,0,,1.0,mastercard,87.0,0
138392,100.0,14,1,,0,,1.0,visa,87.0,0
138393,40.0,14,1,,0,,3.0,visa,87.0,0
138419,92.0,14,1,,0,,2.0,mastercard,87.0,0
138428,107.95,14,1,5.0,0,,2.0,visa,87.0,0
138438,25.0,14,1,,0,,1.0,visa,87.0,0
138443,50.0,14,1,,0,,734.0,discover,87.0,0
138446,100.0,14,1,,0,,2.0,mastercard,87.0,0
138457,196.0,14,1,,0,,1.0,visa,87.0,0
138467,4.471,14,0,,0,,1.0,mastercard,,0
138473,48.97,14,1,11.0,0,,1.0,visa,87.0,0
138476,55.95,14,1,,0,,6.0,mastercard,87.0,0
138486,50.0,14,1,,0,,1.0,mastercard,87.0,0
138488,730.71,14,1,1.0,0,,3.0,mastercard,87.0,0
138502,75.0,14,1,,0,,1.0,visa,87.0,0
138521,50.0,14,1,,0,,734.0,discover,87.0,0
138527,97.95,14,1,8.0,0,,2.0,mastercard,87.0,0
138528,34.0,14,1,3.0,0,,2.0,visa,87.0,0
138547,57.95,14,1,0.0,0,,3.0,visa,87.0,0
138549,44.5,14,1,,0,,1.0,mastercard,87.0,0
138559,75.0,14,1,,0,,1.0,visa,87.0,0
138584,450.0,14,1,,0,,4.0,mastercard,87.0,0
138597,59.0,14,1,21.0,0,,10.0,visa,87.0,0
138628,170.384,14,0,,0,,1.0,visa,,0
138650,40.0,14,1,,0,,1.0,visa,87.0,0
138670,80.0,14,1,2.0,0,,1.0,visa,87.0,0
138672,214.95,14,1,66.0,0,,1.0,visa,87.0,0
138680,59.0,14,1,10.0,0,,1.0,mastercard,87.0,0
138681,75.0,14,1,,0,,1.0,visa,87.0,0
138689,75.0,14,1,,0,,1.0,visa,87.0,0
138694,100.0,14,1,,0,,2.0,visa,87.0,0
138720,115.0,14,1,697.0,0,,5.0,visa,87.0,0
138730,60.0,14,1,17.0,0,,2.0,visa,87.0,0
138742,205.95,14,1,14.0,0,,2.0,visa,87.0,0
138743,200.0,14,1,,0,,4.0,mastercard,87.0,0
138753,87.0,14,1,5.0,0,,108.0,visa,87.0,0
138759,50.0,14,1,0.0,0,,2.0,visa,87.0,0
138814,50.0,14,1,,0,,3.0,visa,87.0,0
138844,50.0,14,1,,0,,734.0,discover,87.0,0
138873,77.0,14,1,17.0,0,,2.0,visa,87.0,0
138885,40.0,14,1,,0,,1.0,visa,87.0,0
138899,50.0,14,1,,0,,1.0,mastercard,87.0,0
138905,445.0,14,1,,0,,4.0,mastercard,87.0,0
138914,50.0,14,1,,0,,1.0,visa,87.0,0
138949,50.0,14,1,,0,,1.0,mastercard,87.0,0
138957,107.95,14,1,178.0,0,,1.0,visa,87.0,0
138966,600.0,14,1,,0,,10.0,visa,87.0,0
138972,117.0,14,1,3.0,0,,1.0,visa,87.0,0
138991,117.0,14,1,493.0,0,,1.0,visa,87.0,0
139010,107.95,14,1,11.0,0,,94.0,visa,87.0,0
139043,87.0,14,1,8.0,0,,11.0,mastercard,87.0,0
139062,59.0,14,1,5.0,0,,1.0,visa,87.0,0
139088,250.0,14,1,,0,,1.0,mastercard,87.0,0
139134,488.0,14,1,,0,,4.0,mastercard,87.0,0
139136,2182.0,14,1,,0,,1.0,visa,87.0,0
139146,59.0,14,1,,0,,2.0,mastercard,87.0,0
139150,34.0,14,1,,0,,1.0,mastercard,87.0,0
139171,1242.47,14,1,1.0,0,,1.0,visa,87.0,0
139192,200.0,14,1,,0,,2.0,visa,87.0,0
139216,60.0,14,1,,0,,3.0,visa,87.0,0
139241,50.0,14,1,,0,,1.0,visa,87.0,0
139261,100.0,14,1,,0,,4.0,mastercard,87.0,0
139269,67.95,14,1,,0,,4.0,visa,87.0,0
139282,67.95,14,1,1.0,0,,4.0,mastercard,87.0,0
139285,150.0,14,1,,0,,1.0,visa,87.0,0
139312,12.5,14,1,10.0,0,,1.0,visa,87.0,0
139329,102.0,14,1,3.0,0,,1.0,visa,87.0,0
139335,50.0,14,1,50.0,0,,6.0,mastercard,87.0,0
139370,20.0,14,1,7.0,0,,5.0,mastercard,87.0,0
139395,75.0,14,1,,0,,1.0,visa,87.0,0
139395,40.0,14,1,,0,,2.0,visa,87.0,0
139410,100.0,14,1,,0,,1.0,mastercard,87.0,0
139412,150.0,14,1,,0,,2.0,american express,87.0,0
139418,50.0,14,1,,0,,1.0,mastercard,87.0,0
139430,300.0,14,1,,0,,91.0,visa,87.0,0
139441,40.5,14,1,6.0,0,,1.0,visa,87.0,0
139442,12.5,14,1,,0,,1.0,visa,87.0,0
139444,30.0,14,1,,0,,1.0,visa,87.0,0
139445,117.0,14,1,228.0,0,,2.0,visa,87.0,0
139460,150.0,14,1,,0,,7.0,visa,87.0,0
139460,49.0,14,1,21.0,0,,2.0,visa,87.0,0
139463,107.95,14,1,3.0,0,,3.0,mastercard,87.0,0
139482,67.95,14,1,5.0,0,,3.0,visa,87.0,0
139485,100.0,14,1,,0,,1.0,american express,87.0,0
139520,100.0,14,1,,0,,1.0,visa,87.0,0
139536,67.95,14,1,5.0,0,,1.0,mastercard,87.0,0
139550,117.0,14,1,2.0,0,,3.0,visa,87.0,0
139553,99.95,14,1,9.0,0,,11.0,visa,87.0,0
139560,130.5,14,1,5.0,0,,2.0,mastercard,87.0,0
139566,311.95,14,1,10.0,0,,1.0,visa,87.0,0
139588,26.5,14,1,4.0,0,,2.0,mastercard,87.0,0
139627,25.95,14,1,7.0,0,,5.0,mastercard,87.0,0
139646,100.0,14,1,,0,,2.0,visa,87.0,0
139655,108.95,14,1,,0,,2.0,visa,87.0,0
139657,227.82,14,1,441.0,0,,5.0,mastercard,87.0,0
139671,150.0,14,1,,0,,2.0,visa,87.0,0
139675,112.99,14,1,54.0,0,,1.0,mastercard,87.0,0
139680,87.0,14,1,,0,,1.0,mastercard,87.0,0
139692,57.95,14,1,,0,,4.0,mastercard,87.0,0
139696,664.0,14,1,1.0,0,,10.0,visa,87.0,0
139696,35.95,14,1,,0,,1.0,mastercard,87.0,0
139719,39.0,14,1,35.0,0,,1.0,mastercard,87.0,0
139728,92.0,14,1,29.0,0,,2.0,visa,87.0,0
139728,108.37,14,1,5.0,0,,7.0,visa,87.0,0
139731,50.0,14,1,,0,,734.0,discover,87.0,0
139731,50.0,14,1,316.0,0,,1.0,visa,87.0,0
139733,37.0,14,1,8.0,0,,1.0,visa,87.0,0
139793,100.0,14,1,,0,,2.0,mastercard,87.0,0
139837,150.0,14,1,,0,,7.0,visa,87.0,0
139837,50.0,14,1,,0,,1.0,visa,87.0,0
139839,70.0,14,1,,0,,3.0,mastercard,87.0,0
139844,117.0,14,1,,0,,1.0,visa,87.0,0
139846,50.0,14,1,,0,,6.0,visa,87.0,0
139868,49.0,14,1,28.0,0,,8.0,mastercard,87.0,0
139872,878.37,14,1,,0,,1.0,mastercard,87.0,0
139903,200.0,14,1,,0,,2.0,mastercard,87.0,0
139916,245.0,14,1,,0,,10.0,visa,87.0,0
139930,226.0,14,1,392.0,0,,3.0,visa,87.0,0
139930,107.95,14,1,55.0,0,,2.0,mastercard,87.0,0
139942,40.0,14,1,,0,,2.0,visa,87.0,0
139944,39.0,14,1,35.0,0,,1.0,mastercard,87.0,0
139963,60.0,14,1,,0,,1.0,visa,87.0,0
139965,65.0,14,1,,0,,2.0,visa,87.0,0
139986,100.0,14,1,,0,,1.0,visa,87.0,0
139990,47.95,14,1,,0,,8.0,mastercard,87.0,0
140002,40.0,14,1,,0,,4.0,visa,87.0,0
140004,10.0,14,1,,0,,3.0,mastercard,87.0,0
140041,20.95,14,1,1.0,0,,5.0,visa,87.0,0
140047,125.0,14,1,,0,,97.0,visa,87.0,0
140066,75.0,14,1,,0,,1.0,visa,87.0,0
140072,49.0,14,1,21.0,0,,4.0,mastercard,87.0,0
140080,226.0,14,1,,0,,7.0,visa,87.0,0
140087,50.0,14,1,,0,,1.0,mastercard,87.0,0
140125,100.0,14,1,,0,,1.0,mastercard,87.0,0
140138,75.0,14,1,,0,,97.0,visa,87.0,0
140155,75.0,14,1,,0,,2.0,visa,87.0,0
140155,500.0,14,1,,0,,6.0,mastercard,87.0,0
140165,213.0,14,1,,0,,1.0,visa,87.0,0
140217,360.0,14,1,,0,,2.0,visa,87.0,0
140221,77.0,14,1,54.0,0,,1.0,visa,87.0,0
140243,200.0,14,1,,0,,1.0,american express,87.0,0
140248,100.0,14,1,,0,,1.0,mastercard,87.0,0
140263,200.0,14,1,,0,,1.0,visa,87.0,0
140302,25.0,14,1,,0,,10.0,mastercard,87.0,0
140306,30.95,14,1,388.0,0,,3.0,mastercard,87.0,0
140313,120.0,14,1,,0,,102.0,visa,87.0,0
140316,30.089,14,0,,0,325.0,1.0,visa,,0
140319,117.0,14,1,5.0,0,,3.0,visa,87.0,0
140326,190.0,14,1,,0,,1.0,visa,87.0,0
140327,150.0,14,1,,0,,1.0,visa,87.0,0
140334,426.84,14,1,2.0,0,,1.0,visa,87.0,0
140382,150.0,14,1,,0,,2.0,visa,87.0,0
140406,20.0,15,1,,0,,1.0,mastercard,87.0,0
140415,50.0,15,1,,0,,1.0,visa,87.0,0
140427,200.0,15,1,,0,,1.0,american express,87.0,0
140428,50.0,15,1,,0,,2.0,visa,87.0,0
140429,36.95,15,1,,0,,2.0,visa,87.0,0
140432,20.95,15,1,4.0,0,,2.0,visa,87.0,0
140434,100.0,15,1,,0,,127.0,mastercard,87.0,0
140438,400.0,15,1,,0,,1.0,visa,87.0,0
140443,206.0,15,1,,0,,1.0,mastercard,87.0,0
140444,150.0,15,1,,0,,2.0,visa,87.0,0
140458,25.0,15,1,,0,,1.0,visa,87.0,0
140467,60.0,15,1,,0,,1.0,mastercard,87.0,0
140548,117.0,15,1,8.0,0,,1.0,mastercard,87.0,0
140551,50.0,15,1,,0,,1.0,visa,87.0,0
140554,335.0,15,1,4474.0,0,,2.0,visa,87.0,0
140573,265.0,15,1,84.0,0,,1.0,visa,87.0,0
140573,397.5,15,1,,0,,7.0,visa,87.0,0
140583,209.95,15,1,132.0,0,,141.0,visa,87.0,0
140626,425.0,15,1,4.0,0,,5.0,visa,87.0,0
140642,150.0,15,1,,0,,1.0,visa,87.0,0
140646,57.95,15,1,36.0,0,,2.0,visa,87.0,0
140649,30.0,15,1,,0,,205.0,visa,87.0,0
140659,49.0,15,1,,0,,3.0,visa,87.0,0
140671,82.95,15,1,,0,,4.0,visa,87.0,0
140675,20.0,15,1,,0,,1.0,visa,87.0,0
140676,25.95,15,1,12.0,0,,1.0,visa,87.0,0
140690,150.0,15,1,,0,,3.0,visa,87.0,0
140694,100.0,15,1,,0,,3.0,visa,87.0,0
140695,52.95,15,1,,0,,1.0,mastercard,87.0,0
140702,77.0,15,1,,0,,1.0,mastercard,87.0,0
140722,15.0,15,1,,0,,1.0,mastercard,87.0,0
140732,40.0,15,1,11.0,0,,1.0,visa,87.0,0
140743,107.95,15,1,132.0,0,,141.0,visa,87.0,0
140750,103.97,15,1,,0,,3.0,mastercard,87.0,0
140754,1024.04,15,1,,0,,1.0,visa,87.0,0
140758,49.0,15,1,1.0,0,,3.0,mastercard,87.0,0
140759,25.95,15,1,,0,,3.0,mastercard,87.0,0
140763,59.0,15,1,2.0,0,,2.0,mastercard,87.0,0
140776,25.0,15,1,,0,,1.0,visa,87.0,0
140780,117.0,15,1,12.0,0,,14.0,mastercard,87.0,0
140790,57.95,15,1,1.0,0,,2.0,mastercard,87.0,0
140790,50.0,15,1,,0,,1.0,visa,87.0,0
140793,29.0,15,1,4.0,0,,1.0,visa,87.0,0
140809,200.0,15,1,,0,,1.0,mastercard,87.0,0
140820,30.95,15,1,11.0,0,,5.0,visa,87.0,0
140824,160.65,15,1,3.0,0,,5.0,mastercard,87.0,0
140824,25.0,15,1,,0,,1.0,visa,87.0,0
140825,110.0,15,1,,0,,1.0,visa,87.0,0
140830,50.0,15,1,,0,,1.0,mastercard,87.0,0
140841,125.0,15,1,,0,,1.0,mastercard,87.0,0
140849,60.0,15,1,,0,,2.0,mastercard,87.0,0
140858,100.0,15,1,,0,,2.0,mastercard,87.0,0
140869,59.0,15,1,9.0,0,,2.0,visa,87.0,0
140871,72.95,15,1,,0,,8.0,visa,87.0,0
140876,470.95,15,1,4.0,0,,1.0,mastercard,87.0,0
140879,97.0,15,1,21.0,0,,1.0,visa,87.0,0
140887,25.0,15,1,,0,,3.0,visa,87.0,0
140889,505.95,15,1,,0,,1.0,visa,87.0,0
140924,17.764,15,0,,0,0.0,1.0,visa,,0
140954,450.0,15,1,,0,,4.0,mastercard,87.0,0
140974,49.0,15,1,13.0,0,,7.0,mastercard,87.0,0
140979,27.31,15,0,,0,7.0,1.0,visa,,0
140992,100.0,15,1,,0,,3.0,mastercard,87.0,0
140998,100.0,15,1,,0,,3.0,visa,87.0,0
141002,50.0,15,1,,0,,154.0,visa,87.0,0
141033,226.0,15,1,966.0,0,,1.0,visa,87.0,0
141045,107.95,15,1,15.0,0,,4.0,mastercard,87.0,0
141046,57.95,15,1,64.0,0,,3.0,visa,87.0,0
141056,311.95,15,1,31.0,0,,15.0,visa,87.0,0
141074,171.0,15,1,4.0,0,,1.0,visa,87.0,0
141079,72.95,15,1,1502.0,0,,8.0,visa,87.0,0
141083,60.0,15,1,,0,,2.0,visa,87.0,0
141089,77.95,15,1,0.0,0,,5.0,visa,87.0,0
141103,15.226,15,0,,0,893.0,2.0,visa,,0
141106,900.0,15,1,,0,,1.0,visa,87.0,1
141126,50.0,15,1,,0,,1.0,visa,87.0,0
141128,180.0,15,1,,0,,14.0,mastercard,87.0,0
141129,62.95,15,1,10.0,0,,1.0,mastercard,87.0,0
141134,2269.0,15,1,10.0,0,,1.0,visa,87.0,0
141163,59.0,15,1,13.0,0,,14.0,visa,87.0,0
141164,34.0,15,1,10.0,0,,3.0,visa,87.0,0
141208,451.21,15,1,13.0,0,,4.0,visa,87.0,0
141224,75.0,15,1,11.0,0,,2.0,mastercard,87.0,0
141228,200.0,15,1,,0,,1.0,visa,87.0,0
141238,117.0,15,1,7.0,0,,1.0,visa,87.0,0
141242,100.0,15,1,,0,,10.0,visa,87.0,0
141261,100.0,15,1,,0,,1.0,visa,87.0,0
141266,44.5,15,1,3.0,0,,2.0,visa,87.0,0
141275,100.0,15,1,,0,,1.0,mastercard,87.0,0
141284,120.0,15,1,,0,,3.0,visa,87.0,0
141286,107.95,15,1,3.0,0,,1.0,visa,87.0,0
141287,27.31,15,0,,0,7.0,1.0,visa,,0
141292,65.0,15,1,703.0,0,,1.0,visa,87.0,0
141303,107.95,15,1,,0,,1.0,visa,87.0,0
141307,72.95,15,1,1502.0,0,,8.0,visa,87.0,0
141315,524.0,15,1,439.0,0,,1.0,visa,87.0,0
141320,75.102,15,0,,0,,1.0,mastercard,,0
141332,44.0,15,1,777.0,0,,2.0,visa,87.0,0
141339,129.97,15,1,,0,,1.0,visa,87.0,0
141344,27.31,15,0,,0,7.0,1.0,visa,,0
141351,994.0,15,1,2.0,0,,1.0,visa,87.0,1
141378,100.0,15,1,,0,,3.0,visa,87.0,0
141389,250.0,15,1,,0,,1.0,visa,87.0,0
141396,352.09,15,1,1.0,0,,1.0,visa,87.0,0
141402,185.95,15,1,64.0,0,,3.0,visa,87.0,0
141439,150.0,15,1,,0,,2.0,mastercard,87.0,0
141440,30.0,15,1,5.0,0,,5.0,visa,87.0,0
141447,30.0,15,1,,0,,1.0,visa,87.0,0
141458,40.24,15,0,,0,7.0,24.0,visa,,1
141458,51.5,15,1,12.0,0,,1.0,visa,87.0,0
141465,113.952,15,0,,0,369.0,1.0,visa,,0
141468,50.0,15,1,,0,,1.0,visa,87.0,0
141475,151.0,15,1,35.0,0,,1.0,mastercard,87.0,0
141477,40.0,15,1,,0,,1.0,visa,87.0,0
141480,100.0,15,1,,0,,1.0,visa,87.0,0
141482,59.0,15,1,,0,,1.0,mastercard,87.0,1
141486,34.95,15,1,16.0,0,,1.0,visa,87.0,0
141493,30.95,15,1,,0,,86.0,visa,87.0,0
141495,49.0,15,1,,0,,1.0,mastercard,87.0,0
141499,100.0,15,1,,0,,1.0,mastercard,87.0,0
141524,115.0,15,1,,0,,6.0,visa,87.0,0
141531,85.95,15,1,19.0,0,,3.0,visa,87.0,0
141538,107.95,15,1,6.0,0,,4.0,visa,87.0,0
141552,353.0,15,1,,0,,1.0,visa,87.0,0
141574,40.0,15,1,,0,,2.0,mastercard,87.0,0
141584,300.0,15,1,,0,,1.0,visa,87.0,0
141611,335.0,15,1,0.0,0,,4.0,visa,87.0,0
141612,60.0,15,1,,0,,130.0,visa,87.0,0
141613,160.95,15,1,4.0,0,,2.0,visa,87.0,0
141614,874.95,15,1,6.0,0,,1.0,mastercard,87.0,0
141616,117.0,15,1,0.0,0,,1.0,mastercard,87.0,0
141619,100.0,15,1,1.0,0,,3.0,mastercard,87.0,0
141638,125.0,15,1,,0,,2.0,mastercard,87.0,0
141690,209.95,15,1,29.0,0,,14.0,mastercard,87.0,0
141701,250.0,15,1,,0,,1.0,visa,87.0,0
141704,27.31,15,0,,0,7.0,1.0,visa,,0
141708,20.0,15,1,,0,,2.0,visa,87.0,0
141710,250.0,15,1,,0,,1.0,visa,87.0,0
141710,63.95,15,1,2.0,0,,122.0,mastercard,87.0,0
141719,59.0,15,1,0.0,0,,2.0,visa,87.0,0
141721,30.0,15,1,1.0,0,,5.0,visa,87.0,0
141738,68.44,15,1,63.0,0,,4.0,visa,87.0,0
141776,57.95,15,1,79.0,0,,2.0,mastercard,87.0,0
141778,26.25,15,1,4.0,0,,1.0,mastercard,87.0,0
141811,40.0,15,1,,0,,2.0,visa,87.0,0
141841,147.26,15,1,69.0,0,,2.0,visa,87.0,0
141858,40.0,15,1,,0,,2.0,mastercard,87.0,0
141864,127.365,15,0,,0,15.0,1.0,mastercard,,0
141876,70.0,15,1,,0,,1.0,mastercard,87.0,0
141896,100.0,15,1,,0,,5.0,mastercard,87.0,1
141901,210.0,15,1,9.0,0,,1.0,visa,87.0,0
141905,146.0,15,1,21.0,0,,2.0,mastercard,87.0,0
141914,15.0,15,1,3.0,0,,1.0,mastercard,87.0,0
141923,39.0,15,1,15.0,0,,4.0,visa,87.0,0
141952,42.95,15,1,,0,,89.0,visa,87.0,0
141976,77.0,15,1,1.0,0,,1.0,mastercard,87.0,0
141994,146.0,15,1,11.0,0,,3.0,mastercard,87.0,0
142003,85.0,15,1,,0,,6.0,mastercard,87.0,0
142007,300.0,15,1,,0,,1.0,visa,87.0,0
142016,159.95,15,1,1821.0,0,,5.0,mastercard,87.0,0
142017,107.95,15,1,9.0,0,,163.0,mastercard,87.0,0
142018,24.5,15,1,24.0,0,,1.0,mastercard,87.0,0
142022,40.0,15,1,,0,,1.0,mastercard,87.0,0
142051,20.18,15,0,,0,,1.0,mastercard,,0
142090,75.0,15,1,,0,,205.0,mastercard,87.0,0
142105,335.0,15,1,4.0,0,,1.0,mastercard,87.0,0
142105,1679.95,15,1,17.0,0,,1.0,visa,87.0,0
142107,100.0,15,1,,0,,1.0,visa,87.0,1
142111,25.95,15,1,,0,,1.0,visa,87.0,0
142141,50.0,15,1,,0,,1.0,mastercard,87.0,0
142145,59.0,15,1,1.0,0,,1.0,mastercard,87.0,0
142155,35.95,15,1,,0,,1.0,visa,87.0,0
142172,15.95,15,1,50.0,0,,5.0,visa,87.0,0
142206,107.95,15,1,0.0,0,,1.0,visa,87.0,0
142215,5.0,15,1,,0,23.0,10.0,visa,87.0,0
142236,50.0,15,1,,0,,1.0,visa,87.0,0
142252,85.192,15,0,,0,,2.0,visa,,0
142265,34.0,15,1,7.0,0,,1.0,visa,87.0,0
142285,50.0,15,1,,0,,1.0,visa,87.0,0
142297,58.95,15,1,4.0,0,,1.0,visa,87.0,0
142312,107.95,15,1,18.0,0,,134.0,visa,87.0,0
142347,45.95,15,1,,0,,7.0,visa,87.0,0
142349,26.95,15,1,,0,,3.0,visa,87.0,0
142349,209.95,15,1,0.0,0,,1.0,visa,87.0,0
142351,117.0,15,1,0.0,0,,5.0,visa,87.0,0
142354,300.0,15,1,,0,,1.0,visa,87.0,0
142359,67.95,15,1,,0,,4.0,visa,87.0,0
142365,213.0,15,1,4.0,0,,5.0,mastercard,87.0,0
142370,117.0,15,1,5.0,0,,1.0,visa,87.0,1
142408,47.95,15,1,,0,,4.0,mastercard,87.0,0
142409,100.0,15,1,,0,,3.0,mastercard,87.0,0
142419,311.86,15,1,,0,,7.0,visa,87.0,0
142436,50.0,15,1,,0,,2.0,mastercard,87.0,0
142454,70.0,15,1,,0,,1.0,mastercard,87.0,0
142464,49.0,15,1,16.0,0,,1.0,visa,87.0,0
142468,716.32,15,1,21.0,0,,1.0,visa,87.0,0
142470,129.95,15,1,37.0,0,,165.0,visa,87.0,0
142475,53.97,15,1,10.0,0,,132.0,visa,87.0,0
142479,293.95,15,1,,0,,4.0,mastercard,87.0,0
142505,100.0,15,1,,0,,1.0,visa,87.0,0
142530,200.0,15,1,,0,,1.0,visa,87.0,0
142549,171.0,15,1,1376.0,0,,1.0,mastercard,87.0,0
142567,30.0,15,1,,0,,3.0,mastercard,87.0,0
142572,25.0,15,1,,0,,1.0,visa,87.0,0
142583,1729.95,15,1,9.0,0,,2.0,mastercard,87.0,0
142588,100.0,15,1,,0,,1.0,mastercard,87.0,0
142626,50.0,15,1,,0,2.0,1.0,visa,87.0,0
142645,300.0,15,1,,0,,1.0,visa,87.0,0
142668,22.97,15,1,11.0,0,,1.0,mastercard,87.0,0
142674,20.0,15,1,,0,,1.0,visa,87.0,0
142680,100.0,15,1,,0,219.0,2.0,visa,87.0,0
142685,226.0,15,1,1627.0,0,,1.0,visa,87.0,0
142695,117.0,15,1,46.0,0,,1.0,visa,87.0,0
142735,108.95,15,1,761.0,0,,2.0,mastercard,87.0,0
142742,100.0,15,1,,0,,1.0,visa,87.0,0
142743,52.5,15,1,12.0,0,,1.0,mastercard,87.0,0
142746,35.95,15,1,,0,,115.0,mastercard,87.0,0
142772,31.418,15,0,,0,,2.0,visa,,0
142777,103.97,15,1,,0,,2.0,visa,87.0,0
142779,226.0,15,1,0.0,0,,2.0,visa,87.0,0
142789,40.0,15,1,,0,,1.0,visa,87.0,0
142805,59.0,15,1,2.0,0,,1.0,mastercard,87.0,0
142806,53.97,15,1,,0,,18.0,mastercard,87.0,0
142814,159.95,15,1,,0,,1.0,visa,87.0,0
142819,250.0,15,1,,0,,8.0,mastercard,87.0,1
142834,186.0,15,1,,0,,2.0,visa,87.0,0
142869,160.95,15,1,,0,,121.0,visa,87.0,0
142874,30.0,15,1,,0,,4.0,visa,87.0,0
142874,31.95,15,1,,0,,2.0,visa,87.0,0
142876,20.0,15,1,,0,,7.0,visa,87.0,0
142880,40.0,15,1,,0,,3.0,visa,87.0,0
142885,423.89,15,1,,0,,1.0,visa,87.0,0
142889,64.649,15,0,,0,7.0,4.0,mastercard,,0
142921,34.0,15,1,580.0,0,,1.0,visa,87.0,0
142964,40.0,15,1,,0,,6.0,visa,87.0,0
142984,20.0,15,1,,0,1.0,1.0,american express,87.0,0
142989,75.0,15,1,,0,,1.0,visa,87.0,0
143006,25.0,15,1,,0,,1.0,visa,87.0,0
143009,49.0,15,1,,0,,1.0,visa,87.0,0
143034,171.0,15,1,0.0,0,,1.0,mastercard,87.0,0
143041,425.95,15,1,27.0,0,,1.0,visa,87.0,0
143049,49.95,15,1,181.0,0,,2.0,visa,87.0,0
143050,154.97,15,1,2.0,0,,1.0,visa,87.0,0
143068,30.0,15,1,,0,,115.0,mastercard,87.0,0
143069,50.0,15,1,,0,,6.0,mastercard,87.0,0
143072,173.0,15,1,,0,,1.0,visa,87.0,0
143078,54.0,15,1,180.0,0,,3.0,visa,87.0,0
143099,317.5,15,1,42.0,0,,1.0,visa,87.0,0
143119,100.0,15,1,,0,,11.0,visa,87.0,0
143152,26.403,15,0,,0,,1.0,visa,,0
143157,160.0,15,1,,0,,2.0,visa,87.0,0
143158,100.0,15,1,,0,,1.0,mastercard,87.0,0
143160,49.0,15,1,830.0,0,,6.0,visa,87.0,0
143169,311.95,15,1,0.0,0,,2.0,mastercard,87.0,0
143206,57.95,15,1,1.0,0,,2.0,mastercard,87.0,0
143226,60.0,15,1,,0,,2.0,visa,87.0,0
143239,35.95,15,1,,0,,1.0,visa,87.0,0
143243,35.95,15,1,24.0,0,,1.0,visa,87.0,0
143246,140.95,15,1,1.0,0,,2.0,mastercard,87.0,0
143281,100.0,15,1,,0,,1.0,visa,87.0,0
143289,97.95,15,1,,0,,5.0,visa,87.0,0
143293,141.0,15,1,91.0,0,,2.0,mastercard,87.0,0
143298,105.95,15,1,5.0,0,,4.0,mastercard,87.0,0
143299,59.0,15,1,3.0,0,,108.0,mastercard,87.0,0
143319,20.0,15,1,,0,,1.0,mastercard,87.0,0
143331,34.0,15,1,67.0,0,,2.0,mastercard,87.0,0
143352,30.0,15,1,,0,,115.0,mastercard,87.0,0
143368,327.89,15,1,,0,,1.0,visa,87.0,0
143377,139.95,15,1,,0,,7.0,mastercard,87.0,0
143399,500.0,15,1,,0,,1.0,mastercard,87.0,0
143400,80.117,15,0,,0,,1.0,visa,,0
143406,117.0,15,1,,0,,2.0,visa,87.0,0
143408,50.0,15,1,,0,,1.0,mastercard,87.0,0
143423,311.95,15,1,3.0,0,,1.0,visa,87.0,0
143468,39.0,15,1,,0,,1.0,visa,87.0,0
143488,48.95,15,1,,0,,1.0,visa,87.0,0
143497,43.382,15,0,,0,,1.0,visa,,0
143512,50.0,15,1,,0,,1.0,visa,87.0,0
143520,864.95,15,1,,0,,2.0,visa,87.0,0
143536,87.0,15,1,1.0,0,,1.0,mastercard,87.0,0
143543,60.0,15,1,21.0,0,,7.0,mastercard,87.0,0
143559,59.0,15,1,26.0,0,,2.0,visa,87.0,0
143564,16.918,15,0,,0,,1.0,visa,,0
143593,644.95,15,1,22.0,0,,1.0,mastercard,87.0,0
143599,26.403,15,0,,0,,1.0,visa,,0
143611,34.5,15,1,276.0,0,,1.0,visa,87.0,0
143632,40.0,15,1,,0,,1.0,visa,87.0,0
143633,25.95,15,1,87.0,0,,4.0,visa,87.0,0
143642,107.95,15,1,1287.0,0,,1.0,visa,87.0,0
143664,200.0,15,1,1.0,0,,4.0,mastercard,87.0,0
143673,35.95,15,1,0.0,0,,7.0,visa,87.0,0
143685,57.95,15,1,9.0,0,,5.0,visa,87.0,0
143690,57.95,15,1,,0,,1.0,mastercard,87.0,0
143697,400.0,15,1,,0,,6.0,mastercard,87.0,0
143700,186.0,15,1,10.0,0,,2.0,mastercard,87.0,0
143703,146.0,15,1,3.0,0,,1.0,mastercard,87.0,0
143707,204.5,15,1,,0,,1.0,visa,87.0,0
143715,5.0,15,1,,0,2527.0,5.0,visa,87.0,0
143728,57.0,15,1,8.0,0,,2.0,visa,87.0,0
143729,700.0,15,1,,0,,2.0,visa,87.0,0
143738,113.0,15,1,6.0,0,,1.0,visa,87.0,0
143744,39.0,15,1,,0,,4.0,visa,87.0,0
143745,30.0,15,1,,0,,1.0,mastercard,87.0,0
143749,57.95,15,1,,0,,1.0,mastercard,87.0,0
143755,54.0,15,1,23.0,0,,1.0,mastercard,87.0,0
143799,24.5,15,1,3.0,0,,1.0,visa,87.0,0
143815,63.97,15,1,21.0,0,,7.0,mastercard,87.0,0
143825,117.0,15,1,,0,,1.0,mastercard,87.0,0
143829,45.95,15,1,,0,,7.0,visa,87.0,0
143831,120.0,15,1,,0,,1.0,visa,87.0,0
143842,110.0,15,1,,0,,2.0,visa,87.0,0
143846,335.0,15,1,,0,,1.0,visa,87.0,0
143859,161.0,15,1,,0,,1.0,visa,87.0,0
143876,117.0,15,1,2246.0,0,,3.0,visa,87.0,0
143885,75.0,15,1,,0,,1.0,visa,87.0,0
143890,54.5,15,1,10.0,0,,1.0,visa,87.0,0
143891,200.0,15,1,,0,,4.0,mastercard,87.0,0
143898,75.0,15,1,,0,,1.0,visa,87.0,0
143901,107.95,15,1,8.0,0,,28.0,visa,87.0,0
143913,250.0,15,1,,0,,2.0,visa,87.0,0
143918,107.95,15,1,3.0,0,,3.0,visa,87.0,0
143923,120.0,15,1,,0,,2.0,visa,87.0,0
143928,235.0,15,1,,0,,2.0,visa,87.0,0
143933,25.95,15,1,0.0,0,,4.0,visa,87.0,0
143953,50.0,15,1,,0,,4.0,visa,87.0,0
143959,20.0,15,1,,0,,1.0,mastercard,87.0,0
143977,80.0,15,1,7.0,0,,2.0,visa,87.0,0
143987,209.95,15,1,5.0,0,,4.0,visa,87.0,0
144008,30.95,16,1,8.0,0,,4.0,mastercard,87.0,0
144008,107.95,16,1,10.0,0,,3.0,visa,87.0,0
144020,141.0,16,1,17.0,0,,1.0,visa,87.0,0
144039,209.95,16,1,5.0,0,,4.0,visa,87.0,0
144064,75.0,16,1,,0,,1.0,visa,87.0,0
144077,29.969,16,0,,0,,1.0,visa,,0
144088,50.0,16,1,,0,,2.0,visa,87.0,0
144091,40.0,16,1,,0,,1.0,mastercard,87.0,0
144099,59.0,16,1,,0,,10.0,visa,87.0,0
144106,59.0,16,1,1.0,0,,2.0,mastercard,87.0,0
144116,60.0,16,1,,0,,3.0,visa,87.0,0
144116,57.95,16,1,16.0,0,,106.0,mastercard,87.0,0
144119,57.95,16,1,6.0,0,,2.0,visa,87.0,0
144120,57.95,16,1,,0,,1.0,visa,87.0,0
144123,311.95,16,1,6.0,0,,6.0,mastercard,87.0,0
144132,200.0,16,1,,0,,2.0,visa,87.0,0
144172,482.67,16,1,,0,,1.0,mastercard,87.0,0
144185,117.0,16,1,0.0,0,,2.0,mastercard,87.0,0
144186,117.0,16,1,,0,,1.0,visa,87.0,0
144188,117.0,16,1,3.0,0,,2.0,mastercard,87.0,0
144191,67.95,16,1,11.0,0,,3.0,mastercard,87.0,0
144192,117.0,16,1,0.0,0,,1.0,mastercard,87.0,0
144202,210.95,16,1,4.0,0,,4.0,mastercard,87.0,0
144220,592.5,16,1,,0,,1.0,visa,87.0,0
144223,300.0,16,1,,0,,1.0,mastercard,87.0,0
144229,131.0,16,1,7.0,0,,5.0,visa,87.0,0
144232,57.95,16,1,,0,,1.0,visa,87.0,0
144236,100.0,16,1,,0,,135.0,visa,87.0,0
144246,63.97,16,1,,0,,1.0,visa,87.0,0
144254,50.0,16,1,,0,,1.0,visa,87.0,0
144260,108.5,16,1,,0,,1.0,mastercard,87.0,0
144289,29.5,16,1,,0,,1.0,mastercard,87.0,0
144299,120.0,16,1,,0,,3.0,mastercard,87.0,0
144301,77.0,16,1,,0,,2.0,mastercard,87.0,0
144307,107.95,16,1,60.0,0,,120.0,mastercard,87.0,0
144318,60.0,16,1,,0,,2.0,mastercard,87.0,0
144320,335.0,16,1,63.0,0,,1.0,visa,87.0,0
144320,87.95,16,1,,0,,1.0,visa,87.0,0
144322,49.0,16,1,,0,,1.0,mastercard,87.0,0
144332,117.0,16,1,6.0,0,,11.0,visa,87.0,0
144345,50.0,16,1,,0,,1.0,visa,87.0,0
144353,77.0,16,1,,0,,1.0,visa,87.0,0
144355,29.0,16,1,,0,,1.0,mastercard,87.0,0
144362,100.0,16,1,,0,,1.0,visa,87.0,0
144390,1129.95,16,1,,0,,2.0,mastercard,87.0,0
144405,100.0,16,1,,0,,4.0,visa,87.0,0
144415,1427.29,16,1,,0,,1.0,visa,87.0,0
144418,92.0,16,1,7.0,0,,1.0,visa,87.0,0
144425,47.95,16,1,,0,,9.0,visa,87.0,0
144425,107.95,16,1,,0,,2.0,visa,87.0,0
144431,42.95,16,1,,0,,16.0,visa,87.0,0
144438,50.0,16,1,,0,,1.0,visa,87.0,0
144441,482.67,16,1,,0,,2.0,visa,87.0,0
144445,136.99,16,1,,0,,1.0,visa,87.0,0
144448,117.0,16,1,627.0,0,,3.0,visa,87.0,0
144457,1100.2,16,1,,0,,1.0,visa,87.0,0
144462,57.95,16,1,16.0,0,,8.0,mastercard,87.0,0
144474,50.0,16,1,6.0,0,,2.0,mastercard,87.0,0
144490,268.02,16,1,719.0,0,,1.0,visa,87.0,0
144499,55.45,16,1,72.0,0,,5.0,visa,87.0,0
144509,200.0,16,1,,0,,1.0,visa,87.0,0
144522,129.97,16,1,19.0,0,,108.0,visa,87.0,0
144525,944.0,16,1,4.0,0,,1.0,visa,87.0,0
144530,58.95,16,1,,0,,5.0,mastercard,87.0,0
144539,97.0,16,1,208.0,0,,2.0,mastercard,87.0,0
144595,59.0,16,1,,0,,1.0,visa,87.0,0
144599,160.0,16,1,,0,,134.0,mastercard,87.0,0
144641,40.0,16,1,,0,,1.0,visa,87.0,0
144642,280.0,16,1,1.0,0,,4.0,visa,87.0,0
144655,107.95,16,1,22.0,0,,2.0,visa,87.0,0
144660,100.0,16,1,,0,,1.0,mastercard,87.0,0
144662,100.0,16,1,,0,,735.0,visa,87.0,0
144663,150.0,16,1,,0,,1.0,visa,87.0,0
144665,68.5,16,1,,0,,1.0,mastercard,87.0,0
144675,20.0,16,1,,0,,1.0,visa,87.0,0
144682,59.0,16,1,,0,,2.0,mastercard,87.0,0
144687,65.0,16,1,3.0,0,,7.0,mastercard,87.0,0
144692,92.0,16,1,12.0,0,,2.0,mastercard,87.0,0
144700,25.0,16,1,,0,,3.0,visa,87.0,0
144724,40.0,16,1,,0,,4.0,visa,87.0,0
144731,25.0,16,1,,0,,1.0,visa,87.0,0
144737,209.95,16,1,5.0,0,,7.0,visa,87.0,0
144759,146.0,16,1,0.0,0,,3.0,mastercard,87.0,1
144793,250.0,16,1,,0,30.0,1.0,visa,87.0,0
144794,213.0,16,1,1009.0,0,,1.0,mastercard,87.0,0
144821,87.95,16,1,10.0,0,,2.0,visa,87.0,0
144824,103.97,16,1,,0,,40.0,mastercard,87.0,0
144835,39.0,16,1,,0,,2.0,mastercard,87.0,0
144842,108.5,16,1,,0,,1.0,visa,87.0,0
144843,82.95,16,1,4.0,0,,3.0,mastercard,87.0,0
144844,150.0,16,1,,0,,1.0,visa,87.0,0
144853,100.0,16,1,,0,,140.0,mastercard,87.0,0
144865,68.5,16,1,,0,,3.0,visa,87.0,0
144871,117.0,16,1,14.0,0,,1.0,visa,87.0,0
144913,34.0,16,1,0.0,0,,1.0,mastercard,87.0,0
144917,40.0,16,1,6.0,0,,47.0,mastercard,87.0,0
144954,120.0,16,1,,0,,2.0,visa,87.0,0
144956,60.0,16,1,,0,,4.0,visa,87.0,0
144959,75.0,16,1,,0,,1.0,visa,87.0,0
144970,255.0,16,1,11.0,0,,2.0,visa,87.0,0
144974,50.0,16,1,,0,,1.0,mastercard,87.0,0
144981,335.0,16,1,,0,,1.0,mastercard,87.0,0
144991,50.0,16,1,,0,,19.0,mastercard,87.0,0
144991,100.0,16,1,10.0,0,,3.0,mastercard,87.0,0
144995,50.0,16,1,,0,,1.0,visa,87.0,0
145015,62.95,16,1,4.0,0,,1.0,visa,87.0,0
145027,47.95,16,1,2.0,0,,3.0,visa,87.0,0
145030,600.0,16,1,,0,,2.0,visa,87.0,0
145031,50.0,16,1,,0,,1.0,mastercard,87.0,0
145032,300.0,16,1,,0,,1.0,mastercard,87.0,0
145038,632.0,16,1,,0,,5.0,visa,87.0,0
145050,26.95,16,1,62.0,0,,1.0,visa,87.0,0
145056,90.0,16,1,,0,,2.0,visa,87.0,0
145058,100.0,16,1,1945.0,0,,1.0,visa,87.0,0
145062,47.0,16,1,0.0,0,,4.0,mastercard,87.0,0
145069,108.5,16,1,,0,,1.0,visa,87.0,0
145069,57.95,16,1,,0,,1.0,visa,87.0,0
145093,50.0,16,1,,0,,2.0,visa,87.0,0
145123,24.5,16,1,14.0,0,,1.0,mastercard,87.0,0
145124,25.981,16,0,,0,,1.0,visa,,0
145130,50.0,16,1,,0,,1.0,discover,87.0,0
145158,659.99,16,1,5.0,0,,1.0,mastercard,87.0,0
145179,35.0,16,1,,0,,4.0,visa,87.0,0
145183,57.95,16,1,10.0,0,,101.0,visa,87.0,0
145185,509.36,16,1,5.0,0,,1.0,visa,87.0,0
145191,50.0,16,1,478.0,0,,2.0,visa,87.0,0
145193,25.0,16,1,0.0,0,,1.0,visa,87.0,0
145198,18.005,16,0,,0,0.0,1.0,mastercard,,0
145214,50.0,16,1,76.0,0,,5.0,mastercard,87.0,0
145239,100.0,16,1,,0,,1.0,visa,87.0,0
145246,34.0,16,1,24.0,0,,2.0,mastercard,87.0,0
145269,40.0,16,1,5.0,0,,4.0,visa,87.0,0
145275,150.0,16,1,1.0,0,,3.0,visa,87.0,0
145290,30.95,16,1,3.0,0,,3.0,visa,87.0,0
145302,500.0,16,1,,0,,1.0,visa,87.0,0
145320,148.5,16,1,5.0,0,,1.0,visa,87.0,0
145322,159.95,16,1,,0,,2.0,mastercard,87.0,0
145327,226.0,16,1,468.0,0,,1.0,mastercard,87.0,1
145337,226.0,16,1,196.0,0,,3.0,mastercard,87.0,0
145380,125.0,16,1,,0,,16.0,mastercard,87.0,0
145388,44.0,16,1,0.0,0,,2.0,mastercard,87.0,0
145388,50.0,16,1,,0,,1.0,american express,87.0,0
145390,55.0,16,1,14.0,0,,1.0,mastercard,87.0,0
145396,10.936,16,0,,0,,1.0,visa,,0
145402,250.0,16,1,,0,,1.0,visa,87.0,0
145404,154.95,16,1,,0,,1.0,mastercard,87.0,0
145404,2507.95,16,1,4.0,0,,1.0,visa,87.0,0
145405,117.0,16,1,0.0,0,,3.0,mastercard,87.0,1
145406,60.0,16,1,,0,,1.0,visa,87.0,0
145412,300.0,16,1,,0,,2.0,visa,87.0,0
145418,37.0,16,1,17.0,0,,2.0,mastercard,87.0,0
145440,30.95,16,1,0.0,0,,2.0,mastercard,87.0,0
145442,100.0,16,1,,0,,205.0,mastercard,87.0,0
145445,338.61,16,1,550.0,0,,1.0,visa,87.0,0
145465,100.0,16,1,,0,4.0,1.0,visa,87.0,0
145466,40.0,16,1,7.0,0,,3.0,mastercard,87.0,0
145469,8.7,16,0,,0,,1.0,visa,,0
145479,107.95,16,1,3.0,0,,5.0,visa,87.0,0
145494,100.0,16,1,,0,,735.0,visa,87.0,0
145499,50.0,16,1,,0,,1.0,mastercard,87.0,0
145503,80.0,16,1,,0,,1.0,visa,87.0,0
145528,514.0,16,1,,0,,2.0,visa,87.0,0
145543,57.95,16,1,51.0,0,,1.0,mastercard,87.0,0
145551,47.95,16,1,2.0,0,,103.0,visa,87.0,0
145572,97.0,16,1,7.0,0,,1.0,mastercard,87.0,0
145574,100.0,16,1,,0,,11.0,visa,87.0,0
145579,100.0,16,1,,0,,1.0,visa,87.0,0
145607,250.0,16,1,,0,,1.0,visa,87.0,0
145612,100.0,16,1,,0,,1.0,visa,87.0,0
145636,335.0,16,1,,0,,1.0,visa,87.0,0
145647,300.0,16,1,,0,,2.0,visa,87.0,0
145650,29.0,16,1,8.0,0,,2.0,mastercard,87.0,0
145670,57.95,16,1,547.0,0,,3.0,visa,87.0,0
145673,88.44,16,1,,0,,4.0,visa,87.0,0
145677,200.0,16,1,,0,,1.0,visa,87.0,0
145688,46.92,16,1,,0,,2.0,visa,87.0,0
145729,117.0,16,1,,0,,1.0,mastercard,87.0,0
145731,214.65,16,1,2.0,0,,1.0,visa,87.0,0
145743,92.95,16,1,,0,,1.0,visa,87.0,0
145750,45.0,16,1,,0,,2.0,mastercard,87.0,0
145771,87.0,16,1,5.0,0,,6.0,mastercard,87.0,0
145773,150.0,16,1,,0,,3.0,visa,87.0,0
145788,152.48,16,1,2.0,0,,15.0,mastercard,87.0,0
145793,34.5,16,1,30.0,0,,1.0,mastercard,87.0,0
145800,59.0,16,1,83.0,0,,1.0,visa,87.0,0
145801,175.0,16,1,,0,,131.0,visa,87.0,0
145810,50.0,16,1,10.0,0,,2.0,visa,87.0,0
145814,100.0,16,1,,0,,1.0,mastercard,87.0,0
145829,77.0,16,1,28.0,0,,3.0,visa,87.0,0
145848,150.0,16,1,,0,,1.0,mastercard,87.0,0
145851,127.788,16,0,,0,,1.0,visa,,0
145870,117.0,16,1,6.0,0,,11.0,visa,87.0,0
145882,75.0,16,1,,0,,3.0,visa,87.0,0
145893,100.0,16,1,,0,,1.0,visa,87.0,0
145894,475.0,16,1,1.0,0,,2.0,mastercard,87.0,0
145905,72.99,16,1,13.0,0,,1.0,visa,87.0,0
145929,15.0,16,1,,0,,1.0,mastercard,87.0,0
145938,57.95,16,1,,0,,2.0,visa,87.0,0
145944,102.25,16,1,,0,,1.0,mastercard,87.0,0
145966,20.0,16,1,,0,,3.0,visa,87.0,0
145973,150.0,16,1,,0,,1.0,visa,87.0,0
145981,117.0,16,1,0.0,0,,1.0,visa,87.0,0
145984,200.0,16,1,,0,,2.0,visa,87.0,0
145998,1011.95,16,1,5.0,0,,2.0,mastercard,87.0,0
146014,428.73,16,1,,0,,1.0,visa,87.0,1
146021,90.0,16,1,,0,,5.0,visa,87.0,0
146023,107.95,16,1,,0,,4.0,mastercard,87.0,0
146031,300.0,16,1,,0,,1.0,visa,87.0,0
146040,50.0,16,1,,0,,2.0,visa,87.0,0
146041,67.95,16,1,0.0,0,,4.0,visa,87.0,0
146042,54.5,16,1,1015.0,0,,9.0,visa,87.0,0
146044,30.0,16,1,,0,,98.0,visa,87.0,0
146071,47.95,16,1,3.0,0,,6.0,visa,87.0,0
146082,500.0,16,1,,0,,1.0,visa,87.0,0
146097,100.0,16,1,,0,,1.0,visa,87.0,0
146097,187.95,16,1,,0,,96.0,visa,87.0,0
146102,159.95,16,1,,0,,1.0,mastercard,87.0,0
146104,77.95,16,1,7.0,0,,4.0,mastercard,87.0,0
146110,200.0,16,1,,0,,1.0,mastercard,87.0,0
146118,30.95,16,1,,0,,5.0,mastercard,87.0,0
146121,100.0,16,1,,0,,1.0,visa,87.0,0
146130,107.95,16,1,,0,,1.0,mastercard,87.0,0
146131,200.0,16,1,,0,,10.0,visa,87.0,0
146131,100.0,16,1,,0,,1.0,visa,87.0,0
146145,250.0,16,1,,0,,5.0,visa,87.0,0
146146,142.95,16,1,,0,,1.0,visa,87.0,0
146150,80.0,16,1,,0,,1.0,visa,87.0,0
146154,49.0,16,1,0.0,0,,1.0,mastercard,87.0,0
146163,420.0,16,1,0.0,0,,6.0,visa,87.0,0
146175,12.326,16,0,,0,,1.0,mastercard,,0
146207,59.0,16,1,,0,,1.0,visa,87.0,0
146210,100.0,16,1,,0,1528.0,3.0,visa,87.0,0
146214,107.95,16,1,5.0,0,,4.0,visa,87.0,0
146229,100.0,16,1,,0,,1.0,visa,87.0,0
146236,384.76,16,1,32.0,0,,4.0,visa,87.0,0
146257,47.95,16,1,3.0,0,,7.0,visa,87.0,0
146260,335.0,16,1,335.0,0,,3.0,visa,87.0,0
146270,25.95,16,1,5.0,0,,3.0,visa,87.0,0
146271,59.0,16,1,,0,,1.0,visa,87.0,0
146273,100.0,16,1,,0,,1.0,visa,87.0,0
146281,57.95,16,1,1.0,0,,92.0,visa,87.0,0
146282,200.0,16,1,10.0,0,,1.0,visa,87.0,0
146287,59.0,16,1,,0,,1.0,visa,87.0,0
146290,159.95,16,1,,0,,2.0,visa,87.0,0
146305,226.0,16,1,11.0,0,,3.0,mastercard,87.0,0
146316,28.76,16,0,,0,,2.0,visa,,0
146326,57.95,16,1,,0,,6.0,visa,87.0,0
146338,90.0,16,1,,0,,5.0,visa,87.0,0
146347,25.0,16,1,,0,,1.0,visa,87.0,0
146351,75.0,16,1,,0,,1.0,visa,87.0,1
146359,50.0,16,1,,0,,2.0,visa,87.0,0
146366,60.0,16,1,,0,,1.0,visa,87.0,0
146385,25.95,16,1,,0,,1.0,mastercard,87.0,0
146410,28.76,16,0,,0,,2.0,visa,,0
146437,49.0,16,1,236.0,0,,1.0,mastercard,87.0,0
146438,156.0,16,1,,0,,1.0,mastercard,87.0,0
146443,671.42,16,1,,0,,1.0,visa,87.0,0
146454,120.0,16,1,,0,,1.0,visa,87.0,0
146463,150.0,16,1,,0,,5.0,visa,87.0,0
146476,97.0,16,1,13.0,0,,1.0,visa,87.0,0
146478,460.0,16,1,,0,,1.0,visa,87.0,0
146481,10.0,16,1,,0,,1.0,mastercard,87.0,0
146501,34.0,16,1,5.0,0,,3.0,visa,87.0,0
146505,186.0,16,1,2.0,0,,2.0,mastercard,87.0,0
146511,209.95,16,1,1.0,0,,4.0,mastercard,87.0,0
146523,50.0,16,1,,0,,3.0,visa,87.0,0
146538,213.0,16,1,,0,,3.0,visa,87.0,0
146545,335.0,16,1,,0,,8.0,mastercard,87.0,0
146545,60.0,16,1,,0,,2.0,mastercard,87.0,0
146554,107.0,16,1,3.0,0,,5.0,visa,87.0,0
146558,49.0,16,1,,0,,1.0,visa,87.0,0
146566,100.0,16,1,,0,1528.0,3.0,visa,87.0,0
146570,30.0,16,1,,0,,13.0,mastercard,87.0,0
146578,24.0,16,1,24.0,0,,3.0,visa,87.0,0
146583,343.15,16,1,,0,,1.0,visa,87.0,0
146588,25.0,16,1,,0,,2.0,visa,87.0,0
146588,100.0,16,1,,0,1528.0,3.0,visa,87.0,0
146610,68.5,16,1,1.0,0,,2.0,mastercard,87.0,0
146613,100.0,16,1,,0,1528.0,3.0,visa,87.0,0
146619,77.95,16,1,1.0,0,,7.0,visa,87.0,0
146632,100.0,16,1,,0,1528.0,3.0,visa,87.0,0
146636,107.95,16,1,,0,,4.0,visa,87.0,0
146654,100.0,16,1,,0,1528.0,3.0,visa,87.0,0
146655,25.0,16,1,,0,,1.0,visa,87.0,0
146668,597.94,16,1,5.0,0,,1.0,visa,87.0,0
146677,100.0,16,1,,0,1528.0,3.0,visa,87.0,0
146680,250.0,16,1,,0,,1.0,mastercard,87.0,0
146696,100.0,16,1,,0,1528.0,3.0,visa,87.0,0
146716,117.0,16,1,9.0,0,,1.0,visa,87.0,0
146725,58.95,16,1,6.0,0,,1.0,visa,87.0,0
146731,100.0,16,1,,0,,1.0,mastercard,87.0,0
146736,40.0,16,1,,0,,2.0,mastercard,87.0,0
146742,100.0,16,1,,0,1528.0,3.0,visa,87.0,0
146747,46.342,16,0,,0,,1.0,visa,,0
146751,92.0,16,1,22.0,0,,1.0,mastercard,87.0,0
146759,433.0,16,1,2.0,0,,3.0,visa,87.0,0
146762,103.0,16,1,,0,,4.0,visa,87.0,0
146770,150.0,16,1,,0,,2.0,visa,87.0,0
146778,108.95,16,1,49.0,0,,1.0,mastercard,87.0,0
146786,100.0,16,1,,0,1528.0,3.0,visa,87.0,0
146792,50.0,16,1,2.0,0,,1.0,mastercard,87.0,0
146799,171.0,16,1,11.0,0,,3.0,visa,87.0,0
146801,25.0,16,1,,0,,1.0,visa,87.0,0
146833,264.35,16,1,,0,,2.0,mastercard,87.0,0
146838,100.0,16,1,,0,1528.0,3.0,visa,87.0,0
146845,18.0,16,1,,0,,1.0,visa,87.0,0
146859,30.95,16,1,,0,,6.0,visa,87.0,0
146875,51.357,16,0,,0,,1.0,visa,,0
146900,68.758,16,0,,0,,1.0,visa,,0
146922,87.0,16,1,2.0,0,,1.0,visa,87.0,0
146926,25.0,16,1,,0,,1.0,visa,87.0,0
146934,226.0,16,1,,0,,2.0,mastercard,87.0,0
146937,108.5,16,1,0.0,0,,1.0,mastercard,87.0,0
146960,58.95,16,1,1743.0,0,,5.0,visa,87.0,0
146961,200.0,16,1,,0,,3.0,visa,87.0,0
146965,226.0,16,1,,0,,5.0,visa,87.0,0
146967,51.357,16,0,,0,,2.0,visa,,0
146976,200.0,16,1,,0,,6.0,visa,87.0,0
146990,40.0,16,1,,0,,7.0,visa,87.0,0
146999,134.95,16,1,2.0,0,,125.0,visa,87.0,0
147016,75.0,16,1,,0,2.0,1.0,american express,87.0,0
147044,47.95,16,1,5.0,0,,4.0,visa,87.0,0
147062,200.0,16,1,,0,,3.0,mastercard,87.0,0
147091,77.0,16,1,,0,,2.0,visa,87.0,0
147095,632.0,16,1,2.0,0,,2.0,mastercard,87.0,1
147095,49.0,16,1,,0,,1.0,visa,87.0,0
147107,120.0,16,1,,0,,1.0,visa,87.0,0
147115,226.0,16,1,26.0,0,,2.0,mastercard,87.0,0
147122,59.0,16,1,136.0,0,,1.0,mastercard,87.0,0
147126,20.0,16,1,,0,,5.0,visa,87.0,0
147128,82.95,16,1,7.0,0,,4.0,visa,87.0,0
147131,100.0,16,1,,0,,1.0,mastercard,87.0,0
147132,15.0,16,1,,0,,1.0,visa,87.0,0
147138,65.0,16,1,,0,,3.0,visa,87.0,0
147141,25.0,16,1,,0,,3.0,mastercard,87.0,0
147148,16.555,16,0,,0,,1.0,visa,,0
147166,198.5,16,1,,0,,1.0,visa,87.0,0
147182,100.0,16,1,,0,,6.0,visa,87.0,0
147194,87.95,16,1,2.0,0,,6.0,visa,87.0,0
147195,226.0,16,1,,0,,2.0,mastercard,87.0,0
147196,57.95,16,1,,0,,3.0,mastercard,87.0,0
147217,14.622,16,0,,0,1.0,1.0,mastercard,,0
147223,25.0,16,1,,0,,1.0,visa,87.0,0
147224,25.95,16,1,3.0,0,,3.0,mastercard,87.0,0
147248,400.0,16,1,,0,,1.0,mastercard,87.0,0
147267,72.95,16,1,3.0,0,,2.0,visa,87.0,0
147272,209.95,16,1,7.0,0,,1.0,visa,87.0,0
147274,59.0,16,1,,0,,1.0,mastercard,87.0,0
147313,47.95,16,1,3.0,0,,7.0,visa,87.0,0
147348,49.0,16,1,,0,,1.0,mastercard,87.0,1
147348,117.0,16,1,5.0,0,,4.0,visa,87.0,0
147367,92.95,16,1,,0,,105.0,mastercard,87.0,0
147373,100.0,16,1,,0,,14.0,mastercard,87.0,0
147390,107.95,16,1,4.0,0,,1.0,visa,87.0,0
147393,53.95,16,1,,0,,142.0,mastercard,87.0,0
147405,47.95,16,1,33.0,0,,1.0,visa,87.0,0
147412,47.95,16,1,18.0,0,,1.0,visa,87.0,0
147412,55.0,16,1,,0,,1.0,visa,87.0,0
147416,315.0,16,1,,0,,1.0,visa,87.0,0
147420,49.0,16,1,3.0,0,,2.0,visa,87.0,0
147422,160.95,16,1,,0,,2.0,visa,87.0,0
147439,53.97,16,1,0.0,0,,18.0,mastercard,87.0,0
147479,317.5,16,1,,0,,1.0,mastercard,87.0,0
147494,20.0,16,1,,0,,6.0,visa,87.0,0
147518,40.0,16,1,,0,,1.0,mastercard,87.0,0
147520,60.0,16,1,,0,,2.0,visa,87.0,0
147524,75.0,16,1,,0,,42.0,visa,87.0,0
147526,175.0,16,1,,0,,3.0,visa,87.0,0
147530,150.0,16,1,0.0,0,,1.0,visa,87.0,0
147531,100.0,16,1,,0,,1.0,mastercard,87.0,0
147538,200.0,16,1,,0,,14.0,mastercard,87.0,0
147550,50.0,16,1,,0,,15.0,visa,87.0,0
147573,44.5,16,1,,0,,112.0,visa,87.0,0
147581,54.5,16,1,,0,,1.0,mastercard,87.0,0
147585,40.0,16,1,,0,,3.0,mastercard,87.0,0
147587,150.0,16,1,,0,,5.0,visa,87.0,0
147606,57.95,17,1,763.0,0,,157.0,visa,87.0,0
147612,30.0,17,1,,0,,1.0,visa,87.0,0
147621,100.0,17,1,,0,,4.0,discover,87.0,1
147626,311.95,17,1,11.0,0,,3.0,visa,87.0,0
147646,125.0,17,1,,0,,1.0,visa,87.0,0
147650,50.0,17,1,,0,,1.0,mastercard,87.0,0
147654,226.0,17,1,11.0,0,,3.0,visa,87.0,0
147661,150.0,17,1,,0,,1.0,american express,87.0,0
147668,13.534,17,0,,0,,1.0,visa,,0
147671,49.0,17,1,,0,,1.0,visa,87.0,0
147673,30.0,17,1,,0,,6.0,visa,87.0,0
147701,209.95,17,1,1.0,0,,2.0,visa,87.0,0
147702,10.0,17,1,,0,,1.0,visa,87.0,0
147706,48.95,17,1,2.0,0,,1.0,mastercard,87.0,0
147709,43.0,17,1,,0,,1.0,mastercard,87.0,0
147717,200.0,17,1,,0,,3.0,visa,87.0,0
147720,124.95,17,1,188.0,0,,1.0,visa,87.0,0
147723,400.0,17,1,,0,,6.0,mastercard,87.0,0
147747,120.0,17,1,,0,,1.0,visa,87.0,0
147748,100.0,17,1,,0,,4.0,mastercard,87.0,0
147751,10.936,17,0,,0,,1.0,mastercard,,0
147751,117.0,17,1,,0,,6.0,visa,87.0,0
147820,100.0,17,1,,0,,1.0,visa,87.0,0
147834,100.0,17,1,,0,,1.0,mastercard,87.0,0
147854,49.0,17,1,,0,,3.0,visa,87.0,0
147859,100.0,17,1,,0,,1.0,visa,87.0,0
147870,25.0,17,1,,0,,1.0,visa,87.0,0
147878,47.95,17,1,0.0,0,,1.0,visa,87.0,0
147879,125.0,17,1,,0,,1.0,american express,87.0,0
147892,386.95,17,1,6.0,0,,1.0,visa,87.0,0
147897,40.0,17,1,,0,,2.0,mastercard,87.0,0
147912,54.5,17,1,22.0,0,,2.0,mastercard,87.0,0
147912,44.0,17,1,0.0,0,,1.0,mastercard,87.0,0
147936,335.0,17,1,794.0,0,,2.0,visa,87.0,0
147946,74.921,17,0,,0,7.0,3.0,visa,,0
147963,92.95,17,1,,0,,10.0,visa,87.0,0
147996,108.95,17,1,120.0,0,,3.0,mastercard,87.0,0
148000,10.0,17,1,,0,,4.0,visa,87.0,0
148001,30.814,17,0,,0,,1.0,visa,,0
148007,30.029,17,0,,0,,0.0,visa,,1
148008,106.0,17,1,,0,,1.0,visa,87.0,0
148018,130.5,17,1,2.0,0,,1.0,visa,87.0,0
148034,77.0,17,1,2.0,0,,2.0,visa,87.0,0
148045,43.97,17,1,2.0,0,,1.0,visa,87.0,0
148052,40.0,17,1,,0,,1.0,mastercard,87.0,0
148057,159.95,17,1,1426.0,0,,5.0,visa,87.0,0
148058,39.54,17,1,,0,,4.0,mastercard,87.0,0
148060,29.0,17,1,,0,,5.0,mastercard,87.0,0
148063,117.0,17,1,0.0,0,,1.0,mastercard,87.0,0
148067,20.0,17,1,,0,,1.0,visa,87.0,0
148076,39.0,17,1,,0,,1.0,visa,87.0,0
148081,1128.06,17,1,,0,,1.0,visa,87.0,0
148092,209.95,17,1,19.0,0,,3.0,mastercard,87.0,0
148101,171.0,17,1,826.0,0,,2.0,visa,87.0,0
148112,100.0,17,1,,0,,134.0,visa,87.0,0
148116,300.0,17,1,,0,,1.0,visa,87.0,0
148120,125.0,17,1,,0,,1.0,visa,87.0,0
148127,14.501,17,0,,0,,1.0,mastercard,,0
148170,60.0,17,1,,0,,1.0,mastercard,87.0,0
148173,47.95,17,1,0.0,0,,100.0,visa,87.0,0
148209,124.97,17,1,968.0,0,,4.0,visa,87.0,0
148230,49.0,17,1,15.0,0,,1.0,mastercard,87.0,0
148254,2590.5,17,1,4.0,0,,1.0,visa,87.0,0
148262,75.0,17,1,,0,,4.0,visa,87.0,0
148278,50.0,17,1,,0,,1.0,visa,87.0,0
148281,49.0,17,1,9.0,0,,1.0,mastercard,87.0,0
148288,300.0,17,1,,0,,1.0,visa,87.0,0
148295,39.0,17,1,6.0,0,,1.0,visa,87.0,0
148308,160.95,17,1,4.0,0,,150.0,mastercard,87.0,0
148345,44.0,17,1,,0,,3.0,mastercard,87.0,0
148350,75.0,17,1,,0,,1.0,mastercard,87.0,0
148350,150.0,17,1,,0,,11.0,visa,87.0,0
148354,100.0,17,1,12.0,0,,1.0,mastercard,87.0,0
148371,49.0,17,1,0.0,0,,2.0,mastercard,87.0,0
148373,150.0,17,1,,0,,7.0,mastercard,87.0,0
148377,213.0,17,1,,0,,2.0,visa,87.0,0
148378,100.0,17,1,,0,,3.0,visa,87.0,0
148385,77.95,17,1,,0,,3.0,mastercard,87.0,0
148392,57.95,17,1,,0,,62.0,visa,87.0,0
148393,92.95,17,1,22.0,0,,1.0,visa,87.0,0
148401,59.0,17,1,2629.0,0,,3.0,visa,87.0,0
148405,311.95,17,1,13.0,0,,1.0,visa,87.0,0
148406,47.0,17,1,,0,,1.0,mastercard,87.0,0
148417,209.95,17,1,4.0,0,,2.0,visa,87.0,0
148444,200.0,17,1,,0,,3.0,mastercard,87.0,0
148452,190.0,17,1,,0,,1.0,visa,87.0,0
148465,25.0,17,1,,0,,1.0,mastercard,87.0,0
148473,42.95,17,1,,0,,1.0,mastercard,87.0,0
148473,108.95,17,1,8.0,0,,1.0,visa,87.0,0
148476,40.0,17,1,,0,,1.0,visa,87.0,0
148478,47.95,17,1,,0,,1.0,visa,87.0,0
148498,58.95,17,1,,0,,2.0,visa,87.0,0
148500,39.0,17,1,,0,,2.0,mastercard,87.0,0
148501,159.95,17,1,,0,,1.0,mastercard,87.0,0
148508,20.0,17,1,5.0,0,,1.0,mastercard,87.0,0
148520,100.0,17,1,,0,,3.0,mastercard,87.0,0
148522,117.0,17,1,68.0,0,,1.0,mastercard,87.0,0
148532,10.0,17,1,,0,,1.0,visa,87.0,0
148537,226.0,17,1,,0,,1.0,mastercard,87.0,0
148537,200.0,17,1,,0,,1.0,visa,87.0,0
148537,160.5,17,1,,0,,1.0,mastercard,87.0,0
148567,117.47,17,1,,0,,1.0,mastercard,87.0,0
148574,80.0,17,1,,0,,2.0,visa,87.0,0
148606,40.0,17,1,,0,,6.0,visa,87.0,0
148609,29.5,17,1,14.0,0,,2.0,visa,87.0,0
148613,59.0,17,1,,0,,1.0,visa,87.0,0
148632,214.0,17,1,,0,,2.0,visa,87.0,0
148637,100.0,17,1,,0,2395.0,2.0,american express,87.0,0
148655,87.95,17,1,22.0,0,,1.0,visa,87.0,0
148678,30.95,17,1,,0,,1.0,visa,87.0,0
148687,554.0,17,1,,0,,2.0,visa,87.0,0
148700,57.95,17,1,,0,,2.0,visa,87.0,0
148702,209.95,17,1,,0,,39.0,mastercard,87.0,0
148716,97.0,17,1,,0,,2.0,mastercard,87.0,0
148729,100.0,17,1,,0,,3.0,mastercard,87.0,0
148736,49.0,17,1,4.0,0,,1.0,visa,87.0,0
148737,210.95,17,1,,0,,2.0,mastercard,87.0,0
148739,150.0,17,1,,0,,2.0,mastercard,87.0,0
148741,45.0,17,1,10.0,0,,3.0,visa,87.0,0
148751,75.0,17,1,,0,,2.0,visa,87.0,0
148757,97.0,17,1,136.0,0,,1.0,mastercard,87.0,0
148771,360.0,17,1,5.0,0,,119.0,mastercard,87.0,0
148782,44.0,17,1,,0,,1.0,visa,87.0,0
148788,32.325,17,0,,0,,1.0,visa,,0
148797,100.0,17,1,,0,,10.0,visa,87.0,0
148820,213.0,17,1,,0,,3.0,visa,87.0,0
148820,226.0,17,1,,0,,3.0,visa,87.0,0
148827,49.0,17,1,3.0,0,,2.0,visa,87.0,0
148835,100.0,17,1,,0,,5.0,visa,87.0,0
148840,134.95,17,1,,0,,10.0,visa,87.0,0
148853,59.0,17,1,,0,,1.0,mastercard,87.0,0
148860,226.0,17,1,7.0,0,,2.0,visa,87.0,0
148878,25.0,17,1,,0,,1.0,visa,87.0,0
148891,24.5,17,1,,0,,1.0,visa,87.0,0
148900,63.441,17,0,,0,,1.0,mastercard,,0
148905,159.95,17,1,9.0,0,,100.0,visa,87.0,0
148907,50.0,17,1,,0,,1.0,mastercard,87.0,0
148935,171.0,17,1,73.0,0,,2.0,mastercard,87.0,0
148943,50.0,17,1,,0,1194.0,1.0,visa,87.0,0
148955,155.95,17,1,,0,,3.0,mastercard,87.0,0
148962,335.0,17,1,,0,,1.0,visa,87.0,0
148982,664.0,17,1,6.0,0,,1.0,visa,87.0,0
148982,250.0,17,1,,0,,1.0,visa,87.0,0
148994,117.0,17,1,3.0,0,,10.0,visa,87.0,0
149012,15.0,17,1,,0,,1.0,visa,87.0,0
149025,59.816,17,0,,0,,2.0,mastercard,,0
149045,612.05,17,1,,0,,2.0,visa,87.0,0
149049,50.0,17,1,,0,,1.0,mastercard,87.0,0
149059,311.95,17,1,12.0,0,,3.0,visa,87.0,0
149080,117.0,17,1,,0,,1.0,visa,87.0,0
149083,57.95,17,1,0.0,0,,4.0,visa,87.0,0
149090,59.0,17,1,,0,,3.0,mastercard,87.0,0
149107,30.0,17,1,7.0,0,,1.0,visa,87.0,0
149109,34.5,17,1,,0,,1.0,visa,87.0,0
149111,35.648,17,0,,0,,2.0,mastercard,,0
149112,49.0,17,1,,0,,1.0,visa,87.0,0
149119,159.95,17,1,214.0,0,,10.0,visa,87.0,0
149131,22.537,17,0,,0,508.0,2.0,mastercard,,0
149168,750.0,17,1,,0,,1.0,mastercard,87.0,0
149182,42.596,17,0,,0,,1.0,visa,,0
149193,100.0,17,1,,0,,2.0,visa,87.0,0
149200,13.655,17,0,,0,,1.0,visa,,0
149206,125.0,17,1,,0,,1.0,mastercard,87.0,0
149217,3.5,17,1,,0,,1.0,visa,87.0,0
149224,30.95,17,1,,0,,1.0,mastercard,87.0,0
149232,160.5,17,1,21.0,0,,10.0,visa,87.0,0
149238,100.0,17,1,,0,,1.0,visa,87.0,0
149246,100.0,17,1,,0,,1.0,mastercard,87.0,0
149247,49.0,17,1,16.0,0,,1.0,visa,87.0,0
149281,59.0,17,1,0.0,0,,2.0,visa,87.0,0
149284,25.0,17,1,,0,,1.0,mastercard,87.0,0
149286,100.0,17,1,,0,,2.0,mastercard,87.0,0
149298,29.0,17,1,,0,,1.0,mastercard,87.0,0
149306,12.688,17,0,,0,,1.0,mastercard,,0
149312,107.95,17,1,,0,,13.0,visa,87.0,0
149314,150.0,17,1,,0,,2.0,mastercard,87.0,0
149314,59.0,17,1,,0,,12.0,visa,87.0,0
149315,171.0,17,1,,0,,6.0,visa,87.0,0
149333,39.0,17,1,14.0,0,,2.0,mastercard,87.0,0
149359,225.0,17,1,,0,,1.0,visa,87.0,0
149371,97.0,17,1,11.0,0,,1.0,mastercard,87.0,0
149384,15.0,17,1,,0,,5.0,visa,87.0,0
149401,100.0,17,1,,0,,1.0,visa,87.0,0
149420,77.0,17,1,11.0,0,,4.0,mastercard,87.0,0
149455,50.0,17,1,,0,,1.0,visa,87.0,0
149457,159.95,17,1,18.0,0,,2.0,visa,87.0,0
149465,77.95,17,1,2.0,0,,3.0,mastercard,87.0,0
149471,100.0,17,1,,0,,1.0,visa,87.0,0
149471,59.0,17,1,,0,,2.0,visa,87.0,0
149479,87.0,17,1,28.0,0,,2.0,mastercard,87.0,0
149480,150.0,17,1,,0,,1.0,visa,87.0,0
149480,59.816,17,0,,0,,2.0,mastercard,,0
149514,13.292,17,0,,0,,1.0,mastercard,,0
149522,39.0,17,1,194.0,0,,2.0,mastercard,87.0,0
149528,85.0,17,1,0.0,0,,5.0,visa,87.0,0
149529,47.95,17,1,31.0,0,,10.0,visa,87.0,0
149569,107.95,17,1,13.0,0,,119.0,mastercard,87.0,0
149570,49.0,17,1,0.0,0,,2.0,mastercard,87.0,0
149570,24.0,17,1,,0,,2.0,visa,87.0,0
149575,100.0,17,1,,0,,1.0,visa,87.0,0
149582,39.0,17,1,28.0,0,,1.0,visa,87.0,0
149593,49.0,17,1,11.0,0,,2.0,visa,87.0,0
149594,117.0,17,1,,0,,1.0,mastercard,87.0,0
149598,470.0,17,1,228.0,0,,3.0,visa,87.0,0
149601,400.0,17,1,,0,,1.0,visa,87.0,0
149607,222.0,17,1,,0,,3.0,mastercard,87.0,0
149660,59.0,17,1,,0,,6.0,visa,87.0,0
149660,300.0,17,1,,0,,1.0,visa,87.0,0
149662,50.0,17,1,,0,,1.0,visa,87.0,0
149667,75.0,17,1,,0,2.0,2.0,visa,87.0,0
149696,131.232,17,0,,0,,1.0,mastercard,,0
149705,200.0,17,1,,0,,1.0,visa,87.0,0
149715,107.95,17,1,2.0,0,,21.0,mastercard,87.0,0
149722,80.0,17,1,,0,,5.0,visa,87.0,0
149724,50.0,17,1,,0,,1.0,mastercard,87.0,0
149728,90.0,17,1,,0,,1.0,mastercard,87.0,0
149733,1182.47,17,1,,0,,1.0,visa,87.0,0
149740,23.926,17,0,,0,,2.0,mastercard,,0
149741,13.172,17,0,,0,,1.0,mastercard,,0
149749,92.0,17,1,,0,,1.0,visa,87.0,0
149749,236.95,17,1,0.0,0,,2.0,mastercard,87.0,0
149755,75.0,17,1,,0,,4.0,visa,87.0,0
149759,59.0,17,1,5.0,0,,3.0,mastercard,87.0,0
149773,353.47,17,1,1019.0,0,,2.0,mastercard,87.0,0
149775,50.0,17,1,,0,,1.0,visa,87.0,0
149782,169.0,17,1,,0,,80.0,mastercard,87.0,0
149820,35.0,17,1,,0,,1.0,mastercard,87.0,0
149826,23.926,17,0,,0,,2.0,mastercard,,0
149884,335.0,17,1,,0,,1.0,visa,87.0,0
149893,159.95,17,1,7.0,0,,2.0,mastercard,87.0,0
149904,400.0,17,1,,0,,1.0,visa,87.0,0
149918,100.0,17,1,,0,,1.0,visa,87.0,0
149939,107.95,17,1,,0,,2.0,visa,87.0,0
149944,65.0,17,1,11.0,0,,2.0,visa,87.0,1
149968,103.97,17,1,,0,,21.0,mastercard,87.0,0
149970,179.95,17,1,,0,,3.0,mastercard,87.0,0
149973,214.95,17,1,4.0,0,,2.0,visa,87.0,0
149977,100.0,17,1,,0,,1.0,visa,87.0,0
150000,54.0,17,1,,0,,1.0,mastercard,87.0,0
150009,40.0,17,1,,0,,1.0,visa,87.0,0
150020,59.0,17,1,2.0,0,,1.0,mastercard,87.0,0
150022,107.95,17,1,,0,,2.0,visa,87.0,0
150032,97.0,17,1,,0,,1.0,visa,87.0,0
150060,50.0,17,1,,0,,1.0,mastercard,87.0,0
150081,15.226,17,0,,0,,1.0,visa,,0
150089,300.0,17,1,,0,,1.0,visa,87.0,0
150091,59.0,17,1,8.0,0,,1.0,mastercard,87.0,0
150103,30.0,17,1,,0,,115.0,mastercard,87.0,0
150104,261.95,17,1,402.0,0,,6.0,visa,87.0,0
150106,44.5,17,1,,0,,1.0,visa,87.0,0
150125,800.0,17,1,16.0,0,,2.0,visa,87.0,0
150125,108.5,17,1,,0,,2.0,mastercard,87.0,0
150140,100.0,17,1,,0,,1.0,visa,87.0,0
150184,35.95,17,1,32.0,0,,3.0,mastercard,87.0,0
150187,40.0,17,1,,0,,1.0,visa,87.0,0
150193,49.5,17,1,1.0,0,,2.0,mastercard,87.0,0
150207,35.648,17,0,,0,,1.0,visa,,0
150221,117.0,17,1,0.0,0,,1.0,visa,87.0,0
150222,150.0,17,1,,0,,4.0,mastercard,87.0,0
150223,50.0,17,1,,0,,1.0,visa,87.0,0
150223,1234.95,17,1,,0,,1.0,visa,87.0,0
150223,100.0,17,1,,0,,1.0,visa,87.0,0
150227,226.0,17,1,1.0,0,,1.0,mastercard,87.0,0
150241,57.95,17,1,11.0,0,,3.0,visa,87.0,0
150243,141.0,17,1,20.0,0,,2.0,visa,87.0,0
150248,75.0,17,1,,0,,1.0,visa,87.0,0
150254,15.95,17,1,9.0,0,,2.0,visa,87.0,0
150265,394.43,17,1,,0,,1.0,visa,87.0,0
150276,43.0,17,1,,0,,1.0,visa,87.0,0
150282,39.0,17,1,,0,,2.0,visa,87.0,0
150303,335.0,17,1,1.0,0,,1.0,mastercard,87.0,0
150307,204.95,17,1,991.0,0,,1.0,visa,87.0,0
150323,450.0,17,1,,0,,1.0,visa,87.0,0
150329,230.0,17,1,,0,,2.0,mastercard,87.0,0
150344,100.0,17,1,,0,,1.0,visa,87.0,0
150346,49.0,17,1,,0,,2.0,visa,87.0,0
150372,100.0,17,1,,0,,1.0,american express,87.0,0
150375,662.0,17,1,5.0,0,,1.0,mastercard,87.0,0
150389,15.0,17,1,,0,,1.0,visa,87.0,0
150394,60.0,17,1,,0,,4.0,discover,87.0,0
150395,77.95,17,1,2.0,0,,3.0,mastercard,87.0,0
150398,82.95,17,1,60.0,0,,1.0,visa,87.0,0
150417,261.95,17,1,11.0,0,,2.0,visa,87.0,0
150424,44.5,17,1,11.0,0,,2.0,visa,87.0,0
150434,150.0,17,1,,0,,1.0,discover,87.0,0
150442,100.0,17,1,,0,,1.0,visa,87.0,0
150442,59.0,17,1,,0,,1.0,mastercard,87.0,0
150447,103.97,17,1,,0,,21.0,visa,87.0,0
150461,275.0,17,1,,0,,1.0,american express,87.0,0
150471,80.0,17,1,,0,,2.0,visa,87.0,0
150479,39.0,17,1,,0,,1.0,visa,87.0,0
150486,90.268,17,0,,0,7.0,2.0,mastercard,,0
150509,150.0,17,1,,0,,1.0,american express,87.0,0
150514,100.0,17,1,0.0,0,,5.0,visa,87.0,0
150521,425.0,17,1,,0,,1.0,visa,87.0,0
150526,87.95,17,1,2.0,0,,5.0,visa,87.0,0
150532,103.802,17,0,,0,,1.0,visa,,0
150536,40.0,17,1,,0,,77.0,visa,87.0,0
150552,100.0,17,1,398.0,0,,4.0,mastercard,87.0,0
150557,100.0,17,1,,0,,1.0,visa,87.0,0
150564,57.95,17,1,,0,,3.0,visa,87.0,0
150564,335.0,17,1,,0,,1.0,visa,87.0,0
150569,50.0,17,1,,0,,12.0,visa,87.0,0
150607,77.0,17,1,21.0,0,,4.0,discover,87.0,0
150621,100.0,17,1,,0,,3.0,mastercard,87.0,0
150621,193.0,17,1,,0,,1.0,mastercard,87.0,0
150627,39.0,17,1,,0,,2.0,visa,87.0,0
150637,78.95,17,1,1.0,0,,2.0,visa,87.0,0
150643,90.268,17,0,,0,7.0,2.0,mastercard,,0
150653,50.0,17,1,38.0,0,,1.0,mastercard,87.0,0
150663,49.0,17,1,478.0,0,,1.0,mastercard,87.0,0
150671,92.0,17,1,,0,,1.0,mastercard,87.0,0
150705,311.95,17,1,,0,,1.0,visa,87.0,0
150708,59.0,17,1,,0,,2.0,visa,87.0,0
150709,56.5,17,1,65.0,0,,1.0,visa,87.0,0
150716,50.0,17,1,,0,,1.0,visa,87.0,0
150721,59.0,17,1,595.0,0,,1.0,mastercard,87.0,0
150727,75.0,17,1,1.0,0,,1.0,visa,87.0,0
150730,50.0,17,1,16.0,0,,121.0,visa,87.0,0
150737,250.0,17,1,,0,,1.0,visa,87.0,0
150739,100.0,17,1,,0,,1.0,visa,87.0,0
150743,25.0,17,1,,0,,1.0,visa,87.0,0
150756,150.5,17,1,198.0,0,,1.0,visa,87.0,0
150756,511.95,17,1,,0,,98.0,mastercard,87.0,0
150758,103.97,17,1,,0,,21.0,mastercard,87.0,0
150760,92.0,17,1,592.0,0,,2.0,mastercard,87.0,0
150771,65.0,17,1,,0,,1.0,mastercard,87.0,0
150776,100.0,17,1,,0,,1.0,visa,87.0,0
150782,77.95,17,1,,0,,3.0,mastercard,87.0,0
150784,39.0,17,1,2.0,0,,115.0,mastercard,87.0,0
150796,51.5,17,1,,0,,1.0,visa,87.0,0
150807,317.5,17,1,79.0,0,,2.0,visa,87.0,0
150827,60.0,17,1,,0,,5.0,visa,87.0,0
150830,250.0,17,1,2.0,0,,3.0,mastercard,87.0,0
150842,47.95,17,1,2.0,0,,77.0,visa,87.0,0
150845,30.95,17,1,8.0,0,,11.0,visa,87.0,0
150867,300.0,17,1,,0,,2.0,visa,87.0,0
150874,77.0,17,1,4.0,0,,4.0,mastercard,87.0,0
150875,422.5,17,1,,0,,1.0,mastercard,87.0,0
150876,100.0,17,1,,0,,1.0,visa,87.0,0
150888,335.0,17,1,2.0,0,,2.0,visa,87.0,0
150892,200.0,17,1,,0,,3.0,visa,87.0,0
150893,112.0,17,1,4.0,0,,1.0,mastercard,87.0,0
150896,50.0,17,1,,0,,1.0,visa,87.0,0
150907,335.0,17,1,,0,,2.0,visa,87.0,1
150910,33.95,17,1,,0,,5.0,visa,87.0,0
150921,39.0,17,1,,0,,2.0,mastercard,87.0,0
150923,50.0,17,1,,0,,2.0,visa,87.0,0
150930,41.45,17,1,9.0,0,,3.0,visa,87.0,0
150930,25.0,17,1,,0,,2.0,mastercard,87.0,0
150942,209.95,17,1,45.0,0,,2.0,visa,87.0,0
150946,171.0,17,1,8.0,0,,1.0,visa,87.0,0
150975,60.0,17,1,,0,,4.0,mastercard,87.0,0
150982,50.0,17,1,,0,,1.0,visa,87.0,0
150985,200.0,17,1,,0,,3.0,visa,87.0,0
150985,100.0,17,1,,0,,2.0,visa,87.0,0
150989,582.99,17,1,,0,,2.0,visa,87.0,0
151008,43.261,17,0,,0,,1.0,mastercard,,0
151010,524.95,17,1,,0,,3.0,visa,87.0,0
151034,315.0,17,1,,0,,1.0,visa,87.0,0
151076,422.5,17,1,,0,,2.0,mastercard,87.0,0
151082,100.0,17,1,,0,,3.0,mastercard,87.0,0
151090,330.99,17,1,,0,,1.0,visa,87.0,0
151094,36.95,17,1,,0,,6.0,mastercard,87.0,0
151096,100.0,17,1,,0,,1.0,mastercard,87.0,0
151100,411.95,17,1,1.0,0,,205.0,visa,87.0,0
151102,75.0,17,1,,0,,1.0,visa,87.0,0
151114,884.0,17,1,,0,,1.0,mastercard,87.0,0
151121,50.0,17,1,,0,,1.0,mastercard,87.0,0
151123,100.0,17,1,,0,,1.0,mastercard,87.0,0
151135,30.95,17,1,42.0,0,,2.0,visa,87.0,0
151136,25.0,17,1,,0,,1.0,visa,87.0,0
151151,30.089,17,0,,0,,1.0,mastercard,,0
151154,335.0,17,1,,0,,2.0,visa,87.0,1
151155,49.0,17,1,,0,,1.0,visa,87.0,0
151156,75.0,17,1,,0,,1.0,visa,87.0,0
151161,67.95,17,1,,0,,3.0,visa,87.0,0
151173,54.0,17,1,4.0,0,,1.0,visa,87.0,0
151179,59.0,17,1,5.0,0,,1.0,visa,87.0,0
151181,500.0,17,1,227.0,0,,1.0,visa,87.0,0
151196,60.0,17,1,,0,,1.0,mastercard,87.0,0
151198,97.0,17,1,3.0,0,,1.0,visa,87.0,0
151210,75.0,18,1,,0,,1.0,mastercard,87.0,0
151211,35.95,18,1,8.0,0,,1.0,mastercard,87.0,0
151218,221.99,18,1,,0,,1.0,visa,87.0,0
151237,50.0,18,1,,0,,1.0,visa,87.0,0
151244,15.709,18,0,,0,,1.0,visa,,0
151268,582.99,18,1,,0,,2.0,visa,87.0,0
151289,25.95,18,1,2.0,0,,4.0,mastercard,87.0,0
151292,102.0,18,1,34.0,0,,13.0,visa,87.0,0
151298,213.0,18,1,,0,,3.0,visa,87.0,0
151302,500.0,18,1,,0,,1.0,visa,87.0,0
151314,107.0,18,1,,0,,1.0,mastercard,87.0,0
151317,40.5,18,1,0.0,0,,4.0,mastercard,87.0,0
151321,250.0,18,1,,0,,1.0,visa,87.0,0
151322,75.0,18,1,,0,,1.0,visa,87.0,0
151326,159.95,18,1,1015.0,0,,4.0,visa,87.0,0
151344,335.0,18,1,11.0,0,,4.0,mastercard,87.0,0
151386,664.0,18,1,,0,,3.0,visa,87.0,0
151402,300.0,18,1,6.0,0,,6.0,mastercard,87.0,0
151420,35.95,18,1,0.0,0,,2.0,mastercard,87.0,0
151422,117.0,18,1,,0,,2.0,visa,87.0,0
151431,29.0,18,1,,0,,1.0,mastercard,87.0,0
151447,209.95,18,1,11.0,0,,2.0,visa,87.0,0
151462,65.0,18,1,20.0,0,,1.0,mastercard,87.0,0
151470,77.0,18,1,280.0,0,,1.0,mastercard,87.0,0
151474,50.0,18,1,,0,,2.0,mastercard,87.0,0
151477,57.95,18,1,,0,,1.0,mastercard,87.0,0
151502,29.0,18,1,,0,,1.0,visa,87.0,0
151511,280.0,18,1,0.0,0,,86.0,mastercard,87.0,0
151516,27.0,18,1,30.0,0,,2.0,mastercard,87.0,0
151528,21.328,18,0,,0,,1.0,visa,,0
151534,117.0,18,1,,0,,1.0,visa,87.0,0
151539,110.0,18,1,,0,,1.0,mastercard,87.0,0
151549,12.97,18,1,,0,,2.0,mastercard,87.0,0
151560,1224.0,18,1,,0,,2.0,visa,87.0,0
151563,104.99,18,1,,0,,1.0,visa,87.0,0
151589,92.0,18,1,,0,,2.0,mastercard,87.0,0
151596,30.0,18,1,,0,,1.0,visa,87.0,0
151597,51.357,18,0,,0,,58.0,visa,,1
151598,51.0,18,1,3.0,0,,108.0,mastercard,87.0,0
151617,107.95,18,1,15.0,0,,5.0,visa,87.0,0
151630,372.58,18,1,,0,,1.0,mastercard,87.0,0
151631,14.199,18,0,,0,,1.0,mastercard,,0
151640,103.97,18,1,,0,,21.0,visa,87.0,0
151650,171.0,18,1,39.0,0,,1.0,mastercard,87.0,0
151654,226.0,18,1,,0,,2.0,visa,87.0,0
151660,554.0,18,1,,0,,2.0,discover,87.0,0
151663,335.0,18,1,,0,,1.0,visa,87.0,0
151664,55.0,18,1,14.0,0,,1.0,visa,87.0,0
151671,60.0,18,1,6.0,0,,1.0,visa,87.0,0
151685,100.0,18,1,,0,,1.0,mastercard,87.0,0
151695,10.151,18,0,,0,,1.0,mastercard,,0
151715,117.0,18,1,0.0,0,,1.0,mastercard,87.0,0
151716,100.0,18,1,,0,,2.0,visa,87.0,0
151738,390.0,18,1,180.0,0,,4.0,visa,87.0,0
151768,49.0,18,1,,0,,1.0,visa,87.0,0
151777,58.95,18,1,,0,,1.0,mastercard,87.0,0
151777,312.79,18,1,2.0,0,,2.0,mastercard,87.0,0
151784,17.764,18,0,,0,,1.0,visa,,0
151796,50.0,18,1,,0,,1.0,mastercard,87.0,0
151804,50.0,18,1,,0,,2.0,mastercard,87.0,0
151815,25.0,18,1,,0,,1.0,visa,87.0,0
151816,39.0,18,1,10.0,0,,2.0,visa,87.0,0
151822,150.0,18,1,,0,,2.0,mastercard,87.0,0
151823,49.0,18,1,,0,,1.0,visa,87.0,0
151823,554.0,18,1,9.0,0,,1.0,mastercard,87.0,0
151831,50.0,18,1,,0,,1.0,mastercard,87.0,0
151873,214.95,18,1,,0,,1.0,mastercard,87.0,0
151885,117.0,18,1,,0,,1.0,visa,87.0,0
151890,100.0,18,1,,0,,1.0,visa,96.0,0
151892,15.0,18,1,,0,,123.0,mastercard,87.0,0
151893,30.0,18,1,,0,,2.0,mastercard,87.0,0
151898,819.15,18,1,730.0,0,,1.0,mastercard,87.0,0
151913,40.0,18,1,,0,,1.0,mastercard,87.0,0
151914,424.95,18,1,2342.0,0,,1.0,visa,87.0,0
151917,100.0,18,1,,0,,3.0,mastercard,87.0,0
151917,8.459,18,0,,0,68.0,1.0,mastercard,,0
151919,294.95,18,1,14.0,0,,1.0,visa,87.0,0
151925,50.0,18,1,,0,,1.0,mastercard,87.0,0
151927,75.0,18,1,,0,,1.0,mastercard,87.0,0
151940,29.0,18,1,,0,,1.0,visa,87.0,0
151946,107.95,18,1,2.0,0,,3.0,visa,87.0,0
151972,25.0,18,1,,0,,1.0,visa,87.0,0
151992,40.0,18,1,1.0,0,,1.0,visa,87.0,0
151994,15.0,18,1,595.0,0,,1.0,mastercard,87.0,0
152003,37.37,18,1,,0,,1.0,visa,87.0,0
152011,75.0,18,1,,0,,1.0,visa,87.0,0
152030,107.95,18,0,,0,,1.0,visa,,0
152034,25.0,18,1,,0,,2.0,visa,87.0,0
152039,117.0,18,1,529.0,0,,3.0,visa,87.0,0
152040,150.0,18,1,,0,,4.0,mastercard,87.0,0
152047,45.0,18,1,,0,,3.0,mastercard,87.0,0
152058,35.0,18,1,,0,,5.0,mastercard,87.0,0
152062,150.0,18,1,1.0,0,,4.0,mastercard,87.0,0
152064,1259.0,18,1,,0,,1.0,mastercard,87.0,0
152075,59.0,18,1,11.0,0,,3.0,mastercard,87.0,0
152089,250.0,18,1,,0,,3.0,mastercard,87.0,0
152092,117.0,18,1,,0,,1.0,visa,87.0,0
152101,36.373,18,0,,0,,1.0,mastercard,,0
152103,117.0,18,1,16.0,0,,1.0,visa,87.0,0
152108,215.95,18,1,1047.0,0,,1.0,visa,87.0,0
152110,29.0,18,1,,0,,4.0,mastercard,87.0,0
152130,37.702,18,0,,0,,2.0,mastercard,,0
152135,150.0,18,1,,0,,1.0,visa,87.0,0
152162,1104.0,18,1,,0,,2.0,mastercard,87.0,0
152165,36.373,18,0,,0,,1.0,mastercard,,0
152173,527.0,18,1,,0,,1.0,visa,87.0,0
152182,107.95,18,1,,0,,4.0,visa,87.0,0
152202,39.0,18,1,2.0,0,,5.0,visa,87.0,0
152205,40.0,18,1,,0,,2.0,mastercard,87.0,0
152206,92.0,18,1,,0,,1.0,visa,87.0,0
152232,92.0,18,1,,0,,5.0,visa,87.0,0
152237,57.95,18,1,,0,,3.0,visa,87.0,0
152237,20.059,18,0,,0,,1.0,visa,,0
152243,171.0,18,1,5.0,0,,1.0,visa,87.0,0
152262,40.0,18,1,,0,,4.0,mastercard,87.0,0
152262,226.0,18,1,224.0,0,,7.0,visa,87.0,0
152271,40.0,18,1,,0,,4.0,visa,87.0,0
152286,75.0,18,1,,0,,49.0,visa,87.0,0
152290,694.95,18,1,83.0,0,,2.0,visa,87.0,0
152299,59.0,18,1,,0,,1.0,mastercard,87.0,0
152326,117.0,18,1,,0,,3.0,visa,87.0,0
152330,35.95,18,1,828.0,0,,4.0,visa,87.0,0
152332,226.0,18,1,194.0,0,,1.0,mastercard,87.0,0
152342,36.373,18,0,,0,,1.0,mastercard,,0
152348,21.0,18,1,,0,,2.0,visa,87.0,0
152372,311.95,18,1,,0,,1.0,visa,87.0,0
152381,48.95,18,1,,0,,1.0,mastercard,87.0,0
152407,159.95,18,1,,0,,1.0,visa,87.0,0
152408,107.0,18,1,930.0,0,,1.0,mastercard,87.0,0
152415,500.0,18,1,,0,,1.0,visa,87.0,0
152417,171.0,18,1,51.0,0,,3.0,mastercard,87.0,0
152419,159.95,18,1,,0,,4.0,mastercard,87.0,0
152420,159.95,18,1,1.0,0,,4.0,mastercard,87.0,0
152421,48.094,18,0,,0,,1.0,visa,,0
152426,107.95,18,1,2.0,0,,3.0,visa,87.0,0
152442,75.0,18,1,,0,,1.0,mastercard,87.0,0
152446,30.0,18,1,,0,,2.0,visa,87.0,0
152461,400.0,18,1,,0,,1.0,visa,87.0,0
152469,375.0,18,1,,0,,1.0,visa,87.0,0
152470,201.0,18,1,1471.0,0,,6.0,mastercard,87.0,0
152524,75.0,18,1,,0,,1.0,mastercard,87.0,0
152526,107.95,18,1,2.0,0,,3.0,visa,87.0,0
152543,87.95,18,1,4.0,0,,2.0,visa,87.0,0
152547,117.0,18,1,548.0,0,,1.0,visa,87.0,0
152551,50.0,18,1,,0,,10.0,visa,87.0,0
152600,159.95,18,1,,0,,2.0,mastercard,87.0,0
152604,44.0,18,1,,0,,2.0,visa,87.0,0
152604,92.0,18,1,,0,,1.0,visa,87.0,0
152614,391.83,18,1,28.0,0,,3.0,mastercard,87.0,0
152617,83.51,18,1,1.0,0,,1.0,visa,87.0,0
152633,117.0,18,1,11.0,0,,2.0,mastercard,87.0,0
152641,50.0,18,1,,0,,1.0,visa,87.0,0
152647,75.0,18,1,,0,,2.0,mastercard,87.0,0
152655,1000.0,18,1,,0,,1.0,visa,87.0,0
152677,36.373,18,0,,0,,1.0,mastercard,,0
152692,5.982,18,0,,0,,1.0,visa,,0
152717,141.0,18,1,7.0,0,,2.0,visa,87.0,0
152742,117.0,18,1,0.0,0,,1.0,mastercard,87.0,0
152743,225.0,18,1,,0,,7.0,visa,87.0,1
152744,311.95,18,1,7.0,0,,2.0,visa,87.0,0
152769,300.0,18,1,6.0,0,,4.0,visa,87.0,0
152770,100.0,18,1,,0,,2.0,visa,87.0,0
152787,100.0,18,1,,0,,2.0,mastercard,87.0,0
152788,100.0,18,1,,0,,3.0,visa,87.0,0
152804,49.0,18,1,,0,,2.0,mastercard,87.0,0
152807,117.0,18,1,,0,,1.0,visa,87.0,0
152815,100.0,18,1,,0,,1.0,visa,87.0,0
152818,75.0,18,1,102.0,0,,1.0,mastercard,87.0,0
152829,200.0,18,1,,0,,1.0,mastercard,87.0,0
152829,200.0,18,1,,0,,5.0,visa,87.0,0
152851,80.0,18,1,1042.0,0,,1.0,visa,87.0,0
152852,125.0,18,1,,0,,1.0,visa,87.0,0
152861,59.0,18,1,,0,,1.0,mastercard,87.0,0
152880,36.373,18,0,,0,,2.0,mastercard,,0
152882,74.95,18,1,,0,,87.0,mastercard,87.0,0
152889,200.0,18,1,,0,,10.0,visa,87.0,0
152905,402.5,18,1,65.0,0,,1.0,visa,87.0,0
152918,383.06,18,1,,0,,1.0,visa,87.0,0
152922,60.0,18,1,,0,,2.0,visa,87.0,0
152923,57.95,18,1,52.0,0,,1.0,mastercard,87.0,0
152960,150.0,18,1,3.0,0,,4.0,visa,87.0,0
152962,30.0,18,1,,0,,2.0,visa,87.0,0
152976,97.0,18,1,11.0,0,,3.0,mastercard,87.0,0
152982,59.0,18,1,,0,,2.0,visa,87.0,0
152986,1779.95,18,1,,0,,1.0,discover,87.0,0
152992,156.99,18,1,,0,,2.0,mastercard,87.0,0
152996,20.95,18,1,0.0,0,,1.0,mastercard,87.0,0
153005,48.95,18,1,7.0,0,,1.0,mastercard,87.0,0
153010,35.95,18,1,,0,,1.0,mastercard,87.0,0
153027,335.0,18,1,15.0,0,,1.0,visa,87.0,0
153039,34.0,18,1,9.0,0,,1.0,mastercard,87.0,0
153046,57.95,18,1,,0,,1.0,visa,87.0,0
153051,50.0,18,1,,0,,1.0,mastercard,87.0,0
153061,100.0,18,1,9.0,0,,2.0,mastercard,87.0,0
153071,35.0,18,1,,0,,4.0,mastercard,87.0,0
153080,40.0,18,1,5.0,0,,4.0,visa,87.0,0
153091,141.0,18,1,,0,,2.0,visa,87.0,0
153099,77.0,18,1,15.0,0,,18.0,mastercard,87.0,0
153107,40.0,18,1,,0,,1.0,visa,87.0,0
153112,57.95,18,1,,0,,3.0,visa,87.0,0
153114,25.0,18,1,,0,,1.0,mastercard,87.0,0
153133,107.95,18,1,,0,,3.0,visa,87.0,0
153138,159.95,18,1,571.0,0,,2.0,visa,87.0,0
153140,60.0,18,1,,0,,1.0,visa,87.0,0
153148,584.99,18,1,3.0,0,,2.0,visa,87.0,0
153159,200.0,18,1,,0,,8.0,visa,87.0,0
153159,117.0,18,1,,0,,2.0,visa,87.0,0
153174,47.95,18,1,,0,,5.0,visa,87.0,0
153175,300.0,18,1,,0,,1.0,mastercard,87.0,0
153175,160.0,18,1,,0,,3.0,mastercard,87.0,0
153176,87.0,18,1,10.0,0,,2.0,mastercard,87.0,0
153183,77.0,18,1,41.0,0,,2.0,visa,87.0,0
153192,68.5,18,1,8.0,0,,2.0,discover,87.0,0
153194,77.0,18,1,41.0,0,,2.0,visa,87.0,0
153216,226.0,18,1,10.0,0,,3.0,mastercard,87.0,0
153237,117.0,18,1,,0,,1.0,visa,87.0,0
153237,200.0,18,1,,0,,1.0,mastercard,87.0,0
153252,50.0,18,1,,0,,3.0,visa,87.0,0
153263,225.0,18,1,,0,,8.0,american express,87.0,1
153278,117.0,18,1,9.0,0,,2.0,mastercard,87.0,0
153283,424.95,18,1,830.0,0,,1.0,mastercard,87.0,0
153285,57.95,18,1,4.0,0,,3.0,visa,87.0,0
153305,225.0,18,1,,0,,8.0,american express,87.0,1
153306,107.95,18,1,,0,,2.0,visa,87.0,0
153315,100.0,18,1,,0,,1.0,american express,87.0,0
153328,504.95,18,1,480.0,0,,1.0,visa,87.0,0
153330,48.95,18,1,11.0,0,,11.0,visa,87.0,0
153339,77.0,18,1,3.0,0,,1.0,visa,87.0,0
153353,250.0,18,1,,0,,1.0,mastercard,87.0,0
153363,57.95,18,1,33.0,0,,2.0,visa,87.0,0
153379,100.0,18,1,,0,,1.0,visa,87.0,0
153387,200.0,18,1,,0,,1.0,visa,87.0,0
153390,35.95,18,1,,0,,9.0,visa,87.0,0
153406,60.0,18,1,,0,,1.0,mastercard,87.0,0
153409,65.0,18,1,906.0,0,,1.0,visa,87.0,0
153422,59.0,18,1,,0,,1.0,visa,87.0,0
153440,10.453,18,0,,0,,1.0,mastercard,,0
153452,56.5,18,1,,0,,1.0,mastercard,87.0,0
153466,108.95,18,1,0.0,0,,2.0,mastercard,87.0,0
153477,45.0,18,1,,0,,2.0,mastercard,87.0,0
153486,200.0,18,1,,0,,2.0,mastercard,87.0,0
153503,100.0,18,1,,0,,3.0,visa,87.0,0
153511,150.0,18,1,,0,,2.0,visa,87.0,0
153517,77.0,18,1,1.0,0,,3.0,mastercard,87.0,0
153525,100.0,18,1,,0,,2.0,visa,87.0,0
153530,171.0,18,1,1319.0,0,,3.0,mastercard,87.0,0
153537,183.0,18,1,1.0,0,,3.0,visa,87.0,0
153552,160.0,18,1,,0,,1.0,visa,87.0,0
153555,200.0,18,1,28.0,0,,1.0,mastercard,87.0,0
153558,50.0,18,1,,0,,4.0,visa,87.0,0
153572,50.0,18,1,,0,,1.0,visa,87.0,0
153596,150.0,18,1,,0,,1.0,mastercard,87.0,0
153610,40.0,18,1,,0,,1.0,mastercard,87.0,0
153615,112.99,18,1,,0,,1.0,visa,87.0,0
153616,30.0,18,1,,0,,2.0,mastercard,87.0,0
153617,450.0,18,1,,0,,1.0,visa,87.0,0
153619,200.0,18,1,,0,,4.0,visa,87.0,0
153626,107.95,18,1,8.0,0,,6.0,mastercard,87.0,0
153632,70.0,18,1,,0,,1.0,visa,87.0,0
153633,200.0,18,1,,0,,1.0,visa,87.0,0
153639,55.0,18,1,,0,2.0,1.0,visa,87.0,0
153658,50.0,18,1,,0,,1.0,visa,87.0,0
153670,103.95,18,1,,0,,191.0,mastercard,87.0,0
153684,100.0,18,1,,0,,1.0,visa,87.0,0
153690,30.0,18,1,,0,,1.0,mastercard,87.0,0
153692,87.0,18,1,27.0,0,,1.0,visa,87.0,0
153707,151.0,18,1,,0,,2.0,mastercard,87.0,0
153726,51.95,18,1,,0,,1.0,visa,87.0,0
153741,30.0,18,1,,0,,2.0,mastercard,87.0,0
153749,58.95,18,1,5.0,0,,1.0,visa,87.0,0
153757,59.0,18,1,5.0,0,,3.0,visa,87.0,0
153759,213.0,18,1,,0,,1.0,mastercard,87.0,0
153760,100.0,18,1,,0,,1.0,visa,87.0,0
153761,30.0,18,1,,0,,1.0,visa,87.0,0
153765,226.0,18,1,6.0,0,,3.0,visa,87.0,0
153775,317.5,18,1,,0,,2.0,visa,87.0,0
153789,50.0,18,1,,0,,4.0,visa,87.0,0
153790,49.41,18,1,13.0,0,,126.0,visa,87.0,0
153827,577.9,18,1,,0,,2.0,mastercard,87.0,0
153832,30.0,18,1,,0,,1.0,visa,87.0,0
153860,226.0,18,1,5.0,0,,1.0,mastercard,87.0,0
153874,57.95,18,1,0.0,0,,1.0,visa,87.0,0
153891,108.5,18,1,,0,,2.0,visa,87.0,0
153893,100.0,18,1,5.0,0,,9.0,visa,87.0,0
153896,117.0,18,1,57.0,0,,1.0,visa,87.0,0
153901,92.0,18,1,0.0,0,,2.0,mastercard,87.0,0
153902,35.95,18,1,,0,,1.0,visa,87.0,0
153916,57.95,18,1,,0,,1.0,visa,87.0,0
153917,100.0,18,1,,0,2395.0,2.0,american express,87.0,0
153919,107.95,18,1,0.0,0,,185.0,visa,87.0,0
153927,39.0,18,1,42.0,0,,1.0,mastercard,87.0,0
153938,300.0,18,1,,0,,3.0,mastercard,87.0,0
153942,25.0,18,1,5.0,0,,2.0,visa,87.0,0
153955,77.0,18,1,9.0,0,,3.0,visa,87.0,0
153969,30.95,18,1,,0,,3.0,visa,87.0,0
153969,40.0,18,1,,0,,2.0,visa,87.0,0
153984,39.0,18,1,,0,,1.0,visa,87.0,0
153991,60.0,18,1,,0,,2.0,visa,87.0,0
153995,186.0,18,1,1.0,0,,2.0,mastercard,87.0,0
153996,100.0,18,1,,0,,2.0,visa,87.0,1
153997,145.0,18,1,,0,,2.0,visa,87.0,0
154001,25.0,18,1,,0,,1.0,visa,87.0,0
154012,209.95,18,1,1.0,0,,3.0,visa,87.0,0
154013,35.95,18,1,128.0,0,,1.0,mastercard,87.0,0
154018,100.0,18,1,,0,,2.0,visa,87.0,0
154023,200.0,18,1,,0,,1.0,american express,87.0,0
154036,100.0,18,1,,0,,2.0,mastercard,87.0,0
154045,25.0,18,1,,0,,5.0,visa,87.0,0
154054,226.0,18,1,,0,,1.0,mastercard,87.0,0
154082,29.5,18,1,4.0,0,,1.0,mastercard,87.0,0
154106,100.0,18,1,,0,,1.0,visa,87.0,0
154127,317.5,18,1,,0,,1.0,mastercard,87.0,0
154134,59.0,18,1,,0,,1.0,visa,87.0,0
154141,117.0,18,1,0.0,0,,1.0,visa,87.0,0
154148,35.95,18,1,4.0,0,,14.0,mastercard,87.0,0
154159,117.0,18,1,574.0,0,,8.0,visa,87.0,0
154160,75.0,18,1,,0,,1.0,visa,87.0,0
154161,311.95,18,1,4.0,0,,8.0,visa,87.0,0
154165,200.0,18,1,,0,,1.0,visa,87.0,0
154169,59.0,18,1,16.0,0,,2.0,mastercard,87.0,0
154191,107.95,18,1,,0,,1.0,visa,87.0,0
154194,240.0,18,1,1.0,0,,2.0,visa,87.0,0
154195,75.0,18,1,,0,,4.0,visa,87.0,0
154208,311.95,18,1,2751.0,0,,8.0,visa,87.0,0
154233,49.0,18,1,,0,,2.0,visa,87.0,0
154268,80.0,18,1,6.0,0,,3.0,mastercard,87.0,0
154270,39.0,18,1,2.0,0,,1.0,mastercard,87.0,0
154276,19.093,18,0,,0,7.0,1.0,mastercard,,0
154296,92.0,18,1,1.0,0,,1.0,visa,87.0,0
154301,30.0,18,1,,0,,1.0,mastercard,87.0,0
154307,674.14,18,1,,0,,1.0,mastercard,87.0,0
154319,206.0,18,1,,0,,1.0,mastercard,87.0,0
154325,47.95,18,1,,0,,1.0,visa,87.0,0
154335,200.0,18,1,,0,,2.0,visa,87.0,0
154335,35.95,18,1,,0,,5.0,visa,87.0,0
154367,34.0,18,1,,0,,1.0,mastercard,87.0,0
154383,50.0,18,1,,0,,1.0,mastercard,87.0,0
154388,29.5,18,1,,0,,1.0,mastercard,87.0,0
154398,53.97,18,1,,0,,3.0,visa,87.0,0
154407,100.0,18,1,,0,,3.0,visa,87.0,0
154410,30.0,18,1,,0,,2.0,visa,87.0,0
154418,107.95,18,1,,0,,6.0,mastercard,87.0,0
154425,57.95,18,1,2.0,0,,3.0,visa,87.0,0
154428,186.0,18,1,1.0,0,,1.0,visa,87.0,0
154445,300.0,18,1,,0,,2.0,visa,87.0,0
154445,260.0,18,1,,0,,2.0,mastercard,87.0,0
154472,100.0,18,1,,0,,1.0,visa,87.0,0
154473,156.0,18,1,4.0,0,,1.0,visa,87.0,0
154476,50.0,18,1,,0,,1.0,visa,87.0,0
154477,113.0,18,1,,0,,1.0,mastercard,87.0,0
154495,29.545,18,0,,0,,1.0,mastercard,,0
154498,25.0,18,1,,0,,2.0,visa,87.0,0
154499,311.95,18,1,10.0,0,,3.0,mastercard,87.0,0
154509,75.0,18,1,,0,,1.0,mastercard,87.0,0
154513,32.325,18,0,,0,,1.0,mastercard,,0
154521,136.13,18,1,,0,,1.0,visa,87.0,0
154524,226.0,18,1,4.0,0,,2.0,mastercard,87.0,0
154532,226.0,18,1,,0,,1.0,visa,87.0,0
154543,59.0,18,1,1.0,0,,1.0,visa,87.0,0
154547,100.0,18,1,,0,,1.0,visa,87.0,0
154561,40.0,18,1,0.0,0,,10.0,visa,87.0,0
154564,50.0,18,1,,0,,1.0,mastercard,87.0,0
154565,15.0,18,1,,0,,1.0,visa,87.0,0
154585,30.0,18,1,,0,,1.0,visa,87.0,0
154592,100.0,18,1,142.0,0,,3.0,mastercard,87.0,0
154595,141.0,18,1,0.0,0,,3.0,mastercard,87.0,0
154614,25.0,18,1,,0,,1.0,visa,87.0,0
154636,92.0,18,1,13.0,0,,4.0,visa,87.0,0
154637,350.0,18,1,0.0,0,,2.0,visa,87.0,0
154638,57.95,18,1,0.0,0,,1.0,visa,87.0,0
154656,117.0,18,1,68.0,0,,1.0,mastercard,87.0,0
154663,107.95,18,1,11.0,0,,135.0,mastercard,87.0,0
154668,71.416,18,0,,0,,4.0,visa,,0
154685,295.0,18,1,,0,,2.0,mastercard,87.0,0
154700,15.0,18,1,,0,,1.0,visa,87.0,0
154750,311.95,18,1,2.0,0,,6.0,visa,87.0,0
154758,300.0,18,1,10.0,0,,1.0,visa,87.0,0
154758,75.0,18,1,,0,,1.0,american express,87.0,0
154806,87.0,19,1,,0,,2.0,mastercard,87.0,0
154815,107.95,19,1,895.0,0,,2.0,visa,87.0,0
154816,75.0,19,1,,0,,1.0,american express,87.0,0
154834,200.0,19,1,,0,,1.0,mastercard,87.0,0
154837,75.0,19,1,,0,,4.0,mastercard,87.0,0
154841,39.0,19,1,,0,,1.0,visa,87.0,0
154842,24.0,19,1,,0,,1.0,visa,87.0,0
154883,100.0,19,1,,0,,1.0,visa,87.0,0
154891,75.0,19,1,,0,,1.0,american express,87.0,0
154892,58.95,19,1,12.0,0,,2.0,mastercard,87.0,0
154898,209.95,19,1,,0,,2.0,mastercard,87.0,0
154898,652.0,19,1,,0,,5.0,mastercard,87.0,0
154900,30.0,19,1,5.0,0,,1.0,mastercard,87.0,0
154902,117.0,19,1,529.0,0,,3.0,visa,87.0,0
154910,3162.95,19,1,,0,,1.0,visa,87.0,0
154931,20.241,19,0,,0,,1.0,visa,,0
154931,42.95,19,1,,0,,3.0,visa,87.0,0
154934,25.0,19,1,,0,,1.0,visa,87.0,0
154940,54.5,19,1,,0,,1.0,visa,87.0,0
154959,50.0,19,1,,0,,1.0,visa,87.0,0
154959,445.0,19,1,,0,,1.0,mastercard,87.0,0
154968,311.95,19,1,,0,,6.0,mastercard,87.0,0
154970,381.95,19,1,,0,,5.0,mastercard,87.0,0
154972,100.0,19,1,,0,23.0,3.0,visa,87.0,0
154972,226.0,19,1,1.0,0,,3.0,visa,87.0,0
154976,584.99,19,1,3.0,0,,2.0,visa,87.0,0
154979,29.0,19,1,,0,,2.0,visa,87.0,0
154992,25.95,19,1,1.0,0,,2.0,visa,87.0,0
155009,40.0,19,1,,0,,1.0,visa,87.0,0
155038,117.0,19,1,11.0,0,,16.0,visa,87.0,0
155041,29.0,19,1,,0,,1.0,visa,87.0,0
155056,54.0,19,1,,0,,1.0,visa,87.0,0
155072,80.0,19,1,,0,,2.0,visa,87.0,0
155079,29.0,19,1,,0,,1.0,visa,87.0,0
155100,107.95,19,1,,0,,2.0,mastercard,87.0,0
155110,34.0,19,1,1.0,0,,1.0,mastercard,87.0,0
155111,30.0,19,1,,0,,2.0,mastercard,87.0,0
155120,66.341,19,0,,0,,1.0,mastercard,,0
155121,304.13,19,1,,0,,1.0,visa,87.0,0
155129,390.0,19,1,17.0,0,,6.0,visa,87.0,0
155149,75.0,19,1,,0,,1.0,mastercard,87.0,0
155153,280.0,19,1,,0,,1.0,mastercard,87.0,0
155163,226.0,19,1,15.0,0,,1.0,mastercard,87.0,0
155166,209.95,19,1,10.0,0,,5.0,mastercard,87.0,0
155169,70.0,19,1,,0,,5.0,visa,87.0,0
155174,150.0,19,1,1.0,0,,5.0,mastercard,87.0,0
155179,150.0,19,1,,0,,1.0,visa,87.0,0
155184,125.0,19,1,,0,,1.0,visa,87.0,0
155192,523.28,19,1,,0,,1.0,discover,87.0,0
155192,143.0,19,1,,0,,1.0,visa,87.0,0
155194,25.95,19,1,,0,,2.0,visa,87.0,0
155198,100.0,19,1,,0,,1.0,visa,87.0,0
155200,50.0,19,1,54.0,0,,10.0,mastercard,87.0,0
155207,109.0,19,1,21.0,0,,1.0,visa,87.0,0
155209,108.5,19,1,,0,,3.0,visa,87.0,0
155216,53.95,19,1,,0,,124.0,visa,87.0,0
155270,25.0,19,1,,0,,1.0,visa,87.0,0
155274,100.0,19,1,,0,,1.0,visa,87.0,0
155282,120.95,19,1,,0,,2.0,visa,87.0,0
155292,250.0,19,1,,0,,1.0,american express,87.0,0
155294,1119.95,19,1,,0,,1.0,mastercard,87.0,0
155301,130.95,19,1,3.0,0,,7.0,mastercard,87.0,0
155303,400.0,19,1,,0,,1.0,visa,87.0,0
155330,15.0,19,1,,0,,4.0,visa,87.0,0
155335,30.95,19,1,,0,,1.0,visa,87.0,0
155338,250.0,19,1,,0,,1.0,american express,87.0,0
155355,300.0,19,1,,0,,2.0,mastercard,87.0,0
155370,13.413,19,0,,0,,1.0,visa,,0
155380,109.0,19,1,,0,,1.0,mastercard,87.0,0
155386,489.95,19,1,,0,,1.0,visa,87.0,0
155390,196.0,19,1,1.0,0,,3.0,visa,87.0,0
155401,160.5,19,1,3.0,0,,2.0,mastercard,87.0,0
155403,50.0,19,1,,0,,1.0,visa,87.0,0
155423,59.0,19,1,,0,,1.0,mastercard,87.0,0
155431,100.0,19,1,,0,,2.0,visa,87.0,0
155433,50.0,19,1,,0,,1.0,mastercard,87.0,0
155436,150.0,19,1,2.0,0,,2.0,visa,87.0,0
155440,100.0,19,1,,0,,1.0,visa,87.0,0
155448,85.0,19,1,7.0,0,,1.0,mastercard,87.0,0
155457,117.0,19,1,,0,,1.0,visa,87.0,0
155468,100.0,19,1,,0,,1.0,visa,87.0,0
155485,40.0,19,1,0.0,0,,3.0,visa,87.0,0
155493,47.95,19,1,1.0,0,,5.0,mastercard,87.0,0
155496,139.95,19,1,,0,,1.0,mastercard,87.0,0
155496,47.95,19,1,4.0,0,,181.0,mastercard,87.0,0
155500,146.0,19,1,,0,,1.0,mastercard,87.0,0
155502,226.0,19,1,5.0,0,,3.0,mastercard,87.0,0
155504,125.95,19,1,21.0,0,,1.0,visa,87.0,0
155506,117.0,19,1,,0,,2.0,visa,87.0,1
155508,107.95,19,1,0.0,0,,3.0,mastercard,87.0,0
155510,20.0,19,1,,0,,1.0,mastercard,87.0,0
155519,26.706,19,0,,0,,1.0,visa,,0
155525,554.0,19,1,,0,,1.0,visa,87.0,0
155542,270.24,19,1,7.0,0,,1.0,visa,87.0,0
155589,200.0,19,1,,0,,3.0,visa,87.0,0
155606,87.99,19,1,995.0,0,,1.0,mastercard,87.0,0
155610,117.0,19,1,11.0,0,,1.0,visa,87.0,0
155626,49.0,19,1,12.0,0,,1.0,visa,87.0,0
155626,25.95,19,1,54.0,0,,5.0,visa,87.0,0
155636,65.0,19,1,979.0,0,,2.0,visa,87.0,0
155655,39.0,19,1,,0,,1.0,visa,87.0,0
155665,59.95,19,1,156.0,0,,1.0,mastercard,87.0,0
155688,83.95,19,1,0.0,0,,180.0,visa,87.0,0
155711,40.0,19,1,,0,,1.0,visa,87.0,0
155712,67.95,19,1,,0,,4.0,mastercard,87.0,0
155714,57.95,19,1,63.0,0,,7.0,mastercard,87.0,0
155730,171.0,19,1,,0,,1.0,mastercard,87.0,0
155731,50.0,19,1,,0,,1.0,visa,87.0,0
155736,39.95,19,1,,0,,1.0,visa,87.0,0
155753,58.728,19,0,,0,,1.0,visa,,0
155771,554.0,19,1,,0,,2.0,visa,87.0,0
155799,159.95,19,1,,0,,144.0,visa,87.0,0
155802,59.0,19,1,,0,,1.0,visa,87.0,0
155809,221.99,19,1,,0,,1.0,mastercard,87.0,0
155820,100.0,19,1,,0,,1.0,visa,87.0,0
155828,15.0,19,1,,0,,1.0,visa,87.0,0
155831,335.0,19,1,4.0,0,,2.0,visa,87.0,0
155834,226.0,19,1,,0,,1.0,visa,87.0,0
155839,209.95,19,1,,0,,1.0,mastercard,87.0,0
155852,20.0,19,1,,0,,1.0,visa,87.0,0
155876,684.95,19,1,4.0,0,,1.0,visa,87.0,0
155902,24.047,19,0,,0,,1.0,mastercard,,0
155904,35.95,19,1,,0,,23.0,visa,87.0,0
155914,50.269,19,0,,0,,1.0,mastercard,,0
155928,50.0,19,1,,0,,1.0,visa,87.0,0
155930,35.95,19,1,,0,,2.0,visa,87.0,0
155934,65.254,19,0,,0,,1.0,visa,,0
155944,50.0,19,1,,0,,1.0,mastercard,87.0,0
155948,20.0,19,1,1.0,0,,1.0,mastercard,87.0,0
155948,295.0,19,1,4.0,0,,2.0,visa,87.0,0
155960,50.0,19,1,,0,,4.0,visa,87.0,0
155963,50.0,19,1,,0,,1.0,visa,87.0,0
155972,107.95,19,1,,0,,1.0,visa,87.0,0
155989,50.0,19,1,,0,,108.0,visa,87.0,0
155991,57.95,19,1,,0,,3.0,mastercard,87.0,0
155997,39.0,19,1,,0,,1.0,visa,87.0,0
156002,59.95,19,1,15.0,0,,5.0,mastercard,87.0,0
156014,15.0,19,1,,0,,1.0,visa,87.0,0
156026,6.948,19,0,,0,,3.0,mastercard,,0
156032,8.542,19,0,,0,0.0,1.0,mastercard,,0
156033,97.0,19,1,,0,,208.0,visa,87.0,0
156035,117.0,19,1,440.0,0,,2.0,visa,87.0,0
156044,49.0,19,1,,0,,1.0,visa,87.0,0
156070,25.0,19,1,,0,,1.0,mastercard,87.0,0
156072,92.0,19,1,,0,,1.0,mastercard,87.0,0
156084,7.552,19,0,,0,,3.0,mastercard,,0
156104,49.0,19,1,,0,,5.0,visa,87.0,0
156134,628.95,19,1,,0,,1.0,visa,87.0,0
156142,50.0,19,1,,0,,1.0,visa,87.0,0
156148,35.95,19,1,,0,,11.0,mastercard,87.0,0
156159,47.95,19,1,244.0,0,,4.0,mastercard,87.0,0
156165,35.0,19,1,17.0,0,,1.0,mastercard,87.0,0
156188,1129.17,19,1,,0,,1.0,mastercard,87.0,0
156204,56.5,19,1,,0,,1.0,mastercard,87.0,0
156214,48.95,19,1,,0,,1.0,mastercard,87.0,0
156221,25.0,19,1,,0,,1.0,visa,87.0,0
156223,97.0,19,1,961.0,0,,1.0,visa,87.0,0
156225,117.0,19,1,,0,,1.0,visa,87.0,0
156226,107.95,19,1,,0,,1.0,visa,87.0,0
156257,97.0,19,1,13.0,0,,1.0,mastercard,87.0,0
156287,54.0,19,1,,0,,1.0,mastercard,87.0,0
156291,50.0,19,1,,0,,2.0,visa,87.0,0
156299,374.95,19,1,,0,,4.0,mastercard,87.0,0
156310,412.47,19,1,,0,,1.0,visa,87.0,0
156325,196.0,19,1,241.0,0,,3.0,visa,87.0,0
156334,25.0,19,1,,0,,9.0,visa,87.0,0
156334,23.0,19,1,,0,,1.0,visa,87.0,0
156338,25.0,19,1,,0,,1.0,visa,87.0,0
156339,50.0,19,1,,0,,1.0,visa,87.0,0
156369,585.95,19,1,,0,,1.0,visa,87.0,0
156376,49.0,19,1,11.0,0,,1.0,mastercard,87.0,0
156376,50.0,19,1,,0,,2.0,visa,87.0,0
156388,25.0,19,1,,0,,3.0,mastercard,87.0,0
156394,374.95,19,1,17.0,0,,1.0,mastercard,87.0,0
156417,39.0,19,1,,0,,1.0,mastercard,87.0,0
156424,100.0,19,1,,0,,1.0,visa,96.0,0
156447,25.0,19,1,,0,,1.0,visa,87.0,0
156457,107.95,19,1,3.0,0,,2.0,visa,87.0,0
156458,100.0,19,1,,0,,1.0,mastercard,87.0,0
156464,226.0,19,1,6.0,0,,1.0,visa,87.0,0
156471,49.0,19,1,,0,,2.0,mastercard,87.0,0
156474,27.0,19,1,670.0,0,,4.0,mastercard,87.0,0
156482,209.95,19,1,,0,,1.0,visa,87.0,0
156521,100.0,19,1,0.0,0,,3.0,mastercard,87.0,0
156535,50.0,19,1,,0,,735.0,discover,87.0,0
156546,29.0,19,1,,0,,1.0,visa,87.0,0
156558,100.0,19,1,,0,,4.0,visa,87.0,0
156559,150.0,19,1,,0,,1.0,visa,87.0,0
156573,59.0,19,1,,0,,1.0,visa,87.0,0
156574,6.525,19,0,,0,,1.0,visa,,0
156591,87.99,19,1,1.0,0,,2.0,visa,87.0,0
156594,226.0,19,1,6.0,0,,2.0,visa,87.0,0
156602,49.0,19,1,15.0,0,,1.0,visa,87.0,0
156623,6.065,19,0,,0,0.0,16.0,mastercard,,0
156638,107.95,19,1,9.0,0,,2.0,visa,87.0,0
156644,445.0,19,1,,0,,1.0,visa,87.0,0
156666,27.0,19,1,670.0,0,,4.0,mastercard,87.0,0
156668,100.0,19,1,,0,,6.0,visa,87.0,0
156692,100.0,19,1,23.0,0,,1.0,visa,87.0,0
156700,311.95,19,1,6.0,0,,6.0,mastercard,87.0,0
156700,10.755,19,0,,0,,1.0,mastercard,,0
156708,6.065,19,0,,0,,7.0,mastercard,,0
156715,100.0,19,1,,0,,3.0,visa,87.0,0
156717,69.785,19,0,,0,,5.0,visa,,1
156734,25.0,19,1,,0,,3.0,mastercard,87.0,0
156753,77.99,19,1,,0,,1.0,mastercard,87.0,0
156763,77.95,19,1,,0,,8.0,visa,87.0,0
156779,49.0,19,1,,0,,1.0,mastercard,87.0,0
156798,29.0,19,1,,0,,1.0,mastercard,87.0,0
156799,6.065,19,0,,0,0.0,7.0,mastercard,,0
156813,59.0,19,1,,0,,4.0,mastercard,87.0,0
156835,50.0,19,1,,0,,1.0,mastercard,87.0,0
156847,40.0,19,1,,0,,1.0,mastercard,87.0,0
156853,57.95,19,1,362.0,0,,25.0,visa,87.0,0
156861,77.95,19,1,,0,,3.0,mastercard,87.0,0
156866,50.0,19,1,,0,,3.0,visa,87.0,0
156886,226.0,19,1,143.0,0,,1.0,visa,87.0,0
156890,26.585,19,0,,0,,1.0,visa,,0
156891,100.0,19,1,,0,,1.0,american express,87.0,0
156897,1950.38,19,1,,0,,1.0,visa,87.0,0
156905,100.0,19,1,,0,,5.0,visa,87.0,0
156913,71.658,19,0,,0,,1.0,visa,,0
156916,107.95,19,1,0.0,0,,3.0,mastercard,87.0,0
156923,35.0,19,1,,0,,119.0,visa,87.0,0
156925,149.95,19,1,10.0,0,,8.0,mastercard,87.0,0
156944,700.0,19,1,,0,,1.0,visa,87.0,0
156972,200.0,19,1,,0,,1.0,visa,87.0,0
156975,117.0,19,1,0.0,0,,3.0,mastercard,87.0,1
156983,59.0,19,1,4.0,0,,1.0,mastercard,87.0,0
156996,200.0,19,1,12.0,0,,1.0,visa,87.0,0
156998,21.0,19,1,,0,,1.0,visa,87.0,0
157006,64.649,19,0,,0,,3.0,visa,,0
157028,353.47,19,1,,0,,2.0,mastercard,87.0,0
157051,75.0,19,1,,0,,1.0,visa,87.0,0
157060,171.0,19,1,799.0,0,,4.0,mastercard,87.0,0
157064,40.0,19,1,2.0,0,,3.0,mastercard,87.0,0
157077,24.5,19,1,15.0,0,,1.0,visa,87.0,0
157087,108.5,19,1,1058.0,0,,1.0,mastercard,87.0,0
157092,149.95,19,1,10.0,0,,8.0,mastercard,87.0,0
157095,39.0,19,1,792.0,0,,1.0,visa,87.0,0
157096,117.0,19,1,,0,,1.0,visa,87.0,0
157106,107.95,19,1,,0,,4.0,mastercard,87.0,0
157106,109.0,19,1,635.0,0,,1.0,mastercard,87.0,0
157110,209.95,19,1,26.0,0,,148.0,visa,87.0,0
157127,20.0,19,1,6.0,0,,1.0,visa,87.0,0
157157,92.0,19,1,12.0,0,,1.0,mastercard,87.0,0
157161,200.0,19,1,,0,,5.0,mastercard,87.0,0
157171,89.0,19,1,635.0,0,,1.0,mastercard,87.0,0
157171,57.95,19,1,,0,,1.0,mastercard,87.0,0
157174,117.0,19,1,,0,,1.0,mastercard,87.0,0
157208,25.95,19,1,,0,,1.0,mastercard,87.0,0
157211,159.0,19,1,,0,,3.0,visa,87.0,0
157223,57.95,19,1,0.0,0,,2.0,visa,87.0,0
157227,57.95,19,1,362.0,0,,25.0,visa,87.0,0
157227,47.95,19,1,9.0,0,,5.0,mastercard,87.0,0
157229,117.0,19,1,,0,,1.0,visa,87.0,0
157232,30.0,19,1,7.0,0,,6.0,visa,87.0,0
157234,175.0,19,1,,0,18.0,1.0,visa,96.0,0
157235,59.0,19,1,,0,,2.0,mastercard,87.0,0
157236,49.0,19,1,3.0,0,,8.0,visa,87.0,0
157249,44.5,19,1,18.0,0,,1.0,visa,87.0,0
157264,97.0,19,1,,0,,4.0,mastercard,87.0,0
157269,171.0,19,1,,0,,4.0,visa,87.0,0
157273,44.0,19,1,,0,,2.0,mastercard,87.0,0
157274,149.89,19,1,1.0,0,,1.0,mastercard,87.0,0
157292,58.0,19,1,11.0,0,,2.0,visa,87.0,0
157294,97.0,19,1,,0,,1.0,mastercard,87.0,0
157296,210.0,19,1,,0,,1.0,visa,87.0,0
157297,30.95,19,1,4.0,0,,4.0,visa,87.0,0
157315,42.596,19,0,,0,437.0,2.0,visa,,0
157335,49.0,19,1,,0,,3.0,mastercard,87.0,0
157360,34.0,19,1,,0,,1.0,visa,87.0,0
157367,226.0,19,1,,0,,1.0,visa,87.0,0
157373,80.0,19,1,2.0,0,,1.0,mastercard,87.0,0
157388,117.0,19,1,,0,,2.0,visa,87.0,0
157389,25.95,19,1,362.0,0,,25.0,visa,87.0,0
157393,357.91,19,1,,0,,1.0,mastercard,87.0,0
157393,59.0,19,1,,0,,1.0,mastercard,87.0,0
157414,50.0,19,1,,0,214.0,1.0,visa,87.0,0
157426,2494.95,19,1,,0,,1.0,visa,87.0,0
157434,30.95,19,1,11.0,0,,3.0,visa,87.0,0
157443,56.5,19,1,13.0,0,,2.0,mastercard,87.0,0
157461,65.0,19,1,979.0,0,,2.0,visa,87.0,0
157461,87.99,19,1,3.0,0,,1.0,visa,87.0,0
157474,102.0,19,1,,0,,1.0,mastercard,87.0,0
157474,108.5,19,1,,0,,1.0,visa,87.0,0
157482,280.0,19,1,9.0,0,,1.0,visa,87.0,0
157518,130.5,19,1,22.0,0,,1.0,visa,87.0,0
157520,14.26,19,0,,0,,1.0,mastercard,,1
157522,200.0,19,1,,0,,1.0,visa,87.0,0
157522,186.0,19,1,1.0,0,,2.0,mastercard,87.0,0
157544,47.95,19,1,,0,,3.0,mastercard,87.0,0
157548,6.948,19,0,,0,,3.0,visa,,0
157549,50.0,19,1,,0,,1.0,visa,87.0,0
157562,315.0,19,1,,0,,5.0,visa,87.0,0
157564,261.95,19,1,,0,,2.0,mastercard,87.0,0
157570,50.874,19,0,,0,,1.0,visa,,0
157572,49.0,19,1,,0,,1.0,mastercard,87.0,0
157574,200.0,19,1,,0,,1.0,visa,87.0,0
157585,255.07,19,1,,0,,1.0,visa,87.0,0
157604,117.0,19,1,,0,,1.0,visa,87.0,0
157624,500.0,19,1,,0,311.0,2.0,visa,87.0,0
157628,34.0,19,1,5.0,0,,4.0,visa,87.0,0
157630,6.948,19,0,,0,,3.0,visa,,0
157644,768.95,19,1,,0,,1.0,mastercard,87.0,0
157645,57.95,19,1,,0,,1.0,visa,87.0,0
157649,28.579,19,0,,0,226.0,1.0,mastercard,,0
157653,109.0,19,1,21.0,0,,1.0,visa,87.0,0
157678,2079.95,19,1,,0,,2.0,mastercard,87.0,0
157687,87.99,19,1,3.0,0,,1.0,visa,87.0,0
157687,60.0,19,1,,0,,4.0,visa,87.0,0
157698,997.47,19,1,9.0,0,,2.0,mastercard,87.0,0
157733,29.0,19,1,0.0,0,,1.0,visa,87.0,0
157735,14.26,19,0,,0,,1.0,mastercard,,1
157742,97.0,19,1,,0,,1.0,mastercard,87.0,0
157750,186.0,19,1,,0,,1.0,visa,87.0,0
157770,59.0,19,1,,0,,2.0,mastercard,87.0,0
157775,67.95,19,1,,0,,1.0,visa,87.0,0
157795,39.0,19,1,17.0,0,,2.0,mastercard,87.0,0
157798,34.0,19,1,925.0,0,,1.0,mastercard,87.0,0
157818,6.948,19,0,,0,128.0,3.0,visa,,0
157821,363.5,19,1,,0,,1.0,visa,87.0,0
157829,107.95,19,1,,0,,2.0,mastercard,87.0,0
157833,31.95,19,1,,0,,1.0,visa,87.0,0
157834,29.0,19,1,,0,,1.0,visa,87.0,0
157838,49.0,19,1,,0,,1.0,mastercard,87.0,0
157849,17.95,19,1,,0,,4.0,visa,87.0,0
157851,50.0,19,1,,0,,1.0,mastercard,87.0,0
157851,75.0,19,1,,0,,1.0,visa,87.0,0
157865,59.0,19,1,,0,,1.0,mastercard,87.0,0
157879,33.25,19,1,,0,,2.0,mastercard,87.0,0
157884,120.0,19,1,13.0,0,,1.0,mastercard,87.0,0
157894,50.0,19,1,,0,,1.0,visa,87.0,0
157895,35.0,19,1,,0,,1.0,mastercard,87.0,0
157903,100.0,19,1,,0,,1.0,mastercard,87.0,0
157904,476.99,19,1,,0,,1.0,visa,87.0,0
157909,200.0,19,1,,0,,1.0,mastercard,87.0,0
157919,35.0,19,1,,0,,1.0,mastercard,87.0,0
157951,100.0,19,1,,0,,3.0,mastercard,87.0,0
157953,107.95,19,1,11.0,0,,12.0,mastercard,87.0,0
157960,360.0,19,1,,0,,1.0,visa,87.0,0
157961,350.0,19,1,,0,,1.0,mastercard,87.0,0
157997,10.0,19,1,,0,,35.0,mastercard,87.0,1
158006,117.0,19,1,,0,,1.0,visa,87.0,0
158022,40.0,19,1,2.0,0,,3.0,mastercard,87.0,0
158043,49.0,19,1,,0,,5.0,visa,87.0,0
158047,57.95,19,1,197.0,0,,4.0,visa,87.0,0
158049,156.0,19,1,2.0,0,,2.0,visa,87.0,0
158071,10.0,19,1,,0,,35.0,mastercard,87.0,1
158106,59.0,19,1,,0,,1.0,visa,87.0,0
158108,10.0,19,1,,0,,35.0,mastercard,87.0,1
158134,209.95,19,1,,0,,130.0,visa,87.0,0
158138,72.0,19,1,,0,,2.0,mastercard,87.0,0
158148,503.95,19,1,,0,,1.0,visa,87.0,0
158150,14.138,19,0,,0,,2.0,visa,,0
158162,35.95,19,1,,0,,4.0,mastercard,87.0,0
158180,75.0,19,1,,0,,1.0,visa,87.0,0
158200,54.5,19,1,,0,,2.0,visa,87.0,0
158210,300.0,19,1,,0,,2.0,visa,87.0,0
158218,390.0,19,1,,0,,7.0,visa,87.0,0
158222,75.0,19,1,,0,,135.0,visa,87.0,0
158225,58.95,19,1,,0,,4.0,visa,87.0,0
158233,38.97,19,1,,0,,12.0,visa,87.0,0
158243,214.128,19,0,,0,,1.0,visa,,0
158275,117.0,19,1,,0,,1.0,mastercard,87.0,0
158286,49.0,19,1,,0,,1.0,mastercard,87.0,0
158296,14.138,19,0,,0,,2.0,mastercard,,0
158300,226.0,19,1,,0,,5.0,mastercard,87.0,0
158323,944.95,19,1,,0,,1.0,visa,87.0,0
158332,117.0,19,1,11.0,0,,5.0,visa,87.0,0
158337,119.95,19,1,,0,,4.0,visa,87.0,0
158349,50.0,19,1,,0,,1.0,mastercard,87.0,0
158357,57.95,19,1,7.0,0,,3.0,visa,87.0,0
158380,29.5,19,1,1.0,0,,1.0,mastercard,87.0,0
158394,18.67,19,0,,0,,2.0,mastercard,,0
158396,94.376,19,0,,0,,1.0,mastercard,,0
158396,113.0,19,1,2.0,0,,1.0,visa,87.0,0
158407,54.862,20,0,,0,,1.0,visa,,0
158418,47.95,20,1,11.0,0,,18.0,mastercard,87.0,0
158419,50.0,20,1,,0,,1.0,visa,87.0,0
158467,75.0,20,1,1.0,0,,4.0,visa,87.0,0
158477,154.95,20,1,6.0,0,,121.0,visa,87.0,0
158481,6.948,20,0,,0,,1.0,visa,,0
158482,35.0,20,1,,0,,1.0,visa,87.0,0
158482,92.5,20,1,,0,,3.0,visa,87.0,0
158510,287.95,20,1,1.0,0,,2.0,visa,87.0,0
158515,117.0,20,1,,0,,3.0,visa,87.0,0
158518,59.0,20,1,549.0,0,,1.0,mastercard,87.0,0
158523,77.95,20,1,8.0,0,,2.0,visa,87.0,0
158524,200.0,20,1,3.0,0,,6.0,mastercard,87.0,0
158530,226.0,20,1,,0,,6.0,visa,87.0,0
158536,82.95,20,1,,0,,2.0,mastercard,87.0,0
158538,180.0,20,1,2.0,0,,1.0,mastercard,87.0,0
158539,58.95,20,1,,0,,1.0,visa,87.0,0
158558,107.95,20,1,4.0,0,,1.0,visa,87.0,0
158568,50.0,20,1,,0,,1.0,visa,87.0,0
158577,24.5,20,1,,0,,1.0,mastercard,87.0,0
158578,59.0,20,1,81.0,0,,1.0,mastercard,87.0,0
158582,82.95,20,1,,0,,1.0,mastercard,87.0,0
158599,25.0,20,1,,0,,1.0,visa,87.0,0
158603,117.0,20,1,2.0,0,,5.0,discover,87.0,0
158604,323.0,20,1,2457.0,0,,1.0,visa,87.0,0
158622,59.0,20,1,,0,,1.0,visa,87.0,0
158661,70.027,20,0,,0,,1.0,visa,,0
158664,80.0,20,1,,0,,3.0,visa,87.0,0
158671,150.0,20,1,,0,,1.0,mastercard,87.0,0
158719,400.99,20,1,,0,,1.0,visa,87.0,0
158723,50.0,20,1,,0,,1.0,mastercard,87.0,0
158724,70.0,20,1,20.0,0,,1.0,mastercard,87.0,0
158741,100.0,20,1,,0,,1.0,visa,87.0,0
158741,210.64,20,1,,0,,1.0,visa,87.0,0
158774,40.0,20,1,,0,,1.0,mastercard,87.0,0
158776,49.0,20,1,549.0,0,,1.0,mastercard,87.0,0
158793,445.0,20,1,6.0,0,,1.0,visa,87.0,0
158793,141.0,20,1,639.0,0,,1.0,mastercard,87.0,0
158794,200.0,20,1,,0,,2.0,visa,87.0,0
158798,63.804,20,0,,0,7.0,2.0,visa,,0
158827,75.0,20,1,,0,,2.0,mastercard,87.0,0
158829,35.95,20,1,15.0,0,,4.0,visa,87.0,0
158831,412.95,20,1,41.0,0,,2.0,visa,87.0,0
158832,50.0,20,1,,0,,2.0,visa,87.0,0
158834,171.0,20,1,,0,,1.0,visa,87.0,0
158885,50.0,20,1,,0,,1.0,mastercard,87.0,0
158896,150.0,20,1,,0,,1.0,visa,87.0,0
158918,100.0,20,1,,0,,2.0,visa,87.0,0
158933,29.0,20,1,,0,,1.0,visa,87.0,0
158938,226.0,20,1,1.0,0,,1.0,visa,87.0,0
158945,49.0,20,1,,0,,2.0,mastercard,87.0,0
158947,226.0,20,1,,0,,2.0,visa,87.0,0
158951,50.0,20,1,,0,,1.0,visa,87.0,0
158956,15.709,20,0,,0,7.0,3.0,mastercard,,0
158959,50.0,20,1,,0,,9.0,visa,87.0,0
158985,10.0,20,1,,0,,1.0,visa,87.0,0
158991,595.03,20,1,,0,,1.0,mastercard,87.0,0
158997,58.95,20,1,,0,,1.0,visa,87.0,0
158998,226.0,20,1,,0,,1.0,visa,87.0,0
159009,68.5,20,1,,0,,1.0,visa,87.0,0
159015,35.0,20,1,,0,,1.0,visa,87.0,0
159017,34.0,20,1,,0,,6.0,visa,87.0,0
159024,35.95,20,1,2.0,0,,2.0,visa,87.0,0
159032,20.0,20,1,,0,,1.0,visa,87.0,0
159046,113.95,20,1,,0,,8.0,visa,87.0,0
159085,844.95,20,1,,0,,1.0,mastercard,87.0,0
159093,117.0,20,1,9.0,0,,2.0,visa,87.0,0
159110,59.0,20,1,,0,,1.0,mastercard,87.0,0
159168,139.95,20,1,,0,,1.0,visa,87.0,0
159186,200.0,20,1,,0,,2.0,visa,87.0,0
159196,34.0,20,1,,0,,1.0,visa,87.0,0
159206,100.0,20,1,,0,,1.0,visa,87.0,0
159215,141.0,20,1,,0,,1.0,visa,87.0,0
159245,300.0,20,1,,0,,1.0,visa,87.0,0
159248,400.0,20,1,,0,14.0,2.0,visa,87.0,0
159251,105.95,20,1,12.0,0,,79.0,mastercard,87.0,0
159283,117.0,20,1,293.0,0,,3.0,visa,87.0,0
159289,125.0,20,1,,0,,1.0,visa,87.0,0
159298,2.538,20,0,,0,,1.0,mastercard,,0
159315,68.5,20,1,,0,,2.0,visa,87.0,0
159341,50.0,20,1,,0,,1.0,visa,87.0,0
159358,39.0,20,1,10.0,0,,1.0,mastercard,87.0,0
159363,209.95,20,1,329.0,0,,1.0,mastercard,87.0,0
159365,108.95,20,1,14.0,0,,3.0,visa,87.0,0
159365,150.0,20,1,,0,,1.0,visa,87.0,0
159385,50.0,20,1,,0,,1.0,visa,87.0,0
159392,83.5,20,1,11.0,0,,3.0,visa,87.0,0
159394,10.0,20,1,,0,,1.0,visa,87.0,0
159398,117.0,20,1,143.0,0,,2.0,mastercard,87.0,0
159408,159.95,20,1,4.0,0,,4.0,visa,87.0,0
159412,50.0,20,1,,0,,10.0,mastercard,87.0,0
159426,53.97,20,1,27.0,0,,3.0,visa,87.0,0
159433,614.0,20,1,8.0,0,,1.0,visa,87.0,0
159434,1052.0,20,1,,0,,1.0,visa,87.0,0
159447,125.0,20,1,,0,,1.0,visa,87.0,0
159455,117.0,20,1,,0,,1.0,mastercard,87.0,0
159459,190.0,20,1,,0,,2.0,visa,87.0,0
159489,150.0,20,1,,0,,1.0,visa,87.0,0
159501,578.95,20,1,,0,,2.0,mastercard,87.0,0
159528,62.95,20,1,,0,,2.0,mastercard,87.0,0
159538,57.95,20,1,3.0,0,,3.0,mastercard,87.0,0
159546,2079.95,20,1,,0,,2.0,mastercard,87.0,0
159554,125.0,20,1,,0,,1.0,visa,87.0,0
159568,77.0,20,1,196.0,0,,3.0,mastercard,87.0,0
159568,47.95,20,1,0.0,0,,1.0,visa,87.0,0
159569,35.95,20,1,2.0,0,,1.0,mastercard,87.0,0
159571,554.0,20,1,31.0,0,,1.0,visa,87.0,0
159584,39.0,20,1,50.0,0,,7.0,mastercard,87.0,0
159584,117.0,20,1,,0,,2.0,visa,87.0,0
159587,100.0,20,1,,0,,1.0,visa,87.0,0
159591,52.95,20,1,0.0,0,,3.0,visa,87.0,0
159611,65.0,20,1,,0,,1.0,visa,87.0,0
159627,226.0,20,1,1.0,0,,1.0,visa,87.0,0
159683,226.0,20,1,,0,,1.0,mastercard,87.0,0
159691,226.0,20,1,,0,,2.0,mastercard,87.0,0
159691,30.95,20,1,3.0,0,,1.0,mastercard,87.0,0
159724,141.0,20,1,,0,,2.0,visa,87.0,0
159730,68.5,20,1,1304.0,0,,2.0,mastercard,87.0,0
159732,125.0,20,1,,0,,1.0,visa,87.0,0
159736,59.0,20,1,,0,,1.0,visa,87.0,0
159741,59.0,20,1,9.0,0,,2.0,mastercard,87.0,0
159771,30.95,20,1,0.0,0,,120.0,visa,87.0,0
159786,50.0,20,1,,0,,1.0,mastercard,87.0,0
159811,161.0,20,1,,0,,1.0,visa,87.0,0
159820,35.95,20,1,,0,,8.0,visa,87.0,0
159829,58.004,20,0,,0,,1.0,mastercard,,1
159840,150.0,20,1,,0,,1.0,american express,87.0,0
159845,57.95,20,1,,0,,3.0,mastercard,87.0,0
159863,27.5,20,1,,0,,1.0,mastercard,87.0,0
159876,32.97,20,1,9.0,0,,2.0,visa,87.0,0
159876,280.0,20,1,200.0,0,,3.0,mastercard,87.0,0
159876,58.004,20,0,,0,,61.0,mastercard,,1
159899,25.0,20,1,,0,,1.0,mastercard,87.0,0
159901,50.0,20,1,9.0,0,,1.0,mastercard,87.0,0
159904,30.95,20,1,1.0,0,,83.0,visa,87.0,0
159908,100.0,20,1,,0,,2.0,mastercard,87.0,0
159913,45.0,20,1,,0,,1.0,mastercard,87.0,0
159922,200.0,20,1,,0,,0.0,mastercard,87.0,1
159931,105.95,20,1,,0,,2.0,visa,87.0,0
159939,150.0,20,1,,0,,1.0,mastercard,87.0,0
159941,49.0,20,1,6.0,0,,1.0,visa,87.0,0
159948,200.0,20,1,,0,,0.0,mastercard,87.0,1
159962,57.95,20,1,197.0,0,,1.0,visa,87.0,0
159990,527.0,20,1,,0,,2.0,mastercard,87.0,1
159992,105.63,20,1,,0,,1.0,visa,87.0,0
159996,117.0,20,1,,0,,1.0,mastercard,87.0,0
160008,170.0,20,1,,0,,2.0,visa,87.0,0
160032,117.0,20,1,1.0,0,,1.0,visa,87.0,0
160033,40.0,20,1,,0,,3.0,visa,87.0,1
160048,100.0,20,1,,0,,1.0,visa,87.0,0
160048,25.95,20,1,,0,,2.0,mastercard,87.0,0
160050,129.95,20,1,1.0,0,,2.0,visa,87.0,0
160053,150.0,20,1,,0,,1.0,visa,87.0,0
160080,57.95,20,1,23.0,0,,1.0,mastercard,87.0,0
160093,1877.07,20,1,,0,,1.0,visa,87.0,0
160094,158.5,20,1,,0,,1.0,visa,87.0,0
160120,481.95,20,1,,0,,1.0,visa,87.0,0
160126,100.0,20,1,,0,,1.0,visa,87.0,0
160139,100.0,20,1,,0,,1.0,visa,87.0,0
160143,39.0,20,1,,0,,1.0,visa,87.0,0
160154,34.0,20,1,,0,,1.0,mastercard,87.0,0
160168,100.0,20,1,,0,,2.0,visa,87.0,0
160175,39.0,20,1,8.0,0,,1.0,mastercard,87.0,0
160177,29.0,20,1,,0,,1.0,mastercard,87.0,0
160183,59.95,20,1,27.0,0,,3.0,visa,87.0,0
160185,40.0,20,1,2.0,0,,3.0,mastercard,87.0,0
160188,150.0,20,1,,0,,1.0,visa,87.0,0
160200,40.0,20,1,25.0,0,,1.0,visa,87.0,0
160211,30.0,20,1,,0,,1.0,visa,87.0,0
160217,214.95,20,1,,0,,1.0,visa,87.0,0
160222,50.0,20,1,,0,,6.0,visa,87.0,0
160224,700.95,20,1,,0,,1.0,mastercard,87.0,0
160227,107.95,20,1,,0,,2.0,visa,87.0,0
160261,150.0,20,1,,0,,1.0,mastercard,87.0,1
160284,49.0,20,1,48.0,0,,3.0,visa,87.0,1
160296,22.97,20,1,,0,,1.0,visa,87.0,0
160298,150.0,20,1,,0,,1.0,mastercard,87.0,1
160307,200.0,20,1,,0,,1.0,mastercard,87.0,0
160309,59.0,20,1,,0,,1.0,visa,87.0,0
160321,39.0,20,1,,0,,28.0,visa,87.0,0
160329,209.95,20,1,4.0,0,,1.0,visa,87.0,0
160337,75.0,20,1,,0,14.0,2.0,visa,87.0,0
160338,50.0,20,1,6.0,0,,2.0,visa,87.0,0
160349,83.95,20,1,0.0,0,,1.0,mastercard,87.0,0
160354,100.0,20,1,,0,,1.0,american express,87.0,0
160396,47.95,20,1,2.0,0,,3.0,mastercard,87.0,0
160396,226.0,20,1,,0,,1.0,visa,87.0,0
160399,150.0,20,1,,0,,2.0,visa,87.0,0
160414,93.95,20,1,,0,,1.0,mastercard,87.0,0
160433,59.0,20,1,7.0,0,,1.0,visa,87.0,0
160438,34.5,20,1,2.0,0,,1.0,mastercard,87.0,0
160448,57.95,20,1,,0,,6.0,visa,87.0,0
160474,150.0,20,1,,0,,1.0,visa,87.0,0
160483,50.0,20,1,,0,,1.0,mastercard,87.0,0
160492,102.0,20,1,0.0,0,,2.0,mastercard,87.0,0
160505,30.95,20,1,12.0,0,,150.0,visa,87.0,0
160512,40.0,20,1,,0,,1.0,mastercard,87.0,0
160515,335.17,20,1,,0,,1.0,mastercard,87.0,0
160545,222.0,20,1,3.0,0,,4.0,visa,87.0,0
160550,100.0,20,1,,0,,1.0,american express,87.0,0
160573,107.95,20,1,0.0,0,,1.0,visa,87.0,0
160579,77.95,20,1,,0,,8.0,mastercard,87.0,0
160580,77.0,20,1,8.0,0,,1.0,mastercard,87.0,1
160583,100.0,20,1,,0,,1.0,visa,87.0,0
160596,82.0,20,1,10.0,0,,1.0,visa,87.0,0
160597,50.0,20,1,,0,,2.0,visa,87.0,0
160615,105.0,20,1,,0,,2.0,visa,87.0,0
160615,49.0,20,1,13.0,0,,1.0,mastercard,87.0,0
160618,49.0,20,1,91.0,0,,1.0,visa,87.0,0
160627,226.0,20,1,,0,,1.0,visa,87.0,0
160633,49.0,20,1,47.0,0,,2.0,visa,87.0,0
160643,151.0,20,1,1.0,0,,2.0,mastercard,87.0,0
160646,200.0,20,1,482.0,0,,1.0,visa,87.0,0
160672,50.0,20,1,23.0,0,,1.0,mastercard,87.0,0
160691,150.0,20,1,,0,,12.0,visa,87.0,0
160692,2907.95,20,1,,0,,2.0,visa,87.0,0
160692,70.0,20,1,,0,,2.0,visa,87.0,0
160705,40.0,20,1,,0,,2.0,mastercard,87.0,0
160706,854.95,20,1,,0,,1.0,mastercard,87.0,0
160708,59.0,20,1,0.0,0,,1.0,visa,87.0,0
160740,50.0,20,1,,0,,3.0,mastercard,87.0,0
160744,226.0,20,1,,0,,2.0,visa,87.0,0
160751,78.95,20,1,,0,,3.0,visa,87.0,0
160753,70.0,20,1,,0,,1.0,visa,87.0,0
160767,81.325,20,0,,0,,1.0,mastercard,,0
160767,25.0,20,1,,0,,3.0,visa,87.0,0
160800,107.95,20,1,2.0,0,,8.0,mastercard,87.0,0
160802,50.0,20,1,,0,,1.0,visa,87.0,0
160808,58.95,20,1,,0,,1.0,visa,87.0,0
160809,600.0,20,1,,0,,1.0,mastercard,87.0,0
160823,57.95,20,1,23.0,0,,1.0,mastercard,87.0,0
160834,40.0,20,1,,0,,1.0,visa,87.0,0
160855,150.0,20,1,,0,,2.0,visa,87.0,1
160871,100.0,20,1,,0,,1.0,visa,87.0,0
160875,107.95,20,1,2.0,0,,2.0,mastercard,87.0,0
160915,213.59,20,1,,0,,1.0,mastercard,87.0,0
160926,59.0,20,1,,0,,2.0,visa,87.0,0
160969,160.0,20,1,,0,,1.0,visa,87.0,0
160979,26.95,20,1,,0,,1.0,visa,87.0,0
160982,308.86,20,1,1294.0,0,,1.0,visa,87.0,0
160995,57.95,20,1,,0,,1.0,mastercard,87.0,0
161011,75.0,20,1,,0,,1.0,visa,87.0,0
161012,59.0,20,1,25.0,0,,1.0,visa,87.0,0
161021,34.0,20,1,5.0,0,,3.0,visa,87.0,0
161031,25.0,20,1,,0,,3.0,visa,87.0,0
161052,57.95,20,1,,0,,11.0,visa,87.0,0
161058,100.0,20,1,,0,,142.0,visa,87.0,0
161066,100.0,20,1,17.0,0,,2.0,visa,87.0,0
161068,59.0,20,1,,0,,1.0,visa,87.0,0
161076,171.0,20,1,,0,,2.0,visa,87.0,0
161115,59.0,20,1,,0,,1.0,visa,87.0,0
161130,159.95,20,1,1.0,0,,2.0,visa,87.0,0
161145,92.0,20,1,,0,,1.0,visa,87.0,0
161145,209.95,20,1,1289.0,0,,27.0,visa,87.0,0
161166,150.0,20,1,2.0,0,,3.0,mastercard,87.0,0
161174,117.0,20,1,,0,,2.0,visa,87.0,0
161184,29.0,20,1,1110.0,0,,1.0,mastercard,87.0,0
161234,59.0,20,1,425.0,0,,4.0,visa,87.0,0
161234,47.95,20,1,,0,,11.0,visa,87.0,0
161236,40.0,20,1,,0,,1.0,visa,87.0,0
161239,107.95,20,1,,0,,2.0,discover,87.0,0
161249,249.73,20,1,691.0,0,,1.0,visa,87.0,0
161257,59.0,20,1,5.0,0,,1.0,mastercard,87.0,0
161267,50.0,20,1,,0,,5.0,mastercard,87.0,0
161281,500.0,20,1,5.0,0,,1.0,mastercard,87.0,0
161281,36.5,20,1,,0,,1.0,mastercard,87.0,0
161291,110.085,20,0,,0,,1.0,visa,,0
161318,59.0,20,1,26.0,0,,105.0,mastercard,87.0,0
161322,40.0,20,1,2.0,0,,3.0,mastercard,87.0,0
161362,35.0,20,1,,0,,1.0,visa,87.0,0
161371,227.17,20,1,232.0,0,,1.0,mastercard,87.0,0
161380,108.95,20,1,209.0,0,,3.0,mastercard,87.0,0
161411,157.817,20,0,,0,30.0,1.0,mastercard,,0
161412,226.0,20,1,,0,,1.0,visa,87.0,0
161417,171.0,20,1,2.0,0,,3.0,mastercard,87.0,0
161435,92.0,20,1,,0,,1.0,visa,87.0,0
161444,35.95,20,1,,0,,5.0,mastercard,87.0,0
161456,250.0,20,1,,0,,1.0,visa,87.0,0
161465,146.0,20,1,,0,,1.0,mastercard,87.0,0
161473,117.0,20,1,32.0,0,,8.0,mastercard,87.0,0
161475,50.0,20,1,,0,,1.0,visa,87.0,0
161475,36.95,20,1,,0,,3.0,mastercard,87.0,0
161497,466.95,20,1,6.0,0,,6.0,visa,87.0,0
161499,117.0,20,1,,0,,1.0,visa,87.0,0
161506,100.0,20,1,,0,,1.0,american express,87.0,0
161544,25.95,20,1,,0,,7.0,visa,87.0,0
161547,60.0,20,1,,0,,2.0,mastercard,87.0,0
161562,51.0,20,1,14.0,0,,5.0,mastercard,87.0,0
161582,50.0,20,1,595.0,0,,1.0,mastercard,87.0,0
161584,59.0,20,1,,0,,1.0,mastercard,87.0,0
161590,107.95,20,1,,0,,4.0,visa,87.0,0
161605,49.0,20,1,,0,,1.0,visa,87.0,0
161606,82.95,20,1,33.0,0,,1.0,visa,87.0,0
161610,150.0,20,1,11.0,0,,12.0,visa,87.0,0
161624,50.0,20,1,,0,,1.0,visa,87.0,0
161628,100.0,20,1,,0,,733.0,visa,87.0,0
161640,150.0,20,1,1.0,0,,5.0,mastercard,87.0,0
161640,171.0,20,1,1.0,0,,4.0,visa,87.0,0
161651,150.0,20,1,,0,,1.0,mastercard,87.0,0
161654,226.0,20,1,,0,,3.0,mastercard,87.0,0
161659,80.0,20,1,,0,,1.0,visa,87.0,0
161663,59.0,20,1,32.0,0,,8.0,mastercard,87.0,0
161667,50.0,20,1,23.0,0,,1.0,mastercard,87.0,0
161671,59.0,20,1,354.0,0,,1.0,visa,87.0,0
161680,50.0,20,1,,0,,1.0,mastercard,87.0,0
161682,59.0,20,1,9.0,0,,1.0,mastercard,87.0,0
161684,63.894,20,0,,0,,1.0,visa,,0
161697,100.0,20,1,,0,,1.0,visa,87.0,0
161710,75.0,20,1,1304.0,0,,2.0,visa,87.0,0
161710,50.0,20,1,,0,,50.0,visa,87.0,0
161730,58.95,20,1,9.0,0,,2.0,visa,87.0,0
161737,73.97,20,1,,0,,1.0,visa,87.0,0
161742,60.0,20,1,,0,,1.0,visa,87.0,0
161742,107.0,20,1,8.0,0,,1.0,visa,87.0,0
161743,200.0,20,1,,0,,1.0,visa,87.0,0
161749,386.08,20,1,,0,,1.0,discover,87.0,0
161750,80.0,20,1,,0,,5.0,visa,87.0,0
161751,50.0,20,1,,0,,2.0,visa,87.0,0
161759,171.0,20,1,,0,,3.0,mastercard,87.0,0
161760,300.0,20,1,,0,,2.0,mastercard,87.0,0
161767,664.0,20,1,344.0,0,,1.0,mastercard,87.0,0
161772,226.0,20,1,820.0,0,,2.0,visa,87.0,0
161775,100.0,20,1,,0,,4.0,visa,87.0,0
161804,226.0,20,1,,0,,1.0,mastercard,87.0,0
161819,200.0,20,1,,0,,1.0,visa,87.0,0
161827,83.742,20,0,,0,,61.0,mastercard,,1
161833,117.0,20,1,2.0,0,,1.0,visa,87.0,0
161845,117.0,20,1,156.0,0,,1.0,visa,87.0,0
161851,117.0,20,1,51.0,0,,1.0,mastercard,87.0,0
161859,226.0,20,1,,0,,1.0,mastercard,87.0,0
161869,67.95,20,1,,0,,1.0,visa,87.0,0
161907,20.0,20,1,,0,,1.0,american express,87.0,0
161911,108.5,20,1,3.0,0,,1.0,visa,87.0,0
161917,215.95,20,1,2.0,0,,5.0,visa,87.0,0
161937,309.95,20,1,15.0,0,,3.0,visa,87.0,0
161938,100.0,20,1,,0,,1.0,mastercard,87.0,0
161939,97.0,20,1,,0,,7.0,mastercard,87.0,0
161957,83.742,20,0,,0,,14.0,mastercard,,1
161958,53.95,20,1,,0,,1.0,mastercard,87.0,0
161972,59.0,20,1,,0,,1.0,visa,87.0,0
161977,117.0,20,1,,0,,1.0,mastercard,87.0,0
161991,554.0,20,1,,0,,1.0,visa,87.0,0
161999,117.0,20,1,1084.0,0,,4.0,visa,87.0,0
162007,33.11,21,0,,0,,1.0,mastercard,,0
162011,107.95,21,1,147.0,0,,1.0,mastercard,87.0,0
162015,83.742,21,0,,0,,15.0,mastercard,,1
162020,50.0,21,1,,0,,1.0,mastercard,87.0,0
162030,75.0,21,1,,0,,3.0,visa,87.0,0
162046,138.0,21,1,10.0,0,,2.0,visa,87.0,0
162048,107.95,21,1,,0,,1.0,visa,87.0,0
162058,186.0,21,1,,0,,1.0,visa,87.0,0
162058,92.0,21,1,,0,,2.0,visa,87.0,0
162061,23.926,21,0,,0,1599.0,1.0,visa,,0
162064,318.19,21,1,,0,,1.0,mastercard,87.0,0
162066,25.95,21,1,4.0,0,,3.0,mastercard,87.0,0
162073,34.0,21,1,38.0,0,,2.0,mastercard,87.0,0
162100,22.597,21,0,,0,,1.0,visa,,0
162100,1070.79,21,1,8.0,0,,1.0,discover,87.0,0
162106,32.385,21,0,,0,0.0,4.0,mastercard,,0
162108,83.742,21,0,,0,,23.0,mastercard,,1
162114,200.0,21,1,,0,,1.0,visa,87.0,0
162119,300.0,21,1,,0,,2.0,mastercard,87.0,0
162119,471.55,21,1,4.0,0,,1.0,discover,87.0,0
162120,213.0,21,1,16.0,0,,1.0,visa,87.0,0
162128,23.926,21,0,,0,1599.0,1.0,visa,,0
162139,117.0,21,1,0.0,0,,1.0,mastercard,87.0,0
162143,92.0,21,1,,0,,1.0,visa,87.0,0
162149,83.742,21,0,,0,,24.0,mastercard,,1
162164,50.0,21,1,,0,,2.0,mastercard,87.0,0
162177,100.0,21,1,,0,,1.0,visa,87.0,0
162178,50.0,21,1,,0,,2.0,visa,87.0,0
162205,20.482,21,0,,0,,2.0,mastercard,,0
162226,100.0,21,1,,0,892.0,2.0,visa,87.0,0
162232,35.044,21,0,,0,,2.0,visa,,0
162258,107.95,21,1,2.0,0,,8.0,mastercard,87.0,0
162265,33.11,21,0,,0,,2.0,visa,,0
162265,60.0,21,1,,0,,4.0,visa,87.0,0
162274,50.0,21,1,,0,,3.0,visa,87.0,0
162298,49.0,21,1,,0,,1.0,visa,87.0,0
162313,34.0,21,1,,0,,1.0,mastercard,87.0,0
162322,98.5,21,1,,0,,1.0,mastercard,87.0,0
162327,335.0,21,1,,0,,1.0,mastercard,87.0,0
162330,34.0,21,1,,0,,1.0,mastercard,87.0,0
162332,35.95,21,1,48.0,0,,11.0,mastercard,87.0,0
162332,47.95,21,1,2.0,0,,3.0,mastercard,87.0,0
162348,357.53,21,1,,0,,1.0,visa,87.0,0
162361,77.95,21,1,,0,,1.0,visa,87.0,0
162382,29.0,21,1,,0,,1.0,visa,87.0,0
162386,35.95,21,1,14.0,0,,5.0,visa,87.0,0
162412,226.0,21,1,3.0,0,,2.0,mastercard,87.0,0
162418,117.0,21,1,,0,,1.0,visa,87.0,0
162418,30.0,21,1,,0,,2.0,mastercard,87.0,0
162427,49.0,21,1,2.0,0,,2.0,mastercard,87.0,0
162428,795.95,21,1,,0,,1.0,mastercard,87.0,0
162452,25.0,21,1,1.0,0,,1.0,mastercard,87.0,0
162457,135.5,21,1,,0,,1.0,mastercard,87.0,0
162463,47.95,21,1,61.0,0,,9.0,mastercard,87.0,0
162486,49.0,21,1,50.0,0,,1.0,mastercard,87.0,0
162488,78.5,21,1,,0,,1.0,visa,87.0,0
162498,39.0,21,1,2.0,0,,1.0,mastercard,87.0,0
162498,50.0,21,1,,0,,1.0,mastercard,87.0,0
162500,107.95,21,1,,0,,1.0,mastercard,87.0,0
162521,15.0,21,1,1.0,0,,1.0,visa,87.0,0
162549,59.0,21,1,,0,,1.0,visa,87.0,0
162560,57.95,21,1,,0,,1.0,visa,87.0,0
162584,36.95,21,1,,0,,5.0,mastercard,87.0,0
162586,226.0,21,1,,0,,1.0,visa,87.0,0
162590,49.0,21,1,2.0,0,,3.0,visa,87.0,0
162592,100.0,21,1,,0,,3.0,visa,87.0,0
162601,25.86,21,0,,0,,2.0,visa,,0
162604,200.0,21,1,,0,,131.0,mastercard,87.0,0
162606,200.0,21,1,,0,,3.0,visa,87.0,0
162617,169.95,21,1,,0,,1.0,mastercard,87.0,0
162626,200.0,21,1,,0,,1.0,visa,87.0,0
162642,117.0,21,1,17.0,0,,5.0,mastercard,87.0,0
162646,30.0,21,1,,0,,1.0,discover,87.0,0
162648,67.95,21,1,5.0,0,,4.0,mastercard,87.0,0
162656,57.95,21,1,0.0,0,,4.0,mastercard,87.0,0
162657,29.0,21,1,,0,,1.0,visa,87.0,0
162667,60.0,21,1,3.0,0,,4.0,visa,87.0,0
162671,67.308,21,0,,0,,2.0,mastercard,,0
162674,269.95,21,1,1.0,0,,1.0,visa,87.0,0
162693,1810.95,21,1,,0,,1.0,visa,87.0,0
162694,97.0,21,1,,0,,1.0,visa,87.0,0
162697,125.0,21,1,,0,,5.0,visa,87.0,0
162703,20.0,21,1,,0,,1.0,mastercard,87.0,0
162706,32.97,21,1,,0,,3.0,visa,87.0,0
162709,100.0,21,1,4.0,0,,3.0,visa,87.0,0
162712,49.0,21,1,3.0,0,,2.0,visa,87.0,0
162716,108.5,21,1,,0,,1.0,visa,87.0,0
162732,59.0,21,1,6.0,0,,1.0,mastercard,87.0,0
162748,226.0,21,1,2.0,0,,1.0,mastercard,87.0,0
162762,15.0,21,1,8.0,0,,1.0,visa,87.0,0
162765,117.0,21,1,1.0,0,,1.0,visa,87.0,0
162766,107.95,21,1,1476.0,0,,2.0,visa,87.0,0
162768,49.0,21,1,,0,,2.0,visa,87.0,0
162772,29.0,21,1,,0,,1.0,visa,87.0,0
162777,59.0,21,1,,0,,1.0,mastercard,87.0,0
162780,49.0,21,1,3.0,0,,1.0,mastercard,87.0,0
162781,250.0,21,1,,0,,1.0,mastercard,87.0,0
162783,1070.47,21,1,,0,,1.0,mastercard,87.0,0
162812,59.0,21,1,,0,,2.0,visa,87.0,0
162814,49.0,21,1,10.0,0,,7.0,mastercard,87.0,0
162814,49.0,21,1,13.0,0,,1.0,mastercard,87.0,0
162816,47.95,21,1,29.0,0,,3.0,visa,87.0,0
162836,59.0,21,1,,0,,1.0,visa,87.0,0
162837,311.95,21,1,4.0,0,,3.0,visa,87.0,0
162839,117.0,21,1,51.0,0,,1.0,mastercard,87.0,0
162845,100.0,21,1,,0,,1.0,visa,87.0,0
162850,29.0,21,1,26.0,0,,2.0,visa,87.0,0
162874,57.95,21,1,,0,,1.0,mastercard,87.0,0
162882,65.95,21,1,,0,,4.0,visa,87.0,0
162894,107.95,21,1,,0,,1.0,mastercard,87.0,0
162896,59.0,21,1,,0,,1.0,visa,87.0,0
162905,25.0,21,1,,0,,2.0,mastercard,87.0,0
162913,75.0,21,1,,0,,1.0,american express,87.0,0
162916,117.0,21,1,,0,,1.0,mastercard,87.0,0
162926,41.5,21,1,,0,,1.0,mastercard,87.0,0
162946,36.373,21,0,,0,,1.0,visa,,0
162949,107.95,21,1,,0,,85.0,visa,87.0,0
162952,171.0,21,1,,0,,1.0,mastercard,87.0,0
162957,311.95,21,1,,0,,4.0,visa,87.0,0
162961,30.95,21,1,7.0,0,,8.0,mastercard,87.0,0
162962,100.0,21,1,,0,,1.0,discover,87.0,0
162972,82.0,21,1,,0,,1.0,mastercard,87.0,0
162976,35.044,21,0,,0,,1.0,visa,,0
162978,83.95,21,1,4.0,0,,2.0,mastercard,87.0,0
162980,50.0,21,1,,0,,1.0,mastercard,87.0,0
163007,10.0,21,1,3.0,0,,1.0,visa,87.0,0
163010,280.0,21,1,364.0,0,,1.0,mastercard,87.0,0
163014,449.71,21,1,,0,,1.0,mastercard,87.0,0
163021,20.95,21,1,,0,,86.0,visa,87.0,0
163027,100.0,21,1,,0,,1.0,visa,87.0,0
163033,64.649,21,0,,0,,3.0,visa,,0
163036,107.95,21,1,3.0,0,,120.0,visa,87.0,0
163056,20.422,21,0,,0,199.0,1.0,mastercard,,0
163059,64.649,21,0,,0,,5.0,mastercard,,0
163073,44.0,21,1,9.0,0,,1.0,visa,87.0,0
163073,36.95,21,1,,0,,136.0,mastercard,87.0,0
163086,20.0,21,1,,0,,7.0,mastercard,87.0,0
163092,171.0,21,1,,0,,1.0,visa,87.0,0
163099,1829.95,21,1,,0,,1.0,visa,87.0,0
163112,300.0,21,1,,0,,1.0,visa,87.0,0
163124,54.5,21,1,0.0,0,,1.0,visa,87.0,0
163133,20.301,21,0,,0,,2.0,mastercard,,0
163157,150.0,21,1,,0,,1.0,mastercard,87.0,0
163171,34.0,21,1,,0,,1.0,mastercard,87.0,0
163173,200.0,21,1,,0,,1.0,mastercard,87.0,0
163212,25.95,21,1,7.0,0,,7.0,mastercard,87.0,0
163215,35.95,21,1,,0,,5.0,visa,87.0,0
163220,250.0,21,1,,0,,1.0,visa,87.0,0
163222,92.0,21,1,11.0,0,,3.0,visa,87.0,0
163226,59.0,21,1,,0,,1.0,mastercard,87.0,0
163228,10.0,21,1,,0,2127.0,8.0,visa,87.0,0
163230,180.0,21,1,,0,,1.0,mastercard,87.0,0
163253,125.0,21,1,,0,,1.0,visa,87.0,0
163253,1187.0,21,1,10.0,0,,2.0,visa,87.0,1
163258,20.0,21,1,6.0,0,,3.0,visa,87.0,0
163269,150.0,21,1,,0,,1.0,visa,87.0,0
163272,97.0,21,1,977.0,0,,3.0,mastercard,87.0,0
163272,67.95,21,1,2.0,0,,6.0,mastercard,87.0,0
163293,67.95,21,1,12.0,0,,2.0,mastercard,87.0,0
163296,445.0,21,1,,0,,1.0,visa,87.0,0
163300,107.95,21,1,5.0,0,,2.0,visa,87.0,0
163308,150.0,21,1,,0,,1.0,visa,87.0,0
163337,1829.95,21,1,,0,,1.0,visa,87.0,0
163337,150.0,21,1,,0,,1.0,visa,87.0,0
163362,192.59,21,1,,0,,3.0,visa,87.0,0
163374,150.0,21,1,,0,6.0,22.0,visa,87.0,0
163377,59.0,21,1,,0,,1.0,mastercard,87.0,0
163381,53.97,21,1,5.0,0,,1.0,visa,87.0,0
163387,108.5,21,1,367.0,0,,6.0,visa,87.0,0
163397,209.95,21,1,9.0,0,,4.0,visa,87.0,0
163401,150.0,21,1,3.0,0,,1.0,mastercard,87.0,0
163420,134.95,21,1,2.0,0,,1.0,visa,87.0,0
163429,21.751,21,0,,0,837.0,1.0,visa,,0
163458,29.0,21,1,,0,,2.0,mastercard,87.0,0
163523,117.0,21,1,,0,,2.0,visa,87.0,0
163523,60.0,21,1,,0,,99.0,visa,87.0,0
163526,57.95,21,1,5.0,0,,4.0,visa,87.0,0
163543,77.0,21,1,0.0,0,,2.0,visa,87.0,0
163566,25.95,21,1,64.0,0,,144.0,visa,87.0,0
163576,40.0,21,1,,0,,2.0,visa,87.0,0
163579,250.0,21,1,,0,,1.0,american express,87.0,0
163579,100.0,21,1,,0,,2.0,visa,87.0,0
163586,140.0,21,1,,0,,5.0,visa,87.0,1
163607,57.95,21,1,197.0,0,,4.0,mastercard,87.0,0
163607,311.95,21,1,103.0,0,,8.0,mastercard,87.0,0
163640,100.0,21,1,,0,,7.0,visa,87.0,0
163708,25.0,21,1,,0,,1.0,mastercard,87.0,0
163723,185.0,21,1,2.0,0,,1.0,visa,87.0,0
163730,34.5,21,1,,0,,3.0,visa,87.0,0
163759,17.22,21,0,,0,,1.0,mastercard,,0
163761,107.95,21,1,16.0,0,,8.0,mastercard,87.0,0
163764,40.0,21,1,,0,,1.0,visa,87.0,0
163771,107.0,21,1,0.0,0,,1.0,visa,87.0,0
163777,108.95,21,1,4.0,0,,1.0,visa,87.0,0
163785,150.0,21,1,,0,,2.0,visa,87.0,1
163786,83.5,21,1,,0,,1.0,visa,87.0,0
163796,171.0,21,1,,0,,1.0,visa,87.0,0
163809,59.0,21,1,354.0,0,,1.0,visa,87.0,0
163812,209.95,21,1,,0,,1.0,mastercard,87.0,0
163817,159.95,21,1,16.0,0,,22.0,mastercard,87.0,0
163834,67.95,21,1,192.0,0,,1.0,visa,87.0,0
163844,35.95,21,1,,0,,4.0,visa,87.0,0
163891,532.06,21,1,11.0,0,,2.0,visa,87.0,0
163904,39.0,21,1,,0,,1.0,mastercard,87.0,0
163906,100.0,21,1,,0,,1.0,mastercard,87.0,0
163932,11.238,21,0,,0,907.0,1.0,mastercard,,0
163948,422.5,21,1,,0,,1.0,visa,87.0,0
163959,20.0,21,1,,0,,2.0,visa,87.0,0
163962,10.0,21,1,,0,,158.0,visa,87.0,0
163974,75.0,21,1,,0,453.0,1.0,visa,87.0,0
163983,312.95,21,1,,0,,1.0,mastercard,87.0,0
163999,89.0,21,1,14.0,0,,2.0,visa,87.0,0
164013,350.0,21,1,12.0,0,,1.0,visa,87.0,0
164024,280.0,21,1,8.0,0,,1.0,visa,87.0,0
164035,54.5,21,1,0.0,0,,1.0,visa,87.0,0
164047,40.0,21,1,,0,,1.0,visa,87.0,0
164064,59.0,21,1,2.0,0,,3.0,visa,87.0,0
164074,25.0,21,1,,0,,1.0,visa,87.0,0
164084,130.95,21,1,,0,,2.0,visa,87.0,0
164096,200.0,21,1,,0,,1.0,visa,87.0,0
164116,67.95,21,1,5.0,0,,2.0,visa,87.0,0
164127,25.0,21,1,,0,,1.0,visa,87.0,0
164129,59.0,21,1,4.0,0,,1.0,visa,87.0,0
164132,26.887,21,0,,0,,1.0,mastercard,,0
164154,100.0,21,1,,0,,1.0,visa,87.0,0
164158,100.0,21,1,1779.0,0,,1.0,mastercard,87.0,0
164178,20.0,21,1,,0,,3.0,visa,87.0,0
164179,49.0,21,1,1.0,0,,1.0,visa,87.0,0
164196,88.5,21,1,,0,,2.0,visa,87.0,0
164197,59.0,21,1,,0,,4.0,visa,87.0,1
164199,59.0,21,1,,0,,1.0,visa,87.0,0
164201,57.95,21,1,4.0,0,,2.0,mastercard,87.0,0
164210,46.765,21,0,,0,,1.0,visa,,1
164229,55.0,21,1,,0,6.0,4.0,discover,87.0,0
164242,332.39,21,1,,0,,1.0,visa,87.0,0
164258,554.0,21,1,133.0,0,,2.0,mastercard,87.0,0
164266,50.0,21,1,,0,,124.0,visa,87.0,0
164291,59.0,21,1,85.0,0,,1.0,mastercard,87.0,0
164295,65.0,21,1,,0,,2.0,visa,87.0,0
164302,128.5,21,1,,0,,1.0,visa,87.0,0
164311,29.0,21,1,,0,,2.0,visa,87.0,0
164328,59.0,21,1,12.0,0,,1.0,visa,87.0,0
164362,25.95,21,1,19.0,0,,98.0,mastercard,87.0,0
164366,75.0,21,1,,0,,1.0,visa,87.0,0
164368,50.0,21,1,,0,,1.0,mastercard,87.0,0
164392,72.0,21,1,430.0,0,,1.0,visa,87.0,0
164405,97.0,21,1,4.0,0,,2.0,visa,87.0,0
164415,80.0,21,1,4.0,0,,4.0,visa,87.0,0
164420,55.0,21,1,3.0,0,,2.0,visa,87.0,0
164428,25.0,21,1,,0,,1.0,visa,87.0,0
164438,1242.1,21,1,,0,,1.0,visa,87.0,0
164443,32.0,21,1,,0,,1.0,mastercard,87.0,0
164444,62.112,21,0,,0,,3.0,visa,,0
164453,226.0,21,1,,0,,4.0,mastercard,87.0,0
164488,59.0,21,1,,0,,2.0,visa,87.0,0
164493,244.95,21,1,,0,,1.0,mastercard,87.0,0
164512,39.0,21,1,,0,,1.0,mastercard,87.0,0
164522,236.95,21,1,,0,,116.0,visa,87.0,0
164526,64.649,21,0,,0,,1.0,visa,,0
164527,125.0,21,1,,0,,4.0,mastercard,87.0,0
164534,112.66,21,1,11.0,0,,2.0,visa,87.0,0
164536,209.95,21,1,737.0,0,,1.0,visa,87.0,0
164544,47.95,21,1,15.0,0,,1.0,mastercard,87.0,0
164548,150.0,21,1,,0,,2.0,mastercard,87.0,0
164570,29.0,21,1,32.0,0,,2.0,visa,87.0,1
164576,54.5,21,1,765.0,0,,4.0,visa,87.0,0
164580,25.95,21,1,3.0,0,,12.0,visa,87.0,0
164581,49.0,21,1,,0,,1.0,mastercard,87.0,0
164598,100.0,21,1,,0,,1.0,visa,87.0,0
164607,60.0,21,1,,0,,1.0,mastercard,87.0,0
164615,209.95,21,1,,0,,1.0,mastercard,87.0,0
164650,171.0,21,1,,0,,1.0,visa,87.0,0
164674,12.99,21,0,,0,,1.0,visa,,0
164683,50.0,21,1,6.0,0,,144.0,visa,87.0,0
164695,100.0,21,1,,0,,1.0,mastercard,87.0,0
164700,48.95,21,1,,0,,1.0,visa,87.0,0
164722,22.5,21,1,,0,,1.0,visa,87.0,0
164728,87.95,21,1,,0,,2.0,visa,87.0,0
164729,335.0,21,1,,0,,3.0,visa,87.0,0
164731,40.0,21,1,,0,,2.0,mastercard,87.0,0
164743,226.0,21,1,,0,,1.0,mastercard,87.0,0
164745,50.0,21,1,7.0,0,,1.0,mastercard,87.0,0
164750,34.0,21,1,20.0,0,,6.0,visa,87.0,0
164767,100.0,21,1,,0,,1.0,visa,87.0,0
164781,25.0,21,1,,0,,1.0,discover,87.0,0
164785,130.95,21,1,26.0,0,,1.0,visa,87.0,0
164786,34.0,21,1,2.0,0,,1.0,mastercard,87.0,0
164848,29.0,21,1,,0,,1.0,visa,87.0,0
164857,50.0,21,1,6.0,0,,3.0,visa,87.0,0
164874,107.95,21,1,0.0,0,,3.0,mastercard,87.0,0
164909,25.95,21,1,7.0,0,,2.0,visa,87.0,0
164909,100.0,21,1,,0,,1.0,mastercard,87.0,0
164918,304.7,21,1,,0,,1.0,visa,87.0,0
164919,30.95,21,1,12.0,0,,83.0,visa,87.0,0
164935,205.0,21,1,,0,,6.0,visa,87.0,0
164948,50.0,21,1,,0,,1.0,mastercard,87.0,0
164949,269.95,21,1,2.0,0,,1.0,mastercard,87.0,0
164986,20.0,21,1,,0,,1.0,visa,87.0,0
164990,7.19,21,0,,0,,1.0,visa,,0
165005,100.0,21,1,,0,,3.0,visa,87.0,0
165005,17.522,21,0,,0,,2.0,visa,,0
165007,362.95,21,1,6.0,0,,1.0,mastercard,87.0,0
165016,107.95,21,1,102.0,0,,1.0,mastercard,87.0,0
165028,25.95,21,1,7.0,0,,2.0,visa,87.0,0
165044,15.105,21,0,,0,,1.0,mastercard,,0
165047,100.0,21,1,35.0,0,,2.0,mastercard,87.0,0
165053,46.99,21,1,,0,,2.0,visa,87.0,0
165058,28.941,21,0,,0,1976.0,1.0,visa,,0
165103,25.981,21,0,,0,,3.0,visa,,0
165108,280.0,21,1,,0,,1.0,visa,87.0,0
165114,15.0,21,1,,0,,1.0,visa,87.0,0
165156,117.0,21,1,2.0,0,,3.0,visa,87.0,0
165173,30.95,21,1,5.0,0,,1.0,visa,87.0,0
165188,40.0,21,1,,0,7.0,2.0,mastercard,87.0,0
165190,50.0,21,1,,0,,2.0,mastercard,87.0,0
165198,255.0,21,1,,0,,1.0,mastercard,87.0,0
165198,49.0,21,1,3.0,0,,1.0,mastercard,87.0,0
165204,100.0,21,1,,0,,1.0,mastercard,87.0,0
165217,23.25,21,1,,0,,1.0,visa,87.0,0
165219,200.0,21,1,1938.0,0,,1.0,visa,87.0,0
165230,77.0,21,1,9.0,0,,1.0,mastercard,87.0,0
165239,35.0,21,1,,0,,1.0,mastercard,87.0,0
165248,233.0,21,1,4.0,0,,6.0,visa,87.0,0
165273,29.062,21,0,,0,,1.0,mastercard,,0
165300,30.0,21,1,,0,,3.0,visa,87.0,0
165301,200.0,21,1,,0,,2.0,mastercard,87.0,0
165305,40.0,21,1,,0,,5.0,visa,87.0,0
165307,107.95,21,1,,0,,3.0,visa,87.0,0
165318,15.0,21,1,,0,,1.0,visa,87.0,0
165326,59.0,21,1,,0,,1.0,visa,87.0,0
165335,59.0,21,1,5.0,0,,4.0,visa,87.0,0
165336,68.5,21,1,1.0,0,,1.0,mastercard,87.0,0
165349,25.95,21,1,,0,,1.0,visa,87.0,0
165351,39.0,21,1,0.0,0,,1.0,mastercard,87.0,0
165354,291.95,21,1,3.0,0,,1.0,mastercard,87.0,0
165359,53.95,21,1,,0,,2.0,mastercard,87.0,0
165361,30.0,21,1,,0,,1.0,visa,87.0,0
165362,117.0,21,1,,0,,1.0,visa,87.0,0
165375,484.95,21,1,18.0,0,,1.0,visa,87.0,0
165382,183.45,21,1,,0,,1.0,visa,87.0,0
165399,71.65,21,1,,0,,4.0,visa,87.0,0
165430,20.0,21,1,,0,,1.0,visa,87.0,0
165452,21.147,21,0,,0,,5.0,visa,,0
165455,34.0,21,1,,0,,1.0,visa,87.0,0
165459,59.0,21,1,24.0,0,,1.0,visa,87.0,0
165460,200.0,21,1,,0,,1.0,mastercard,87.0,0
165463,49.0,21,1,3.0,0,,1.0,mastercard,87.0,0
165466,20.0,21,1,,0,,1.0,visa,87.0,0
165469,150.0,21,1,,0,,1.0,visa,87.0,0
165475,140.0,21,1,,0,,1.0,visa,87.0,0
165480,311.95,21,0,,0,,1.0,visa,,0
165490,75.0,21,1,,0,,1.0,visa,87.0,0
165495,100.0,21,1,,0,,2.0,visa,87.0,0
165496,445.0,21,1,,0,,1.0,visa,87.0,0
165506,50.0,21,1,,0,,4.0,visa,87.0,0
165512,32.023,21,0,,0,1976.0,1.0,visa,,0
165523,75.0,21,1,,0,,1.0,visa,87.0,0
165527,87.95,21,1,101.0,0,,1.0,visa,87.0,0
165528,29.0,21,1,,0,,1.0,mastercard,87.0,0
165553,35.95,21,1,,0,,1.0,mastercard,87.0,0
165595,75.0,21,1,,0,,2.0,visa,87.0,0
165602,45.0,22,1,,0,,2.0,mastercard,87.0,0
165609,117.0,22,1,180.0,0,,2.0,mastercard,87.0,0
165611,25.0,22,1,,0,,1.0,visa,87.0,0
165620,25.0,22,1,,0,,1.0,visa,87.0,0
165620,100.0,22,1,,0,,1.0,visa,87.0,0
165632,209.95,22,1,1.0,0,,2.0,mastercard,87.0,0
165645,118.02,22,1,0.0,0,,3.0,visa,87.0,0
165650,58.95,22,1,,0,,10.0,visa,87.0,0
165651,37.0,22,1,,0,,2.0,visa,87.0,0
165674,50.0,22,1,,0,,1.0,visa,87.0,0
165682,50.0,22,1,9.0,0,,1.0,visa,87.0,0
165684,100.0,22,1,,0,,1.0,mastercard,87.0,0
165697,34.0,22,1,0.0,0,,2.0,visa,87.0,0
165705,30.0,22,1,,0,,1.0,visa,87.0,0
165718,131.0,22,1,,0,,1.0,mastercard,87.0,0
165719,100.0,22,1,,0,,1.0,mastercard,87.0,0
165720,554.0,22,1,,0,,1.0,mastercard,87.0,0
165751,554.0,22,1,7.0,0,,1.0,visa,87.0,0
165758,57.95,22,1,,0,,3.0,mastercard,87.0,0
165765,209.95,22,1,,0,,1.0,visa,87.0,0
165780,639.0,22,1,0.0,0,,1.0,visa,87.0,0
165784,158.5,22,1,6.0,0,,2.0,mastercard,87.0,0
165787,16.555,22,0,,0,,1.0,mastercard,,0
165801,59.0,22,1,,0,,1.0,mastercard,87.0,0
165819,200.0,22,1,,0,,5.0,visa,87.0,0
165821,445.0,22,1,,0,,2.0,visa,87.0,0
165827,100.0,22,1,,0,,9.0,mastercard,87.0,0
165873,79.513,22,0,,0,,1.0,mastercard,,0
165888,326.0,22,1,,0,,2.0,visa,87.0,0
165894,80.0,22,1,,0,,1.0,visa,87.0,0
165912,57.95,22,1,4.0,0,,2.0,mastercard,87.0,0
165928,16.918,22,0,,0,,2.0,mastercard,,0
165950,57.95,22,1,,0,,10.0,visa,87.0,0
165955,241.95,22,1,,0,,8.0,visa,87.0,0
165955,16.434,22,0,,0,,1.0,mastercard,,0
165972,86.49,22,1,14.0,0,,3.0,mastercard,87.0,0
165980,57.95,22,1,1.0,0,,16.0,mastercard,87.0,0
165985,150.0,22,1,,0,,69.0,visa,87.0,0
165990,100.0,22,1,,0,,1.0,visa,87.0,0
165996,50.0,22,1,,0,16.0,2.0,visa,87.0,0
166010,50.0,22,1,,0,,1.0,mastercard,87.0,0
166016,37.0,22,1,11.0,0,,2.0,visa,87.0,0
166020,57.95,22,1,4.0,0,,1.0,visa,87.0,0
166024,200.0,22,1,,0,,1.0,visa,87.0,0
166031,80.0,22,1,7.0,0,,2.0,visa,87.0,0
166048,83.5,22,1,3.0,0,,4.0,visa,87.0,0
166063,54.5,22,1,8.0,0,,1.0,visa,87.0,0
166069,180.0,22,1,,0,,3.0,visa,87.0,0
166105,105.0,22,1,,0,,2.0,mastercard,87.0,0
166106,67.95,22,1,7.0,0,,4.0,visa,87.0,0
166120,77.0,22,1,,0,,1.0,visa,87.0,0
166141,16.95,22,1,11.0,0,,2.0,mastercard,87.0,0
166159,445.0,22,1,1.0,0,,2.0,mastercard,87.0,0
166160,100.0,22,1,,0,,1.0,mastercard,87.0,0
166176,180.0,22,1,,0,,1.0,mastercard,87.0,0
166180,87.95,22,1,,0,,2.0,visa,87.0,0
166195,171.0,22,1,0.0,0,,69.0,visa,87.0,0
166196,209.95,22,1,2.0,0,,2.0,mastercard,87.0,0
166199,150.0,22,1,,0,,3.0,visa,87.0,0
166213,100.0,22,1,,0,,1.0,visa,87.0,0
166226,35.0,22,1,588.0,0,,4.0,visa,87.0,0
166248,311.95,22,1,20.0,0,,2.0,visa,87.0,0
166249,117.0,22,1,5.0,0,,2.0,visa,87.0,0
166267,14.319,22,0,,0,,4.0,mastercard,,0
166284,49.0,22,1,1.0,0,,2.0,mastercard,87.0,0
166289,52.988,22,0,,0,,1.0,mastercard,,0
166296,40.0,22,1,,0,,11.0,visa,87.0,0
166302,49.0,22,1,,0,,1.0,visa,87.0,0
166308,35.95,22,1,,0,,138.0,visa,87.0,0
166336,107.0,22,1,,0,,1.0,mastercard,87.0,0
166337,216.0,22,1,855.0,0,,2.0,visa,87.0,0
166350,59.0,22,1,,0,,3.0,visa,87.0,0
166357,59.0,22,1,,0,,1.0,visa,87.0,0
166357,33.25,22,1,,0,,1.0,visa,87.0,0
166360,311.95,22,1,6.0,0,,6.0,mastercard,87.0,0
166371,644.95,22,1,,0,,1.0,discover,87.0,0
166378,107.95,22,1,15.0,0,,5.0,mastercard,87.0,0
166378,226.0,22,1,,0,,1.0,visa,87.0,0
166380,59.0,22,1,4.0,0,,1.0,visa,87.0,0
166387,117.0,22,1,,0,,1.0,visa,87.0,0
166391,100.0,22,1,,0,,1.0,mastercard,87.0,0
166409,29.5,22,1,,0,,2.0,mastercard,87.0,0
166414,443.0,22,1,2.0,0,,2.0,mastercard,87.0,1
166425,25.0,22,1,,0,,1.0,visa,87.0,0
166454,34.0,22,1,,0,,2.0,mastercard,87.0,0
166457,50.0,22,1,,0,,1.0,mastercard,87.0,0
166466,226.0,22,1,4.0,0,,1.0,visa,87.0,0
166471,59.0,22,1,,0,,3.0,visa,87.0,0
166483,25.0,22,1,,0,,3.0,visa,87.0,0
166484,49.0,22,1,2.0,0,,1.0,mastercard,87.0,0
166504,34.0,22,1,8.0,0,,2.0,visa,87.0,0
166506,15.95,22,1,,0,,1.0,visa,87.0,0
166507,50.0,22,1,,0,,1.0,mastercard,87.0,0
166509,679.95,22,1,,0,,1.0,visa,87.0,0
166523,35.95,22,1,,0,,2.0,visa,87.0,0
166525,671.25,22,1,,0,,1.0,visa,87.0,0
166539,50.0,22,1,,0,,7.0,mastercard,87.0,0
166566,79.95,22,1,,0,,1.0,visa,87.0,0
166589,39.0,22,1,,0,,1.0,mastercard,87.0,0
166605,60.0,22,1,,0,,2.0,visa,87.0,0
166615,171.0,22,1,,0,,14.0,visa,87.0,0
166626,50.632,22,0,,0,,1.0,mastercard,,0
166635,169.78,22,0,,0,,1.0,mastercard,,0
166668,166.99,22,1,166.0,0,,3.0,visa,87.0,0
166681,100.0,22,1,,0,,1.0,visa,87.0,0
166695,50.0,22,1,,0,,2.0,visa,87.0,0
166697,39.0,22,1,14.0,0,,1.0,visa,87.0,0
166737,100.0,22,1,,0,,1.0,visa,87.0,0
166741,160.5,22,1,,0,,1.0,visa,87.0,0
166757,140.0,22,1,,0,,4.0,visa,87.0,0
166765,105.95,22,1,,0,,1.0,mastercard,87.0,0
166773,59.0,22,1,,0,,1.0,mastercard,87.0,0
166776,100.0,22,1,,0,,11.0,visa,87.0,0
166776,250.0,22,1,,0,,1.0,visa,87.0,0
166777,40.0,22,1,3.0,0,,1.0,visa,87.0,0
166787,85.0,22,1,,0,,4.0,discover,87.0,0
166804,160.5,22,1,,0,,1.0,visa,87.0,0
166807,171.0,22,1,1721.0,0,,1.0,mastercard,87.0,0
166817,41.95,22,1,1.0,0,,1.0,visa,87.0,0
166818,146.0,22,1,,0,,1.0,visa,87.0,0
166818,59.0,22,1,7.0,0,,1.0,visa,87.0,0
166828,25.95,22,1,4.0,0,,15.0,visa,87.0,0
166830,58.95,22,1,38.0,0,,12.0,mastercard,87.0,0
166831,335.0,22,1,24.0,0,,2.0,visa,87.0,0
166839,81.456,22,0,,0,,1.0,mastercard,,0
166872,50.0,22,1,,0,,1.0,visa,87.0,0
166880,59.0,22,1,32.0,0,,1.0,visa,87.0,0
166881,209.95,22,1,1.0,0,,1.0,visa,87.0,0
166901,171.0,22,1,,0,,2.0,mastercard,87.0,0
166903,50.0,22,1,,0,,2.0,mastercard,87.0,0
166917,125.0,22,1,398.0,0,,4.0,mastercard,87.0,0
166935,41.388,22,0,,0,,1.0,visa,,0
166947,49.0,22,1,3.0,0,,1.0,visa,87.0,0
166961,844.95,22,1,,0,,1.0,visa,87.0,0
166990,21.95,22,1,9.0,0,,3.0,visa,87.0,0
167004,49.0,22,1,71.0,0,,3.0,visa,87.0,0
167006,44.0,22,1,42.0,0,,1.0,mastercard,87.0,0
167008,39.0,22,1,14.0,0,,2.0,mastercard,87.0,0
167015,44.0,22,1,2.0,0,,1.0,visa,87.0,0
167029,102.0,22,1,21.0,0,,4.0,discover,87.0,0
167045,75.0,22,1,,0,,1.0,american express,87.0,0
167046,117.0,22,1,1477.0,0,,1.0,visa,87.0,0
167056,200.0,22,1,,0,,1.0,visa,87.0,0
167061,100.0,22,1,,0,,1.0,visa,87.0,0
167061,92.0,22,1,7.0,0,,1.0,visa,87.0,0
167068,159.95,22,1,1.0,0,,4.0,mastercard,87.0,0
167083,56.95,22,1,38.0,0,,192.0,mastercard,87.0,0
167094,50.0,22,1,,0,,1.0,visa,87.0,0
167112,29.0,22,1,30.0,0,,1.0,visa,87.0,0
167129,53.97,22,1,,0,,1.0,visa,87.0,0
167143,59.0,22,1,,0,,1.0,mastercard,87.0,0
167149,87.0,22,1,0.0,0,,2.0,mastercard,87.0,0
167159,30.95,22,1,5.0,0,,1.0,visa,87.0,0
167168,100.0,22,1,,0,,1.0,visa,87.0,0
167175,186.0,22,1,,0,,1.0,mastercard,87.0,0
167175,353.47,22,1,,0,,2.0,mastercard,87.0,0
167182,59.0,22,1,14.0,0,,4.0,visa,87.0,0
167208,41.267,22,0,,0,,1.0,mastercard,,0
167239,117.0,22,1,21.0,0,,9.0,mastercard,87.0,0
167267,59.0,22,1,0.0,0,,1.0,visa,87.0,0
167268,311.95,22,1,144.0,0,,3.0,mastercard,87.0,0
167274,63.5,22,1,,0,,1.0,mastercard,87.0,0
167283,50.0,22,1,,0,,2.0,visa,87.0,0
167301,97.0,22,1,46.0,0,,1.0,visa,87.0,0
167309,88.5,22,1,,0,,1.0,visa,87.0,0
167310,25.0,22,1,,0,,1.0,visa,87.0,0
167321,30.0,22,1,,0,,5.0,visa,87.0,0
167326,60.0,22,1,,0,,2.0,mastercard,87.0,0
167340,159.95,22,1,0.0,0,,2.0,visa,87.0,0
167343,213.0,22,1,,0,,2.0,mastercard,87.0,0
167352,20.0,22,1,44.0,0,,1.0,mastercard,87.0,0
167352,150.0,22,1,,0,4635.0,1.0,american express,87.0,0
167362,100.0,22,1,,0,,1.0,mastercard,87.0,0
167373,67.95,22,1,,0,,9.0,mastercard,87.0,0
167375,44.5,22,1,235.0,0,,1.0,visa,87.0,0
167375,25.981,22,0,,0,,1.0,visa,,0
167386,130.0,22,1,,0,,3.0,mastercard,87.0,0
167387,103.5,22,1,1.0,0,,7.0,mastercard,87.0,0
167393,34.0,22,1,,0,,1.0,visa,87.0,0
167403,353.47,22,1,,0,,2.0,mastercard,87.0,0
167407,53.97,22,1,,0,,2.0,visa,87.0,0
167417,100.0,22,1,,0,,3.0,mastercard,87.0,0
167421,146.0,22,1,,0,,1.0,visa,87.0,0
167439,112.99,22,1,,0,,1.0,visa,87.0,0
167444,57.95,22,1,,0,,25.0,visa,87.0,0
167473,59.0,22,1,104.0,0,,4.0,visa,87.0,0
167500,57.95,22,1,,0,,5.0,visa,87.0,0
167502,286.95,22,1,,0,,9.0,mastercard,87.0,0
167509,40.0,22,1,,0,,5.0,visa,87.0,0
167514,107.95,22,1,,0,,87.0,mastercard,87.0,0
167514,108.95,22,1,,0,,179.0,visa,87.0,0
167516,374.93,22,1,,0,,1.0,visa,87.0,0
167543,150.0,22,1,,0,,3.0,visa,87.0,0
167553,25.0,22,1,,0,,2.0,visa,87.0,0
167565,36.95,22,1,2.0,0,,1.0,mastercard,87.0,0
167571,400.0,22,1,,0,,2.0,visa,87.0,1
167580,59.0,22,1,,0,,1.0,mastercard,87.0,0
167617,50.0,22,1,,0,,1.0,visa,87.0,0
167643,59.0,22,1,,0,,2.0,visa,87.0,0
167655,117.0,22,1,46.0,0,,1.0,mastercard,87.0,0
167661,92.0,22,1,0.0,0,,10.0,visa,87.0,0
167679,50.0,22,1,8.0,0,,4.0,visa,87.0,0
167716,77.0,22,1,,0,,1.0,visa,87.0,0
167718,90.0,22,1,157.0,0,,1.0,visa,87.0,0
167739,117.0,22,1,4.0,0,,1.0,visa,87.0,0
167742,36.95,22,1,2.0,0,,148.0,mastercard,87.0,0
167752,25.981,22,0,,0,,2.0,mastercard,,0
167767,100.0,22,1,,0,,5.0,visa,87.0,0
167768,250.0,22,1,,0,,9.0,visa,87.0,1
167792,331.0,22,1,8.0,0,,76.0,visa,87.0,0
167796,152.0,22,1,,0,,1.0,mastercard,87.0,0
167817,59.0,22,1,15.0,0,,3.0,mastercard,87.0,0
167822,107.95,22,1,1388.0,0,,2.0,mastercard,87.0,0
167823,250.0,22,1,,0,,9.0,visa,87.0,1
167826,25.95,22,1,1.0,0,,1.0,mastercard,87.0,0
167839,54.5,22,1,11.0,0,,1.0,mastercard,87.0,0
167853,59.0,22,1,670.0,0,,1.0,visa,87.0,0
167864,77.0,22,1,,0,,1.0,visa,87.0,0
167888,20.95,22,1,12.0,0,,108.0,visa,87.0,0
167903,29.0,22,1,,0,,1.0,visa,87.0,0
167905,155.95,22,1,,0,,2.0,visa,87.0,0
167908,114.95,22,1,,0,,1.0,visa,87.0,0
167929,150.0,22,1,,0,,4.0,visa,87.0,0
167936,50.0,22,1,8.0,0,,1.0,visa,87.0,0
167952,226.0,22,1,0.0,0,,2.0,visa,87.0,0
167971,80.0,22,1,,0,,2.0,mastercard,87.0,0
168000,57.95,22,1,,0,,4.0,visa,87.0,0
168006,100.0,22,1,,0,,4.0,mastercard,87.0,0
168006,219.95,22,1,,0,,1.0,mastercard,87.0,0
168010,188.0,22,1,,0,,2.0,visa,87.0,0
168018,57.95,22,1,,0,,2.0,mastercard,87.0,0
168022,30.95,22,1,,0,,2.0,mastercard,87.0,0
168031,149.086,22,0,,0,,1.0,mastercard,,0
168034,209.95,22,1,1.0,0,,9.0,mastercard,87.0,0
168041,40.0,22,1,,0,,1.0,mastercard,87.0,0
168041,77.95,22,1,78.0,0,,8.0,mastercard,87.0,0
168066,34.0,22,1,,0,,2.0,mastercard,87.0,0
168066,200.0,22,1,264.0,0,,5.0,visa,87.0,0
168073,39.0,22,1,80.0,0,,2.0,visa,87.0,0
168082,136.0,22,1,,0,,2.0,visa,87.0,0
168091,200.0,22,1,,0,,1.0,visa,87.0,0
168117,25.981,22,0,,0,,3.0,visa,,0
168122,59.0,22,1,0.0,0,,1.0,mastercard,87.0,0
168127,392.5,22,1,6.0,0,,1.0,visa,87.0,0
168136,35.95,22,1,4.0,0,,167.0,visa,87.0,0
168149,100.0,22,1,,0,,1.0,american express,87.0,0
168156,100.0,22,1,1.0,0,,3.0,visa,87.0,0
168164,53.97,22,1,,0,,140.0,visa,87.0,0
168175,510.67,22,1,,0,,1.0,mastercard,87.0,0
168182,97.0,22,1,,0,,1.0,visa,87.0,0
168191,20.95,22,1,,0,,134.0,visa,87.0,0
168199,68.5,22,1,,0,,5.0,visa,87.0,1
168234,150.0,22,1,,0,,1.0,mastercard,87.0,0
168238,59.0,22,1,,0,,1.0,visa,87.0,0
168249,178.0,22,1,4.0,0,,2.0,visa,87.0,0
168251,34.0,22,1,11.0,0,,2.0,visa,87.0,0
168273,20.0,22,1,,0,,2.0,visa,87.0,0
168283,35.95,22,1,5.0,0,,3.0,mastercard,87.0,0
168287,100.0,22,1,,0,,1.0,visa,87.0,0
168305,20.0,22,1,,0,,2.0,mastercard,87.0,0
168337,121.69,22,1,2117.0,0,,2.0,visa,87.0,0
168342,59.0,22,1,,0,,1.0,visa,87.0,0
168356,60.0,22,1,618.0,0,,1.0,visa,87.0,0
168357,97.0,22,1,11.0,0,,1.0,mastercard,87.0,0
168385,307.97,22,1,,0,,1.0,mastercard,87.0,0
168404,50.0,22,1,,0,,2.0,visa,87.0,0
168417,1482.57,22,1,,0,,1.0,visa,87.0,0
168417,190.58,22,1,,0,,1.0,mastercard,87.0,0
168421,272.0,22,1,,0,,2.0,mastercard,87.0,0
168423,150.0,22,1,,0,,52.0,visa,87.0,0
168425,161.0,22,1,,0,,1.0,mastercard,87.0,0
168471,51.0,22,1,183.0,0,,2.0,mastercard,87.0,0
168499,32.325,22,0,,0,9.0,6.0,mastercard,,0
168556,200.0,22,1,,0,,1.0,visa,87.0,0
168559,44.5,22,1,,0,,1.0,visa,87.0,0
168576,226.0,22,1,,0,,1.0,mastercard,87.0,0
168578,100.0,22,1,,0,,3.0,mastercard,87.0,0
168586,59.0,22,1,8.0,0,,7.0,visa,87.0,0
168594,10.0,22,1,,0,,102.0,visa,87.0,0
168600,30.0,22,1,,0,,8.0,visa,87.0,0
168609,30.0,22,1,89.0,0,,6.0,mastercard,87.0,0
168612,92.0,22,1,311.0,0,,2.0,mastercard,87.0,0
168626,67.95,22,1,,0,,1.0,visa,87.0,0
168640,102.956,22,0,,0,,2.0,visa,,0
168653,20.0,22,1,,0,,108.0,visa,87.0,0
168667,107.95,22,1,15.0,0,,2.0,visa,87.0,0
168669,107.95,22,1,6.0,0,,7.0,mastercard,87.0,0
168670,25.981,22,0,,0,,3.0,visa,,0
168752,29.183,22,0,,0,,2.0,mastercard,,0
168755,108.95,22,1,46.0,0,,2.0,visa,87.0,0
168759,100.0,22,1,,0,,1.0,visa,87.0,0
168762,59.0,22,1,,0,,2.0,visa,87.0,0
168778,57.0,22,1,2.0,0,,1.0,mastercard,87.0,0
168784,59.0,22,1,,0,,1.0,mastercard,87.0,0
168786,107.95,22,1,8.0,0,,3.0,visa,87.0,0
168788,107.95,22,1,,0,,1.0,visa,87.0,0
168793,44.0,22,1,,0,,102.0,visa,87.0,0
168849,86.28,22,0,,0,7.0,2.0,visa,,0
168849,77.99,22,1,5.0,0,,1.0,mastercard,87.0,0
168862,150.0,22,1,,0,,3.0,visa,87.0,0
168876,105.0,22,1,17.0,0,,1.0,visa,87.0,0
168893,100.0,22,1,,0,,2.0,visa,87.0,0
168896,427.95,22,1,,0,,1.0,mastercard,87.0,0
168906,49.0,22,1,1.0,0,,1.0,visa,87.0,0
168910,150.0,22,1,,0,,1.0,visa,87.0,0
168920,224.0,22,1,31.0,0,,1.0,mastercard,87.0,0
168929,382.5,22,1,0.0,0,,1.0,mastercard,87.0,0
168938,40.0,22,1,,0,,2.0,visa,87.0,0
168940,441.0,22,1,4.0,0,,3.0,visa,87.0,0
168961,107.95,22,1,,0,,2.0,mastercard,87.0,0
168966,100.0,22,1,,0,,1.0,visa,87.0,0
168997,117.0,22,1,,0,,3.0,visa,87.0,1
169004,35.95,22,1,,0,,101.0,visa,87.0,0
169014,103.95,22,1,12.0,0,,1.0,visa,87.0,0
169034,502.22,22,1,,0,,1.0,visa,87.0,0
169046,34.0,22,1,,0,,2.0,visa,87.0,0
169057,54.0,22,1,545.0,0,,1.0,visa,87.0,0
169057,25.981,22,0,,0,,3.0,visa,,0
169062,100.0,22,1,,0,,1.0,discover,87.0,0
169078,1104.0,22,1,5.0,0,,2.0,visa,87.0,0
169084,2394.95,22,1,8.0,0,,1.0,visa,87.0,0
169104,150.0,22,1,,0,,209.0,visa,87.0,0
169134,57.95,22,1,,0,,109.0,visa,87.0,0
169159,312.86,22,1,951.0,0,,1.0,visa,87.0,0
169159,30.95,22,1,,0,,1.0,visa,87.0,0
169169,45.0,22,1,,0,,1.0,mastercard,87.0,0
169185,5.0,22,1,,0,,1.0,mastercard,87.0,1
169186,1316.47,22,1,,0,,1.0,visa,87.0,0
169189,67.95,22,1,130.0,0,,6.0,visa,87.0,0
169189,50.0,22,1,,0,,1.0,visa,87.0,0
169191,171.0,22,1,,0,,3.0,visa,87.0,0
169219,24.95,23,1,,0,,132.0,visa,87.0,0
169221,50.0,23,1,,0,,1.0,mastercard,87.0,0
169237,107.95,23,1,2.0,0,,3.0,visa,87.0,1
169258,171.0,23,1,11.0,0,,43.0,mastercard,87.0,0
169258,100.0,23,1,,0,,2.0,visa,87.0,0
169278,226.0,23,1,20.0,0,,1.0,visa,87.0,0
169285,112.99,23,1,,0,,1.0,mastercard,87.0,0
169286,100.0,23,1,,0,,1.0,mastercard,87.0,0
169289,41.0,23,1,12.0,0,,1.0,mastercard,87.0,0
169290,29.002,23,0,,0,,1.0,visa,,0
169310,40.0,23,1,,0,,1.0,mastercard,87.0,0
169313,100.0,23,1,,0,,1.0,mastercard,87.0,0
169323,303.95,23,1,379.0,0,,126.0,visa,87.0,0
169327,59.0,23,1,1042.0,0,,2.0,visa,87.0,0
169329,173.0,23,1,,0,,3.0,visa,87.0,0
169333,44.95,23,1,,0,,2.0,visa,87.0,0
169348,25.0,23,1,,0,,4.0,visa,87.0,0
169362,50.0,23,1,,0,,1.0,visa,87.0,0
169370,226.0,23,1,,0,,3.0,mastercard,87.0,0
169399,87.0,23,1,0.0,0,,2.0,mastercard,87.0,0
169431,250.0,23,1,,0,,1.0,visa,87.0,0
169436,2394.95,23,1,,0,,1.0,visa,87.0,0
169451,150.0,23,1,,0,,1.0,mastercard,87.0,0
169467,117.0,23,1,4.0,0,,2.0,visa,87.0,0
169472,47.128,23,0,,0,,2.0,mastercard,,1
169487,107.95,23,1,7.0,0,,3.0,mastercard,87.0,0
169508,49.0,23,1,11.0,0,,1.0,mastercard,87.0,0
169517,159.95,23,1,7.0,0,,137.0,mastercard,87.0,0
169519,90.0,23,1,,0,,3.0,mastercard,87.0,0
169535,10.0,23,1,,0,,1.0,mastercard,87.0,1
169539,29.243,23,0,,0,,2.0,visa,,0
169540,29.0,23,1,,0,,1.0,mastercard,87.0,0
169551,80.0,23,1,,0,,1.0,mastercard,87.0,1
169558,87.0,23,1,,0,,2.0,visa,87.0,0
169562,280.0,23,1,23.0,0,,2.0,mastercard,87.0,0
169570,29.0,23,1,109.0,0,,2.0,visa,87.0,0
169571,35.95,23,1,4.0,0,,1.0,visa,87.0,0
169595,171.0,23,1,11.0,0,,10.0,visa,87.0,0
169613,140.0,23,1,,0,,1.0,visa,87.0,0
169633,13.474,23,0,,0,,1.0,mastercard,,0
169643,58.95,23,1,,0,,1.0,mastercard,87.0,0
169646,54.5,23,1,11.0,0,,1.0,mastercard,87.0,0
169649,159.95,23,1,8.0,0,,4.0,visa,87.0,0
169652,51.0,23,1,,0,,1.0,mastercard,87.0,0
169661,100.0,23,1,,0,,1.0,visa,87.0,0
169662,30.0,23,1,,0,,1.0,visa,87.0,0
169679,200.0,23,1,,0,,2.0,visa,87.0,0
169681,59.0,23,1,12.0,0,,1.0,visa,87.0,0
169689,107.95,23,1,34.0,0,,104.0,visa,87.0,0
169694,100.0,23,1,,0,,9.0,visa,87.0,0
169737,335.0,23,1,1764.0,0,,106.0,mastercard,87.0,0
169749,10.0,23,1,,0,,3.0,visa,87.0,0
169757,303.95,23,1,,0,,127.0,visa,87.0,0
169785,950.95,23,1,,0,,1.0,visa,87.0,0
169805,49.0,23,1,,0,,4.0,visa,87.0,0
169810,25.0,23,1,,0,,3.0,visa,87.0,0
169816,29.0,23,1,361.0,0,,1.0,visa,87.0,0
169829,92.0,23,1,,0,,2.0,mastercard,87.0,0
169836,30.0,23,1,,0,,1.0,mastercard,87.0,0
169850,30.95,23,1,,0,,1.0,visa,87.0,0
169854,40.0,23,1,,0,,1.0,visa,87.0,0
169855,80.0,23,1,,0,,109.0,visa,87.0,0
169855,6.405,23,0,,0,,1.0,visa,,0
169897,527.0,23,1,456.0,0,,1.0,visa,87.0,0
169898,175.0,23,1,,0,,1.0,mastercard,87.0,0
169898,52.95,23,1,,0,,1.0,mastercard,87.0,0
169906,200.0,23,1,,0,,2.0,visa,87.0,0
169911,59.0,23,1,6.0,0,,1.0,visa,87.0,0
169942,90.0,23,1,,0,,1.0,mastercard,87.0,0
169945,57.95,23,1,,0,,3.0,visa,87.0,0
169946,100.0,23,1,,0,,1.0,visa,87.0,0
169947,100.0,23,1,,0,,4.0,visa,87.0,0
169982,642.47,23,1,12.0,0,,2.0,visa,87.0,0
170025,514.95,23,1,,0,,1.0,visa,87.0,0
170044,25.0,23,1,,0,1.0,1.0,mastercard,87.0,0
170052,335.0,23,1,,0,,1.0,mastercard,87.0,0
170077,25.0,23,1,,0,1.0,1.0,mastercard,87.0,0
170095,209.95,23,1,,0,,5.0,visa,87.0,0
170100,30.0,23,1,222.0,0,,1.0,mastercard,87.0,0
170111,186.95,23,1,,0,,127.0,visa,87.0,0
170117,25.0,23,1,,0,,1.0,visa,87.0,0
170129,102.0,23,1,,0,,1.0,visa,87.0,1
170131,20.0,23,1,,0,,1.0,visa,87.0,0
170134,35.95,23,1,3.0,0,,2.0,visa,87.0,0
170142,59.0,23,1,,0,,2.0,mastercard,87.0,0
170168,161.0,23,1,2.0,0,,2.0,mastercard,87.0,0
170170,25.0,23,1,,0,,2.0,visa,87.0,0
170172,171.0,23,1,,0,,3.0,visa,87.0,0
170174,30.0,23,1,,0,,5.0,mastercard,87.0,0
170181,226.0,23,1,1.0,0,,4.0,visa,87.0,0
170196,40.0,23,1,,0,,4.0,visa,87.0,0
170200,161.0,23,1,1.0,0,,1.0,visa,87.0,0
170202,200.0,23,1,,0,,2.0,visa,87.0,0
170218,25.0,23,1,,0,1.0,1.0,mastercard,87.0,0
170231,171.0,23,1,,0,,10.0,visa,87.0,0
170239,103.197,23,0,,0,80.0,3.0,mastercard,,1
170249,50.0,23,1,,0,,1.0,visa,87.0,0
170259,30.0,23,1,,0,,1.0,visa,87.0,0
170269,49.0,23,1,,0,,1.0,visa,87.0,0
170271,272.95,23,1,,0,,1.0,mastercard,87.0,0
170307,39.95,23,1,9.0,0,,1.0,visa,87.0,0
170309,58.44,23,1,,0,,2.0,visa,87.0,0
170316,117.0,23,1,143.0,0,,1.0,visa,87.0,0
170325,103.97,23,1,12.0,0,,108.0,visa,87.0,0
170326,30.0,23,1,,0,,5.0,mastercard,87.0,0
170361,192.49,23,1,,0,,1.0,mastercard,87.0,0
170366,162.99,23,1,,0,,1.0,visa,87.0,0
170392,554.0,23,1,,0,,2.0,mastercard,87.0,0
170407,20.0,23,1,,0,,1.0,mastercard,87.0,0
170425,26.041,23,0,,0,,2.0,visa,,0
170448,140.0,23,1,,0,,7.0,mastercard,87.0,0
170458,100.0,23,1,,0,,25.0,visa,87.0,1
170460,40.0,23,1,,0,,1.0,visa,87.0,0
170460,335.0,23,1,3.0,0,,1.0,mastercard,87.0,0
170469,30.0,23,1,,0,,3.0,visa,87.0,0
170522,50.0,23,1,,0,,7.0,mastercard,87.0,0
170526,25.0,23,1,,0,1.0,1.0,mastercard,87.0,0
170558,167.0,23,1,,0,,126.0,visa,87.0,0
170563,26.041,23,0,,0,,2.0,visa,,0
170605,63.683,23,0,,0,,1.0,visa,,0
170619,340.0,23,1,,0,,1.0,visa,87.0,0
170624,22.235,23,0,,0,,2.0,visa,,0
170639,50.0,23,1,,0,,1.0,mastercard,87.0,0
170640,59.0,23,1,30.0,0,,3.0,visa,87.0,0
170641,140.0,23,1,,0,,1.0,visa,87.0,0
170662,117.0,23,1,,0,,1.0,visa,87.0,0
170678,250.0,23,1,,0,,4.0,mastercard,87.0,0
170681,226.0,23,1,0.0,0,,19.0,visa,87.0,0
170682,57.95,23,1,8.0,0,,125.0,mastercard,87.0,0
170684,77.0,23,1,,0,,1.0,mastercard,87.0,0
170695,100.0,23,1,,0,,1.0,visa,87.0,0
170697,75.0,23,1,,0,,3.0,visa,87.0,0
170732,108.95,23,1,,0,,2.0,mastercard,87.0,0
170745,52.49,23,1,1.0,0,,3.0,mastercard,87.0,0
170756,193.0,23,1,2.0,0,,126.0,visa,87.0,0
170772,209.95,23,1,,0,,1.0,mastercard,87.0,0
170775,25.0,23,1,,0,,1.0,visa,87.0,0
170789,30.0,23,1,,0,,1.0,visa,87.0,0
170800,300.0,23,1,,0,,3.0,visa,87.0,0
170811,57.95,23,1,,0,,3.0,visa,87.0,0
170820,500.0,23,1,,0,,2.0,discover,87.0,0
170825,5.982,23,0,,0,,4.0,visa,,0
170826,59.54,23,1,,0,,1.0,visa,87.0,0
170829,26.464,23,0,,0,,1.0,visa,,0
170851,171.0,23,1,,0,,1.0,mastercard,87.0,0
170863,57.95,23,1,,0,,7.0,mastercard,87.0,0
170866,10.0,23,1,,0,,6.0,visa,87.0,0
170898,66.402,23,0,,0,,2.0,visa,,0
170903,50.934,23,0,,0,,1.0,mastercard,,0
170923,44.0,23,1,1.0,0,,2.0,mastercard,87.0,0
170927,76.129,23,0,,0,,2.0,mastercard,,0
170929,190.0,23,1,,0,,3.0,mastercard,87.0,0
170929,50.0,23,1,,0,,1.0,visa,87.0,0
170932,100.0,23,1,,0,,1.0,visa,87.0,0
170947,34.0,23,1,,0,,1.0,visa,87.0,0
170949,117.0,23,1,20.0,0,,1.0,mastercard,87.0,0
170954,113.95,23,1,2.0,0,,1.0,visa,87.0,0
170991,20.0,23,1,,0,,5.0,mastercard,87.0,0
171009,66.402,23,0,,0,,1.0,visa,,0
171033,49.0,23,1,,0,,2.0,mastercard,87.0,0
171052,50.753,23,0,,0,,1.0,visa,,0
171061,50.0,23,1,,0,,1.0,visa,87.0,0
171062,30.95,23,1,,0,,125.0,mastercard,87.0,0
171073,97.0,23,1,,0,,4.0,visa,87.0,0
171084,58.95,23,1,7.0,0,,145.0,mastercard,87.0,0
171093,141.0,23,1,,0,,1.0,visa,87.0,0
171102,134.95,23,1,5.0,0,,96.0,mastercard,87.0,0
171107,375.0,23,1,,0,,1.0,american express,87.0,0
171109,97.0,23,1,,0,,1.0,visa,87.0,0
171125,308.5,23,1,0.0,0,,1.0,mastercard,87.0,0
171128,50.753,23,0,,0,,1.0,visa,,0
171134,200.0,23,1,,0,,1.0,visa,87.0,0
171137,29.0,23,1,2.0,0,,2.0,mastercard,87.0,0
171141,25.95,23,1,,0,,1.0,visa,87.0,0
171145,159.95,23,1,,0,,3.0,mastercard,87.0,0
171150,300.0,23,1,,0,,4.0,visa,87.0,0
171152,209.95,23,1,2.0,0,,17.0,visa,87.0,0
171154,75.0,23,1,,0,,1.0,visa,87.0,0
171155,100.0,23,1,,0,,5.0,visa,87.0,0
171162,30.95,23,1,23.0,0,,89.0,mastercard,87.0,0
171166,130.0,23,1,,0,,2.0,visa,87.0,0
171187,107.95,23,1,28.0,0,,99.0,visa,87.0,0
171193,44.5,23,1,,0,,1.0,mastercard,87.0,0
171205,23.987,23,0,,0,,1.0,mastercard,,0
171206,50.0,23,1,,0,,76.0,visa,87.0,0
171256,80.0,23,1,,0,,4.0,visa,87.0,0
171262,150.0,23,1,,0,,1.0,visa,87.0,1
171278,300.0,23,1,,0,4.0,1.0,visa,87.0,0
171289,29.122,23,0,,0,,1.0,visa,,0
171292,66.402,23,0,,0,,1.0,visa,,0
171314,77.0,23,1,18.0,0,,2.0,visa,87.0,0
171335,30.633,23,0,,0,,1.0,visa,,0
171339,112.99,23,1,456.0,0,,1.0,visa,87.0,0
171351,29.0,23,1,,0,,1.0,visa,87.0,0
171352,58.95,23,1,10.0,0,,1.0,visa,87.0,0
171354,20.0,23,1,7.0,0,,5.0,mastercard,87.0,0
171355,125.0,23,1,,0,,1.0,visa,87.0,0
171356,66.402,23,0,,0,,2.0,visa,,0
171357,372.0,23,1,,0,,2.0,visa,87.0,0
171388,130.0,23,1,1.0,0,,2.0,visa,87.0,0
171398,117.0,23,1,,0,,2.0,visa,87.0,0
171401,100.0,23,1,,0,,1.0,mastercard,87.0,0
171404,138.0,23,1,240.0,0,,2.0,visa,87.0,0
171409,50.0,23,1,18.0,0,,3.0,mastercard,87.0,0
171418,100.0,23,1,,0,,1.0,mastercard,87.0,0
171468,57.95,23,1,6.0,0,,5.0,visa,87.0,0
171473,40.0,23,1,,0,,13.0,mastercard,87.0,0
171474,60.0,23,1,,0,,2.0,visa,87.0,0
171483,35.0,23,1,,0,,3.0,visa,87.0,0
171489,57.95,23,1,17.0,0,,14.0,visa,87.0,0
171503,29.0,23,1,,0,,1.0,mastercard,87.0,0
171504,23.987,23,0,,0,0.0,1.0,mastercard,,0
171507,141.0,23,1,385.0,0,,1.0,visa,87.0,0
171507,53.97,23,1,,0,,1.0,visa,87.0,0
171513,47.95,23,1,2.0,0,,1.0,visa,87.0,0
171514,40.0,23,1,,0,,1.0,visa,87.0,0
171518,226.0,23,1,0.0,0,,1.0,discover,87.0,0
171531,159.95,23,1,0.0,0,,2.0,mastercard,87.0,0
171533,244.95,23,1,186.0,0,,1.0,discover,87.0,0
171547,48.95,23,1,,0,,3.0,visa,87.0,0
171547,171.0,23,1,1934.0,0,,1.0,visa,87.0,0
171549,200.0,23,1,,0,,8.0,mastercard,87.0,0
171561,659.95,23,1,,0,,1.0,visa,87.0,0
171569,50.0,23,1,,0,51.0,4.0,visa,87.0,0
171582,25.0,23,1,,0,,1.0,visa,87.0,0
171589,23.987,23,0,,0,0.0,1.0,mastercard,,0
171597,107.95,23,1,0.0,0,,2.0,mastercard,87.0,0
171600,30.0,23,1,,0,,1.0,visa,87.0,0
171613,274.95,23,1,,0,,1.0,visa,87.0,0
171629,47.95,23,1,,0,,5.0,visa,87.0,0
171634,40.0,23,1,,0,,158.0,visa,87.0,0
171642,87.0,23,1,,0,,1.0,visa,87.0,0
171646,44.95,23,1,,0,,91.0,mastercard,87.0,0
171652,39.0,23,1,0.0,0,,13.0,mastercard,87.0,0
171664,504.67,23,1,,0,,1.0,visa,87.0,0
171667,29.0,23,1,0.0,0,,1.0,mastercard,87.0,0
171669,226.0,23,1,26.0,0,,2.0,visa,87.0,0
171676,52.0,23,1,5.0,0,,108.0,visa,87.0,0
171682,107.95,23,1,,0,,1.0,visa,87.0,0
171683,100.0,23,1,,0,,1.0,visa,87.0,0
171690,20.95,23,1,0.0,0,,5.0,visa,87.0,0
171718,59.0,23,1,,0,,1.0,mastercard,87.0,0
171736,670.98,23,1,5.0,0,,1.0,visa,87.0,0
171749,108.5,23,1,,0,,1.0,visa,87.0,0
171753,100.0,23,1,,0,,1.0,visa,87.0,0
171762,50.0,23,1,,0,,11.0,visa,87.0,0
171776,48.95,23,1,16.0,0,,2.0,mastercard,87.0,0
171793,30.0,23,1,,0,,1.0,mastercard,87.0,0
171796,209.95,23,1,3.0,0,,8.0,mastercard,87.0,0
171821,11.722,23,0,,0,,2.0,visa,,0
171823,54.5,23,1,,0,,2.0,visa,87.0,0
171832,524.95,23,1,,0,,1.0,visa,87.0,0
171853,59.0,23,1,,0,,1.0,mastercard,87.0,0
171877,141.0,23,1,16.0,0,,1.0,visa,87.0,0
171887,59.0,23,1,1.0,0,,1.0,visa,87.0,0
171910,140.0,23,1,,0,,1.0,visa,87.0,0
171913,34.95,23,1,,0,,1.0,visa,87.0,0
171916,26.95,23,1,0.0,0,,1.0,visa,87.0,0
171920,29.0,23,1,,0,,1.0,mastercard,87.0,0
171925,23.987,23,0,,0,0.0,1.0,mastercard,,0
171929,480.22,23,1,,0,,3.0,visa,87.0,0
171941,123.582,23,0,,0,,1.0,visa,,1
171943,75.0,23,1,,0,151.0,1.0,american express,87.0,0
171944,20.0,23,1,,0,,13.0,mastercard,87.0,0
171949,353.47,23,1,,0,,2.0,mastercard,87.0,0
171957,107.95,23,1,2.0,0,,1.0,visa,87.0,0
171966,150.0,23,1,0.0,0,,2.0,visa,87.0,0
171998,11.238,23,0,,0,,1.0,visa,,0
172023,361.95,23,1,0.0,0,,1.0,visa,87.0,0
172030,25.195,23,0,,0,,1.0,mastercard,,0
172065,7.069,23,0,,0,,1.0,mastercard,,0
172067,30.0,23,1,,0,,3.0,visa,87.0,0
172075,107.95,23,1,2.0,0,,2.0,visa,87.0,0
172088,59.0,23,1,0.0,0,,1.0,mastercard,87.0,0
172098,103.95,23,1,5.0,0,,2.0,visa,87.0,0
172098,58.95,23,1,15.0,0,,1.0,visa,87.0,0
172103,117.0,23,1,,0,,1.0,visa,87.0,0
172108,40.0,23,1,9.0,0,,2.0,mastercard,87.0,0
172112,100.0,23,1,,0,,2.0,mastercard,87.0,0
172116,109.5,23,1,,0,,2.0,visa,87.0,0
172140,59.0,23,1,7.0,0,,2.0,mastercard,87.0,0
172154,25.0,23,1,,0,,1.0,visa,87.0,0
172160,77.0,23,1,6.0,0,,2.0,visa,87.0,0
172169,117.0,23,1,4.0,0,,1.0,mastercard,87.0,0
172171,41.388,23,0,,0,13.0,1.0,visa,,0
172172,87.0,23,1,,0,,1.0,visa,87.0,0
172180,54.5,23,1,,0,,1.0,visa,87.0,0
172196,54.62,23,0,,0,,3.0,mastercard,,0
172208,75.102,23,0,,0,453.0,3.0,mastercard,,1
172221,59.0,23,1,,0,,1.0,visa,87.0,0
172224,102.95,23,1,44.0,0,,1.0,visa,87.0,0
172224,1144.0,23,1,,0,,1.0,visa,87.0,0
172224,280.0,23,1,,0,,1.0,visa,87.0,0
172225,59.0,23,1,4.0,0,,5.0,visa,87.0,0
172233,25.0,23,1,,0,,1.0,visa,87.0,0
172267,64.5,23,1,39.0,0,,6.0,visa,87.0,0
172299,23.987,23,0,,0,,1.0,mastercard,,0
172306,34.0,23,1,0.0,0,,3.0,visa,87.0,0
172313,150.0,23,1,,0,,86.0,visa,87.0,0
172316,179.0,23,1,,0,,1.0,visa,87.0,0
172323,50.0,23,1,,0,,2.0,mastercard,87.0,0
172361,54.47,23,1,,0,,1.0,visa,87.0,0
172365,107.95,23,1,32.0,0,,3.0,visa,87.0,0
172370,129.299,23,0,,0,,1.0,mastercard,,0
172386,21.95,23,1,,0,,5.0,mastercard,87.0,0
172401,30.95,23,1,0.0,0,,19.0,visa,87.0,0
172412,150.0,23,1,,0,,1.0,visa,87.0,0
172416,117.0,23,1,2.0,0,,1.0,visa,87.0,0
172435,54.5,23,1,0.0,0,,3.0,mastercard,87.0,0
172443,159.95,23,1,41.0,0,,1.0,mastercard,87.0,0
172452,20.785,23,0,,0,282.0,3.0,mastercard,,0
172457,53.0,23,1,29.0,0,,2.0,mastercard,87.0,0
172471,100.0,23,1,,0,,1.0,mastercard,87.0,0
172472,200.0,23,1,,0,,2.0,visa,87.0,1
172477,150.0,23,1,,0,,1.0,visa,87.0,0
172481,100.0,23,1,,0,,3.0,visa,87.0,0
172513,57.95,23,1,1.0,0,,1.0,visa,87.0,0
172521,100.0,23,1,,0,,8.0,mastercard,87.0,0
172533,209.95,23,1,12.0,0,,1.0,mastercard,87.0,0
172536,50.0,23,1,,0,,2.0,visa,87.0,0
172565,34.0,23,1,,0,,1.0,mastercard,87.0,0
172572,24.5,23,1,,0,,1.0,visa,87.0,0
172575,30.0,23,1,,0,,1.0,visa,87.0,0
172580,59.0,23,1,,0,,1.0,mastercard,87.0,0
172584,300.0,23,1,,0,,2.0,visa,87.0,0
172594,34.0,23,1,9.0,0,,1.0,visa,87.0,0
172596,50.0,23,1,89.0,0,,1.0,visa,87.0,0
172600,100.0,23,1,,0,,2.0,mastercard,87.0,0
172601,23.987,23,0,,0,0.0,2.0,mastercard,,0
172607,57.95,23,1,4.0,0,,1.0,visa,87.0,0
172617,82.0,23,1,0.0,0,,19.0,visa,87.0,0
172629,624.0,23,1,,0,,1.0,visa,87.0,0
172652,44.5,23,1,10.0,0,,2.0,visa,87.0,0
172654,52.95,23,1,,0,,1.0,mastercard,87.0,0
172675,125.0,23,1,,0,,1.0,visa,87.0,0
172675,842.95,23,1,,0,,1.0,mastercard,87.0,0
172676,98.95,23,1,5.0,0,,1.0,visa,87.0,0
172683,335.0,23,1,,0,,2.0,visa,87.0,0
172683,49.0,23,1,170.0,0,,1.0,visa,87.0,0
172690,34.0,23,1,213.0,0,,1.0,mastercard,87.0,0
172708,226.0,23,1,6.0,0,,2.0,mastercard,87.0,0
172716,186.32,23,1,,0,,1.0,mastercard,87.0,0
172720,65.0,23,1,,0,,2.0,visa,87.0,0
172728,21.95,23,1,,0,,5.0,mastercard,87.0,0
172735,117.0,23,1,15.0,0,,1.0,visa,87.0,0
172742,40.0,23,1,,0,,1.0,american express,87.0,0
172750,200.0,23,1,,0,,2.0,visa,87.0,0
172750,59.0,23,1,270.0,0,,2.0,mastercard,87.0,0
172764,25.0,23,1,,0,,1.0,discover,87.0,0
172765,23.987,23,0,,0,0.0,2.0,mastercard,,0
172768,25.95,23,1,0.0,0,,2.0,visa,87.0,0
172774,210.95,23,1,8.0,0,,1.0,visa,87.0,0
172789,108.95,23,1,,0,,6.0,visa,87.0,0
172789,27.97,23,1,5.0,0,,8.0,visa,87.0,0
172807,150.95,0,1,6.0,0,,3.0,mastercard,87.0,0
172807,93.0,0,1,,0,,1.0,visa,87.0,0
172818,15.0,0,1,,0,,1.0,mastercard,87.0,0
172857,117.0,0,1,1117.0,0,,2.0,visa,87.0,0
172859,30.95,0,1,,0,,3.0,visa,87.0,0
172866,54.99,0,1,,0,,1.0,mastercard,87.0,0
172878,50.0,0,1,,0,,2.0,visa,87.0,0
172901,92.0,0,1,,0,,1.0,mastercard,87.0,0
172951,57.95,0,1,,0,,6.0,visa,87.0,0
172955,22.97,0,1,,0,,8.0,visa,87.0,0
172961,108.31,0,1,1.0,0,,2.0,visa,87.0,0
172991,125.0,0,1,,0,,1.0,visa,87.0,0
172998,445.0,0,1,,0,,1.0,visa,87.0,0
173025,50.0,0,1,,0,,1.0,mastercard,87.0,0
173063,57.95,0,1,32.0,0,,4.0,visa,87.0,0
173070,136.99,0,1,,0,,1.0,visa,87.0,0
173072,140.0,0,1,,0,,3.0,visa,87.0,0
173077,59.0,0,1,,0,,1.0,visa,87.0,0
173132,40.95,0,1,9.0,0,,1.0,visa,87.0,0
173134,39.0,0,1,,0,,1.0,mastercard,87.0,0
173152,27.0,0,1,,0,,1.0,mastercard,87.0,0
173175,994.0,0,1,814.0,0,,2.0,visa,87.0,0
173184,25.0,0,1,,0,,1.0,visa,87.0,0
173189,35.0,0,1,,0,,1.0,visa,87.0,0
173200,365.5,0,1,,0,,1.0,visa,87.0,0
173214,171.0,0,1,13.0,0,,1.0,mastercard,87.0,0
173214,25.0,0,1,,0,,1.0,visa,87.0,0
173219,98.122,0,0,,0,,1.0,visa,,0
173220,140.0,0,1,,0,,1.0,visa,87.0,0
173221,100.0,0,1,,0,,2.0,visa,87.0,0
173251,77.0,0,1,,0,,2.0,visa,87.0,0
173255,49.0,0,1,16.0,0,,1.0,visa,87.0,0
173258,100.0,0,1,,0,,6.0,mastercard,87.0,0
173263,59.0,0,1,,0,,1.0,visa,87.0,0
173265,117.0,0,1,,0,,1.0,visa,87.0,0
173275,50.0,0,1,,0,,2.0,visa,87.0,0
173301,335.0,0,1,11.0,0,,5.0,mastercard,87.0,0
173304,22.96,0,0,,0,,1.0,mastercard,,0
173307,994.0,0,1,814.0,0,,2.0,visa,87.0,0
173310,22.5,0,1,,0,,3.0,mastercard,87.0,0
173314,108.5,0,1,,0,,3.0,visa,87.0,0
173325,50.0,0,1,0.0,0,,2.0,visa,87.0,0
173345,35.0,0,1,,0,,1.0,visa,87.0,0
173355,884.0,0,1,814.0,0,,2.0,visa,87.0,0
173388,50.0,0,1,,0,,1.0,mastercard,87.0,0
173393,149.95,0,1,,0,,3.0,mastercard,87.0,0
173417,70.0,0,1,,0,,1.0,visa,87.0,0
173428,278.0,0,1,1939.0,0,,4.0,visa,87.0,0
173432,100.0,0,1,,0,,1.0,visa,87.0,0
173434,87.0,0,1,9.0,0,,1.0,mastercard,87.0,0
173436,445.0,0,1,814.0,0,,3.0,visa,87.0,0
173459,35.0,0,1,,0,,1.0,visa,87.0,0
173463,25.014,0,0,,0,,2.0,mastercard,,0
173465,35.0,0,1,,0,,3.0,mastercard,87.0,0
173474,75.0,0,1,,0,,2.0,visa,87.0,0
173481,14.38,0,0,,0,94.0,3.0,visa,,0
173531,59.0,0,1,1.0,0,,1.0,mastercard,87.0,0
173550,50.0,0,1,1.0,0,,2.0,visa,87.0,0
173560,140.0,0,1,,0,,2.0,visa,87.0,0
173564,226.0,0,1,,0,,1.0,visa,87.0,0
173587,40.0,0,1,,0,,1.0,visa,87.0,0
173610,30.0,0,1,,0,,13.0,mastercard,87.0,0
173612,50.0,0,1,,0,,1.0,visa,87.0,0
173626,317.5,0,1,,0,,1.0,visa,87.0,0
173639,554.0,0,1,35.0,0,,3.0,visa,87.0,0
173654,508.8,0,1,,0,,1.0,visa,87.0,0
173665,75.0,0,1,,0,,1.0,visa,87.0,0
173692,50.0,0,1,,0,,1.0,visa,87.0,0
173707,83.742,0,0,,0,,24.0,mastercard,,1
173708,117.0,0,1,7.0,0,,4.0,visa,87.0,0
173711,52.95,0,1,,0,,4.0,visa,87.0,0
173714,300.0,0,1,,0,,1.0,mastercard,87.0,0
173726,150.5,0,1,1.0,0,,11.0,visa,87.0,0
173734,29.486,0,0,,0,7.0,1.0,visa,,0
173748,83.742,0,0,,0,,25.0,mastercard,,1
173750,107.95,0,1,13.0,0,,10.0,mastercard,87.0,0
173758,50.0,0,1,,0,,1.0,visa,87.0,0
173758,201.95,0,1,2.0,0,,67.0,mastercard,87.0,0
173762,35.95,0,1,2.0,0,,3.0,visa,87.0,0
173764,87.0,0,1,4.0,0,,1.0,visa,87.0,0
173767,28.639,0,0,,0,,1.0,visa,,0
173790,554.0,0,1,35.0,0,,3.0,visa,87.0,0
173792,161.0,0,1,1146.0,0,,2.0,visa,87.0,0
173795,83.742,0,0,,0,,61.0,mastercard,,1
173796,44.5,0,1,,0,,1.0,mastercard,87.0,0
173809,25.0,0,1,,0,,1.0,mastercard,87.0,0
173811,25.0,0,1,,0,,2.0,visa,87.0,0
173816,49.0,0,1,25.0,0,,1.0,visa,87.0,0
173825,29.486,0,0,,0,7.0,2.0,visa,,0
173826,445.0,0,1,35.0,0,,3.0,visa,87.0,0
173843,83.742,0,0,,0,,27.0,mastercard,,1
173850,23.987,0,0,,0,0.0,2.0,mastercard,,0
173857,435.0,0,1,35.0,0,,3.0,visa,87.0,0
173864,150.0,0,1,2.0,0,,4.0,visa,87.0,0
173904,80.0,0,1,12.0,0,,2.0,mastercard,87.0,0
173905,55.0,0,1,,0,,2.0,visa,87.0,0
173929,39.0,0,1,,0,,1.0,visa,87.0,0
173936,54.5,0,1,,0,,1.0,visa,87.0,0
173952,20.0,0,1,,0,,2.0,visa,87.0,0
173953,30.95,0,1,,0,,151.0,visa,87.0,0
173973,50.0,0,1,,0,,3.0,visa,87.0,0
173977,39.0,0,1,,0,,1.0,visa,87.0,0
173985,218.0,0,1,,0,,1.0,mastercard,87.0,0
174003,200.0,0,1,,0,,1.0,mastercard,87.0,0
174011,23.987,0,0,,0,0.0,2.0,mastercard,,0
174011,100.0,0,1,,0,,1.0,mastercard,87.0,0
174039,30.95,0,1,4.0,0,,7.0,visa,87.0,0
174052,32.97,0,1,,0,,7.0,visa,87.0,0
174062,58.95,0,1,18.0,0,,1.0,visa,87.0,0
174064,126.95,0,1,,0,,1.0,mastercard,87.0,0
174070,59.0,0,1,0.0,0,,1.0,visa,87.0,0
174090,49.0,0,1,9.0,0,,1.0,visa,87.0,0
174092,83.742,0,0,,0,,28.0,visa,,1
174103,226.0,0,1,10.0,0,,1.0,visa,87.0,0
174110,75.0,0,1,,0,,1.0,visa,87.0,0
174111,115.0,0,1,6.0,0,,2.0,visa,87.0,0
174121,100.0,0,1,,0,,14.0,mastercard,87.0,0
174132,42.95,0,1,,0,,1.0,visa,87.0,0
174149,83.742,0,0,,0,,29.0,mastercard,,1
174171,75.0,0,1,,0,,1.0,visa,87.0,0
174227,107.0,0,1,1063.0,0,,2.0,visa,87.0,0
174240,29.486,0,0,,0,7.0,2.0,visa,,0
174253,50.0,0,1,,0,,4.0,visa,87.0,0
174271,77.95,0,1,,0,,1.0,visa,87.0,0
174280,59.0,0,1,22.0,0,,1.0,mastercard,87.0,0
174282,227.17,0,1,18.0,0,,1.0,mastercard,87.0,0
174285,117.0,0,1,,0,,1.0,visa,87.0,0
174307,50.0,0,1,,0,,1.0,visa,87.0,0
174310,17.945,0,0,,0,,1.0,visa,,0
174314,20.0,0,1,,0,,1.0,visa,87.0,0
174358,21.51,0,0,,0,149.0,2.0,mastercard,,0
174361,200.0,0,1,,0,,1.0,visa,87.0,0
174364,60.0,0,1,,0,,3.0,visa,87.0,0
174368,30.0,0,1,,0,,1.0,visa,87.0,0
174369,68.5,0,1,7.0,0,,1.0,visa,87.0,0
174375,107.95,0,1,1.0,0,,1.0,visa,87.0,0
174385,57.95,0,1,0.0,0,,249.0,mastercard,87.0,0
174403,425.0,0,1,,0,,2.0,visa,87.0,0
174423,43.382,0,0,,0,,1.0,visa,,0
174437,50.0,0,1,,0,,1.0,visa,87.0,0
174447,108.5,0,1,28.0,0,,1.0,mastercard,87.0,0
174486,150.0,0,1,,0,,2.0,visa,87.0,0
174512,39.0,0,1,1.0,0,,1.0,discover,87.0,0
174526,40.0,0,1,,0,,1.0,mastercard,87.0,0
174527,36.494,0,0,,0,343.0,1.0,visa,,0
174547,107.95,0,1,1.0,0,,2.0,visa,87.0,0
174562,200.0,0,1,,0,,1.0,visa,87.0,0
174588,226.0,0,1,12.0,0,,1.0,visa,87.0,0
174589,117.0,0,1,,0,,2.0,visa,87.0,0
174599,113.0,0,1,1.0,0,,2.0,visa,87.0,0
174600,117.0,0,1,3.0,0,,1.0,mastercard,87.0,0
174602,57.95,0,1,,0,,250.0,mastercard,87.0,0
174603,100.0,0,1,,0,,14.0,mastercard,87.0,0
174608,539.0,0,1,,0,,1.0,mastercard,87.0,0
174627,23.564,0,0,,0,,0.0,mastercard,,0
174628,65.0,0,1,,0,,2.0,visa,87.0,0
174636,25.0,0,1,,0,,3.0,visa,87.0,0
174638,1102.0,0,1,,0,,1.0,visa,87.0,0
174652,10.0,0,1,,0,,1.0,mastercard,87.0,0
174655,50.0,0,1,,0,,3.0,visa,87.0,0
174656,200.0,0,1,,0,,4.0,visa,87.0,0
174671,445.0,0,1,,0,,1.0,visa,87.0,0
174673,83.5,0,1,,0,,4.0,visa,87.0,0
174697,40.0,0,1,,0,,1.0,visa,87.0,0
174710,15.165,0,0,,0,,1.0,visa,,0
174714,59.0,0,1,5.0,0,,2.0,visa,87.0,0
174726,50.0,0,1,,0,,146.0,mastercard,87.0,0
174735,150.0,0,1,,0,,2.0,visa,87.0,0
174742,117.0,0,1,,0,,1.0,visa,87.0,0
174742,475.0,0,1,18.0,0,,2.0,visa,87.0,0
174748,24.5,0,1,,0,,1.0,visa,87.0,0
174758,117.0,0,1,27.0,0,,1.0,mastercard,87.0,0
174780,34.077,0,0,,0,,1.0,mastercard,,0
174783,30.95,0,1,,0,,110.0,mastercard,87.0,0
174797,117.0,0,1,,0,,1.0,visa,87.0,0
174833,18.186,0,0,,0,,1.0,visa,,0
174834,50.0,0,1,,0,,1.0,mastercard,87.0,0
174845,117.0,0,1,,0,,1.0,visa,87.0,0
174847,117.0,0,1,,0,,1.0,visa,87.0,0
174851,29.0,0,1,,0,,1.0,visa,87.0,0
174854,261.95,0,1,,0,,2.0,visa,87.0,0
174858,40.0,0,1,2.0,0,,1.0,mastercard,87.0,0
174874,131.0,0,1,,0,,2.0,visa,87.0,0
174884,100.0,0,1,,0,,1.0,mastercard,87.0,0
174908,75.0,0,1,,0,,1.0,visa,87.0,0
174911,59.0,0,1,42.0,0,,2.0,visa,87.0,0
174914,117.0,0,1,1098.0,0,,14.0,mastercard,87.0,0
174918,2599.02,0,1,2186.0,0,,2.0,mastercard,87.0,0
174952,107.95,0,1,1162.0,0,,3.0,visa,87.0,0
174962,384.26,0,1,4.0,0,,1.0,visa,87.0,0
174966,20.0,0,1,,0,,3.0,visa,87.0,0
174980,68.95,0,1,67.0,0,,3.0,mastercard,87.0,0
174981,214.95,0,1,,0,,2.0,mastercard,87.0,0
174997,108.95,0,1,,0,,2.0,visa,87.0,0
175001,50.99,0,1,,0,,2.0,visa,87.0,0
175015,171.0,0,1,1.0,0,,3.0,visa,87.0,0
175075,209.95,0,1,,0,,1.0,visa,87.0,0
175077,36.95,0,1,14.0,0,,3.0,mastercard,87.0,0
175111,78.425,0,0,,0,,1.0,visa,,0
175116,160.5,0,1,,0,,6.0,mastercard,87.0,0
175116,278.44,0,1,,0,,1.0,visa,87.0,0
175143,29.0,0,1,3.0,0,,1.0,visa,87.0,0
175155,20.0,0,1,,0,,1.0,visa,87.0,0
175166,15.0,0,1,,0,,4.0,visa,87.0,0
175170,24.0,0,1,,0,,1.0,mastercard,87.0,0
175181,107.95,0,1,12.0,0,,1.0,visa,87.0,0
175181,27.31,0,0,,0,,1.0,visa,,0
175186,40.0,0,1,4.0,0,,4.0,mastercard,87.0,0
175202,280.0,0,1,8.0,0,,159.0,mastercard,87.0,0
175211,39.394,0,0,,0,0.0,2.0,mastercard,,0
175231,39.394,0,0,,0,,2.0,mastercard,,0
175259,24.5,0,1,,0,,1.0,visa,87.0,0
175263,59.0,0,1,2.0,0,,2.0,mastercard,87.0,0
175264,150.0,0,1,6.0,0,,1.0,mastercard,87.0,0
175294,7.069,0,0,,0,,1.0,visa,,0
175302,311.95,0,1,,0,,6.0,mastercard,87.0,0
175303,100.0,0,1,,0,,2.0,discover,87.0,0
175309,250.0,0,1,9.0,0,,5.0,visa,87.0,0
175312,695.99,0,1,5.0,0,,3.0,visa,87.0,0
175320,67.95,0,1,,0,,2.0,mastercard,87.0,0
175322,125.0,0,1,,0,,1.0,visa,87.0,0
175344,50.0,0,1,2.0,0,,2.0,visa,87.0,0
175355,75.0,0,1,,0,,1.0,visa,87.0,0
175356,384.26,0,1,,0,,2.0,mastercard,87.0,0
175366,226.0,0,1,255.0,0,,2.0,mastercard,87.0,0
175368,200.0,0,1,,0,,1.0,visa,87.0,0
175376,40.0,0,1,,0,,13.0,mastercard,87.0,0
175384,72.0,0,1,,0,,1.0,visa,87.0,0
175425,23.262,0,0,,0,344.0,1.0,mastercard,,0
175447,25.0,0,1,,0,,1.0,mastercard,87.0,0
175464,25.0,0,1,0.0,0,,5.0,mastercard,87.0,0
175468,34.5,0,1,,0,,1.0,mastercard,87.0,0
175497,40.0,0,1,,0,,1.0,mastercard,87.0,0
175541,49.0,0,1,0.0,0,,13.0,mastercard,87.0,0
175542,6.405,0,0,,0,,1.0,mastercard,,0
175543,83.5,0,1,,0,,4.0,visa,87.0,0
175544,23.866,0,0,,0,,1.0,visa,,1
175559,77.95,0,1,,0,,3.0,mastercard,87.0,0
175566,39.0,0,1,,0,,1.0,visa,87.0,0
175573,9.909,0,0,,0,,1.0,visa,,0
175575,39.0,0,1,,0,,1.0,visa,87.0,0
175587,108.95,0,1,,0,,1.0,mastercard,87.0,0
175610,100.0,0,1,,0,,1.0,mastercard,87.0,0
175615,85.0,0,1,,0,,1.0,mastercard,87.0,0
175618,100.0,0,1,,0,,5.0,visa,87.0,0
175619,50.0,0,1,,0,,1.0,visa,87.0,0
175619,305.88,0,1,24.0,0,,1.0,mastercard,87.0,0
175624,149.95,0,1,3.0,0,,5.0,visa,87.0,0
175629,131.0,0,1,,0,,1.0,mastercard,87.0,0
175659,772.95,0,1,,0,,1.0,visa,87.0,0
175666,300.0,0,1,,0,,1.0,mastercard,87.0,0
175674,129.97,0,1,,0,,1.0,mastercard,87.0,0
175680,53.95,0,1,14.0,0,,7.0,visa,87.0,0
175681,49.0,0,1,24.0,0,,1.0,mastercard,87.0,0
175711,35.0,0,1,,0,,10.0,mastercard,87.0,0
175713,50.0,0,1,,0,,1.0,visa,87.0,0
175713,361.82,0,1,,0,,1.0,mastercard,87.0,0
175731,695.99,0,1,5.0,0,,3.0,visa,87.0,0
175732,83.5,0,1,6.0,0,,2.0,visa,87.0,0
175734,140.0,0,1,,0,,5.0,visa,87.0,1
175764,50.0,0,1,,0,,1.0,mastercard,87.0,0
175766,92.0,0,1,0.0,0,,1.0,visa,87.0,0
175766,43.97,0,1,77.0,0,,1.0,visa,87.0,0
175776,77.0,0,1,,0,,1.0,visa,87.0,0
175782,117.0,0,1,1.0,0,,1.0,mastercard,87.0,0
175791,341.87,0,1,,0,,1.0,visa,87.0,0
175797,25.0,0,1,,0,,1.0,mastercard,87.0,0
175801,40.0,0,1,,0,,1.0,visa,87.0,0
175804,373.74,0,1,,0,,1.0,mastercard,87.0,0
175810,108.95,0,1,,0,,1.0,visa,87.0,0
175811,54.5,0,1,8.0,0,,1.0,mastercard,87.0,0
175814,92.0,0,1,0.0,0,,2.0,mastercard,87.0,0
175816,25.0,0,1,,0,,1.0,mastercard,87.0,0
175823,311.95,0,1,1463.0,0,,5.0,visa,87.0,1
175827,92.0,0,1,,0,,1.0,visa,87.0,0
175828,105.95,0,1,,0,,5.0,visa,87.0,0
175838,99.0,0,1,,0,,1.0,visa,87.0,0
175847,150.0,0,1,,0,,2.0,visa,87.0,0
175855,171.0,0,1,5.0,0,,1.0,mastercard,87.0,0
175862,29.5,0,1,3.0,0,,12.0,mastercard,87.0,0
175877,117.0,0,1,606.0,0,,1.0,visa,87.0,0
175892,25.95,0,1,9.0,0,,47.0,visa,87.0,0
175908,50.0,0,1,,0,,1.0,visa,87.0,0
175908,80.0,0,1,,0,,2.0,visa,87.0,1
175913,25.0,0,1,,0,,1.0,mastercard,87.0,0
175914,150.0,0,1,,0,17.0,2.0,visa,87.0,0
175951,40.0,0,1,,0,,1.0,mastercard,87.0,0
175994,373.74,0,1,,0,,1.0,mastercard,87.0,0
175995,580.6,0,1,,0,,1.0,visa,87.0,0
175999,100.0,0,1,,0,,1.0,visa,87.0,0
176047,50.0,0,1,,0,,1.0,mastercard,87.0,0
176051,17.401,0,0,,0,,2.0,visa,,0
176055,50.0,0,1,,0,,1.0,visa,87.0,0
176080,250.0,0,1,9.0,0,,4.0,visa,87.0,0
176080,26.95,0,1,,0,,1.0,visa,87.0,0
176092,445.0,0,1,8.0,0,,1.0,visa,87.0,0
176106,59.0,0,1,,0,,5.0,mastercard,87.0,0
176143,226.0,0,1,,0,,1.0,visa,87.0,0
176151,335.0,0,1,,0,,1.0,mastercard,87.0,0
176156,23.443,0,0,,0,,1.0,visa,,0
176162,120.5,0,1,109.0,0,,2.0,visa,87.0,0
176165,49.0,0,1,6.0,0,,1.0,mastercard,87.0,0
176168,125.0,0,1,,0,,1.0,mastercard,87.0,0
176171,112.99,0,1,,0,,1.0,mastercard,87.0,0
176190,50.0,0,1,2.0,0,,1.0,mastercard,87.0,0
176224,58.95,0,1,,0,,1.0,mastercard,87.0,0
176227,58.95,0,1,,0,,2.0,visa,87.0,0
176241,32.97,0,1,,0,,56.0,visa,87.0,0
176277,38.79,0,0,,0,,2.0,visa,,0
176284,108.95,0,1,71.0,0,,2.0,visa,87.0,0
176292,17.159,0,0,,0,,2.0,visa,,0
176300,13.0,0,1,,0,,1.0,visa,87.0,0
176305,50.0,0,1,,0,,3.0,visa,87.0,0
176307,319.95,0,1,,0,,1.0,mastercard,87.0,0
176324,34.0,0,1,47.0,0,,2.0,mastercard,87.0,0
176337,59.0,0,1,,0,,1.0,visa,87.0,0
176364,35.95,0,1,,0,,1.0,visa,87.0,0
176374,50.0,0,1,,0,,1.0,mastercard,87.0,0
176384,54.5,0,1,22.0,0,,1.0,visa,87.0,0
176390,982.0,0,1,,0,,1.0,visa,87.0,0
176400,54.0,1,1,6.0,0,,1.0,mastercard,87.0,0
176403,23.443,1,0,,0,,1.0,visa,,0
176406,28.95,1,1,0.0,0,,3.0,visa,87.0,0
176410,317.5,1,1,15.0,0,,2.0,mastercard,87.0,0
176415,26.645,1,0,,0,,1.0,visa,,0
176447,40.0,1,1,,0,,1.0,visa,87.0,0
176481,209.95,1,1,6.0,0,,138.0,visa,87.0,0
176502,411.95,1,1,5.0,0,,4.0,visa,87.0,0
176527,28.95,1,1,0.0,0,,3.0,visa,87.0,0
176541,117.0,1,1,16.0,0,,1.0,visa,87.0,0
176542,100.0,1,1,,0,,2.0,visa,87.0,0
176543,209.95,1,1,,0,,1.0,visa,87.0,0
176552,107.95,1,1,,0,,3.0,mastercard,87.0,0
176566,47.95,1,1,,0,,2.0,visa,87.0,0
176581,20.0,1,1,0.0,0,,1.0,visa,87.0,0
176587,51.961,1,0,,0,,1.0,visa,,0
176589,20.0,1,1,490.0,0,,3.0,visa,87.0,0
176591,87.0,1,1,,0,,1.0,visa,87.0,0
176591,57.95,1,1,3.0,0,,2.0,visa,87.0,0
176595,59.0,1,1,,0,,1.0,mastercard,87.0,0
176602,117.0,1,1,,0,,2.0,visa,87.0,0
176659,300.0,1,1,,0,,1.0,mastercard,87.0,0
176660,427.95,1,1,,0,,1.0,visa,87.0,0
176680,47.95,1,1,9.0,0,,2.0,visa,87.0,0
176700,21.087,1,0,,0,0.0,4.0,mastercard,,0
176700,385.67,1,1,8.0,0,,2.0,visa,87.0,0
176721,336.95,1,1,8.0,0,,1.0,visa,87.0,0
176724,29.243,1,0,,0,,1.0,mastercard,,0
176769,60.0,1,1,,0,,17.0,visa,87.0,0
176781,35.95,1,1,12.0,0,,149.0,visa,87.0,0
176790,75.0,1,1,,0,,1.0,visa,87.0,0
176792,200.0,1,1,,0,,3.0,mastercard,87.0,0
176810,100.0,1,1,,0,,1.0,visa,87.0,0
176817,300.0,1,1,,0,,2.0,visa,87.0,0
176827,317.5,1,1,5.0,0,,1.0,visa,87.0,0
176832,30.0,1,1,,0,,1.0,mastercard,87.0,0
176843,57.0,1,1,,0,,2.0,mastercard,87.0,0
176844,20.0,1,1,,0,,3.0,visa,87.0,0
176846,311.95,1,1,1.0,0,,3.0,mastercard,87.0,0
176856,294.729,1,0,,0,258.0,2.0,mastercard,,0
176858,85.95,1,1,13.0,0,,1.0,visa,87.0,0
176878,100.0,1,1,,0,,1.0,mastercard,87.0,0
176921,100.0,1,1,,0,,3.0,mastercard,87.0,0
176959,40.0,1,1,,0,,2.0,mastercard,87.0,0
176960,92.0,1,1,2.0,0,,1.0,mastercard,87.0,0
176963,44.0,1,1,,0,,1.0,mastercard,87.0,0
176974,54.5,1,1,,0,,1.0,mastercard,87.0,0
176988,335.0,1,1,50.0,0,,1.0,mastercard,87.0,0
176996,30.0,1,1,,0,,1.0,visa,87.0,0
177031,117.0,1,1,,0,,202.0,visa,87.0,0
177031,108.5,1,1,,0,,1.0,mastercard,87.0,0
177050,150.0,1,1,,0,,1.0,mastercard,87.0,0
177065,60.0,1,1,,0,,14.0,mastercard,87.0,0
177088,150.0,1,1,,0,,1.0,visa,87.0,0
177138,10.0,1,1,,0,23.0,10.0,visa,87.0,0
177151,100.0,1,1,,0,,1.0,visa,87.0,0
177162,92.0,1,1,,0,,1.0,mastercard,87.0,0
177198,524.95,1,1,4.0,0,,6.0,visa,87.0,0
177203,40.0,1,1,,0,,2.0,mastercard,87.0,0
177218,107.668,1,0,,0,7.0,1.0,mastercard,,0
177238,60.0,1,1,,0,,1.0,visa,87.0,0
177245,50.0,1,1,,0,,1.0,american express,87.0,0
177257,59.0,1,1,,0,,3.0,mastercard,87.0,0
177273,59.0,1,1,,0,,1.0,visa,87.0,0
177278,127.95,1,1,,0,,40.0,mastercard,87.0,0
177301,50.0,1,1,,0,,2.0,visa,87.0,0
177318,59.0,1,1,,0,,1.0,visa,87.0,0
177325,40.421,1,0,,0,,1.0,mastercard,,0
177340,87.95,1,1,6.0,0,,3.0,visa,87.0,0
177345,301.97,1,1,5.0,0,,5.0,visa,87.0,1
177352,209.95,1,1,5.0,0,,6.0,visa,87.0,0
177355,90.0,1,1,,0,,5.0,visa,87.0,0
177363,56.0,1,1,,0,,1.0,mastercard,87.0,0
177366,59.0,1,1,10.0,0,,3.0,mastercard,87.0,0
177390,214.0,1,1,,0,,1.0,visa,87.0,0
177404,440.99,1,1,11.0,0,,2.0,visa,87.0,0
177405,14.138,1,0,,0,,1.0,visa,,0
177418,311.95,1,1,1751.0,0,,141.0,visa,87.0,0
177439,39.0,1,1,1.0,0,,2.0,visa,87.0,0
177457,310.317,1,0,,0,,1.0,mastercard,,0
177482,117.0,1,1,226.0,0,,1.0,mastercard,87.0,0
177517,57.95,1,1,,0,,40.0,mastercard,87.0,0
177542,50.0,1,1,,0,,1.0,visa,87.0,0
177545,100.0,1,1,,0,,1.0,american express,87.0,0
177545,59.0,1,1,,0,,1.0,visa,87.0,0
177572,80.0,1,1,,0,,7.0,visa,87.0,0
177601,209.95,1,1,,0,,3.0,mastercard,87.0,0
177608,100.0,1,1,,0,,2.0,visa,87.0,0
177638,643.0,1,1,,0,,1.0,visa,87.0,0
177643,82.0,1,1,8.0,0,,1.0,visa,87.0,0
177656,40.0,1,1,,0,,3.0,visa,87.0,0
177674,40.0,1,1,,0,,1.0,mastercard,87.0,0
177697,35.95,1,1,,0,,2.0,visa,87.0,0
177744,77.95,1,1,6.0,0,,5.0,visa,87.0,0
177747,25.0,1,1,,0,,1.0,visa,87.0,0
177772,87.0,1,1,,0,,1.0,visa,87.0,0
177789,20.0,1,1,,0,,1.0,visa,87.0,0
177820,97.0,1,1,,0,,1.0,visa,87.0,0
177842,32.868,1,0,,0,,1.0,visa,,0
177865,47.95,1,1,8.0,0,,3.0,visa,87.0,0
177865,49.0,1,1,,0,,2.0,mastercard,87.0,0
177886,150.0,1,1,,0,,4.0,mastercard,87.0,0
177896,6.888,1,0,,0,,1.0,mastercard,,0
177905,25.0,1,1,2.0,0,,3.0,mastercard,87.0,0
177911,77.95,1,1,,0,,3.0,visa,87.0,0
177959,40.0,1,1,,0,,1.0,visa,87.0,0
177970,63.924,1,0,,0,,1.0,visa,,0
177990,75.404,1,0,,0,,1.0,visa,,0
177993,39.877,1,0,,0,,1.0,visa,,0
178011,43.5,1,1,16.0,0,,1.0,mastercard,87.0,0
178012,107.95,1,1,25.0,0,,142.0,visa,87.0,0
178020,8.036,1,0,,0,,1.0,visa,,0
178027,29.0,1,1,14.0,0,,3.0,visa,87.0,0
178036,108.5,1,1,2.0,0,,1.0,mastercard,87.0,0
178059,59.0,1,1,67.0,0,,2.0,mastercard,87.0,0
178068,84.36,1,1,,0,,4.0,visa,87.0,0
178084,50.0,1,1,,0,,11.0,mastercard,87.0,0
178085,54.5,1,1,1.0,0,,1.0,visa,87.0,0
178088,3162.95,1,1,0.0,0,,1.0,visa,87.0,0
178103,26.99,1,1,,0,,1.0,visa,87.0,0
178113,34.0,1,1,7.0,0,,1.0,mastercard,87.0,0
178114,141.0,1,1,,0,,1.0,visa,87.0,0
178126,100.0,1,1,,0,,1.0,visa,87.0,0
178133,25.0,1,1,1.0,0,,48.0,mastercard,87.0,0
178134,34.0,1,1,,0,,1.0,visa,87.0,0
178154,35.95,1,1,3.0,0,,6.0,mastercard,87.0,0
178204,159.0,1,1,200.0,0,,146.0,visa,87.0,0
178243,100.0,1,1,,0,,1.0,visa,87.0,0
178261,171.0,1,1,799.0,0,,4.0,mastercard,87.0,0
178261,33.95,1,1,,0,,4.0,visa,87.0,0
178277,75.0,1,1,,0,,1.0,visa,87.0,0
178293,69.0,1,1,,0,,1.0,visa,87.0,0
178351,59.0,1,1,17.0,0,,2.0,mastercard,87.0,0
178351,57.95,1,1,,0,,2.0,mastercard,87.0,0
178352,60.0,1,1,,0,,2.0,mastercard,87.0,0
178354,25.0,1,1,,0,,1.0,mastercard,87.0,0
178356,29.0,1,1,,0,,1.0,visa,87.0,0
178361,59.0,1,1,,0,,1.0,visa,87.0,0
178371,55.829,1,0,,0,,2.0,mastercard,,0
178400,120.0,1,1,,0,,3.0,mastercard,87.0,0
178430,117.0,1,1,16.0,0,,2.0,visa,87.0,0
178450,25.0,1,1,,0,,1.0,visa,87.0,0
178463,117.0,1,1,,0,,2.0,mastercard,87.0,0
178463,40.0,1,1,,0,,4.0,mastercard,87.0,0
178470,445.0,1,1,4.0,0,,48.0,mastercard,87.0,0
178473,25.0,1,1,,0,,1.0,visa,87.0,0
178482,50.0,1,1,,0,,2.0,visa,87.0,0
178503,43.0,1,1,,0,,2.0,visa,87.0,0
178510,56.5,1,1,,0,,1.0,visa,87.0,0
178530,31.95,1,1,,0,,128.0,visa,87.0,0
178546,107.95,1,1,,0,,1.0,visa,87.0,0
178569,34.5,1,1,10.0,0,,1.0,mastercard,87.0,0
178571,21.691,1,0,,0,,2.0,visa,,0
178593,23.95,1,1,1376.0,0,,60.0,mastercard,87.0,0
178615,125.0,1,1,,0,,3.0,visa,87.0,0
178629,117.0,1,1,,0,,3.0,visa,87.0,0
178651,45.678,1,0,,0,,1.0,mastercard,,0
178653,108.5,1,1,3.0,0,,2.0,mastercard,87.0,0
178656,40.0,1,1,,0,,3.0,visa,87.0,0
178674,226.0,1,1,7.0,0,,1.0,mastercard,87.0,0
178684,84.467,1,0,,0,,1.0,visa,,0
178690,39.0,1,1,,0,,1.0,visa,87.0,0
178694,59.0,1,1,262.0,0,,1.0,visa,87.0,0
178736,15.709,1,0,,0,,1.0,visa,,0
178744,907.95,1,1,,0,,1.0,visa,87.0,0
178752,69.95,1,1,,0,,1.0,visa,87.0,0
178773,48.336,1,0,,0,,1.0,visa,,1
178800,93.0,1,1,25.0,0,,3.0,visa,87.0,0
178804,30.0,1,1,,0,,3.0,visa,87.0,0
178804,226.0,1,1,0.0,0,,1.0,visa,87.0,0
178805,117.0,1,1,12.0,0,,1.0,visa,87.0,0
178817,82.95,1,1,2.0,0,,6.0,visa,87.0,0
178854,30.0,1,1,35.0,0,,1.0,visa,87.0,0
178859,48.336,1,0,,0,,1.0,visa,,1
178924,14.97,1,1,,0,,4.0,visa,87.0,0
178926,48.336,1,0,,0,,1.0,visa,,1
178952,50.0,1,1,,0,,3.0,visa,87.0,0
178969,196.0,1,1,3.0,0,,5.0,visa,87.0,0
178987,25.0,1,1,,0,,1.0,visa,87.0,0
178991,48.336,1,0,,0,,1.0,visa,,1
178994,39.63,1,1,4.0,0,,2.0,mastercard,87.0,0
179007,57.95,1,1,2.0,0,,18.0,visa,87.0,0
179008,150.0,1,1,,0,,1.0,visa,87.0,0
179023,48.95,1,1,13.0,0,,1.0,visa,87.0,0
179035,48.336,1,0,,0,,1.0,visa,,1
179043,29.486,1,0,,0,,2.0,visa,,0
179047,46.95,1,1,,0,,6.0,mastercard,87.0,0
179050,60.0,1,1,,0,,1.0,visa,87.0,0
179087,20.0,1,1,0.0,0,,70.0,visa,87.0,0
179094,48.336,1,0,,0,,1.0,visa,,1
179171,48.336,1,0,,0,,1.0,visa,,1
179179,226.0,1,1,23.0,0,,1.0,visa,87.0,0
179198,226.0,1,1,,0,,1.0,visa,87.0,0
179206,200.0,1,1,,0,,1.0,visa,87.0,0
179211,52.505,1,0,,0,631.0,1.0,visa,,0
179217,171.0,1,1,773.0,0,,3.0,mastercard,87.0,0
179221,108.5,1,1,,0,,1.0,mastercard,87.0,0
179244,47.95,1,1,,0,,5.0,visa,87.0,0
179285,209.95,1,1,20.0,0,,8.0,visa,87.0,0
179290,174.95,1,1,7.0,0,,1.0,visa,87.0,0
179319,52.505,1,0,,0,631.0,2.0,mastercard,,0
179333,41.95,1,1,,0,,6.0,mastercard,87.0,0
179351,86.0,1,1,,0,,1.0,mastercard,87.0,0
179351,77.0,1,1,0.0,0,,1.0,visa,87.0,0
179385,200.0,1,1,,0,,3.0,mastercard,87.0,1
179392,77.217,1,0,,0,,2.0,mastercard,,0
179413,19.153,1,0,,0,,1.0,visa,,0
179421,29.908,1,0,,0,,1.0,mastercard,,0
179445,864.95,1,1,,0,,1.0,visa,87.0,0
179460,226.0,1,1,9.0,0,,1.0,visa,87.0,0
179480,25.0,1,1,,0,,1.0,visa,87.0,0
179508,53.95,1,1,14.0,0,,193.0,mastercard,87.0,0
179508,108.95,1,1,,0,,1.0,visa,87.0,0
179563,77.95,1,1,5.0,0,,5.0,visa,87.0,0
179586,50.0,1,1,,0,,2.0,mastercard,87.0,0
179593,30.95,1,1,,0,,1.0,visa,87.0,0
179614,200.0,1,1,,0,,4.0,mastercard,87.0,1
179619,60.178,1,0,,0,,1.0,visa,,0
179658,52.505,1,0,,0,631.0,2.0,mastercard,,0
179659,200.0,1,1,,0,,4.0,mastercard,87.0,1
179662,30.0,1,1,,0,,4.0,mastercard,87.0,0
179667,35.95,1,1,127.0,0,,27.0,visa,87.0,0
179672,107.95,1,1,1.0,0,,4.0,mastercard,87.0,0
179692,34.0,1,1,,0,,1.0,visa,87.0,0
179703,50.0,1,1,,0,,1.0,mastercard,87.0,0
179712,209.95,1,1,12.0,0,,2.0,visa,87.0,0
179716,38.185,1,0,,0,,2.0,mastercard,,0
179726,159.95,1,1,3.0,0,,3.0,mastercard,87.0,0
179767,49.0,1,1,32.0,0,,1.0,visa,87.0,0
179792,50.0,1,1,,0,,1.0,visa,87.0,0
179811,38.185,1,0,,0,,3.0,mastercard,,0
179811,52.505,1,0,,0,631.0,2.0,mastercard,,0
179814,58.95,1,1,,0,,3.0,mastercard,87.0,0
179817,335.0,1,1,7.0,0,,1.0,mastercard,87.0,0
179819,52.95,1,1,4.0,0,,3.0,visa,87.0,0
179827,25.0,1,1,,0,,1.0,visa,87.0,0
179834,34.0,1,1,8.0,0,,1.0,mastercard,87.0,0
179863,34.319,1,0,,0,,2.0,mastercard,,0
179896,52.505,1,0,,0,631.0,2.0,mastercard,,0
179905,33.775,1,0,,0,,1.0,mastercard,,0
179918,422.5,1,1,4.0,0,,48.0,mastercard,87.0,0
179932,39.0,1,1,0.0,0,,7.0,mastercard,87.0,0
179936,30.95,1,1,1.0,0,,4.0,visa,87.0,0
179970,108.5,1,1,,0,,151.0,visa,87.0,0
179971,120.0,1,1,,0,,1.0,mastercard,87.0,0
179979,34.319,1,0,,0,,2.0,mastercard,,0
180015,141.0,2,1,,0,,1.0,mastercard,87.0,0
180021,50.0,2,1,,0,,1.0,mastercard,87.0,0
180168,39.0,2,1,,0,,1.0,visa,87.0,0
180189,25.0,2,1,,0,,1.0,american express,87.0,0
180257,34.0,2,1,,0,,2.0,mastercard,87.0,0
180327,209.95,2,1,,0,,6.0,mastercard,87.0,0
180328,30.814,2,0,,0,,4.0,mastercard,,1
180371,184.0,2,1,,0,,1.0,visa,87.0,0
180399,112.99,2,1,1248.0,0,,1.0,mastercard,87.0,0
180400,29.0,2,1,1.0,0,,1.0,visa,87.0,0
180452,50.0,2,1,,0,,1.0,visa,87.0,0
180475,20.0,2,1,,0,,2.0,mastercard,87.0,0
180483,141.383,2,0,,0,,1.0,mastercard,,0
180493,107.95,2,1,,0,,2.0,visa,87.0,0
180499,335.0,2,1,14.0,0,,9.0,visa,87.0,0
180502,335.0,2,1,,0,,1.0,visa,87.0,0
180523,35.346,2,0,,0,0.0,2.0,visa,,0
180546,39.0,2,1,,0,,1.0,visa,87.0,0
180578,50.0,2,1,,0,,1.0,discover,87.0,0
180663,59.0,2,1,67.0,0,,1.0,visa,87.0,0
180689,102.956,2,0,,0,,2.0,visa,,0
180776,30.0,2,1,,0,,1.0,visa,87.0,0
180782,54.62,2,0,,0,,2.0,visa,,0
180809,57.95,2,1,,0,,4.0,mastercard,87.0,0
180843,150.0,2,1,,0,,1.0,visa,87.0,0
180868,39.95,2,1,20.0,0,,2.0,visa,87.0,0
180870,54.62,2,0,,0,,2.0,mastercard,,0
180885,57.95,2,1,18.0,0,,2.0,visa,87.0,0
180891,36.3,2,1,,0,,22.0,mastercard,87.0,0
180896,180.0,2,1,,0,,2.0,mastercard,87.0,0
180921,226.0,2,1,,0,,1.0,mastercard,87.0,0
180937,224.0,2,1,1.0,0,,1.0,visa,87.0,0
180953,54.62,2,0,,0,,2.0,visa,,0
181015,57.95,2,1,2.0,0,,1.0,visa,87.0,0
181016,32.325,2,0,,0,,1.0,visa,,0
181032,107.95,2,1,,0,,6.0,visa,87.0,0
181039,150.0,2,1,,0,,1.0,visa,87.0,0
181105,31.95,2,1,5.0,0,,2.0,mastercard,87.0,0
181114,54.62,2,0,,0,,2.0,visa,,0
181127,82.95,2,1,1.0,0,,121.0,visa,87.0,0
181171,20.0,2,1,,0,,8.0,mastercard,87.0,0
181208,14.743,2,0,,0,,1.0,visa,,0
181228,80.0,2,1,0.0,0,,1.0,visa,87.0,0
181232,25.0,2,1,,0,,1.0,mastercard,87.0,0
181246,49.0,2,1,,0,,1.0,visa,87.0,0
181282,54.62,2,0,,0,,2.0,visa,,0
181311,15.0,2,1,,0,,1.0,visa,87.0,0
181318,869.47,2,1,,0,,1.0,visa,87.0,0
181319,107.95,2,1,1030.0,0,,12.0,visa,87.0,0
181340,40.0,2,1,,0,,1.0,visa,87.0,1
181365,107.99,2,1,,0,,1.0,visa,87.0,0
181388,60.0,2,1,,0,,2.0,mastercard,87.0,0
181389,20.0,2,1,,0,,3.0,visa,87.0,0
181391,50.0,2,1,,0,,1.0,visa,87.0,0
181398,150.0,2,1,,0,,2.0,visa,87.0,0
181402,15.0,2,1,,0,,1.0,visa,87.0,0
181439,150.0,2,1,,0,,1.0,visa,87.0,0
181454,102.95,2,1,6.0,0,,116.0,visa,87.0,0
181486,47.95,2,1,0.0,0,,147.0,mastercard,87.0,0
181499,83.742,2,0,,0,,61.0,mastercard,,1
181610,20.0,2,1,21.0,0,,39.0,mastercard,87.0,0
181613,83.742,2,0,,0,,30.0,mastercard,,1
181632,160.5,2,1,0.0,0,,2.0,visa,87.0,0
181652,150.0,2,1,5.0,0,,3.0,mastercard,87.0,0
181674,226.0,2,1,,0,,147.0,mastercard,87.0,0
181699,34.5,2,1,2.0,0,,3.0,visa,87.0,0
181723,100.0,2,1,,0,,3.0,visa,87.0,0
181730,83.742,2,0,,0,,31.0,mastercard,,1
181733,100.0,2,1,,0,,3.0,mastercard,87.0,0
181744,200.0,2,1,,0,,11.0,visa,87.0,0
181772,160.0,2,1,,0,,5.0,visa,87.0,1
181778,34.0,2,1,,0,,4.0,visa,87.0,0
181784,186.0,2,1,,0,,2.0,mastercard,87.0,1
181785,50.0,2,1,,0,,7.0,visa,87.0,0
181791,59.0,2,1,,0,,2.0,visa,87.0,0
181791,47.95,2,1,26.0,0,,1.0,mastercard,87.0,0
181804,83.742,2,0,,0,,32.0,mastercard,,1
181810,554.0,2,1,10.0,0,,4.0,mastercard,87.0,0
181828,100.0,2,1,,0,,1.0,visa,87.0,0
181837,117.0,2,1,,0,,1.0,visa,87.0,0
181839,100.0,2,1,,0,,1.0,visa,87.0,0
181846,117.0,2,1,41.0,0,,1.0,mastercard,87.0,0
181897,49.0,2,1,,0,,1.0,mastercard,87.0,0
181901,54.5,2,1,,0,,2.0,visa,87.0,0
181906,159.95,2,1,,0,,1.0,mastercard,87.0,0
181918,100.0,2,1,,0,,2.0,visa,87.0,0
181933,15.226,2,0,,0,,1.0,visa,,0
181953,57.95,2,1,7.0,0,,2.0,mastercard,87.0,0
181978,85.0,2,1,3.0,0,,4.0,visa,87.0,0
181989,7.251,2,0,,0,,4.0,visa,,0
182038,24.5,2,1,,0,,1.0,visa,87.0,0
182161,80.0,2,1,,0,,1.0,mastercard,87.0,0
182201,39.0,2,1,19.0,0,,1.0,visa,87.0,0
182201,72.0,2,1,21.0,0,,1.0,mastercard,87.0,0
182215,434.03,2,1,,0,,148.0,visa,87.0,0
182249,159.95,2,1,,0,,3.0,visa,87.0,0
182273,82.95,2,1,0.0,0,,2.0,visa,87.0,0
182274,107.95,2,1,0.0,0,,1.0,mastercard,87.0,0
182274,300.0,2,1,,0,,1.0,visa,87.0,0
182279,50.0,2,1,,0,,1.0,visa,87.0,0
182307,158.49,2,1,,0,,1.0,visa,87.0,0
182308,107.95,2,1,4.0,0,,12.0,visa,87.0,0
182323,100.0,2,1,,0,,2.0,visa,87.0,0
182333,43.502,2,0,,0,,2.0,mastercard,,0
182335,70.0,2,1,,0,,1.0,visa,87.0,0
182347,100.0,2,1,,0,2.0,2.0,mastercard,87.0,0
182385,226.0,2,1,,0,,2.0,mastercard,87.0,1
182397,100.0,2,1,,0,,4.0,visa,87.0,0
182397,100.0,2,1,,0,2.0,2.0,mastercard,87.0,0
182471,70.0,2,1,,0,,1.0,visa,87.0,0
182503,6.888,2,0,,0,,3.0,mastercard,,0
182552,171.0,2,1,1903.0,0,,2.0,mastercard,87.0,1
182570,67.95,2,1,5.0,0,,3.0,visa,87.0,0
182612,150.0,2,1,,0,,1.0,american express,87.0,0
182613,100.0,2,1,,0,,2.0,mastercard,87.0,0
182620,44.0,2,1,,0,,2.0,mastercard,87.0,0
182651,60.0,2,1,,0,,1.0,visa,87.0,0
182669,35.95,2,1,7.0,0,,4.0,visa,87.0,0
182705,117.0,2,1,,0,,1.0,visa,87.0,0
182730,28.458,2,0,,0,,1.0,visa,,0
182750,43.502,2,0,,0,,2.0,mastercard,,0
182755,39.0,2,1,,0,,1.0,visa,87.0,0
182768,100.0,2,1,,0,,3.0,visa,87.0,0
182773,30.95,2,1,1.0,0,,119.0,visa,87.0,0
182820,85.0,2,1,,0,,1.0,mastercard,87.0,0
182844,150.0,2,1,,0,,1.0,visa,87.0,0
182860,75.0,2,1,8.0,0,,1.0,visa,87.0,0
182931,25.0,2,1,,0,,1.0,visa,87.0,0
182933,69.95,2,1,,0,,1.0,mastercard,87.0,0
182943,57.95,2,1,,0,,1.0,visa,87.0,0
182947,75.0,2,1,,0,,3.0,visa,87.0,0
182964,107.95,2,1,,0,,1.0,mastercard,87.0,0
182977,663.71,2,1,,0,,2.0,visa,87.0,0
182980,42.95,2,1,27.0,0,,9.0,visa,87.0,0
182996,25.0,2,1,,0,,1.0,visa,87.0,0
183008,100.0,2,1,,0,,1.0,visa,87.0,0
183025,50.0,2,1,,0,,1.0,visa,87.0,0
183028,49.0,2,1,,0,,2.0,mastercard,87.0,0
183089,52.95,2,1,21.0,0,,2.0,visa,87.0,0
183105,890.1,2,1,13.0,0,,1.0,visa,87.0,0
183119,20.0,2,1,,0,,1.0,mastercard,87.0,0
183121,34.0,2,1,,0,,3.0,visa,87.0,0
183138,100.0,2,1,31.0,0,,2.0,mastercard,87.0,0
183143,200.0,2,1,,0,,1.0,mastercard,87.0,0
183150,97.95,2,1,,0,,1.0,visa,87.0,0
183159,70.0,2,1,,0,,1.0,visa,87.0,0
183198,59.0,2,1,1.0,0,,1.0,mastercard,87.0,0
183212,39.0,2,1,8.0,0,,1.0,visa,87.0,0
183219,57.95,2,1,1.0,0,,4.0,visa,87.0,0
183224,57.95,2,1,,0,,5.0,visa,87.0,0
183269,8.036,2,0,,0,115.0,1.0,visa,,0
183285,78.5,2,1,,0,,1.0,mastercard,87.0,0
183300,239.95,2,1,,0,,3.0,visa,87.0,0
183307,50.0,2,1,,0,,1.0,american express,87.0,0
183314,34.5,2,1,697.0,0,,1.0,visa,87.0,0
183373,27.36,2,1,53.0,0,,4.0,visa,87.0,0
183388,146.0,2,1,342.0,0,,8.0,mastercard,87.0,0
183415,57.95,2,1,293.0,0,,3.0,mastercard,87.0,0
183417,12.326,2,0,,0,1570.0,1.0,mastercard,,0
183445,663.71,2,1,,0,,2.0,visa,87.0,0
183458,117.0,2,1,42.0,0,,1.0,visa,87.0,0
183461,50.0,2,1,,0,,3.0,mastercard,87.0,0
183544,23.866,2,0,,0,,1.0,visa,,0
183585,25.0,2,1,,0,,1.0,visa,87.0,0
183671,14.501,3,0,,0,115.0,2.0,visa,,0
183707,50.0,3,1,,0,,4.0,visa,87.0,0
183753,59.0,3,1,3.0,0,,1.0,mastercard,87.0,0
183760,30.95,3,1,0.0,0,,2.0,visa,87.0,0
183779,201.0,3,1,16.0,0,,1.0,mastercard,87.0,0
183870,150.0,3,1,,0,,5.0,mastercard,87.0,0
183922,226.0,3,1,,0,,1.0,visa,87.0,0
183923,65.0,3,1,0.0,0,,2.0,mastercard,87.0,0
183987,68.5,3,1,12.0,0,,6.0,mastercard,87.0,0
184019,107.0,3,1,,0,,3.0,visa,87.0,0
184039,120.0,3,1,,0,,3.0,mastercard,87.0,0
184059,75.0,3,1,,0,,1.0,visa,87.0,0
184071,59.0,3,1,5.0,0,,4.0,visa,87.0,0
184095,75.0,3,1,,0,,5.0,visa,87.0,0
184109,40.0,3,1,,0,,3.0,visa,87.0,0
184155,77.0,3,1,7.0,0,,1.0,mastercard,87.0,0
184189,49.0,3,1,,0,,1.0,visa,87.0,0
184202,67.95,3,1,4.0,0,,1.0,visa,87.0,0
184233,108.95,3,1,,0,,1.0,visa,87.0,0
184242,100.0,3,1,,0,,2.0,visa,87.0,0
184254,14.985,3,0,,0,,1.0,mastercard,,0
184255,100.0,3,1,,0,,21.0,visa,87.0,0
184293,36.95,3,1,1.0,0,,4.0,visa,87.0,0
184319,49.0,3,1,,0,,1.0,mastercard,87.0,0
184352,93.651,3,0,,0,,1.0,mastercard,,0
184384,14.985,3,0,,0,,1.0,mastercard,,0
184386,107.95,3,1,1347.0,0,,9.0,mastercard,87.0,0
184403,107.95,3,1,,0,,6.0,visa,87.0,0
184418,40.0,3,1,,0,,1.0,mastercard,87.0,0
184452,189.95,3,1,,0,,2.0,visa,87.0,0
184453,209.95,3,1,,0,,6.0,mastercard,87.0,0
184460,77.0,3,1,3.0,0,,8.0,visa,87.0,0
184489,39.0,3,1,8.0,0,,2.0,visa,87.0,0
184585,26.95,3,1,,0,,7.0,mastercard,87.0,0
184598,105.795,3,0,,0,,1.0,mastercard,,0
184600,750.0,3,1,,0,,1.0,visa,87.0,0
184617,179.95,3,1,4.0,0,,2.0,visa,87.0,0
184641,50.0,3,1,,0,,4.0,visa,87.0,0
184651,50.0,3,1,,0,,4.0,mastercard,87.0,0
184672,39.0,3,1,77.0,0,,1.0,visa,87.0,0
184681,40.0,3,1,19.0,0,,1.0,visa,87.0,0
184696,58.95,3,1,0.0,0,,9.0,mastercard,87.0,0
184707,54.62,3,0,,0,15.0,8.0,mastercard,,1
184722,46.523,3,0,,0,,0.0,visa,,0
184757,54.62,3,0,,0,15.0,90.0,mastercard,,1
184764,352.0,3,1,,0,,4.0,visa,87.0,0
184856,14.985,3,0,,0,,1.0,mastercard,,0
184886,39.0,3,1,,0,,1.0,visa,87.0,0
184911,58.0,3,1,,0,,4.0,visa,87.0,0
184938,25.0,3,1,,0,,1.0,visa,87.0,0
184963,79.996,3,0,,0,,1.0,visa,,0
184988,100.0,3,1,,0,,1.0,mastercard,87.0,0
184996,107.95,3,1,,0,,1.0,visa,87.0,0
185044,159.95,3,1,,0,,9.0,mastercard,87.0,0
185082,24.349,3,0,,0,,1.0,mastercard,,0
185099,14.0,3,1,,0,,1.0,visa,87.0,0
185116,52.95,3,1,34.0,0,,1.0,visa,87.0,0
185117,265.0,3,1,,0,,1.0,visa,87.0,0
185186,50.0,3,1,,0,,4.0,visa,87.0,0
185219,15.951,3,0,,0,,24.0,mastercard,,0
185288,54.47,3,1,,0,,1.0,visa,87.0,0
185291,51.0,3,1,406.0,0,,5.0,mastercard,87.0,0
185306,100.0,3,1,,0,,1.0,mastercard,87.0,0
185370,97.95,3,1,11.0,0,,133.0,visa,87.0,0
185392,26.95,3,1,1231.0,0,,1.0,mastercard,87.0,0
185413,1961.0,3,1,,0,,1.0,visa,87.0,0
185433,200.0,3,1,,0,,2.0,visa,87.0,0
185446,31.5,3,1,,0,,1.0,mastercard,87.0,0
185457,48.094,3,0,,0,227.0,1.0,mastercard,,0
185536,457.95,3,1,16.0,0,,3.0,mastercard,87.0,0
185555,100.0,3,1,,0,,5.0,visa,87.0,0
185571,40.0,3,1,,0,,2.0,visa,87.0,0
185606,50.0,3,1,,0,,1.0,visa,87.0,0
185609,25.0,3,1,,0,,1.0,mastercard,87.0,0
185614,35.95,3,1,,0,,12.0,visa,87.0,0
185618,265.0,3,1,,0,,2.0,visa,87.0,0
185626,29.0,3,1,6.0,0,,1.0,visa,87.0,0
185628,117.0,3,1,,0,,1.0,visa,87.0,0
185635,80.0,3,1,,0,,1.0,visa,87.0,0
185822,125.0,3,1,,0,,2.0,visa,87.0,0
185919,49.0,3,1,,0,,1.0,visa,87.0,0
185983,30.0,3,1,210.0,0,,2.0,mastercard,87.0,0
186004,47.95,3,1,2139.0,0,,5.0,visa,87.0,0
186020,117.0,3,1,,0,,2.0,visa,87.0,0
186029,10.0,3,1,,0,161.0,5.0,visa,87.0,0
186031,38.185,3,0,,0,0.0,2.0,visa,,0
186038,100.0,3,1,16.0,0,,3.0,mastercard,87.0,0
186080,129.95,3,1,0.0,0,,25.0,mastercard,87.0,0
186113,57.95,3,1,,0,,135.0,mastercard,87.0,0
186172,30.029,3,0,,0,,1.0,visa,,0
186187,97.0,3,1,,0,,80.0,mastercard,87.0,0
186241,12.406,3,0,,0,,1.0,visa,,0
186250,80.0,3,1,,0,,14.0,mastercard,87.0,0
186290,57.95,3,1,15.0,0,,6.0,visa,87.0,0
186298,159.95,3,1,1.0,0,,120.0,mastercard,87.0,0
186319,59.0,3,1,1.0,0,,1.0,mastercard,87.0,0
186404,108.95,3,1,1.0,0,,1.0,mastercard,87.0,0
186407,150.0,3,1,,0,6.0,3.0,mastercard,87.0,0
186426,26.95,3,1,,0,,3.0,mastercard,87.0,0
186466,100.0,3,1,,0,,1.0,mastercard,87.0,0
186486,97.0,3,1,,0,,14.0,mastercard,87.0,0
186501,19.697,3,0,,0,,1.0,visa,,0
186528,104.47,3,1,,0,,11.0,mastercard,87.0,0
186532,22.95,3,1,,0,,119.0,visa,87.0,0
186541,209.95,3,1,5.0,0,,102.0,mastercard,87.0,0
186549,50.0,3,1,,0,,2.0,mastercard,87.0,0
186585,14.138,3,0,,0,0.0,1.0,visa,,0
186613,57.95,3,1,2.0,0,,9.0,visa,87.0,0
186704,39.152,3,0,,0,446.0,6.0,visa,,0
186734,117.0,3,1,1.0,0,,1.0,visa,87.0,0
186742,50.0,3,1,,0,,2.0,mastercard,87.0,1
186754,159.95,3,1,,0,,120.0,mastercard,87.0,0
186755,117.0,3,1,,0,,1.0,mastercard,87.0,0
186795,47.95,3,1,,0,,4.0,visa,87.0,0
186835,59.0,3,1,73.0,0,,2.0,mastercard,87.0,0
186837,35.95,3,1,12.0,0,,111.0,visa,87.0,0
186874,4.681,3,0,,0,,1.0,visa,,0
186877,32.97,3,1,0.0,0,,12.0,visa,87.0,0
186913,160.0,3,1,,0,,2.0,mastercard,87.0,0
187024,107.95,3,1,1.0,0,,120.0,mastercard,87.0,0
187048,60.0,3,1,,0,,1.0,visa,87.0,0
187073,35.0,3,1,2.0,0,,89.0,visa,87.0,0
187166,112.502,3,0,,0,0.0,2.0,visa,,0
187194,124.0,3,1,,0,,13.0,visa,87.0,0
187241,48.95,4,1,,0,,1.0,visa,87.0,0
187316,33.47,4,1,9.0,0,,2.0,mastercard,87.0,0
187321,26.95,4,1,,0,,1.0,visa,87.0,0
187347,100.0,4,1,,0,,1.0,mastercard,87.0,0
187352,300.0,4,1,,0,,1.0,american express,87.0,0
187362,100.0,4,1,,0,,2.0,mastercard,87.0,0
187373,80.0,4,1,,0,,1.0,visa,87.0,0
187429,101.0,4,1,,0,,48.0,visa,87.0,0
187469,209.95,4,1,19.0,0,,100.0,visa,87.0,0
187504,67.95,4,1,13.0,0,,1.0,visa,87.0,0
187508,146.0,4,1,,0,,1.0,visa,87.0,0
187532,50.0,4,1,,0,,1.0,american express,87.0,0
187547,565.82,4,1,,0,,1.0,visa,87.0,0
187548,27.189,4,0,,0,,1.0,visa,,0
187595,117.0,4,1,,0,,6.0,visa,87.0,0
187696,57.95,4,1,,0,,4.0,mastercard,87.0,0
187782,179.95,4,1,4.0,0,,2.0,visa,87.0,0
187791,100.0,4,1,,0,,1.0,visa,87.0,0
187820,60.0,4,1,,0,,1.0,visa,87.0,0
187843,117.0,4,1,,0,,1.0,mastercard,87.0,0
187852,50.0,4,1,,0,,1.0,mastercard,87.0,0
187913,12.326,4,0,,0,,1.0,visa,,0
187943,40.0,4,1,,0,,5.0,mastercard,87.0,0
187952,105.95,4,1,4.0,0,,81.0,visa,87.0,0
188025,10.0,4,1,14.0,0,,3.0,visa,87.0,0
188090,10.634,4,0,,0,,25.0,mastercard,,1
188104,45.0,4,1,,0,,1.0,mastercard,87.0,0
188174,54.136,4,0,,0,,1.0,visa,,0
188267,12.024,4,0,,0,,1.0,visa,,0
188276,13.95,4,1,,0,,6.0,visa,87.0,0
188328,53.97,4,1,,0,,3.0,visa,87.0,0
188368,200.0,4,1,,0,,1.0,mastercard,87.0,0
188395,400.0,4,1,,0,,1.0,mastercard,87.0,0
188401,160.5,4,1,,0,,1.0,mastercard,87.0,0
188402,42.95,4,1,2.0,0,,119.0,visa,87.0,0
188475,31.97,4,1,1.0,0,,1.0,visa,87.0,1
188479,31.97,4,1,1.0,0,,1.0,visa,87.0,1
188550,38.95,4,1,1.0,0,,104.0,visa,87.0,0
188593,445.0,4,1,11.0,0,,1.0,visa,87.0,0
188663,84.95,4,1,,0,,1.0,visa,87.0,0
188687,311.95,4,1,,0,,21.0,visa,87.0,0
188697,390.0,4,1,9.0,0,,3.0,visa,87.0,0
188702,107.47,4,1,13.0,0,,1.0,visa,87.0,0
188873,50.0,4,1,,0,,167.0,visa,87.0,0
188876,109.0,4,1,8.0,0,,1.0,visa,87.0,0
188877,141.0,4,1,,0,,2.0,mastercard,87.0,0
188887,65.0,4,1,,0,,1.0,mastercard,87.0,0
188938,50.0,4,1,,0,,13.0,visa,87.0,0
188952,100.0,4,1,,0,,3.0,visa,87.0,0
188959,225.0,4,1,,0,466.0,1.0,visa,87.0,0
189010,150.0,4,1,,0,,1.0,visa,87.0,0
189017,5.0,4,1,,0,2517.0,5.0,visa,87.0,0
189076,25.96,4,1,,0,,1.0,visa,87.0,0
189153,30.0,4,1,12.0,0,,2.0,visa,87.0,0
189177,107.95,4,1,,0,,6.0,mastercard,87.0,0
189218,6.284,4,0,,0,,1.0,mastercard,,0
189277,75.0,4,1,,0,,1.0,visa,87.0,0
189341,75.0,4,1,,0,,1.0,visa,87.0,0
189354,108.5,4,1,,0,,2.0,visa,87.0,0
189355,59.0,4,1,,0,,7.0,mastercard,87.0,0
189471,141.0,4,1,0.0,0,,1.0,mastercard,87.0,0
189482,100.0,4,1,,0,,11.0,visa,87.0,0
189491,36.37,4,1,12.0,0,,2.0,visa,87.0,0
189506,100.0,4,1,4.0,0,,2.0,visa,87.0,0
189546,59.0,4,1,17.0,0,,1.0,mastercard,87.0,0
189644,100.0,4,1,,0,,1.0,visa,87.0,0
189703,469.18,4,1,0.0,0,,1.0,mastercard,87.0,0
189743,12.688,4,0,,0,,1.0,visa,,0
189769,226.0,4,1,3.0,0,,1.0,visa,87.0,0
189787,18.005,4,0,,0,,1.0,visa,,0
189790,23.926,4,0,,0,7.0,1.0,mastercard,,0
189816,207.95,4,1,0.0,0,,4.0,visa,87.0,0
189826,200.0,4,1,,0,,1.0,visa,87.0,0
189854,50.0,4,1,,0,,3.0,visa,87.0,0
189860,100.0,4,1,,0,,10.0,visa,87.0,0
189863,171.0,4,1,155.0,0,,9.0,mastercard,87.0,0
189886,51.599,4,0,,0,,1.0,visa,,0
189936,250.0,4,1,,0,,1.0,mastercard,87.0,0
189967,60.0,4,1,,0,,7.0,mastercard,87.0,0
189988,34.5,4,1,12.0,0,,80.0,visa,87.0,0
190016,87.95,4,1,29.0,0,,9.0,visa,87.0,0
190048,209.95,4,1,,0,,1.0,visa,87.0,0
190072,50.0,4,1,,0,,1.0,mastercard,87.0,0
190134,50.0,4,1,,0,,1.0,visa,87.0,0
190146,100.0,4,1,,0,,1.0,visa,87.0,0
190158,47.95,4,1,16.0,0,,105.0,visa,87.0,0
190214,60.0,4,1,,0,,15.0,visa,87.0,0
190239,209.95,4,1,991.0,0,,1.0,visa,87.0,0
190272,16.313,4,0,,0,7.0,1.0,visa,,0
190274,100.0,4,1,,0,,10.0,visa,87.0,0
190287,879.35,4,1,,0,,1.0,discover,87.0,0
190355,549.99,4,1,,0,,1.0,visa,87.0,0
190370,88.95,4,1,,0,,2.0,visa,87.0,0
190395,13.534,4,0,,0,,1.0,visa,,0
190406,40.0,4,1,,0,,7.0,mastercard,87.0,0
190417,59.0,4,1,1.0,0,,2.0,mastercard,87.0,0
190476,23.926,4,0,,0,7.0,1.0,mastercard,,0
190536,117.0,4,1,0.0,0,,10.0,visa,87.0,0
190542,14.985,4,0,,0,,1.0,visa,,0
190548,31.95,4,1,,0,,2.0,mastercard,87.0,0
190694,8.621,4,0,,0,,1.0,visa,,0
190703,117.0,4,1,,0,,10.0,visa,87.0,0
190858,100.0,5,1,,0,,1.0,mastercard,87.0,0
190883,50.0,5,1,,0,,1.0,visa,87.0,0
190920,117.0,5,1,2.0,0,,3.0,visa,87.0,0
190950,150.0,5,1,,0,,1.0,mastercard,87.0,0
191121,60.0,5,1,,0,,4.0,visa,87.0,0
191140,100.0,5,1,,0,,2.0,visa,87.0,0
191171,117.0,5,1,,0,,1.0,visa,87.0,0
191196,50.0,5,1,,0,,2.0,visa,87.0,0
191198,547.95,5,1,6.0,0,,1.0,mastercard,87.0,0
191290,27.0,5,1,,0,,7.0,visa,87.0,0
191438,18.005,5,0,,0,,1.0,mastercard,,0
191491,171.0,5,1,97.0,0,,2.0,mastercard,87.0,0
191540,34.5,5,1,,0,,1.0,visa,87.0,0
191560,108.95,5,1,,0,,1.0,visa,87.0,0
191562,16.313,5,0,,0,,1.0,mastercard,,0
191567,50.0,5,1,,0,,1.0,visa,87.0,0
191584,50.0,5,1,,0,,1.0,visa,87.0,0
191632,54.5,5,1,,0,,254.0,mastercard,87.0,0
191635,87.0,5,1,4.0,0,,4.0,visa,87.0,0
191814,59.0,5,1,,0,,7.0,mastercard,87.0,0
191868,107.95,5,1,2386.0,0,,1.0,mastercard,87.0,0
191872,1861.0,5,1,,0,,1.0,visa,87.0,0
191901,58.95,5,1,3.0,0,,1.0,visa,87.0,0
191921,25.981,5,0,,0,,1.0,visa,,0
191925,300.0,5,1,,0,,1.0,visa,87.0,0
191939,35.648,5,0,,0,,1.0,visa,,0
191993,50.0,5,1,3.0,0,,2.0,visa,87.0,0
192086,209.95,5,1,,0,,3.0,mastercard,87.0,0
192209,55.0,5,1,,0,,1.0,visa,87.0,0
192301,9.063,5,0,,0,,1.0,mastercard,,0
192315,39.0,5,1,11.0,0,,2.0,visa,87.0,0
192617,44.65,5,0,,0,,1.0,visa,,0
192682,6.707,5,0,,0,,1.0,mastercard,,0
192684,25.0,5,1,,0,,1.0,visa,87.0,0
192727,117.0,5,1,2.0,0,,1.0,visa,87.0,0
192729,54.5,5,1,,0,,7.0,mastercard,87.0,0
192775,9.667,5,0,,0,,1.0,visa,,0
192788,108.95,5,1,4.0,0,,1.0,visa,87.0,0
192807,55.0,5,1,,0,,45.0,visa,87.0,0
192868,107.95,5,1,,0,,2.0,mastercard,87.0,0
193048,150.0,5,1,3.0,0,,1.0,mastercard,87.0,0
193116,36.95,5,1,,0,,1.0,visa,87.0,0
193133,9.667,5,0,,0,,1.0,mastercard,,0
193147,33.473,5,0,,0,,1.0,visa,,0
193196,9.667,5,0,,0,,1.0,mastercard,,0
193256,49.0,5,1,,0,,1.0,visa,87.0,0
193274,35.95,5,1,,0,,2.0,visa,87.0,0
193313,55.0,5,1,24.0,0,,4.0,visa,87.0,1
193354,47.611,5,0,,0,,1.0,mastercard,,1
193415,100.0,5,0,,0,,4.0,visa,,0
193471,47.611,5,0,,0,,2.0,mastercard,,1
193499,77.0,5,1,23.0,0,,3.0,visa,87.0,0
193533,30.0,5,1,,0,,6.0,mastercard,87.0,0
193544,77.0,5,1,,0,,1.0,visa,87.0,0
193634,445.0,5,1,4.0,0,,5.0,visa,87.0,0
193667,100.0,5,0,,0,,4.0,visa,,0
193680,129.95,5,1,73.0,0,,12.0,visa,87.0,0
193752,120.0,5,1,,0,,3.0,mastercard,87.0,0
193824,33.11,5,0,,0,0.0,1.0,visa,,0
193845,119.95,5,1,,0,,12.0,visa,87.0,0
193848,100.0,5,1,,0,,1.0,visa,87.0,0
193868,59.0,5,1,,0,,1.0,visa,87.0,0
193940,150.0,5,1,79.0,0,,1.0,visa,87.0,0
193963,46.95,5,1,12.0,0,,4.0,visa,87.0,0
194048,140.0,5,1,,0,,4.0,visa,87.0,0
194096,25.0,5,1,,0,,1.0,visa,87.0,0
194106,72.99,5,1,,0,,1.0,visa,87.0,0
194136,150.0,5,1,,0,,1.0,mastercard,87.0,0
194193,57.95,5,1,,0,,107.0,visa,87.0,0
194197,50.0,5,1,,0,,1.0,visa,87.0,0
194238,108.95,5,1,1706.0,0,,3.0,mastercard,87.0,0
194261,68.5,5,1,,0,,1.0,mastercard,87.0,0
194396,25.0,5,1,,0,,1.0,visa,87.0,0
194478,108.95,6,1,,0,,3.0,mastercard,87.0,0
194509,97.0,6,1,,0,,1.0,visa,87.0,0
194536,58.95,6,1,0.0,0,,206.0,mastercard,87.0,0
194564,14.863,6,0,,0,,1.0,visa,,1
194679,1861.0,6,1,,0,,1.0,visa,87.0,0
194692,30.0,6,1,,0,,2.0,visa,87.0,0
194983,240.0,6,1,,0,,1.0,visa,87.0,0
195082,36.95,6,1,,0,,1.0,visa,87.0,0
195126,35.95,6,1,0.0,0,,1.0,mastercard,87.0,0
195134,47.95,6,1,18.0,0,,4.0,visa,87.0,0
195186,117.0,6,1,16.0,0,,2.0,visa,87.0,0
195361,10.99,6,1,8.0,0,,1.0,visa,87.0,0
195369,13.292,6,0,,0,,2.0,mastercard,,0
195423,261.95,6,1,3.0,0,,1.0,visa,87.0,0
195492,75.0,6,1,,0,,1.0,american express,87.0,0
195557,110.0,6,1,,0,,1.0,visa,87.0,0
195604,75.0,6,1,,0,,1.0,visa,87.0,0
195767,50.0,6,1,,0,,1.0,visa,87.0,0
196021,201.87,6,1,,0,,2.0,visa,87.0,0
196234,58.366,6,0,,0,,1.0,mastercard,,0
196269,50.0,6,1,,0,,1.0,visa,87.0,0
196407,108.5,6,1,,0,,1.0,visa,87.0,0
196423,39.0,6,1,0.0,0,,1.0,visa,87.0,0
196464,295.0,6,1,,0,,1.0,visa,87.0,0
196484,40.0,6,1,,0,,1.0,visa,87.0,0
196499,1750.0,6,1,,0,,1.0,visa,87.0,0
196695,107.95,6,1,,0,,117.0,visa,87.0,0
196824,75.0,6,1,,0,452.0,2.0,visa,87.0,0
196935,68.5,6,1,,0,,3.0,visa,87.0,0
196940,46.95,6,1,1.0,0,,227.0,visa,87.0,0
197153,25.0,6,1,,0,,6.0,visa,87.0,0
197336,50.0,6,1,,0,,1.0,american express,87.0,0
197377,25.0,6,1,,0,,7.0,mastercard,87.0,0
197398,44.952,6,0,,0,7.0,1.0,visa,,0
197495,57.95,6,1,,0,,1.0,mastercard,87.0,0
197533,36.494,6,0,,0,,1.0,mastercard,,0
197539,44.952,6,0,,0,7.0,1.0,visa,,0
197554,20.0,6,1,,0,,1.0,mastercard,87.0,0
197789,38.669,6,0,,0,,1.0,visa,,0
197880,34.0,6,1,24.0,0,,1.0,visa,87.0,0
198010,68.95,7,1,16.0,0,,1.0,visa,87.0,0
198032,5.8,7,0,,0,,1.0,visa,,0
198037,97.95,7,1,,0,,1.0,visa,87.0,0
198066,660.0,7,1,,0,,1.0,visa,87.0,0
198152,117.0,7,1,,0,,1.0,mastercard,87.0,0
198384,77.95,7,1,,0,,3.0,mastercard,87.0,0
198385,49.0,7,1,,0,,1.0,visa,87.0,0
198398,107.95,7,1,25.0,0,,1.0,mastercard,87.0,0
198442,107.95,7,1,1.0,0,,7.0,visa,87.0,0
199166,29.0,7,1,1.0,0,,3.0,mastercard,87.0,0
199407,160.5,7,1,1256.0,0,,1.0,visa,87.0,0
199431,25.0,7,1,,0,,1.0,mastercard,87.0,0
199453,19.214,7,0,,0,1.0,1.0,mastercard,,0
199468,32.325,7,0,,0,,1.0,visa,,0
199507,29.002,7,0,,0,,1.0,visa,,0
199585,67.95,7,1,,0,,3.0,mastercard,87.0,0
199590,312.0,7,1,,0,,1.0,mastercard,87.0,0
200079,50.0,7,1,,0,,1.0,mastercard,87.0,0
200119,75.0,7,1,,0,,1.0,visa,87.0,0
200208,200.0,7,1,,0,,1.0,visa,87.0,0
200327,200.0,7,1,,0,,1.0,visa,87.0,0
200516,20.0,7,1,,0,,6.0,visa,87.0,0
200539,507.0,7,1,,0,,2.0,visa,87.0,0
200858,98.95,7,1,,0,,2.0,visa,87.0,0
200937,200.0,7,1,,0,,2.0,visa,87.0,0
201035,47.95,7,1,0.0,0,,5.0,mastercard,87.0,0
201269,47.95,7,1,,0,,5.0,mastercard,87.0,0
201280,60.0,7,1,,0,,2.0,mastercard,87.0,0
201490,60.0,7,1,,0,,1.0,visa,87.0,0
201512,40.663,7,0,,0,7.0,23.0,mastercard,,1
201650,60.0,8,1,,0,,1.0,visa,87.0,0
201709,209.95,8,1,181.0,0,,96.0,mastercard,87.0,0
201750,29.0,8,1,3.0,0,,1.0,mastercard,87.0,0
202148,100.0,8,1,,0,,4.0,mastercard,87.0,0
202224,82.95,8,1,417.0,0,,43.0,visa,87.0,0
202554,200.0,8,1,,0,,4.0,mastercard,87.0,0
202904,40.0,8,1,,0,,5.0,visa,87.0,0
202995,70.0,8,1,,0,,2.0,mastercard,87.0,0
203335,57.95,8,1,4.0,0,,101.0,visa,87.0,0
203522,103.97,8,1,,0,,161.0,visa,87.0,0
203766,103.97,8,1,,0,,161.0,visa,87.0,0
203972,45.0,8,1,,0,,43.0,visa,87.0,0
204223,29.243,8,0,,0,5521.0,2.0,mastercard,,0
204847,170.0,8,1,,0,,7.0,mastercard,87.0,0
205152,209.95,8,1,0.0,0,,4.0,visa,87.0,0
205193,179.95,8,1,18.0,0,,7.0,mastercard,87.0,0
205359,25.0,9,1,,0,,2.0,visa,87.0,0
206476,117.0,9,1,2.0,0,,1.0,visa,87.0,1
206664,107.95,9,1,,0,,1.0,visa,87.0,0
206878,200.0,9,1,,0,,3.0,visa,87.0,0
207473,250.0,9,1,,0,,2.0,mastercard,87.0,0
207537,20.0,9,1,,0,,1.0,visa,87.0,0
207576,100.0,9,1,,0,,2.0,visa,87.0,0
208265,600.0,9,1,,0,,2.0,visa,87.0,0
208657,24.95,9,1,2.0,0,,1.0,visa,87.0,0
208868,1310.95,10,1,,0,,1.0,mastercard,87.0,0
208888,68.5,10,1,,0,,1.0,visa,87.0,0
209194,1310.95,10,1,0.0,0,,1.0,mastercard,87.0,0
209458,100.0,10,1,,0,,1.0,mastercard,87.0,0
209538,108.5,10,1,2.0,0,,1.0,visa,87.0,0
209844,108.5,10,1,,0,,2.0,visa,87.0,0
209974,75.0,10,1,,0,,92.0,visa,87.0,0
210090,54.5,10,1,2.0,0,,2.0,visa,87.0,0
210465,1104.0,10,1,1346.0,0,,1.0,mastercard,87.0,0
210664,554.0,10,1,,0,,1.0,mastercard,87.0,0
210842,600.0,10,1,,0,,2.0,visa,87.0,0
211015,108.5,10,1,10.0,0,,2.0,mastercard,87.0,0
211421,100.0,10,1,,0,,2.0,mastercard,87.0,0
211645,47.95,10,1,,0,,6.0,visa,87.0,0
211769,9.667,10,0,,0,,1.0,mastercard,,0
211838,554.0,10,1,136.0,0,,2.0,mastercard,87.0,0
212211,100.0,10,1,,0,50.0,2.0,visa,87.0,0
212340,100.0,10,1,,0,50.0,2.0,visa,87.0,0
213448,50.0,11,1,,0,,1.0,american express,87.0,0
213646,10.99,11,1,,0,,1.0,visa,87.0,0
213822,50.0,11,1,,0,,2.0,mastercard,87.0,0
214002,200.0,11,1,,0,,2.0,visa,87.0,1
214077,50.0,11,1,,0,,1.0,mastercard,87.0,0
214174,226.0,11,1,4.0,0,,2.0,visa,87.0,1
214349,60.0,11,1,,0,,1.0,visa,87.0,0
214389,150.0,11,1,8.0,0,,5.0,visa,87.0,0
214646,75.0,11,1,,0,,1.0,visa,87.0,0
214848,75.0,11,1,,0,,1.0,mastercard,87.0,0
215202,50.0,11,1,,0,,3.0,discover,87.0,0
215314,300.0,11,1,,0,,3.0,visa,87.0,0
215353,225.0,11,1,,0,,1.0,visa,87.0,0
215527,335.0,11,1,1.0,0,,3.0,visa,87.0,0
215643,4.109,11,0,,0,,1.0,mastercard,,0
215782,525.0,11,1,,0,,1.0,visa,87.0,0
216031,20.0,12,1,,0,,1.0,visa,87.0,0
216081,107.95,12,1,,0,,1.0,mastercard,87.0,0
216154,107.95,12,1,,0,,6.0,visa,87.0,0
216229,108.5,12,1,,0,,1.0,mastercard,87.0,0
216255,50.0,12,1,,0,,1.0,visa,87.0,0
216302,100.0,12,1,,0,,1.0,visa,87.0,0
216387,15.709,12,0,,0,,1.0,visa,,0
216434,48.95,12,1,9.0,0,,1.0,visa,87.0,0
216476,171.0,12,1,20.0,0,,2.0,visa,87.0,0
216570,694.0,12,1,4.0,0,,1.0,mastercard,87.0,0
216768,60.0,12,1,3.0,0,,4.0,visa,87.0,0
216832,100.0,12,1,,0,,1.0,american express,87.0,0
216935,171.0,12,1,39.0,0,,1.0,visa,87.0,0
217112,40.0,12,1,,0,,1.0,visa,87.0,0
217485,100.0,12,1,,0,,1.0,discover,87.0,0
217507,171.0,12,1,39.0,0,,1.0,visa,87.0,0
217580,100.0,12,1,,0,,2.0,visa,87.0,0
217849,30.0,12,1,,0,,1.0,visa,87.0,0
217908,100.0,12,1,,0,,1.0,visa,87.0,0
217946,117.0,12,1,,0,,1.0,visa,87.0,0
218206,100.0,12,1,,0,,3.0,mastercard,87.0,0
218263,50.0,12,1,,0,,3.0,visa,87.0,0
218298,150.0,12,1,,0,,1.0,mastercard,87.0,0
218436,216.0,12,1,,0,,1.0,visa,87.0,0
218474,56.5,12,1,,0,,3.0,mastercard,87.0,0
218531,50.0,12,1,,0,10.0,5.0,visa,87.0,0
218800,25.0,12,1,,0,,1.0,visa,87.0,0
218834,186.0,12,1,6.0,0,,5.0,visa,87.0,0
219015,117.0,12,1,1.0,0,,3.0,visa,87.0,0
219033,40.0,12,1,,0,,1.0,mastercard,87.0,0
219039,150.0,12,1,,0,,1.0,mastercard,87.0,0
219047,44.0,12,1,145.0,0,,1.0,visa,87.0,0
219087,25.0,12,1,,0,,1.0,mastercard,87.0,0
219109,775.0,12,1,,0,,3.0,discover,87.0,0
219118,35.95,12,1,1374.0,0,,118.0,mastercard,87.0,0
219141,108.5,12,1,,0,,1.0,visa,87.0,0
219200,226.0,12,1,1.0,0,,8.0,visa,87.0,0
219203,59.0,12,1,5.0,0,,3.0,mastercard,87.0,0
219206,117.0,12,1,3.0,0,,2.0,mastercard,87.0,0
219356,57.95,12,1,3.0,0,,3.0,mastercard,87.0,0
219399,15.0,12,1,,0,,1.0,mastercard,87.0,0
219516,47.95,12,1,4.0,0,,3.0,visa,87.0,0
219559,40.0,12,1,5.0,0,,3.0,visa,87.0,0
219615,8.0,13,1,,0,7.0,8.0,visa,87.0,0
219648,57.95,13,1,10.0,0,,2.0,mastercard,87.0,0
219788,117.0,13,1,130.0,0,,1.0,visa,87.0,0
219882,34.5,13,1,,0,,2.0,visa,87.0,0
219912,70.0,13,1,,0,,2.0,mastercard,87.0,0
219949,50.0,13,1,,0,,1.0,mastercard,87.0,0
220068,422.5,13,1,11.0,0,,10.0,visa,87.0,0
220132,92.0,13,1,6.0,0,,1.0,mastercard,87.0,0
220152,80.0,13,1,7.0,0,,1.0,visa,87.0,0
220180,54.5,13,1,,0,,1.0,mastercard,87.0,0
220389,23.926,13,0,,0,7.0,1.0,mastercard,,0
220429,72.95,13,1,6.0,0,,2.0,mastercard,87.0,0
220552,25.0,13,1,,0,,7.0,visa,87.0,0
220553,23.926,13,0,,0,,1.0,mastercard,,0
220604,25.0,13,1,,0,,4.0,mastercard,87.0,0
220627,1097.38,13,1,3.0,0,,1.0,mastercard,87.0,0
220637,39.0,13,1,523.0,0,,1.0,mastercard,87.0,0
220640,44.5,13,1,41.0,0,,1.0,visa,87.0,0
220661,30.0,13,1,,0,,1.0,mastercard,87.0,0
220733,15.0,13,1,32.0,0,,46.0,mastercard,87.0,0
220743,117.0,13,1,,0,,1.0,visa,87.0,0
220746,50.0,13,1,,0,,1.0,visa,87.0,0
220767,50.0,13,1,,0,,1.0,visa,87.0,0
220799,117.0,13,1,25.0,0,,1.0,visa,87.0,0
220920,40.0,13,1,,0,,2.0,mastercard,87.0,0
221142,100.0,13,1,,0,,3.0,visa,87.0,0
221163,39.0,13,1,12.0,0,,1.0,mastercard,87.0,0
221182,335.0,13,1,,0,,1.0,mastercard,87.0,0
221269,30.13,13,1,1.0,0,,7.0,visa,87.0,0
221279,50.0,13,1,,0,,1.0,visa,87.0,0
221294,60.0,13,1,,0,,6.0,mastercard,87.0,0
221343,112.0,13,1,0.0,0,,1.0,visa,87.0,0
221417,25.0,13,1,,0,,1.0,visa,87.0,0
221433,117.0,13,1,1073.0,0,,3.0,visa,87.0,0
221516,54.0,13,1,,0,,2.0,mastercard,87.0,0
221574,209.95,13,1,4.0,0,,2.0,visa,87.0,0
221610,117.0,13,1,,0,,2.0,mastercard,87.0,0
221625,120.0,13,1,,0,,1.0,visa,87.0,0
221637,600.0,13,1,,0,,2.0,visa,87.0,0
221692,50.0,13,1,,0,,1.0,visa,87.0,0
221711,50.0,13,1,,0,,1.0,visa,87.0,0
221753,25.0,13,1,,0,,1.0,visa,87.0,0
221779,68.95,13,1,12.0,0,,2.0,visa,87.0,0
221870,107.95,13,1,1.0,0,,1.0,visa,87.0,0
221875,60.0,13,1,,0,,1.0,visa,87.0,0
221877,100.0,13,1,,0,,3.0,visa,87.0,0
221881,442.97,13,1,,0,,2.0,visa,87.0,0
221881,50.0,13,1,,0,,2.0,visa,87.0,0
221893,150.0,13,1,,0,,1.0,visa,87.0,0
221907,206.0,13,1,0.0,0,,3.0,visa,87.0,0
221941,29.0,13,1,,0,,1.0,mastercard,87.0,0
221942,55.95,13,1,,0,,6.0,mastercard,87.0,0
221995,57.95,13,1,,0,,1.0,mastercard,87.0,0
222021,25.0,13,1,,0,,1.0,visa,87.0,0
222027,200.0,13,1,,0,,16.0,visa,87.0,0
222156,57.0,13,1,3.0,0,,1.0,visa,87.0,0
222319,25.95,13,1,,0,,1.0,mastercard,87.0,0
222330,117.0,13,1,,0,,2.0,visa,87.0,0
222356,150.0,13,1,,0,,7.0,discover,87.0,0
222363,25.0,13,1,,0,,1.0,visa,87.0,0
222371,100.0,13,1,,0,,1.0,visa,87.0,1
222417,50.0,13,1,,0,,1.0,visa,87.0,0
222435,42.0,13,1,,0,,1.0,visa,87.0,0
222453,446.75,13,1,,0,,1.0,mastercard,87.0,0
222457,125.0,13,1,,0,,8.0,mastercard,87.0,0
222509,60.0,13,1,,0,,1.0,visa,87.0,0
222515,445.0,13,1,16.0,0,,1.0,mastercard,87.0,0
222630,97.88,13,0,,0,399.0,1.0,mastercard,,0
222633,146.0,13,1,342.0,0,,8.0,mastercard,87.0,0
222722,350.0,13,1,,0,,1.0,visa,87.0,0
222750,80.0,13,1,,0,,3.0,mastercard,87.0,0
222783,50.0,13,1,,0,,1.0,visa,87.0,0
222790,97.88,13,0,,0,399.0,1.0,mastercard,,0
222807,500.0,13,1,,0,,2.0,visa,87.0,0
222817,200.0,13,1,,0,,2.0,mastercard,87.0,0
222855,80.0,13,1,,0,,2.0,visa,87.0,0
222881,59.0,13,1,612.0,0,,1.0,visa,87.0,0
222947,35.95,13,1,10.0,0,,4.0,visa,87.0,0
222975,1224.0,13,1,6.0,0,,2.0,mastercard,87.0,0
222981,50.0,13,1,,0,,1.0,visa,87.0,0
223010,117.0,13,1,0.0,0,,1.0,mastercard,87.0,0
223029,50.0,13,1,,0,,1.0,visa,87.0,0
223066,774.0,13,1,,0,,1.0,mastercard,87.0,0
223102,60.0,13,1,10.0,0,,3.0,mastercard,87.0,0
223106,160.0,13,1,,0,,5.0,visa,87.0,1
223127,87.0,13,1,,0,,1.0,visa,87.0,0
223148,50.0,13,1,,0,,1.0,mastercard,87.0,0
223167,107.95,13,1,,0,,2.0,mastercard,87.0,0
223179,97.88,13,0,,0,399.0,2.0,mastercard,,0
223190,14.138,13,0,,0,,1.0,visa,,0
223202,60.0,14,1,,0,,2.0,visa,87.0,0
223202,35.95,14,1,5.0,0,,1.0,visa,87.0,0
223320,107.95,14,1,8.0,0,,206.0,visa,87.0,0
223327,29.5,14,1,,0,,1.0,visa,87.0,0
223331,100.0,14,1,,0,,1.0,visa,87.0,0
223343,107.95,14,1,,0,,3.0,visa,87.0,0
223354,57.95,14,1,0.0,0,,9.0,visa,87.0,0
223396,59.0,14,1,1.0,0,,1.0,visa,87.0,0
223409,100.0,14,1,,0,,1.0,mastercard,87.0,0
223439,200.0,14,1,,0,,1.0,visa,87.0,0
223446,53.97,14,1,,0,,3.0,mastercard,87.0,0
223450,100.0,14,1,2.0,0,,155.0,visa,87.0,0
223498,100.0,14,1,,0,,1.0,mastercard,87.0,0
223542,57.95,14,1,15.0,0,,6.0,mastercard,87.0,0
223550,63.95,14,1,54.0,0,,5.0,visa,87.0,0
223560,35.0,14,1,,0,,1.0,visa,87.0,0
223605,50.0,14,1,,0,,1.0,visa,87.0,0
223608,117.0,14,1,5.0,0,,1.0,mastercard,87.0,0
223619,200.0,14,1,,0,,1.0,mastercard,87.0,1
223621,59.0,14,1,1944.0,0,,1.0,mastercard,87.0,0
223628,107.95,14,1,7.0,0,,2.0,mastercard,87.0,0
223653,100.0,14,1,,0,,1.0,american express,87.0,0
223653,19.5,14,1,,0,,1.0,mastercard,87.0,0
223662,117.0,14,1,,0,,1.0,visa,87.0,0
223683,130.95,14,1,,0,,1.0,visa,87.0,0
223717,117.0,14,1,,0,,11.0,mastercard,87.0,0
223741,194.0,14,1,,0,,1.0,visa,87.0,0
223750,83.5,14,1,,0,,1.0,visa,87.0,0
223778,107.95,14,1,2.0,0,,155.0,visa,87.0,0
223806,48.97,14,1,6.0,0,,2.0,visa,87.0,0
223832,226.0,14,1,94.0,0,,1.0,mastercard,87.0,1
223859,25.0,14,1,,0,,2.0,visa,87.0,0
223866,50.0,14,1,,0,,1.0,visa,87.0,0
223883,72.95,14,1,5.0,0,,134.0,mastercard,87.0,0
223899,54.95,14,1,11.0,0,,2.0,visa,87.0,0
223916,554.0,14,1,5.0,0,,1.0,mastercard,87.0,0
223945,100.0,14,1,,0,,1.0,mastercard,87.0,0
223953,30.0,14,1,,0,,1.0,visa,87.0,0
223955,57.95,14,1,458.0,0,,3.0,visa,87.0,0
224022,250.0,14,1,,0,,3.0,visa,87.0,0
224079,240.0,14,1,,0,,2.0,visa,87.0,0
224164,72.95,14,1,,0,,106.0,mastercard,87.0,0
224167,226.0,14,1,1.0,0,,1.0,mastercard,87.0,0
224180,47.95,14,1,15.0,0,,1.0,visa,87.0,0
224214,300.0,14,1,,0,,2.0,mastercard,87.0,0
224258,100.0,14,1,,0,,2.0,visa,87.0,0
224270,117.0,14,1,15.0,0,,2.0,visa,87.0,0
224282,50.0,14,1,,0,,1.0,mastercard,87.0,0
224284,66.0,14,1,,0,,3.0,visa,87.0,0
224316,644.0,14,1,,0,,3.0,visa,87.0,0
224317,25.95,14,1,12.0,0,,8.0,mastercard,87.0,0
224329,44.5,14,1,20.0,0,,1.0,visa,87.0,0
224368,860.98,14,1,,0,,1.0,mastercard,87.0,0
224373,30.0,14,1,2365.0,0,,1.0,visa,87.0,0
224406,100.0,14,1,,0,,3.0,visa,87.0,0
224422,220.0,14,1,9.0,0,,2.0,visa,87.0,0
224458,219.95,14,1,4.0,0,,2.0,visa,87.0,0
224464,107.95,14,1,9.0,0,,6.0,mastercard,87.0,0
224510,50.0,14,1,60.0,0,,2.0,visa,87.0,0
224555,77.95,14,1,34.0,0,,2.0,visa,87.0,0
224601,78.97,14,1,18.0,0,,2.0,visa,87.0,0
224611,117.0,14,1,,0,,11.0,mastercard,87.0,0
224721,59.0,14,1,10.0,0,,1.0,visa,87.0,0
224729,129.95,14,1,3.0,0,,1.0,mastercard,87.0,0
224759,6.163,14,0,,0,,1.0,mastercard,,0
224769,554.0,14,1,5.0,0,,1.0,mastercard,87.0,0
224786,107.95,14,1,6.0,0,,11.0,mastercard,87.0,0
224794,226.0,14,1,11.0,0,,3.0,mastercard,87.0,0
224835,50.0,14,1,,0,,1.0,visa,87.0,0
224840,23.95,14,1,14.0,0,,4.0,visa,87.0,0
224862,25.95,14,1,4.0,0,,2.0,visa,87.0,0
224871,141.0,14,1,,0,,5.0,mastercard,87.0,0
224875,54.5,14,1,58.0,0,,1.0,visa,87.0,0
224943,117.0,14,1,26.0,0,,1.0,mastercard,87.0,0
224950,29.0,14,1,1.0,0,,2.0,mastercard,87.0,0
224972,25.0,14,1,,0,,1.0,visa,87.0,0
225002,50.0,14,1,,0,,2.0,visa,87.0,0
225020,100.0,14,1,,0,,2.0,visa,87.0,0
225022,25.0,14,1,,0,,1.0,visa,87.0,0
225032,110.0,14,1,,0,,2.0,visa,87.0,0
225063,107.95,14,1,5.0,0,,1.0,visa,87.0,0
225131,108.95,14,1,175.0,0,,184.0,mastercard,87.0,0
225217,100.0,14,1,,0,,1.0,visa,87.0,0
225265,47.95,14,1,4.0,0,,1.0,mastercard,87.0,0
225280,150.0,14,1,,0,,1.0,visa,87.0,0
225354,554.0,14,1,9.0,0,,1.0,visa,87.0,0
225402,35.95,14,1,1.0,0,,3.0,visa,87.0,0
225423,54.5,14,1,,0,,1.0,visa,87.0,0
225434,134.0,14,1,11.0,0,,3.0,mastercard,87.0,0
225450,59.0,14,1,11.0,0,,1.0,visa,87.0,0
225453,29.0,14,1,17.0,0,,1.0,mastercard,87.0,0
225503,100.0,14,1,,0,,1.0,visa,87.0,0
225515,100.0,14,1,9.0,0,,158.0,visa,87.0,0
225530,80.0,14,1,,0,,2.0,visa,87.0,0
225534,150.0,14,1,,0,,37.0,mastercard,87.0,0
225538,100.0,14,1,,0,,1.0,mastercard,87.0,0
225546,150.0,14,1,0.0,0,,3.0,visa,87.0,0
225552,59.0,14,1,26.0,0,,2.0,mastercard,87.0,1
225571,125.0,14,1,,0,,1.0,visa,87.0,0
225599,44.5,14,1,,0,,1.0,visa,87.0,0
225609,75.0,14,1,,0,,1.0,visa,87.0,0
225624,50.0,14,1,,0,,2.0,visa,87.0,0
225624,48.95,14,1,,0,,1.0,visa,87.0,0
225628,100.0,14,1,,0,,1.0,mastercard,87.0,0
225675,117.0,14,1,16.0,0,,2.0,visa,87.0,0
225721,171.0,14,1,7.0,0,,1.0,mastercard,87.0,0
225725,175.0,14,1,1.0,0,,3.0,visa,87.0,0
225734,236.95,14,1,14.0,0,,3.0,visa,87.0,0
225736,300.0,14,1,,0,,1.0,visa,87.0,0
225736,59.0,14,1,12.0,0,,3.0,mastercard,87.0,0
225789,117.0,14,1,5.0,0,,1.0,mastercard,87.0,0
225790,117.0,14,1,,0,,2.0,visa,87.0,0
225795,25.0,14,1,,0,,1.0,visa,87.0,0
225805,75.0,14,1,,0,,1.0,mastercard,87.0,0
225825,43.95,14,1,14.0,0,,9.0,visa,87.0,0
225847,700.0,14,1,,0,,1.0,visa,87.0,0
225854,150.0,14,1,,0,,1.0,american express,87.0,0
225877,226.0,14,1,3.0,0,,1.0,mastercard,87.0,0
225906,700.0,14,1,,0,,1.0,visa,87.0,0
225957,134.95,14,1,7.0,0,,1.0,visa,87.0,0
225957,32.325,14,0,,0,,1.0,visa,,0
225974,53.97,14,1,14.0,0,,2.0,visa,87.0,0
225976,335.0,14,1,40.0,0,,18.0,visa,87.0,0
226029,250.0,14,1,,0,,2.0,visa,87.0,0
226032,68.5,14,1,90.0,0,,1.0,visa,87.0,0
226035,30.0,14,1,,0,,3.0,visa,87.0,0
226052,200.0,14,1,,0,,8.0,mastercard,87.0,0
226077,112.99,14,1,,0,,1.0,visa,87.0,0
226080,378.0,14,1,15.0,0,,1.0,visa,87.0,0
226102,226.0,14,1,,0,,3.0,mastercard,87.0,0
226123,40.0,14,1,,0,,2.0,mastercard,87.0,0
226182,75.0,14,1,,0,,1.0,mastercard,87.0,0
226190,40.0,14,1,,0,,1.0,mastercard,87.0,0
226214,171.0,14,1,6.0,0,,8.0,mastercard,87.0,0
226244,30.95,14,1,181.0,0,,96.0,mastercard,87.0,0
226251,600.0,14,1,,0,,2.0,visa,87.0,0
226272,100.0,14,1,,0,,2.0,visa,87.0,0
226275,209.95,14,1,3.0,0,,8.0,mastercard,87.0,0
226334,35.95,14,1,0.0,0,,1.0,mastercard,87.0,0
226334,107.95,14,1,,0,,115.0,visa,87.0,0
226335,77.95,14,1,,0,,1.0,mastercard,87.0,0
226349,31.54,14,0,,0,,1.0,visa,,0
226379,171.0,14,1,6.0,0,,8.0,discover,87.0,0
226384,30.513,14,0,,0,,1.0,visa,,0
226389,25.0,14,1,,0,,2.0,visa,87.0,0
226400,92.99,14,1,15.0,0,,2.0,visa,87.0,0
226422,75.0,14,1,,0,,2.0,mastercard,87.0,0
226432,38.0,14,1,14.0,0,,1.0,visa,87.0,0
226442,59.0,14,1,11.0,0,,1.0,visa,87.0,0
226456,260.0,14,1,,0,,1.0,visa,87.0,0
226466,77.95,14,1,,0,,131.0,visa,87.0,0
226474,97.95,14,1,0.0,0,,2.0,visa,87.0,0
226557,554.0,14,1,,0,,2.0,visa,87.0,0
226558,25.95,14,1,,0,,2.0,mastercard,87.0,0
226560,25.0,14,1,89.0,0,,2.0,visa,87.0,0
226561,80.0,14,1,,0,,2.0,mastercard,87.0,0
226568,108.5,14,1,,0,,2.0,mastercard,87.0,0
226618,73.5,14,1,,0,,2.0,visa,87.0,0
226636,49.45,14,1,,0,,1.0,mastercard,87.0,0
226645,34.0,14,1,85.0,0,,1.0,mastercard,87.0,0
226675,30.0,14,1,,0,14.0,4.0,visa,87.0,0
226713,150.0,14,1,,0,,1.0,discover,87.0,0
226769,124.97,14,1,254.0,0,,107.0,visa,87.0,0
226801,59.0,15,1,0.0,0,,1.0,mastercard,87.0,0
226818,140.0,15,1,,0,,1.0,mastercard,87.0,0
226835,108.5,15,1,,0,,3.0,mastercard,87.0,1
226853,400.0,15,1,,0,,2.0,visa,87.0,0
226860,67.95,15,1,14.0,0,,2.0,mastercard,87.0,0
226917,50.0,15,1,,0,55.0,1.0,visa,87.0,0
226931,80.721,15,0,,0,,2.0,mastercard,,0
226938,151.0,15,1,,0,,1.0,mastercard,87.0,1
226973,452.28,15,1,,0,,1.0,visa,87.0,0
226999,35.95,15,1,,0,,1.0,visa,87.0,0
227028,300.0,15,1,,0,,5.0,mastercard,87.0,0
227060,100.0,15,1,,0,,1.0,mastercard,87.0,0
227069,59.0,15,1,0.0,0,,1.0,visa,87.0,0
227087,226.0,15,1,24.0,0,,1.0,mastercard,87.0,0
227108,30.0,15,1,,0,,1.0,american express,87.0,0
227119,10.0,15,1,,0,,2.0,visa,87.0,0
227133,40.0,15,1,,0,,7.0,visa,87.0,0
227137,30.0,15,1,,0,,1.0,american express,87.0,0
227144,200.0,15,1,482.0,0,,1.0,visa,87.0,0
227147,100.0,15,1,,0,,1.0,mastercard,87.0,0
227157,107.95,15,1,,0,,3.0,visa,87.0,0
227180,30.0,15,1,,0,,1.0,american express,87.0,0
227214,50.0,15,1,,0,,4.0,mastercard,87.0,0
227218,58.95,15,1,6.0,0,,3.0,mastercard,87.0,0
227227,77.0,15,1,,0,,1.0,visa,87.0,0
227259,27.97,15,1,,0,,96.0,mastercard,87.0,0
227289,49.0,15,1,,0,,1.0,mastercard,87.0,0
227293,261.95,15,1,16.0,0,,1.0,visa,87.0,0
227294,335.0,15,1,40.0,0,,18.0,visa,87.0,0
227299,25.95,15,1,7.0,0,,114.0,visa,87.0,0
227300,15.0,15,1,11.0,0,,2.0,visa,87.0,0
227308,445.0,15,1,3.0,0,,4.0,visa,87.0,0
227338,228.95,15,1,,0,,3.0,mastercard,87.0,0
227340,50.0,15,1,,0,,1.0,visa,87.0,0
227347,209.95,15,1,2.0,0,,2.0,visa,87.0,0
227362,138.966,15,0,,0,,1.0,visa,,0
227394,39.0,15,1,7.0,0,,2.0,visa,87.0,0
227405,265.0,15,1,,0,,1.0,mastercard,87.0,0
227405,59.0,15,1,,0,,1.0,mastercard,87.0,0
227409,40.0,15,1,,0,,7.0,visa,87.0,0
227416,150.0,15,1,,0,,1.0,visa,87.0,0
227423,200.0,15,1,482.0,0,,1.0,visa,87.0,0
227470,25.95,15,1,,0,,1.0,visa,87.0,0
227481,103.95,15,1,,0,,4.0,visa,87.0,0
227481,50.0,15,1,,0,,4.0,visa,87.0,0
227483,77.0,15,1,19.0,0,,1.0,mastercard,87.0,0
227483,50.0,15,1,,0,,1.0,visa,87.0,0
227491,102.95,15,1,11.0,0,,7.0,visa,87.0,0
227532,30.21,15,0,,0,,1.0,mastercard,,0
227541,75.0,15,1,,0,,1.0,mastercard,87.0,0
227555,445.0,15,1,,0,,2.0,mastercard,87.0,0
227574,117.0,15,1,,0,,1.0,visa,87.0,0
227578,50.0,15,1,,0,808.0,4.0,visa,87.0,0
227586,201.95,15,1,5.0,0,,2.0,visa,87.0,0
227608,200.0,15,1,,0,,1.0,visa,87.0,1
227641,350.0,15,1,,0,,1.0,visa,87.0,0
227648,117.0,15,1,1.0,0,,2.0,mastercard,87.0,0
227715,35.95,15,1,5.0,0,,2.0,visa,87.0,0
227734,40.0,15,1,,0,,7.0,visa,87.0,0
227744,200.0,15,1,,0,,3.0,visa,87.0,0
227749,35.0,15,1,,0,,1.0,visa,87.0,0
227766,67.247,15,0,,0,395.0,1.0,visa,,0
227770,75.0,15,1,,0,,1.0,discover,87.0,0
227771,35.0,15,1,,0,,1.0,mastercard,87.0,0
227771,117.0,15,1,46.0,0,,1.0,visa,87.0,0
227775,200.0,15,1,,0,,2.0,visa,87.0,0
227813,57.95,15,1,,0,,5.0,mastercard,87.0,0
227837,40.0,15,1,,0,,3.0,visa,87.0,0
227880,2161.0,15,1,947.0,0,,2.0,visa,87.0,0
227888,21.95,15,1,,0,,2.0,visa,87.0,0
227900,87.95,15,1,5.0,0,,3.0,visa,87.0,0
227920,50.0,15,1,,0,,1.0,visa,87.0,0
227920,169.78,15,0,,0,,1.0,mastercard,,0
227925,188.0,15,1,,0,,1.0,visa,87.0,0
227928,150.0,15,1,,0,,2.0,mastercard,87.0,0
227937,55.0,15,1,,0,,1.0,mastercard,87.0,0
227958,117.0,15,1,,0,,1.0,visa,87.0,0
228004,67.95,15,1,,0,,5.0,visa,87.0,0
228008,213.0,15,1,,0,,1.0,mastercard,87.0,0
228014,30.95,15,1,,0,,2.0,visa,87.0,0
228030,226.0,15,1,,0,,1.0,visa,87.0,0
228036,21.0,15,1,,0,14.0,5.0,mastercard,87.0,0
228069,50.0,15,1,,0,,1.0,visa,87.0,0
228075,209.95,15,1,1.0,0,,3.0,visa,87.0,0
228080,49.0,15,1,22.0,0,,14.0,mastercard,87.0,0
228080,390.0,15,1,545.0,0,,1.0,visa,87.0,0
228082,59.0,15,1,758.0,0,,1.0,mastercard,87.0,0
228088,90.0,15,1,,0,,1.0,visa,87.0,0
228157,59.0,15,1,,0,,1.0,visa,87.0,0
228162,60.0,15,1,,0,,1.0,mastercard,87.0,0
228163,14.622,15,0,,0,,1.0,mastercard,,0
228170,205.95,15,1,2.0,0,,5.0,visa,87.0,0
228262,100.0,15,1,,0,,4.0,visa,87.0,0
228264,25.95,15,1,,0,,5.0,mastercard,87.0,0
228284,141.0,15,1,5.0,0,,1.0,visa,87.0,0
228326,24.0,15,1,,0,,1.0,mastercard,87.0,0
228370,112.99,15,1,1243.0,0,,1.0,mastercard,87.0,0
228378,51.0,15,1,,0,,1.0,visa,87.0,0
228389,149.66,15,0,,0,,1.0,mastercard,,0
228418,55.95,15,1,15.0,0,,8.0,visa,87.0,0
228445,100.0,15,1,,0,,1.0,visa,87.0,0
228448,171.0,15,1,24.0,0,,2.0,mastercard,87.0,0
228484,57.95,15,1,,0,,2.0,mastercard,87.0,0
228493,58.95,15,1,,0,,3.0,mastercard,87.0,0
228494,80.0,15,1,157.0,0,,1.0,visa,87.0,0
228553,261.95,15,1,4.0,0,,1.0,discover,87.0,0
228562,40.0,15,1,,0,,7.0,visa,87.0,0
228586,171.0,15,1,24.0,0,,2.0,mastercard,87.0,0
228611,25.0,15,1,,0,,1.0,visa,87.0,0
228615,104.47,15,1,,0,,2.0,mastercard,87.0,0
228619,300.0,15,1,,0,,5.0,visa,87.0,0
228640,20.0,15,1,,0,,1.0,mastercard,87.0,0
228653,60.0,15,1,,0,,1.0,visa,87.0,0
228667,40.0,15,1,,0,,2.0,visa,87.0,0
228672,50.0,15,1,,0,,1.0,visa,87.0,0
228708,59.0,15,1,,0,,1.0,mastercard,87.0,0
228730,92.0,15,1,,0,,1.0,mastercard,87.0,0
228757,495.99,15,1,,0,,1.0,visa,87.0,0
228785,554.0,15,1,,0,,1.0,visa,87.0,0
228793,100.0,15,1,,0,,2.0,mastercard,87.0,0
228806,30.0,15,1,,0,,6.0,visa,87.0,0
228834,58.95,15,1,2346.0,0,,1.0,visa,87.0,0
228835,73.0,15,1,,0,,1.0,visa,87.0,0
228865,200.0,15,1,,0,,5.0,mastercard,87.0,0
228873,159.95,15,1,,0,,10.0,visa,87.0,0
228948,29.0,15,1,,0,,1.0,mastercard,87.0,0
228950,500.0,15,1,,0,,1.0,mastercard,87.0,0
228950,150.0,15,1,,0,,1.0,mastercard,87.0,0
228956,30.0,15,1,,0,,1.0,visa,87.0,0
229035,100.0,15,1,,0,,2.0,visa,87.0,0
229079,390.0,15,1,,0,,1.0,mastercard,87.0,0
229102,104.164,15,0,,0,395.0,1.0,visa,,0
229105,20.0,15,1,,0,,1.0,mastercard,87.0,0
229107,159.95,15,1,1.0,0,,2.0,mastercard,87.0,0
229108,226.0,15,1,3.0,0,,1.0,mastercard,87.0,0
229114,75.0,15,1,,0,,3.0,visa,87.0,0
229122,60.0,15,1,,0,,1.0,mastercard,87.0,0
229188,100.0,15,1,,0,,1.0,mastercard,87.0,0
229202,27.97,15,1,23.0,0,,6.0,mastercard,87.0,0
229260,33.534,15,0,,0,,3.0,mastercard,,0
229269,50.0,15,1,,0,,1.0,mastercard,87.0,0
229271,92.0,15,1,,0,,1.0,visa,87.0,1
229318,43.261,15,0,,0,,1.0,visa,,0
229341,40.0,15,1,,0,,7.0,visa,87.0,0
229348,527.0,15,1,,0,,1.0,visa,87.0,0
229351,209.95,15,1,,0,,1.0,visa,87.0,0
229352,50.0,15,1,,0,,1.0,visa,87.0,0
229387,100.0,15,1,,0,,1.0,visa,87.0,0
229440,335.0,15,1,6.0,0,,2.0,mastercard,87.0,0
229446,49.0,15,1,,0,,1.0,visa,87.0,0
229467,151.0,15,1,14.0,0,,3.0,visa,87.0,0
229471,65.0,15,1,,0,,1.0,visa,87.0,0
229495,107.95,15,1,,0,,3.0,mastercard,87.0,0
229521,400.99,15,1,,0,,1.0,mastercard,87.0,1
229527,107.95,15,1,9.0,0,,120.0,visa,87.0,0
229577,29.5,15,1,,0,,1.0,visa,87.0,0
229601,15.0,15,1,,0,,1.0,visa,96.0,0
229621,50.0,15,1,,0,,1.0,visa,87.0,0
229635,59.0,15,1,4.0,0,,1.0,visa,87.0,0
229645,82.0,15,1,3.0,0,,1.0,visa,87.0,0
229674,35.0,15,1,,0,,1.0,visa,87.0,0
229679,527.0,15,1,439.0,0,,2.0,mastercard,87.0,0
229697,20.0,15,1,,0,,1.0,visa,87.0,0
229714,49.0,15,1,,0,,2.0,visa,87.0,0
229735,125.0,15,1,,0,,2.0,mastercard,87.0,0
229798,75.0,15,1,,0,,2.0,mastercard,87.0,0
229816,25.0,15,1,,0,,1.0,american express,87.0,0
229851,67.95,15,1,0.0,0,,250.0,mastercard,87.0,0
229895,35.95,15,1,53.0,0,,4.0,visa,87.0,0
229905,30.95,15,1,0.0,0,,1.0,visa,87.0,0
229930,125.0,15,1,,0,,1.0,visa,87.0,0
229939,50.0,15,1,,0,,2.0,visa,87.0,0
230021,117.0,15,1,3.0,0,,29.0,visa,87.0,0
230021,20.0,15,1,618.0,0,,2.0,mastercard,87.0,0
230042,100.0,15,1,,0,,1.0,visa,87.0,0
230062,445.0,15,1,6.0,0,,2.0,visa,87.0,0
230069,50.0,15,1,,0,,13.0,mastercard,87.0,0
230080,209.95,15,1,6.0,0,,4.0,visa,87.0,0
230090,30.0,15,1,,0,,1.0,visa,87.0,0
230093,59.0,15,1,,0,,1.0,discover,87.0,0
230094,100.0,15,1,,0,,1.0,visa,87.0,0
230115,171.0,15,1,4.0,0,,4.0,visa,87.0,0
230123,300.0,15,1,,0,,5.0,mastercard,87.0,0
230127,454.95,15,1,,0,,1.0,visa,87.0,0
230150,50.0,15,1,,0,,2.0,mastercard,87.0,0
230169,100.0,15,1,,0,,1.0,visa,87.0,0
230227,5.0,15,1,,0,2517.0,5.0,visa,87.0,0
230234,25.0,15,1,,0,,1.0,visa,87.0,0
230238,30.0,15,1,0.0,0,,3.0,visa,87.0,0
230246,200.0,15,1,,0,,3.0,visa,87.0,0
230247,109.0,15,1,,0,,1.0,mastercard,87.0,0
230279,129.95,15,1,13.0,0,,1.0,mastercard,87.0,0
230293,11.238,15,0,,0,,1.0,visa,,0
230303,659.99,15,1,,0,,1.0,mastercard,87.0,0
230307,554.0,15,1,,0,,1.0,visa,87.0,0
230326,100.0,15,1,,0,,1.0,mastercard,87.0,0
230370,25.0,15,1,0.0,0,,1.0,visa,87.0,0
230371,20.0,15,1,,0,,2.0,visa,87.0,0
230379,35.95,15,1,95.0,0,,89.0,mastercard,87.0,0
230398,159.95,15,1,4.0,0,,12.0,visa,87.0,0
230409,36.95,16,1,,0,,2.0,mastercard,87.0,0
230417,29.5,16,1,,0,,1.0,visa,87.0,0
230451,12.084,16,0,,0,,1.0,visa,,0
230461,100.0,16,1,,0,,2.0,visa,87.0,0
230470,50.0,16,1,,0,,1.0,mastercard,87.0,0
230497,100.0,16,1,309.0,0,,5.0,mastercard,87.0,0
230497,125.0,16,1,,0,,118.0,visa,87.0,0
230522,209.95,16,1,1.0,0,,1.0,visa,87.0,0
230522,29.0,16,1,,0,,1.0,mastercard,87.0,0
230527,186.0,16,1,4.0,0,,1.0,visa,87.0,0
230550,107.95,16,1,8.0,0,,1.0,visa,87.0,0
230555,311.95,16,1,11.0,0,,1.0,mastercard,87.0,0
230556,57.95,16,1,,0,,3.0,mastercard,87.0,0
230558,100.0,16,1,,0,,1.0,mastercard,87.0,0
230561,108.95,16,1,6.0,0,,6.0,visa,87.0,0
230561,75.0,16,1,,0,,1.0,visa,87.0,0
230570,40.0,16,1,,0,,1.0,visa,87.0,0
230578,150.0,16,1,,0,,1.0,visa,87.0,0
230592,34.0,16,1,,0,,1.0,visa,87.0,0
230603,213.0,16,1,,0,,1.0,mastercard,87.0,0
230618,173.768,16,0,,0,,1.0,visa,,0
230674,50.0,16,1,,0,,1.0,visa,87.0,0
230685,40.0,16,1,,0,,1.0,visa,87.0,0
230711,92.0,16,1,1737.0,0,,4.0,visa,87.0,0
230718,226.0,16,1,24.0,0,,3.0,mastercard,87.0,0
230738,150.0,16,1,0.0,0,,3.0,mastercard,87.0,0
230792,105.0,16,1,,0,,1.0,mastercard,87.0,0
230815,100.0,16,1,,0,,1.0,american express,87.0,0
230819,50.0,16,1,,0,,2.0,visa,87.0,0
230822,20.0,16,1,,0,60.0,1.0,visa,87.0,0
230826,60.0,16,1,,0,,1.0,mastercard,87.0,0
230845,39.0,16,1,,0,,1.0,visa,87.0,0
230875,90.0,16,1,299.0,0,,1.0,visa,87.0,0
230914,120.0,16,1,,0,,2.0,visa,87.0,0
230928,40.0,16,1,,0,,2.0,visa,87.0,0
230957,390.0,16,1,,0,,1.0,mastercard,87.0,0
230971,30.0,16,1,,0,,1.0,visa,87.0,0
231024,45.95,16,1,,0,,3.0,mastercard,87.0,0
231026,43.97,16,1,,0,,7.0,visa,87.0,0
231039,139.0,16,1,620.0,0,,1.0,visa,87.0,0
231041,125.0,16,1,,0,,8.0,mastercard,87.0,0
231054,34.0,16,1,3.0,0,,1.0,visa,87.0,0
231058,100.0,16,1,,0,,1.0,visa,87.0,0
231099,56.5,16,1,0.0,0,,1.0,visa,87.0,0
231114,350.0,16,1,,0,,2.0,visa,87.0,0
231118,335.0,16,1,,0,,1.0,visa,87.0,0
231123,57.95,16,1,0.0,0,,2.0,visa,87.0,0
231158,75.0,16,1,,0,,1.0,visa,87.0,0
231178,161.0,16,1,10.0,0,,2.0,mastercard,87.0,0
231204,34.681,16,0,,0,,1.0,mastercard,,0
231204,390.0,16,1,,0,,1.0,visa,87.0,0
231213,21.5,16,1,,0,,1.0,visa,87.0,0
231215,59.0,16,1,9.0,0,,4.0,visa,87.0,1
231229,96.793,16,0,,0,,1.0,mastercard,,0
231231,60.0,16,1,,0,,2.0,visa,87.0,0
231245,49.0,16,1,,0,,1.0,visa,87.0,0
231267,65.0,16,1,,0,,2.0,visa,87.0,0
231283,100.0,16,1,,0,,1.0,visa,87.0,0
231301,87.005,16,0,,0,,1.0,visa,,0
231320,50.0,16,1,,0,,1.0,mastercard,87.0,0
231336,50.0,16,1,,0,,1.0,american express,87.0,0
231340,100.0,16,1,,0,,2.0,mastercard,87.0,0
231354,50.0,16,1,,0,,1.0,mastercard,87.0,0
231364,59.0,16,1,9.0,0,,4.0,visa,87.0,1
231385,370.0,16,1,,0,,2.0,visa,87.0,0
231410,57.95,16,1,2.0,0,,8.0,visa,87.0,0
231410,14.26,16,0,,0,,2.0,visa,,0
231418,15.709,16,0,,0,,6.0,visa,,0
231435,30.0,16,1,,0,,1.0,visa,87.0,0
231472,35.0,16,1,,0,,1.0,visa,87.0,0
231478,100.0,16,1,,0,,1.0,visa,87.0,0
231478,55.95,16,1,15.0,0,,8.0,mastercard,87.0,0
231479,50.0,16,1,,0,,1.0,mastercard,87.0,0
231499,45.0,16,1,,0,,1.0,visa,87.0,0
231523,26.5,16,1,,0,,1.0,visa,87.0,0
231526,25.0,16,1,,0,,1.0,visa,87.0,0
231561,146.0,16,1,342.0,0,,8.0,mastercard,87.0,0
231567,450.0,16,1,,0,,1.0,discover,87.0,0
231610,40.0,16,1,,0,,121.0,mastercard,87.0,0
231624,79.754,16,0,,0,0.0,4.0,mastercard,,0
231645,30.95,16,1,,0,,83.0,visa,87.0,0
231649,146.0,16,1,0.0,0,,2.0,visa,87.0,0
231663,100.0,16,1,,0,,1.0,visa,87.0,0
231677,100.0,16,1,,0,,1.0,mastercard,87.0,0
231681,226.0,16,1,,0,,1.0,visa,87.0,0
231682,56.5,16,1,15.0,0,,1.0,visa,87.0,0
231696,200.0,16,1,,0,,1.0,mastercard,87.0,0
231711,20.0,16,1,,0,,1.0,mastercard,87.0,0
231718,79.754,16,0,,0,0.0,4.0,mastercard,,0
231721,57.95,16,1,20.0,0,,2.0,mastercard,87.0,0
231727,83.43,16,1,58.0,0,,3.0,visa,87.0,0
231764,494.95,16,1,,0,,1.0,visa,87.0,0
231767,85.192,16,0,,0,7.0,1.0,visa,,0
231767,59.0,16,1,,0,,1.0,visa,87.0,0
231776,84.588,16,0,,0,1126.0,1.0,visa,,0
231782,327.0,16,1,,0,,2.0,visa,87.0,0
231802,40.0,16,1,,0,,2.0,mastercard,87.0,0
231802,50.0,16,1,,0,,1.0,visa,87.0,0
231839,422.5,16,1,2.0,0,,37.0,mastercard,87.0,0
231841,25.0,16,1,,0,,3.0,visa,87.0,0
231845,27.97,16,1,12.0,0,,83.0,mastercard,87.0,0
231856,335.0,16,1,,0,,1.0,visa,87.0,0
231862,50.0,16,1,,0,,1.0,visa,87.0,0
231869,335.0,16,1,15.0,0,,2.0,mastercard,87.0,0
231876,40.0,16,1,,0,,7.0,visa,87.0,0
231880,77.95,16,1,14.0,0,,5.0,mastercard,87.0,0
231882,117.0,16,1,112.0,0,,1.0,visa,87.0,0
231893,50.0,16,1,,0,,1.0,mastercard,87.0,0
231908,265.0,16,1,,0,,4.0,mastercard,87.0,0
231913,47.95,16,1,,0,,1.0,visa,87.0,0
231930,226.0,16,1,0.0,0,,1.0,mastercard,87.0,0
231933,50.0,16,1,,0,,1.0,visa,87.0,0
231948,47.611,16,0,,0,2.0,4.0,visa,,0
231966,100.0,16,1,,0,,1.0,visa,87.0,0
231968,77.0,16,1,24.0,0,,4.0,visa,87.0,0
231970,34.0,16,1,,0,,1.0,mastercard,87.0,0
231996,100.0,16,1,,0,,2.0,visa,87.0,0
232002,250.0,16,1,141.0,0,,13.0,visa,87.0,0
232010,554.0,16,1,,0,,1.0,visa,87.0,0
232014,117.0,16,1,22.0,0,,5.0,visa,87.0,0
232022,297.95,16,1,8.0,0,,3.0,mastercard,87.0,0
232025,7.0,16,1,,0,40.0,1.0,visa,87.0,0
232064,150.0,16,1,,0,,3.0,mastercard,87.0,0
232067,115.0,16,1,,0,,5.0,visa,87.0,0
232076,25.0,16,1,,0,,1.0,mastercard,87.0,0
232140,108.5,16,1,0.0,0,,2.0,mastercard,87.0,0
232195,102.0,16,1,,0,,1.0,visa,87.0,0
232222,55.0,16,1,,0,,3.0,visa,87.0,0
232225,57.95,16,1,3.0,0,,1.0,visa,87.0,0
232234,34.0,16,1,,0,,1.0,visa,87.0,0
232254,92.0,16,1,1737.0,0,,4.0,visa,87.0,0
232294,226.0,16,1,,0,,1.0,mastercard,87.0,0
232322,100.0,16,1,17.0,0,,1.0,mastercard,87.0,0
232323,117.0,16,1,,0,,2.0,visa,87.0,0
232326,30.0,16,1,,0,,3.0,mastercard,87.0,0
232341,30.95,16,1,5.0,0,,8.0,mastercard,87.0,0
232375,612.47,16,1,,0,,1.0,mastercard,87.0,0
232382,63.985,16,0,,0,,1.0,mastercard,,0
232383,35.95,16,1,3.0,0,,2.0,visa,87.0,0
232394,30.95,16,1,1.0,0,,1.0,mastercard,87.0,0
232407,160.95,16,1,829.0,0,,2.0,visa,87.0,0
232429,97.0,16,1,4.0,0,,3.0,mastercard,87.0,0
232431,600.0,16,1,,0,,2.0,visa,87.0,0
232445,15.649,16,0,,0,517.0,2.0,mastercard,,0
232445,317.5,16,1,,0,,1.0,visa,87.0,0
232455,30.95,16,1,6.0,0,,2.0,visa,87.0,0
232491,226.0,16,1,65.0,0,,2.0,visa,87.0,0
232501,309.97,16,1,,0,,1.0,visa,87.0,0
232501,107.95,16,1,0.0,0,,2.0,visa,87.0,1
232514,280.0,16,1,2.0,0,,4.0,mastercard,87.0,0
232517,14.26,16,0,,0,,1.0,visa,,0
232518,30.0,16,1,,0,,1.0,visa,87.0,0
232520,59.0,16,1,,0,,4.0,mastercard,87.0,0
232532,100.0,16,1,,0,,1.0,visa,87.0,1
232575,100.0,16,1,,0,,1.0,visa,87.0,0
232581,15.0,16,1,,0,,1.0,visa,87.0,0
232603,70.0,16,1,,0,,1.0,mastercard,87.0,0
232647,200.0,16,1,,0,,1.0,visa,87.0,0
232651,75.0,16,1,,0,,1.0,visa,87.0,0
232664,311.95,16,1,0.0,0,,3.0,mastercard,87.0,0
232672,16.676,16,0,,0,,2.0,visa,,0
232673,100.0,16,1,,0,,1.0,visa,87.0,0
232677,50.0,16,1,,0,,1.0,visa,87.0,0
232682,850.0,16,1,,0,,2.0,visa,87.0,0
232712,74.437,16,0,,0,,2.0,mastercard,,0
232724,49.0,16,1,,0,,1.0,mastercard,87.0,0
232729,110.0,16,1,,0,,1.0,visa,87.0,0
232747,49.0,16,1,,0,,1.0,visa,87.0,0
232756,39.0,16,1,14.0,0,,1.0,visa,87.0,0
232756,200.0,16,1,,0,,1.0,mastercard,87.0,0
232759,10.03,16,0,,0,,1.0,mastercard,,0
232773,107.95,16,1,8.0,0,,3.0,visa,87.0,0
232773,311.95,16,1,,0,,4.0,mastercard,87.0,0
232796,117.0,16,1,5.0,0,,1.0,visa,87.0,1
232802,75.0,16,1,14.0,0,,1.0,mastercard,87.0,0
232822,20.0,16,1,,0,,1.0,visa,87.0,0
232829,250.0,16,1,,0,,4.0,mastercard,87.0,0
232850,107.95,16,1,,0,,2.0,visa,87.0,0
232862,107.95,16,1,7.0,0,,143.0,mastercard,87.0,0
232941,188.0,16,1,,0,,1.0,visa,87.0,0
232954,117.0,16,1,74.0,0,,2.0,visa,87.0,0
232964,107.95,16,1,11.0,0,,95.0,visa,87.0,0
232965,43.97,16,1,,0,,1.0,visa,87.0,0
233022,25.0,16,1,,0,,1.0,visa,87.0,0
233033,100.0,16,1,,0,,2.0,visa,87.0,0
233113,108.95,16,1,,0,,1.0,visa,87.0,0
233117,226.0,16,1,,0,,1.0,mastercard,87.0,0
233129,50.0,16,1,,0,,1.0,visa,87.0,0
233130,50.0,16,1,,0,,1.0,mastercard,87.0,0
233134,500.0,16,1,,0,,2.0,visa,87.0,0
233141,20.0,16,1,1.0,0,,1.0,visa,87.0,0
233149,93.0,16,1,,0,,1.0,visa,87.0,0
233155,40.0,16,1,4.0,0,,1.0,visa,87.0,0
233159,40.0,16,1,,0,,14.0,mastercard,87.0,0
233159,213.0,16,1,0.0,0,,1.0,mastercard,87.0,0
233161,500.0,16,1,,0,,4.0,visa,87.0,0
233161,171.0,16,1,52.0,0,,1.0,visa,87.0,0
233167,25.0,16,1,,0,,1.0,visa,87.0,0
233190,60.0,16,1,,0,,3.0,visa,87.0,0
233191,73.5,16,1,,0,,11.0,visa,87.0,0
233192,44.5,16,1,,0,,3.0,visa,87.0,0
233194,36.99,16,1,,0,,1.0,visa,87.0,0
233197,319.95,16,1,,0,,1.0,mastercard,87.0,0
233242,117.0,16,1,,0,,3.0,visa,87.0,0
233252,47.95,16,1,11.0,0,,4.0,visa,87.0,0
233276,100.0,16,1,,0,,1.0,visa,87.0,0
233289,107.0,16,1,18.0,0,,1.0,visa,87.0,0
233293,50.0,16,1,,0,,1.0,visa,87.0,0
233300,117.0,16,1,,0,,1.0,mastercard,87.0,0
233335,117.0,16,1,,0,,1.0,visa,87.0,0
233353,25.0,16,1,,0,,1.0,visa,87.0,0
233374,39.0,16,1,21.0,0,,7.0,mastercard,87.0,0
233401,150.0,16,1,,0,,1.0,visa,87.0,0
233412,97.0,16,1,5.0,0,,1.0,visa,87.0,0
233438,77.95,16,1,,0,,4.0,visa,87.0,0
233446,47.95,16,1,,0,,151.0,mastercard,87.0,0
233448,44.5,16,1,,0,,4.0,visa,87.0,0
233453,20.0,16,1,,0,,3.0,visa,87.0,0
233481,552.0,16,1,0.0,0,,4.0,visa,87.0,0
233489,34.258,16,0,,0,,1.0,visa,,0
233490,29.5,16,1,,0,,1.0,visa,87.0,0
233496,63.0,16,1,,0,,3.0,visa,87.0,0
233527,54.5,16,1,,0,,1.0,visa,87.0,0
233540,49.0,16,1,3.0,0,,1.0,visa,87.0,0
233541,48.094,16,0,,0,,1.0,mastercard,,0
233548,54.0,16,1,7.0,0,,1.0,mastercard,87.0,0
233579,97.0,16,1,,0,,1.0,visa,87.0,0
233599,112.99,16,1,,0,,1.0,visa,87.0,0
233600,200.0,16,1,,0,,1.0,mastercard,87.0,0
233631,131.0,16,1,,0,,1.0,visa,87.0,0
233635,7.613,16,0,,0,,1.0,mastercard,,0
233665,350.0,16,1,,0,,1.0,visa,87.0,0
233674,117.0,16,1,,0,,1.0,visa,87.0,0
233690,49.95,16,1,,0,,3.0,visa,87.0,0
233747,300.0,16,1,,0,,2.0,discover,87.0,0
233748,556.2,16,1,,0,,1.0,visa,87.0,0
233761,59.0,16,1,,0,,10.0,visa,87.0,1
233762,20.0,16,1,,0,,3.0,visa,87.0,0
233769,265.0,16,1,2.0,0,,4.0,mastercard,87.0,0
233774,150.0,16,1,,0,,7.0,mastercard,87.0,0
233800,9.0,16,1,,0,,1.0,mastercard,87.0,0
233800,149.95,16,1,,0,,1.0,visa,87.0,0
233804,77.0,16,1,5.0,0,,1.0,visa,87.0,0
233812,323.0,16,1,1733.0,0,,1.0,visa,87.0,0
233829,100.0,16,1,5.0,0,,12.0,mastercard,87.0,0
233831,97.95,16,1,,0,,1.0,visa,87.0,0
233880,311.95,16,1,6.0,0,,6.0,mastercard,87.0,0
233881,129.95,16,1,,0,,1.0,mastercard,87.0,0
233887,67.95,16,1,,0,,7.0,visa,87.0,0
233909,107.95,16,1,0.0,0,,1.0,visa,87.0,0
233994,77.0,16,1,,0,,1.0,mastercard,87.0,0
234027,97.0,17,1,,0,,2.0,visa,87.0,0
234036,29.0,17,1,616.0,0,,3.0,visa,87.0,0
234037,57.95,17,1,1.0,0,,3.0,visa,87.0,0
234047,59.0,17,1,3.0,0,,1.0,visa,87.0,0
234051,47.95,17,1,6.0,0,,1.0,visa,87.0,0
234093,311.95,17,1,,0,,6.0,mastercard,87.0,0
234096,50.0,17,1,,0,,1.0,visa,87.0,0
234100,397.95,17,1,,0,,1.0,mastercard,87.0,0
234115,226.0,17,1,,0,,1.0,mastercard,87.0,0
234150,150.0,17,1,,0,,1.0,american express,87.0,0
234168,316.5,17,1,,0,,1.0,visa,87.0,0
234172,97.95,17,1,,0,,2.0,visa,87.0,0
234202,255.97,17,1,5.0,0,,2.0,visa,87.0,0
234202,200.0,17,1,,0,,1.0,visa,87.0,0
234209,50.0,17,1,,0,,4.0,visa,87.0,0
234225,108.95,17,1,5.0,0,,1.0,mastercard,87.0,0
234226,15.0,17,1,,0,,1.0,visa,87.0,0
234230,75.0,17,1,,0,,4.0,mastercard,87.0,0
234248,175.0,17,1,,0,,1.0,visa,87.0,0
234253,232.09,17,1,0.0,0,,1.0,visa,87.0,0
234270,154.97,17,1,18.0,0,,3.0,mastercard,87.0,0
234273,107.95,17,1,1.0,0,,1.0,mastercard,87.0,0
234285,25.95,17,1,,0,,12.0,mastercard,87.0,0
234294,59.0,17,1,113.0,0,,1.0,visa,87.0,0
234325,42.95,17,1,,0,,2.0,mastercard,87.0,0
234334,140.5,17,1,,0,,1.0,mastercard,87.0,0
234346,50.0,17,1,17.0,0,,1.0,visa,87.0,0
234387,57.95,17,1,,0,,2.0,visa,87.0,0
234399,373.5,17,1,,0,,1.0,mastercard,87.0,0
234411,30.0,17,1,,0,,1.0,visa,87.0,0
234422,56.5,17,1,,0,,2.0,visa,87.0,0
234454,21.147,17,0,,0,7.0,2.0,visa,,0
234455,50.0,17,1,23.0,0,,1.0,mastercard,87.0,0
234465,216.0,17,1,450.0,0,,1.0,mastercard,87.0,0
234488,311.95,17,1,2.0,0,,2.0,visa,87.0,0
234509,107.95,17,1,11.0,0,,102.0,visa,87.0,0
234513,107.95,17,1,,0,,1.0,mastercard,87.0,0
234518,445.0,17,1,,0,,1.0,visa,87.0,0
234534,40.0,17,1,,0,,2.0,mastercard,87.0,0
234535,100.0,17,1,179.0,0,,1.0,visa,87.0,0
234541,100.0,17,1,,0,,1.0,mastercard,87.0,0
234559,475.0,17,1,8.0,0,,2.0,visa,87.0,0
234564,49.0,17,1,,0,,1.0,visa,87.0,0
234600,100.0,17,1,,0,,1.0,visa,87.0,0
234603,107.95,17,1,,0,,1.0,visa,87.0,0
234620,59.0,17,1,17.0,0,,1.0,visa,87.0,0
234688,100.0,17,1,,0,,1.0,mastercard,87.0,0
234690,50.0,17,1,4.0,0,,2.0,visa,87.0,0
234702,226.0,17,1,,0,,1.0,visa,87.0,0
234712,150.0,17,1,,0,,1.0,american express,87.0,0
234713,52.95,17,1,,0,,102.0,visa,87.0,0
234726,57.95,17,1,62.0,0,,4.0,mastercard,87.0,0
234738,59.0,17,1,,0,,1.0,visa,87.0,0
234757,517.0,17,1,24.0,0,,4.0,visa,87.0,0
234762,49.0,17,1,49.0,0,,1.0,visa,87.0,0
234778,40.0,17,1,,0,,10.0,visa,87.0,0
234799,49.0,17,1,73.0,0,,2.0,mastercard,87.0,0
234813,25.95,17,1,713.0,0,,1.0,mastercard,87.0,0
234813,117.0,17,1,,0,,1.0,mastercard,87.0,0
234844,50.0,17,1,,0,,1.0,visa,87.0,0
234846,100.0,17,1,,0,,2.0,visa,87.0,0
234850,131.0,17,1,,0,,1.0,visa,87.0,0
234852,60.0,17,1,18.0,0,,123.0,visa,87.0,0
234861,14.26,17,0,,0,,1.0,visa,,0
234862,100.0,17,1,,0,,111.0,mastercard,87.0,0
234862,129.299,17,0,,0,,1.0,mastercard,,0
234879,100.0,17,1,4.0,0,,1.0,visa,87.0,0
234880,160.0,17,1,,0,,3.0,mastercard,87.0,0
234888,97.95,17,1,,0,,6.0,visa,87.0,0
234892,117.0,17,1,,0,,1.0,visa,87.0,0
234897,350.0,17,1,,0,,2.0,visa,87.0,0
234992,53.95,17,1,,0,,18.0,mastercard,87.0,0
235004,107.95,17,1,,0,,2.0,mastercard,87.0,0
235009,300.0,17,1,,0,,1.0,visa,87.0,0
235013,250.0,17,1,,0,,1.0,visa,87.0,0
235028,100.0,17,1,,0,,1.0,visa,87.0,0
235042,100.0,17,1,,0,,1.0,visa,87.0,0
235050,70.691,17,0,,0,,1.0,visa,,0
235061,100.0,17,1,5.0,0,,4.0,mastercard,87.0,0
235065,92.99,17,1,,0,,1.0,visa,87.0,0
235070,77.0,17,1,,0,,1.0,visa,87.0,0
235085,83.742,17,0,,0,,33.0,mastercard,,1
235095,117.0,17,1,,0,,1.0,visa,87.0,0
235095,74.437,17,0,,0,,1.0,mastercard,,0
235123,34.0,17,1,,0,,2.0,visa,87.0,0
235126,10.0,17,1,,0,,2.0,visa,87.0,0
235129,100.0,17,1,,0,,1.0,visa,87.0,0
235146,50.0,17,1,,0,,2.0,mastercard,87.0,0
235159,50.0,17,1,,0,,1.0,visa,87.0,0
235181,145.5,17,1,8.0,0,,1.0,mastercard,87.0,0
235190,30.0,17,1,,0,,13.0,mastercard,87.0,0
235204,70.691,17,0,,0,,2.0,mastercard,,0
235221,160.0,17,1,2.0,0,,3.0,mastercard,87.0,0
235238,171.0,17,1,105.0,0,,1.0,visa,87.0,0
235242,83.742,17,0,,0,,34.0,mastercard,,1
235247,117.0,17,1,,0,,1.0,visa,87.0,0
235258,83.742,17,0,,0,,61.0,mastercard,,1
235266,47.95,17,1,5.0,0,,2.0,visa,87.0,0
235268,500.0,17,1,,0,,3.0,visa,87.0,0
235289,83.742,17,0,,0,,35.0,mastercard,,1
235307,151.0,17,1,,0,,1.0,mastercard,87.0,0
235314,68.95,17,1,32.0,0,,107.0,mastercard,87.0,0
235317,445.0,17,1,,0,,2.0,visa,87.0,0
235319,300.0,17,1,,0,,1.0,visa,87.0,0
235320,30.95,17,1,6.0,0,,10.0,visa,87.0,0
235332,87.95,17,1,8.0,0,,11.0,visa,87.0,0
235346,49.0,17,1,0.0,0,,1.0,visa,87.0,0
235373,100.0,17,1,,0,,1.0,mastercard,87.0,0
235381,25.0,17,1,,0,,1.0,visa,87.0,0
235398,29.0,17,1,4.0,0,,2.0,visa,87.0,0
235401,67.731,17,0,,0,,1.0,visa,,0
235402,74.437,17,0,,0,,1.0,mastercard,,0
235404,50.0,17,1,,0,,1.0,visa,87.0,0
235416,107.95,17,1,,0,,1.0,visa,87.0,0
235416,59.0,17,1,,0,,1.0,visa,87.0,0
235424,115.0,17,1,,0,,8.0,mastercard,87.0,0
235425,49.0,17,1,,0,,1.0,visa,87.0,0
235450,18.489,17,0,,0,,1.0,visa,,0
235456,77.95,17,1,373.0,0,,4.0,visa,87.0,0
235462,117.0,17,1,,0,,1.0,visa,87.0,0
235470,30.95,17,1,,0,,4.0,visa,87.0,0
235471,53.97,17,1,6.0,0,,2.0,visa,87.0,0
235471,117.0,17,1,,0,,1.0,visa,87.0,0
235500,186.0,17,1,,0,,3.0,mastercard,87.0,0
235546,70.0,17,1,,0,,2.0,mastercard,87.0,0
235578,226.0,17,1,,0,,1.0,visa,87.0,0
235582,59.0,17,1,,0,,1.0,visa,87.0,0
235583,30.0,17,1,,0,,2.0,visa,87.0,0
235671,40.0,17,1,,0,,1.0,visa,87.0,0
235685,100.0,17,1,,0,,4.0,visa,87.0,0
235699,25.256,17,0,,0,,1.0,mastercard,,0
235713,57.95,17,1,,0,,3.0,visa,87.0,0
235736,21.298,17,0,,0,,1.0,mastercard,,0
235741,85.192,17,0,,0,,1.0,mastercard,,0
235762,129.299,17,0,,0,,1.0,mastercard,,0
235774,50.0,17,1,,0,,1.0,visa,87.0,0
235775,311.95,17,1,1.0,0,,1.0,visa,87.0,0
235790,59.0,17,1,316.0,0,,2.0,visa,87.0,0
235816,100.0,17,1,,0,,2.0,mastercard,87.0,0
235820,49.0,17,1,34.0,0,,2.0,mastercard,87.0,0
235851,27.95,17,1,6.0,0,,7.0,visa,87.0,0
235902,40.0,17,1,,0,,2.0,visa,87.0,0
235914,36.95,17,1,25.0,0,,1.0,visa,87.0,0
235926,25.0,17,1,,0,,1.0,mastercard,87.0,0
235930,50.0,17,1,,0,,1.0,visa,87.0,0
235932,32.868,17,0,,0,,2.0,mastercard,,0
235940,59.0,17,1,,0,,2.0,visa,87.0,0
235956,442.6,17,1,,0,,1.0,mastercard,87.0,0
235973,343.0,17,1,,0,,1.0,visa,87.0,0
236006,150.0,17,1,,0,,1.0,visa,87.0,0
236009,441.0,17,1,,0,,1.0,visa,87.0,0
236013,59.0,17,1,,0,,2.0,mastercard,87.0,0
236031,50.0,17,1,,0,,1.0,discover,87.0,0
236037,300.0,17,1,,0,,1.0,visa,87.0,0
236042,100.0,17,1,,0,,1.0,visa,87.0,0
236053,19.95,17,1,,0,,1.0,visa,87.0,0
236057,306.47,17,1,,0,,16.0,mastercard,87.0,0
236061,82.0,17,1,,0,,1.0,visa,87.0,0
236076,88.5,17,1,18.0,0,,1.0,visa,87.0,0
236110,100.0,17,1,,0,,1.0,visa,87.0,0
236125,59.0,17,1,,0,,1.0,visa,87.0,0
236153,335.0,17,1,40.0,0,,18.0,visa,87.0,0
236190,150.0,17,1,,0,,2.0,mastercard,87.0,0
236191,92.0,17,1,4.0,0,,1.0,visa,87.0,0
236210,200.0,17,1,,0,,1.0,mastercard,87.0,0
236213,274.41,17,1,2.0,0,,1.0,visa,87.0,0
236226,74.075,17,0,,0,,3.0,mastercard,,0
236237,117.0,17,1,,0,,3.0,visa,87.0,0
236249,46.5,17,1,,0,,2.0,visa,87.0,0
236254,47.95,17,1,,0,,5.0,visa,87.0,0
236293,50.0,17,1,0.0,0,,1.0,visa,87.0,0
236295,82.95,17,1,1.0,0,,135.0,mastercard,87.0,0
236306,150.0,17,1,,0,,1.0,visa,87.0,0
236317,120.0,17,1,,0,,1.0,visa,87.0,0
236326,500.0,17,1,,0,,1.0,mastercard,87.0,0
236337,25.0,17,1,,0,,1.0,visa,87.0,0
236361,77.0,17,1,616.0,0,,1.0,visa,87.0,0
236398,74.075,17,0,,0,,2.0,visa,,0
236409,100.0,17,1,,0,,1.0,mastercard,87.0,0
236423,150.0,17,1,,0,,1.0,visa,87.0,0
236431,107.95,17,1,14.0,0,,1.0,visa,87.0,0
236437,107.95,17,1,,0,,1.0,visa,87.0,0
236462,50.0,17,1,9.0,0,,1.0,visa,87.0,0
236465,74.437,17,0,,0,,2.0,mastercard,,0
236495,50.0,17,1,,0,,4.0,visa,87.0,0
236501,51.599,17,0,,0,,2.0,mastercard,,0
236508,235.0,17,1,,0,,1.0,mastercard,87.0,0
236519,34.319,17,0,,0,,1.0,mastercard,,0
236530,25.0,17,1,,0,,1.0,visa,87.0,0
236534,59.0,17,1,,0,,1.0,mastercard,87.0,0
236546,105.0,17,1,,0,,3.0,visa,87.0,0
236564,92.0,17,1,579.0,0,,1.0,visa,87.0,0
236569,22.839,17,0,,0,,2.0,visa,,0
236577,110.0,17,1,,0,,1.0,visa,87.0,0
236577,50.0,17,1,,0,,1.0,mastercard,87.0,0
236585,48.95,17,1,0.0,0,,2.0,visa,87.0,0
236589,59.0,17,1,,0,,1.0,visa,87.0,0
236606,40.0,17,1,,0,,1.0,visa,87.0,0
236607,43.502,17,0,,0,626.0,2.0,mastercard,,0
236617,474.95,17,1,,0,,2.0,mastercard,87.0,0
236630,117.0,17,1,,0,,1.0,visa,87.0,0
236639,59.0,17,1,8.0,0,,1.0,mastercard,87.0,0
236644,150.0,17,1,,0,,133.0,mastercard,87.0,0
236670,12.97,17,1,,0,,16.0,visa,87.0,0
236673,5.861,17,0,,0,,1.0,visa,,0
236676,30.95,17,1,4.0,0,,4.0,visa,87.0,0
236706,87.95,17,1,,0,,3.0,mastercard,87.0,0
236710,50.0,17,1,,0,,1.0,mastercard,87.0,0
236718,50.0,17,1,,0,,1.0,mastercard,87.0,0
236719,59.0,17,1,2.0,0,,7.0,mastercard,87.0,0
236721,25.95,17,1,,0,,1.0,mastercard,87.0,0
236722,35.527,17,0,,0,96.0,2.0,visa,,0
236759,35.0,17,1,,0,,1.0,visa,87.0,0
236766,74.075,17,0,,0,,3.0,visa,,0
236785,14.26,17,0,,0,,1.0,visa,,0
236791,59.0,17,1,,0,,1.0,mastercard,87.0,0
236817,599.95,17,1,,0,,1.0,mastercard,87.0,0
236837,100.0,17,1,,0,,2.0,visa,87.0,0
236838,300.0,17,1,,0,,1.0,visa,87.0,0
236842,51.599,17,0,,0,,2.0,mastercard,,0
236857,100.0,17,1,,0,,7.0,mastercard,87.0,0
236873,77.0,17,1,,0,,1.0,visa,87.0,0
236873,159.95,17,1,7.0,0,,2.0,visa,87.0,0
236887,29.5,17,1,,0,,2.0,mastercard,87.0,0
236892,220.0,17,1,,0,,1.0,visa,87.0,0
236894,13.051,17,0,,0,,1.0,mastercard,,0
236910,88.5,17,1,20.0,0,,2.0,visa,87.0,0
236913,527.0,17,1,0.0,0,,4.0,visa,87.0,0
236917,49.0,17,1,,0,,1.0,visa,87.0,0
236950,115.0,17,1,1249.0,0,,2.0,visa,87.0,0
236951,14.26,17,0,,0,,1.0,visa,,0
236956,10.0,17,1,,0,1350.0,1.0,visa,87.0,0
236969,269.95,17,1,,0,,3.0,visa,87.0,0
236970,200.0,17,1,,0,,1.0,mastercard,87.0,0
236972,146.0,17,1,1.0,0,,2.0,visa,87.0,0
236984,55.0,17,1,,0,,5.0,visa,87.0,0
236985,35.95,17,1,13.0,0,,13.0,visa,87.0,0
236987,117.0,17,1,11.0,0,,2.0,visa,87.0,0
236989,175.0,17,1,,0,,1.0,mastercard,87.0,0
236991,16.162,17,0,,0,,3.0,mastercard,,0
236992,100.0,17,1,,0,,1.0,visa,87.0,0
237007,39.0,17,1,0.0,0,,3.0,mastercard,87.0,0
237022,14.138,17,0,,0,,1.0,mastercard,,0
237023,117.0,17,1,,0,,1.0,mastercard,87.0,0
237033,25.95,17,1,,0,,1.0,visa,87.0,0
237060,36.977,17,0,,0,,1.0,visa,,0
237062,26.97,17,1,,0,,1.0,visa,87.0,0
237073,300.0,17,1,,0,,1.0,mastercard,87.0,0
237090,50.0,17,1,,0,,1.0,american express,87.0,0
237095,83.0,17,1,,0,,4.0,mastercard,87.0,0
237098,16.162,17,0,,0,,3.0,visa,,0
237103,186.0,17,1,0.0,0,,1.0,visa,87.0,0
237107,14.26,17,0,,0,,1.0,visa,,0
237113,75.0,17,1,,0,,1.0,american express,87.0,0
237114,40.0,17,1,,0,,1.0,mastercard,87.0,0
237120,36.977,17,0,,0,,1.0,visa,,0
237129,25.0,17,1,,0,,1.0,mastercard,87.0,0
237141,72.0,17,1,,0,,1.0,visa,87.0,0
237173,120.5,17,1,,0,,5.0,visa,87.0,0
237189,200.0,17,1,,0,37.0,2.0,mastercard,87.0,0
237192,117.0,17,1,124.0,0,,2.0,mastercard,87.0,0
237196,117.0,17,1,2.0,0,,1.0,visa,87.0,0
237215,107.95,17,1,,0,,3.0,visa,87.0,0
237219,50.0,17,1,,0,,2.0,mastercard,87.0,0
237224,6.525,17,0,,0,,2.0,mastercard,,0
237233,440.99,17,1,,0,,1.0,visa,87.0,0
237236,117.0,17,1,6.0,0,,7.0,mastercard,87.0,0
237240,226.0,17,1,,0,,1.0,visa,87.0,0
237265,88.878,17,0,,0,,2.0,visa,,0
237272,86.95,17,1,,0,,1.0,visa,87.0,0
237296,226.0,17,1,,0,,1.0,visa,87.0,0
237303,14.26,17,0,,0,,1.0,visa,,0
237315,39.0,17,1,,0,,1.0,visa,87.0,0
237328,201.95,17,1,14.0,0,,124.0,mastercard,87.0,0
237363,30.95,17,1,,0,,2.0,mastercard,87.0,0
237366,16.434,17,0,,0,,1.0,visa,,0
237394,100.0,17,1,,0,,1.0,visa,87.0,0
237399,149.95,17,1,7.0,0,,4.0,visa,87.0,0
237422,30.0,17,1,,0,,1.0,visa,87.0,0
237448,95.95,17,1,,0,,60.0,visa,87.0,0
237473,34.0,17,1,6.0,0,,2.0,visa,87.0,0
237484,67.95,17,1,2.0,0,,2.0,mastercard,87.0,0
237491,58.95,17,1,,0,,21.0,mastercard,87.0,0
237535,25.0,17,1,,0,,1.0,visa,87.0,0
237553,57.95,17,1,20.0,0,,109.0,visa,87.0,0
237558,50.0,17,1,,0,,1.0,visa,87.0,0
237561,67.95,17,1,,0,,1.0,visa,87.0,0
237562,57.95,17,1,1.0,0,,46.0,visa,87.0,0
237578,30.95,17,1,33.0,0,,2.0,visa,87.0,0
237583,70.0,17,1,,0,,1.0,mastercard,87.0,0
237596,25.0,17,1,,0,,1.0,american express,87.0,0
237605,57.95,18,1,,0,,1.0,visa,87.0,0
237640,171.0,18,1,,0,,6.0,mastercard,87.0,0
237647,171.0,18,1,,0,,1.0,mastercard,87.0,0
237648,100.0,18,1,,0,,1.0,mastercard,87.0,0
237657,40.0,18,1,,0,,1.0,visa,87.0,0
237665,35.95,18,1,23.0,0,,2.0,visa,87.0,0
237669,17.0,18,1,,0,,1.0,visa,87.0,0
237685,59.0,18,1,1342.0,0,,2.0,mastercard,87.0,0
237690,269.95,18,1,2213.0,0,,1.0,visa,87.0,0
237703,25.0,18,1,,0,,1.0,mastercard,87.0,0
237716,39.0,18,1,,0,,1.0,mastercard,87.0,0
237720,117.0,18,1,,0,,1.0,visa,87.0,0
237729,280.0,18,1,,0,,1.0,visa,87.0,0
237739,15.0,18,1,,0,,2.0,mastercard,87.0,0
237776,209.95,18,1,19.0,0,,2.0,visa,87.0,0
237783,300.0,18,1,,0,,8.0,visa,87.0,0
237785,100.0,18,1,,0,,1.0,mastercard,87.0,0
237791,117.0,18,1,115.0,0,,2.0,visa,87.0,0
237791,117.0,18,1,,0,,1.0,visa,87.0,0
237795,59.0,18,1,,0,,2.0,visa,87.0,0
237808,35.95,18,1,0.0,0,,3.0,visa,87.0,0
237818,49.0,18,1,8.0,0,,4.0,mastercard,87.0,0
237827,54.5,18,1,129.0,0,,1.0,visa,87.0,0
237843,82.0,18,1,42.0,0,,4.0,mastercard,87.0,0
237860,60.0,18,1,,0,,6.0,visa,87.0,0
237865,549.99,18,1,,0,,2.0,visa,87.0,0
237881,226.0,18,1,,0,,2.0,visa,87.0,0
237908,44.0,18,1,176.0,0,,2.0,mastercard,87.0,0
237909,39.95,18,1,,0,,1.0,visa,87.0,0
237921,50.0,18,1,,0,,1.0,visa,87.0,0
237926,25.0,18,1,,0,,3.0,visa,87.0,0
237941,25.0,18,1,,0,,1.0,discover,87.0,0
237942,23.95,18,1,19.0,0,,108.0,visa,87.0,0
237942,117.0,18,1,1.0,0,,2.0,mastercard,87.0,0
237968,12.084,18,0,,0,,4.0,mastercard,,0
237973,70.0,18,1,,0,,1.0,mastercard,87.0,0
237977,479.11,18,1,38.0,0,,1.0,visa,87.0,0
237977,554.0,18,1,9.0,0,,2.0,visa,87.0,0
238016,29.0,18,1,,0,,1.0,visa,87.0,0
238024,77.0,18,1,11.0,0,,6.0,visa,87.0,0
238025,46.5,18,1,,0,,13.0,visa,87.0,0
238027,43.51,18,1,4.0,0,,2.0,mastercard,87.0,0
238032,60.0,18,1,,0,,1.0,american express,87.0,0
238033,39.0,18,1,0.0,0,,1.0,visa,87.0,0
238055,60.0,18,1,,0,,1.0,american express,87.0,0
238065,554.0,18,1,,0,,1.0,visa,87.0,0
238067,226.0,18,1,0.0,0,,2.0,visa,87.0,0
238072,117.0,18,1,6.0,0,,3.0,mastercard,87.0,0
238076,50.0,18,1,,0,,1.0,visa,87.0,0
238083,357.95,18,1,,0,,3.0,mastercard,87.0,0
238102,108.5,18,1,,0,,2.0,mastercard,87.0,0
238104,47.95,18,1,,0,,1.0,visa,87.0,0
238124,30.95,18,1,,0,,1.0,mastercard,87.0,0
238168,110.0,18,1,,0,,5.0,visa,87.0,0
238182,50.0,18,1,,0,,1.0,visa,87.0,0
238207,67.95,18,1,32.0,0,,3.0,visa,87.0,0
238212,97.99,18,1,,0,,1.0,mastercard,87.0,0
238215,150.0,18,1,,0,,1.0,mastercard,87.0,0
238218,44.0,18,1,,0,,1.0,visa,87.0,0
238250,554.0,18,1,,0,,2.0,mastercard,87.0,0
238257,77.0,18,1,,0,,6.0,visa,87.0,0
238269,14.138,18,0,,0,,131.0,mastercard,,1
238294,77.0,18,1,,0,,1.0,visa,87.0,0
238353,58.95,18,1,172.0,0,,10.0,visa,87.0,0
238378,14.138,18,0,,0,,132.0,mastercard,,1
238383,39.0,18,1,,0,,3.0,visa,87.0,0
238390,39.0,18,1,1.0,0,,1.0,visa,87.0,0
238401,77.0,18,1,,0,,1.0,visa,87.0,0
238427,100.0,18,1,,0,,2.0,visa,87.0,0
238448,226.0,18,1,,0,,1.0,visa,87.0,0
238476,115.0,18,1,,0,,5.0,visa,87.0,0
238480,24.5,18,1,,0,,6.0,visa,87.0,0
238512,67.95,18,1,6.0,0,,11.0,mastercard,87.0,0
238530,71.416,18,0,,0,,1.0,mastercard,,0
238531,57.95,18,1,5.0,0,,20.0,visa,87.0,0
238550,77.95,18,1,,0,,12.0,mastercard,87.0,0
238584,58.95,18,1,,0,,1.0,visa,87.0,0
238592,44.0,18,1,,0,,1.0,visa,87.0,0
238593,150.0,18,1,16.0,0,,1.0,visa,87.0,0
238599,103.97,18,1,5.0,0,,8.0,visa,87.0,0
238617,50.0,18,1,,0,,2.0,visa,87.0,0
238621,53.97,18,1,,0,,8.0,visa,87.0,0
238639,30.814,18,0,,0,,1.0,visa,,0
238667,59.0,18,1,,0,,1.0,visa,87.0,0
238670,171.0,18,1,669.0,0,,8.0,visa,87.0,0
238680,14.682,18,0,,0,,1.0,visa,,0
238708,226.0,18,1,46.0,0,,1.0,mastercard,87.0,0
238754,83.95,18,1,12.0,0,,1.0,visa,87.0,0
238767,57.95,18,1,411.0,0,,2.0,visa,87.0,0
238768,312.95,18,1,8.0,0,,108.0,visa,87.0,0
238775,59.0,18,1,0.0,0,,2.0,visa,87.0,0
238780,390.0,18,1,,0,,2.0,visa,87.0,0
238796,80.0,18,1,,0,,10.0,mastercard,87.0,0
238797,50.0,18,1,,0,,1.0,visa,87.0,0
238833,1044.95,18,1,4.0,0,,9.0,visa,87.0,0
238853,54.5,18,1,15.0,0,,8.0,visa,87.0,0
238855,226.0,18,1,,0,,1.0,visa,87.0,0
238872,15.0,18,1,,0,,1.0,mastercard,87.0,0
238887,120.5,18,1,,0,,5.0,visa,87.0,0
238900,103.97,18,1,,0,,3.0,visa,87.0,0
238911,200.0,18,1,,0,,1.0,mastercard,87.0,0
238919,57.95,18,1,6.0,0,,1.0,mastercard,87.0,0
238964,30.95,18,1,2.0,0,,3.0,visa,87.0,0
238976,40.0,18,1,,0,,1.0,visa,87.0,0
239021,52.95,18,1,,0,,5.0,mastercard,87.0,0
239026,107.95,18,1,3.0,0,,1.0,visa,87.0,0
239033,57.95,18,1,2.0,0,,5.0,mastercard,87.0,0
239067,117.0,18,1,1641.0,0,,2.0,visa,87.0,0
239070,118.19,18,1,2.0,0,,1.0,visa,87.0,0
239080,80.0,18,1,,0,,1.0,mastercard,87.0,0
239090,554.0,18,1,,0,,2.0,visa,87.0,0
239133,100.0,18,1,,0,,6.0,mastercard,87.0,0
239142,77.217,18,0,,0,,2.0,visa,,0
239143,57.95,18,1,3.0,0,,148.0,mastercard,87.0,0
239146,87.0,18,1,17.0,0,,4.0,visa,87.0,0
239146,335.0,18,1,,0,,1.0,visa,87.0,0
239179,59.0,18,1,,0,,3.0,visa,87.0,0
239183,39.0,18,1,41.0,0,,1.0,visa,87.0,0
239232,17.401,18,0,,0,,1.0,visa,,0
239247,30.0,18,1,,0,,13.0,mastercard,87.0,0
239259,26.95,18,1,,0,,1.0,visa,87.0,0
239273,50.0,18,1,,0,,7.0,mastercard,87.0,0
239286,100.0,18,1,,0,,8.0,visa,87.0,0
239327,34.95,18,1,,0,,3.0,mastercard,87.0,0
239382,117.0,18,1,7.0,0,,1.0,mastercard,87.0,0
239392,60.0,18,1,,0,,1.0,visa,87.0,1
239394,39.0,18,1,,0,,2.0,visa,87.0,0
239409,78.97,18,1,10.0,0,,159.0,visa,87.0,0
239416,50.0,18,1,,0,,1.0,visa,87.0,0
239420,50.0,18,1,,0,,1.0,visa,87.0,0
239423,107.0,18,1,,0,,1.0,visa,87.0,0
239432,44.95,18,1,,0,,1.0,visa,87.0,0
239446,150.0,18,1,,0,,1.0,visa,87.0,0
239447,59.0,18,1,,0,,1.0,visa,87.0,0
239449,25.0,18,1,7.0,0,,1.0,visa,87.0,0
239474,57.95,18,1,19.0,0,,3.0,mastercard,87.0,0
239482,50.0,18,1,3.0,0,,1.0,visa,87.0,0
239486,107.0,18,1,330.0,0,,5.0,visa,87.0,0
239505,25.0,18,1,14.0,0,,3.0,mastercard,87.0,0
239530,117.0,18,1,32.0,0,,1.0,mastercard,87.0,0
239560,40.0,18,1,,0,,1.0,visa,87.0,0
239569,30.0,18,1,,0,,1.0,visa,87.0,0
239571,100.0,18,1,,0,,1.0,visa,87.0,0
239572,80.0,18,1,,0,,1.0,mastercard,87.0,0
239615,265.0,18,1,,0,,1.0,visa,87.0,1
239635,221.99,18,1,,0,,1.0,visa,87.0,0
239640,75.0,18,1,,0,4.0,6.0,visa,87.0,0
239648,46.765,18,0,,0,,1.0,visa,,0
239650,210.95,18,1,,0,,2.0,visa,87.0,0
239655,57.95,18,1,331.0,0,,3.0,visa,87.0,1
239663,47.95,18,1,,0,,6.0,visa,87.0,0
239663,59.0,18,1,28.0,0,,3.0,visa,87.0,0
239678,57.95,18,1,1.0,0,,2.0,mastercard,87.0,0
239699,50.0,18,1,,0,,1.0,visa,87.0,0
239701,100.0,18,1,,0,,1.0,visa,87.0,0
239702,58.95,18,1,,0,,2.0,visa,87.0,0
239726,291.06,18,1,,0,,1.0,visa,87.0,0
239739,50.0,18,1,,0,,1.0,mastercard,87.0,0
239769,57.95,18,1,148.0,0,,2.0,mastercard,87.0,0
239774,117.0,18,1,697.0,0,,5.0,visa,87.0,0
239814,50.0,18,1,,0,,1.0,visa,87.0,0
239818,40.0,18,1,,0,,1.0,mastercard,87.0,0
239827,10.151,18,0,,0,,1.0,visa,,0
239830,50.0,18,1,,0,,2.0,mastercard,87.0,0
239831,35.164,18,0,,0,7.0,3.0,mastercard,,0
239853,100.0,18,1,,0,,1.0,american express,87.0,0
239859,40.0,18,1,,0,,1.0,mastercard,87.0,0
239864,35.0,18,1,,0,,1.0,visa,87.0,0
239864,32.97,18,1,,0,,2.0,visa,87.0,0
239869,30.95,18,1,11.0,0,,80.0,visa,87.0,0
239884,25.95,18,1,6.0,0,,3.0,visa,87.0,0
239930,577.83,18,1,2262.0,0,,1.0,visa,87.0,0
239931,100.0,18,1,,0,,1.0,visa,87.0,0
239935,175.0,18,1,4.0,0,,2.0,visa,87.0,0
239937,77.0,18,1,,0,,3.0,mastercard,87.0,0
239941,35.95,18,1,394.0,0,,108.0,visa,87.0,0
239992,31.95,18,1,1750.0,0,,1.0,visa,87.0,0
239993,100.0,18,1,,0,,1.0,visa,87.0,0
240064,100.0,18,1,,0,,1.0,visa,87.0,0
240100,32.97,18,1,1.0,0,,4.0,visa,87.0,0
240106,30.0,18,1,2.0,0,,2.0,visa,87.0,0
240106,29.0,18,1,,0,,1.0,mastercard,87.0,0
240130,100.0,18,1,,0,,1.0,visa,87.0,0
240145,34.0,18,1,20.0,0,,1.0,visa,87.0,0
240150,170.0,18,1,,0,,4.0,mastercard,87.0,0
240186,40.0,18,1,,0,,5.0,visa,87.0,0
240190,15.951,18,0,,0,,1.0,visa,,0
240200,23.806,18,0,,0,,2.0,visa,,0
240229,226.0,18,1,5.0,0,,1.0,mastercard,87.0,0
240248,200.0,18,1,0.0,0,,1.0,visa,87.0,0
240266,87.0,18,1,,0,,1.0,visa,87.0,0
240309,75.0,18,1,,0,,1.0,visa,87.0,0
240316,125.0,18,1,,0,,1.0,mastercard,87.0,0
240317,125.0,18,1,,0,,1.0,mastercard,87.0,0
240322,45.0,18,1,,0,,1.0,visa,87.0,0
240323,75.0,18,1,,0,,1.0,visa,87.0,0
240346,117.0,18,1,12.0,0,,1.0,visa,87.0,0
240355,14.743,18,0,,0,,1.0,mastercard,,0
240357,100.0,18,1,7.0,0,,9.0,visa,87.0,0
240406,35.95,18,1,14.0,0,,101.0,mastercard,87.0,0
240411,30.0,18,1,,0,,2.0,visa,87.0,0
240432,30.95,18,1,12.0,0,,5.0,mastercard,87.0,0
240448,34.0,18,1,12.0,0,,1.0,mastercard,87.0,0
240450,40.0,18,1,,0,,4.0,visa,87.0,0
240460,213.0,18,1,,0,,1.0,visa,87.0,0
240463,100.0,18,1,,0,8.0,3.0,american express,87.0,0
240469,65.95,18,1,,0,,7.0,visa,87.0,0
240479,40.0,18,1,,0,,1.0,visa,87.0,0
240483,60.0,18,1,,0,,2.0,visa,87.0,0
240488,34.5,18,1,,0,,1.0,visa,87.0,0
240501,97.0,18,1,,0,,2.0,visa,87.0,0
240507,47.95,18,1,7.0,0,,26.0,visa,87.0,0
240526,59.0,18,1,,0,,1.0,visa,87.0,0
240527,255.0,18,1,13.0,0,,138.0,discover,87.0,0
240539,107.95,18,1,,0,,108.0,mastercard,87.0,0
240568,50.0,18,1,,0,,1.0,american express,87.0,0
240577,59.0,18,1,0.0,0,,1.0,visa,87.0,0
240594,107.95,18,1,0.0,0,,3.0,visa,87.0,0
240614,80.0,18,1,,0,,1.0,mastercard,87.0,0
240640,83.95,18,1,16.0,0,,3.0,visa,87.0,0
240658,5.075,18,0,,0,,1.0,mastercard,,0
240675,63.95,18,1,223.0,0,,1.0,visa,87.0,0
240687,108.5,18,1,1106.0,0,,1.0,mastercard,87.0,0
240718,15.0,18,1,,0,,2.0,visa,87.0,0
240730,50.0,18,1,,0,,1.0,visa,87.0,0
240741,70.571,18,0,,0,85.0,1.0,mastercard,,0
240749,27.068,18,0,,0,,2.0,visa,,0
240784,57.95,18,1,1.0,0,,5.0,mastercard,87.0,0
240798,47.95,18,1,,0,,1.0,mastercard,87.0,0
240807,107.95,18,1,23.0,0,,2.0,visa,87.0,0
240813,50.0,18,1,,0,,6.0,mastercard,87.0,0
240846,117.0,18,1,,0,,1.0,visa,87.0,0
240895,117.0,18,1,858.0,0,,12.0,visa,87.0,0
240928,35.0,18,1,,0,,105.0,visa,87.0,0
240949,50.0,18,1,,0,,1.0,mastercard,87.0,0
240953,25.0,18,1,,0,,1.0,visa,87.0,0
240953,59.0,18,1,23.0,0,,1.0,mastercard,87.0,0
240958,212.99,18,1,,0,,1.0,visa,87.0,0
240974,117.0,18,1,5.0,0,,2.0,visa,87.0,0
241038,59.0,18,1,7.0,0,,6.0,mastercard,87.0,0
241062,92.0,18,1,,0,,3.0,visa,87.0,0
241073,17.159,18,0,,0,,1.0,visa,,0
241079,499.95,18,1,1.0,0,,2.0,mastercard,87.0,0
241084,50.0,18,1,,0,,1.0,visa,87.0,0
241091,47.95,18,1,,0,,1.0,visa,87.0,0
241096,150.0,18,1,,0,,1.0,visa,87.0,0
241096,200.0,18,1,,0,,1.0,mastercard,87.0,0
241099,226.0,18,1,,0,,1.0,visa,87.0,0
241104,77.0,18,1,,0,,2.0,visa,87.0,0
241133,54.0,18,1,5.0,0,,1.0,visa,87.0,0
241147,29.545,18,0,,0,,1.0,mastercard,,0
241163,141.0,18,1,,0,,1.0,mastercard,87.0,0
241187,59.0,18,1,0.0,0,,2.0,mastercard,87.0,0
241249,210.95,19,1,,0,,3.0,visa,87.0,0
241256,50.0,19,1,8.0,0,,3.0,visa,87.0,0
241267,53.97,19,1,,0,,1.0,visa,87.0,0
241274,57.95,19,1,21.0,0,,24.0,mastercard,87.0,0
241286,117.0,19,1,,0,,2.0,visa,87.0,0
241288,88.5,19,1,18.0,0,,1.0,mastercard,87.0,0
241330,200.0,19,1,,0,,1.0,american express,87.0,0
241342,57.95,19,1,0.0,0,,1.0,mastercard,87.0,0
241342,77.0,19,1,516.0,0,,1.0,visa,87.0,0
241349,600.0,19,1,,0,,2.0,mastercard,87.0,0
241362,25.95,19,1,,0,,1.0,mastercard,87.0,0
241364,30.0,19,1,,0,,6.0,visa,87.0,0
241378,59.0,19,1,,0,,1.0,visa,87.0,0
241388,226.0,19,1,,0,,2.0,mastercard,87.0,0
241396,774.0,19,1,,0,,1.0,mastercard,87.0,0
241418,226.0,19,1,2.0,0,,5.0,visa,87.0,0
241467,60.0,19,1,,0,,3.0,mastercard,87.0,0
241476,50.0,19,1,,0,,1.0,visa,87.0,0
241512,44.5,19,1,933.0,0,,2.0,visa,87.0,0
241527,35.95,19,1,3.0,0,,39.0,mastercard,87.0,0
241534,100.0,19,1,,0,,1.0,mastercard,87.0,0
241539,117.0,19,1,,0,,1.0,visa,87.0,0
241546,335.0,19,1,,0,,1.0,mastercard,87.0,0
241559,31.902,19,0,,0,,1.0,mastercard,,0
241605,25.0,19,1,,0,,1.0,visa,87.0,0
241617,50.0,19,1,,0,,1.0,visa,87.0,0
241631,117.0,19,1,6.0,0,,2.0,visa,87.0,0
241675,60.0,19,1,,0,,3.0,mastercard,87.0,0
241684,25.0,19,1,,0,,1.0,visa,87.0,0
241699,49.0,19,1,6.0,0,,1.0,mastercard,87.0,0
241699,39.0,19,1,,0,,2.0,mastercard,87.0,0
241717,226.0,19,1,,0,,2.0,mastercard,87.0,0
241726,34.0,19,1,,0,,1.0,visa,87.0,0
241728,329.95,19,1,,0,,1.0,mastercard,87.0,0
241736,22.97,19,1,,0,,6.0,mastercard,87.0,0
241749,159.95,19,1,586.0,0,,13.0,visa,87.0,0
241756,554.0,19,1,50.0,0,,1.0,mastercard,87.0,0
241762,10.95,19,1,,0,,1.0,visa,87.0,0
241775,54.0,19,1,,0,,1.0,mastercard,87.0,0
241777,209.95,19,1,16.0,0,,5.0,mastercard,87.0,0
241792,45.95,19,1,4.0,0,,131.0,visa,87.0,0
241793,117.0,19,1,,0,,3.0,visa,87.0,1
241794,159.95,19,1,,0,,2.0,mastercard,87.0,0
241795,190.0,19,1,0.0,0,,1.0,visa,87.0,0
241804,117.0,19,1,,0,,1.0,mastercard,87.0,0
241807,35.95,19,1,,0,,1.0,visa,87.0,0
241836,589.92,19,1,2358.0,0,,1.0,visa,87.0,0
241839,117.0,19,1,,0,,1.0,visa,87.0,0
241850,175.0,19,1,,0,,1.0,visa,87.0,0
241873,59.95,19,1,1.0,0,,3.0,visa,87.0,0
241875,400.0,19,1,,0,,2.0,visa,87.0,0
241882,35.95,19,1,,0,,1.0,visa,87.0,0
241887,34.0,19,1,,0,,1.0,mastercard,87.0,0
241914,53.44,19,1,0.0,0,,4.0,visa,87.0,0
241922,45.0,19,1,,0,,4.0,visa,87.0,0
241937,107.95,19,1,3.0,0,,14.0,visa,87.0,0
241973,100.0,19,1,,0,,1.0,american express,87.0,0
242001,50.0,19,1,,0,0.0,9.0,visa,87.0,0
242001,25.0,19,1,,0,,1.0,mastercard,87.0,0
242021,50.0,19,1,,0,,2.0,visa,87.0,0
242064,18.851,19,0,,0,,2.0,visa,,0
242086,150.0,19,1,,0,,1.0,mastercard,87.0,0
242088,87.0,19,1,5.0,0,,1.0,mastercard,87.0,0
242088,10.634,19,0,,0,,1.0,visa,,0
242110,57.95,19,1,,0,,145.0,visa,87.0,0
242112,47.95,19,1,7.0,0,,1.0,visa,87.0,0
242116,57.95,19,1,,0,,2.0,visa,87.0,0
242127,43.442,19,0,,0,,1.0,visa,,0
242131,150.0,19,1,9.0,0,,123.0,mastercard,87.0,0
242153,25.95,19,1,6.0,0,,20.0,mastercard,87.0,0
242163,107.95,19,1,14.0,0,,4.0,visa,87.0,0
242196,54.5,19,1,,0,,1.0,mastercard,87.0,0
242204,40.0,19,1,,0,,2.0,visa,87.0,0
242207,80.0,19,1,,0,,1.0,visa,87.0,0
242240,46.0,19,1,,0,,2.0,mastercard,87.0,0
242241,25.0,19,1,,0,,1.0,visa,87.0,0
242252,40.0,19,1,,0,,2.0,visa,87.0,0
242257,107.95,19,1,535.0,0,,2.0,mastercard,87.0,0
242315,335.0,19,1,10.0,0,,155.0,mastercard,87.0,0
242315,82.95,19,1,119.0,0,,2.0,visa,87.0,0
242316,200.0,19,1,,0,25.0,3.0,visa,87.0,0
242349,200.0,19,1,,0,25.0,3.0,visa,87.0,0
242352,59.0,19,1,,0,,1.0,visa,87.0,0
242361,100.0,19,1,7.0,0,,1.0,visa,87.0,0
242390,200.0,19,1,,0,25.0,3.0,visa,87.0,0
242393,50.0,19,1,,0,,2.0,visa,87.0,0
242398,150.0,19,1,,0,,1.0,visa,87.0,0
242410,209.95,19,1,13.0,0,,2.0,visa,87.0,0
242412,50.0,19,1,,0,,1.0,visa,87.0,0
242430,25.95,19,1,,0,,6.0,mastercard,87.0,0
242434,200.0,19,1,,0,25.0,3.0,visa,87.0,0
242440,100.0,19,1,,0,,5.0,visa,87.0,0
242475,600.0,19,1,,0,,1.0,visa,87.0,1
242500,108.5,19,1,6.0,0,,3.0,mastercard,87.0,0
242503,97.0,19,1,,0,,1.0,visa,87.0,0
242522,200.0,19,1,,0,,1.0,visa,87.0,0
242543,100.0,19,1,,0,,1.0,visa,87.0,0
242549,30.95,19,1,,0,,2.0,visa,87.0,0
242553,162.99,19,1,12.0,0,,10.0,mastercard,87.0,0
242664,168.0,19,1,,0,,1.0,mastercard,87.0,0
242675,100.0,19,1,12.0,0,,3.0,visa,87.0,0
242741,138.0,19,1,5.0,0,,206.0,visa,87.0,0
242744,75.0,19,1,,0,,1.0,mastercard,87.0,0
242745,150.5,19,1,,0,,1.0,mastercard,87.0,0
242787,25.0,19,1,,0,,1.0,visa,87.0,0
242804,65.0,19,1,,0,,1.0,visa,87.0,0
242805,54.47,19,1,,0,,1.0,visa,87.0,0
242807,35.95,19,1,10.0,0,,1.0,mastercard,87.0,0
242815,80.479,19,0,,0,61.0,2.0,visa,,0
242823,56.5,19,1,,0,,1.0,mastercard,87.0,0
242834,25.0,19,1,,0,,1.0,visa,87.0,0
242845,770.94,19,1,,0,,3.0,visa,87.0,0
242852,50.0,19,1,,0,,1.0,visa,87.0,0
242856,26.5,19,1,,0,,2.0,mastercard,87.0,0
242857,47.95,19,1,,0,,3.0,visa,87.0,0
242878,108.5,19,1,,0,,2.0,visa,87.0,0
242881,100.0,19,1,,0,,1.0,visa,87.0,0
242885,44.5,19,1,7.0,0,,2.0,visa,87.0,0
242889,39.0,19,1,5.0,0,,1.0,visa,87.0,0
242901,59.0,19,1,9.0,0,,1.0,mastercard,87.0,0
242903,29.0,19,1,,0,,3.0,visa,87.0,0
242928,160.5,19,1,,0,,1.0,visa,87.0,0
242932,200.0,19,1,,0,25.0,3.0,visa,87.0,0
242949,200.0,19,1,,0,25.0,3.0,visa,87.0,0
242986,250.0,19,1,,0,,1.0,american express,87.0,0
242991,35.95,19,1,3.0,0,,3.0,visa,87.0,0
243003,25.0,19,1,,0,,1.0,visa,87.0,0
243013,200.0,19,1,,0,25.0,3.0,visa,87.0,0
243031,200.0,19,1,,0,25.0,3.0,visa,87.0,0
243036,68.95,19,1,,0,,3.0,visa,87.0,0
243062,475.0,19,1,,0,,1.0,mastercard,87.0,0
243063,34.923,19,0,,0,,1.0,mastercard,,0
243070,39.0,19,1,10.0,0,,2.0,visa,87.0,0
243070,171.0,19,1,12.0,0,,1.0,mastercard,87.0,0
243076,55.0,19,1,,0,,2.0,visa,87.0,0
243082,82.99,19,1,,0,,1.0,visa,87.0,0
243087,350.0,19,1,,0,,5.0,mastercard,87.0,0
243097,54.5,19,1,11.0,0,,1.0,visa,87.0,0
243105,100.0,19,1,,0,35.0,2.0,discover,87.0,0
243109,83.97,19,1,,0,,4.0,mastercard,87.0,0
243122,250.0,19,1,25.0,0,,3.0,discover,87.0,0
243130,50.0,19,1,,0,,1.0,mastercard,87.0,0
243140,150.0,19,1,,0,,4.0,visa,87.0,1
243164,50.0,19,1,,0,,1.0,visa,87.0,0
243191,33.11,19,0,,0,,1.0,visa,,0
243198,64.287,19,0,,0,,1.0,mastercard,,0
243220,20.0,19,1,,0,,1.0,mastercard,87.0,0
243222,100.0,19,1,1.0,0,,12.0,visa,87.0,0
243261,221.99,19,1,,0,,1.0,visa,87.0,0
243284,82.95,19,1,93.0,0,,1.0,mastercard,87.0,0
243288,109.0,19,1,4.0,0,,1.0,visa,87.0,0
243308,100.0,19,1,,0,,1.0,mastercard,87.0,0
243330,35.0,19,1,,0,,1.0,visa,87.0,0
243336,26.5,19,1,,0,,1.0,mastercard,87.0,0
243344,50.0,19,1,,0,,1.0,visa,87.0,0
243358,29.54,19,1,,0,,1.0,visa,87.0,0
243361,50.0,19,1,,0,,1.0,american express,87.0,0
243364,100.0,19,1,,0,,1.0,american express,87.0,0
243368,50.0,19,1,,0,34.0,2.0,visa,87.0,0
243372,100.0,19,1,,0,,1.0,mastercard,87.0,0
243385,59.0,19,1,1.0,0,,2.0,visa,87.0,0
243401,20.0,19,1,,0,,4.0,mastercard,87.0,0
243403,100.0,19,1,945.0,0,,7.0,visa,87.0,0
243412,59.0,19,1,,0,,2.0,mastercard,87.0,0
243451,25.0,19,1,,0,,1.0,mastercard,87.0,0
243453,200.0,19,1,,0,25.0,3.0,visa,87.0,0
243461,60.0,19,1,,0,,1.0,visa,87.0,0
243476,50.0,19,1,,0,,1.0,visa,87.0,0
243478,75.0,19,1,,0,,1.0,visa,87.0,0
243484,80.0,19,1,,0,,1.0,mastercard,87.0,0
243498,117.0,19,1,,0,,5.0,visa,87.0,0
243504,10.0,19,1,,0,,2.0,mastercard,87.0,0
243508,200.0,19,1,,0,,1.0,visa,87.0,0
243517,53.95,19,1,,0,,3.0,visa,87.0,0
243535,100.0,19,1,,0,,1.0,visa,87.0,0
243538,95.0,19,1,,0,,3.0,visa,87.0,0
243548,444.85,19,1,,0,,1.0,mastercard,87.0,0
243560,117.0,19,1,,0,,1.0,mastercard,87.0,0
243567,31.479,19,0,,0,,1.0,visa,,0
243575,68.5,19,1,,0,,2.0,visa,87.0,0
243578,68.0,19,1,2.0,0,,2.0,visa,87.0,0
243587,50.0,19,1,,0,,1.0,visa,87.0,0
243592,20.0,19,1,,0,,1.0,visa,87.0,0
243594,200.0,19,1,,0,25.0,3.0,visa,87.0,0
243660,14.26,19,0,,0,,1.0,visa,,0
243665,107.95,19,1,,0,,9.0,mastercard,87.0,0
243666,30.0,19,1,,0,,1.0,visa,87.0,0
243674,50.0,19,1,6.0,0,,2.0,mastercard,87.0,0
243674,75.0,19,1,,0,,2.0,visa,87.0,0
243674,117.0,19,1,3.0,0,,2.0,mastercard,87.0,0
243683,100.0,19,1,,0,,1.0,visa,87.0,0
243684,200.0,19,1,,0,25.0,4.0,visa,87.0,0
243690,159.95,19,1,12.0,0,,3.0,visa,87.0,0
243695,39.0,19,1,5.0,0,,1.0,visa,87.0,0
243697,335.0,19,1,,0,,2.0,mastercard,87.0,0
243743,100.0,19,1,,0,,2.0,visa,87.0,0
243750,40.0,19,1,,0,,2.0,mastercard,87.0,0
243755,168.0,19,1,,0,,2.0,visa,87.0,0
243769,49.0,19,1,19.0,0,,102.0,visa,87.0,0
243804,34.0,19,1,,0,,1.0,visa,87.0,0
243816,117.0,19,1,,0,,1.0,visa,87.0,0
243832,150.0,19,1,,0,,1.0,visa,87.0,0
243839,240.31,19,1,0.0,0,,1.0,visa,87.0,0
243841,409.95,19,1,,0,,1.0,visa,87.0,0
243848,68.5,19,1,747.0,0,,1.0,visa,87.0,0
243848,50.0,19,1,,0,,1.0,visa,87.0,0
243849,59.0,19,1,202.0,0,,10.0,visa,87.0,0
243873,70.0,19,1,,0,,4.0,mastercard,87.0,0
243880,146.0,19,1,,0,,9.0,visa,87.0,0
243887,88.5,19,1,,0,,1.0,mastercard,87.0,0
243894,75.0,19,1,18.0,0,,6.0,visa,87.0,0
243900,30.95,19,1,3.0,0,,5.0,mastercard,87.0,0
243920,107.95,19,1,8.0,0,,9.0,visa,87.0,0
243926,50.0,19,1,,0,,1.0,visa,87.0,0
243967,117.0,19,1,17.0,0,,1.0,mastercard,87.0,0
243970,77.0,19,1,34.0,0,,1.0,visa,87.0,0
243980,112.0,19,1,,0,,1.0,mastercard,87.0,0
243991,166.99,19,1,,0,,1.0,mastercard,87.0,0
243994,30.0,19,1,,0,,1.0,visa,87.0,0
244012,88.5,19,1,18.0,0,,1.0,mastercard,87.0,0
244028,25.0,19,1,,0,,1.0,mastercard,87.0,0
244047,80.0,19,1,,0,,140.0,mastercard,87.0,0
244072,60.0,19,1,10.0,0,,1.0,visa,87.0,0
244081,50.0,19,1,,0,,1.0,visa,87.0,0
244090,117.0,19,1,6.0,0,,2.0,visa,87.0,0
244095,30.0,19,1,,0,,1.0,mastercard,87.0,0
244098,59.0,19,1,,0,,5.0,visa,87.0,0
244102,75.0,19,1,,0,,1.0,visa,87.0,0
244112,57.95,19,1,2.0,0,,4.0,visa,87.0,0
244124,2.802,19,0,,0,56.0,3.0,visa,,0
244131,209.95,19,1,,0,,3.0,visa,87.0,0
244141,50.0,19,1,,0,,1.0,visa,87.0,0
244154,15.0,19,1,,0,,1.0,visa,87.0,0
244191,50.0,19,1,,0,,1.0,mastercard,87.0,0
244198,92.0,19,1,4.0,0,,1.0,mastercard,87.0,0
244207,50.0,19,1,,0,,1.0,mastercard,87.0,0
244230,59.0,19,1,1.0,0,,3.0,mastercard,87.0,0
244232,250.0,19,1,,0,,2.0,visa,87.0,0
244236,45.0,19,1,2.0,0,,3.0,visa,87.0,0
244237,57.95,19,1,2.0,0,,125.0,visa,87.0,0
244260,50.0,19,1,,0,,1.0,visa,87.0,0
244267,43.95,19,1,1.0,0,,100.0,visa,87.0,0
244281,57.95,19,1,1.0,0,,4.0,visa,87.0,0
244319,30.0,19,1,,0,,7.0,visa,87.0,0
244341,25.0,19,1,,0,,1.0,visa,87.0,0
244369,70.329,19,0,,0,,2.0,mastercard,,0
244370,50.0,19,1,,0,,1.0,mastercard,87.0,0
244373,100.0,19,1,,0,,1.0,american express,87.0,0
244408,70.0,19,1,,0,,1.0,mastercard,87.0,0
244420,150.0,19,1,,0,,1.0,visa,87.0,0
244432,35.95,19,1,,0,,3.0,visa,87.0,0
244473,160.5,19,1,,0,,1.0,visa,87.0,0
244496,30.0,19,1,,0,,1.0,visa,87.0,0
244525,75.0,19,1,,0,,1.0,visa,87.0,0
244530,70.329,19,0,,0,,2.0,mastercard,,0
244533,35.95,19,1,,0,,7.0,mastercard,87.0,0
244535,23.443,19,0,,0,,1.0,mastercard,,0
244540,50.0,19,1,,0,,1.0,mastercard,87.0,0
244566,97.0,19,1,,0,,1.0,mastercard,87.0,0
244567,59.0,19,1,,0,,1.0,visa,87.0,0
244574,25.95,19,1,,0,,3.0,visa,87.0,0
244583,141.0,19,1,,0,,1.0,visa,87.0,0
244589,30.0,19,1,,0,,1.0,mastercard,87.0,0
244591,751.95,19,1,,0,,2.0,mastercard,87.0,0
244591,60.0,19,1,,0,,2.0,mastercard,87.0,0
244613,117.0,19,1,26.0,0,,1.0,mastercard,87.0,0
244628,200.0,19,1,,0,25.0,4.0,visa,87.0,0
244630,30.0,19,1,,0,,1.0,visa,87.0,0
244638,58.95,19,1,2.0,0,,1.0,visa,87.0,0
244683,50.0,19,1,,0,,1.0,visa,87.0,0
244684,54.47,19,1,,0,,1.0,visa,87.0,0
244686,117.0,19,1,,0,,8.0,visa,87.0,0
244699,92.0,19,1,5.0,0,,2.0,visa,87.0,0
244713,200.0,19,1,,0,25.0,4.0,visa,87.0,0
244750,40.0,19,1,,0,,2.0,mastercard,87.0,0
244756,59.0,19,1,501.0,0,,3.0,visa,87.0,0
244766,50.0,19,1,,0,,1.0,visa,87.0,0
244771,2594.95,19,1,,0,,2.0,visa,87.0,0
244783,108.51,19,1,1.0,0,,102.0,visa,87.0,0
244812,15.95,20,1,,0,,2.0,mastercard,87.0,0
244829,59.0,20,1,34.0,0,,1.0,visa,87.0,0
244831,49.0,20,1,,0,,1.0,visa,87.0,0
244836,919.95,20,1,,0,,1.0,mastercard,87.0,0
244839,454.3,20,1,,0,,3.0,mastercard,87.0,0
244857,424.95,20,1,202.0,0,,2.0,visa,87.0,0
244859,49.0,20,1,,0,,1.0,visa,87.0,0
244863,47.95,20,1,3.0,0,,4.0,mastercard,87.0,0
244868,97.0,20,1,23.0,0,,1.0,visa,87.0,0
244913,30.0,20,1,,0,,1.0,visa,87.0,0
244919,150.0,20,1,,0,,2.0,visa,87.0,0
244978,35.95,20,1,,0,,2.0,visa,87.0,0
244987,34.0,20,1,0.0,0,,2.0,mastercard,87.0,0
244989,57.95,20,1,,0,,36.0,visa,87.0,0
245010,452.47,20,1,,0,,2.0,visa,87.0,0
245024,100.0,20,1,,0,,1.0,mastercard,87.0,0
245037,300.0,20,1,482.0,0,,1.0,visa,87.0,0
245109,2012.9,20,1,,0,,1.0,mastercard,87.0,0
245120,30.0,20,1,,0,,1.0,visa,87.0,0
245124,90.0,20,1,,0,,1.0,mastercard,87.0,0
245151,50.0,20,1,,0,,1.0,mastercard,87.0,0
245159,171.0,20,1,28.0,0,,1.0,visa,87.0,0
245162,200.0,20,1,,0,,1.0,mastercard,87.0,0
245181,39.0,20,1,2.0,0,,1.0,mastercard,87.0,0
245199,390.0,20,1,24.0,0,,3.0,mastercard,87.0,0
245213,40.0,20,1,,0,,5.0,visa,87.0,0
245216,41.327,20,0,,0,,23.0,mastercard,,1
245218,48.95,20,1,2.0,0,,1.0,visa,87.0,0
245238,171.0,20,1,0.0,0,,1.0,mastercard,87.0,0
245240,159.95,20,1,5.0,0,,4.0,visa,87.0,0
245278,50.0,20,1,,0,,1.0,visa,87.0,0
245295,41.327,20,0,,0,,5.0,mastercard,,1
245312,48.95,20,1,,0,,1.0,visa,87.0,0
245328,236.95,20,1,8.0,0,,3.0,visa,87.0,0
245332,108.5,20,1,,0,,2.0,visa,87.0,0
245337,100.0,20,1,,0,,1.0,visa,87.0,0
245346,280.0,20,1,25.0,0,,1.0,visa,87.0,0
245349,50.0,20,1,,0,,1.0,mastercard,87.0,0
245351,213.0,20,1,144.0,0,,3.0,mastercard,87.0,0
245352,230.0,20,1,,0,,1.0,mastercard,87.0,0
245387,100.0,20,1,,0,,1.0,visa,87.0,0
245387,59.0,20,1,5.0,0,,1.0,visa,87.0,0
245397,30.0,20,1,,0,,1.0,visa,87.0,0
245403,100.0,20,1,,0,,1.0,visa,87.0,0
245411,1256.48,20,1,,0,,1.0,mastercard,87.0,0
245426,150.0,20,1,,0,,2.0,visa,87.0,0
245427,159.0,20,1,,0,,1.0,visa,87.0,0
245436,59.0,20,1,18.0,0,,2.0,visa,87.0,0
245441,29.0,20,1,,0,,1.0,visa,87.0,0
245447,75.0,20,1,,0,,3.0,visa,87.0,0
245482,100.0,20,1,,0,,1.0,mastercard,87.0,0
245526,100.0,20,1,,0,,2.0,mastercard,87.0,0
245552,57.95,20,1,14.0,0,,4.0,visa,87.0,0
245553,70.95,20,1,5.0,0,,4.0,visa,87.0,0
245564,32.0,20,1,,0,,2.0,mastercard,87.0,0
245567,108.5,20,1,2.0,0,,2.0,visa,87.0,0
245577,106.5,20,1,,0,,1.0,mastercard,87.0,0
245588,260.0,20,1,11.0,0,,1.0,mastercard,87.0,0
245599,311.95,20,1,,0,,3.0,mastercard,87.0,0
245615,21.95,20,1,9.0,0,,3.0,visa,87.0,0
245615,130.5,20,1,,0,,1.0,visa,87.0,0
245644,31.479,20,0,,0,,2.0,visa,,0
245652,30.0,20,1,,0,,2.0,visa,87.0,0
245658,317.5,20,1,,0,,1.0,visa,87.0,0
245681,39.0,20,1,7.0,0,,5.0,visa,87.0,0
245690,31.479,20,0,,0,,1.0,visa,,0
245691,57.95,20,1,,0,,1.0,visa,87.0,0
245702,58.95,20,1,,0,,1.0,visa,87.0,0
245751,21.389,20,0,,0,,1.0,visa,,0
245754,59.0,20,1,10.0,0,,2.0,visa,87.0,0
245762,25.0,20,1,,0,,4.0,visa,87.0,0
245762,31.479,20,0,,0,,1.0,visa,,0
245780,204.97,20,1,144.0,0,,3.0,mastercard,87.0,0
245781,56.5,20,1,,0,,2.0,mastercard,87.0,0
245791,35.95,20,1,9.0,0,,2.0,mastercard,87.0,0
245799,40.0,20,1,,0,,13.0,mastercard,87.0,0
245800,49.0,20,1,,0,,1.0,visa,87.0,0
245812,57.95,20,1,,0,,6.0,visa,87.0,0
245818,25.0,20,1,,0,,1.0,american express,87.0,0
245819,500.0,20,1,,0,,2.0,mastercard,87.0,0
245843,160.5,20,1,325.0,0,,2.0,visa,87.0,0
245858,59.0,20,1,,0,,1.0,mastercard,87.0,0
245867,130.95,20,1,1.0,0,,150.0,visa,87.0,0
245886,50.0,20,1,,0,,3.0,mastercard,87.0,0
245888,209.95,20,1,1222.0,0,,1.0,visa,87.0,0
245896,107.95,20,1,,0,,102.0,visa,87.0,0
245901,100.0,20,1,,0,,1.0,visa,87.0,0
245915,39.0,20,1,27.0,0,,2.0,visa,87.0,0
245916,117.0,20,1,,0,,1.0,visa,87.0,0
245919,59.0,20,1,,0,,1.0,mastercard,87.0,0
245927,59.0,20,1,26.0,0,,1.0,visa,87.0,0
245928,31.479,20,0,,0,,2.0,visa,,0
245928,49.0,20,1,0.0,0,,3.0,visa,87.0,0
245928,100.0,20,1,,0,,1.0,discover,87.0,0
245950,50.0,20,1,,0,,1.0,visa,87.0,0
245953,250.0,20,1,72.0,0,,2.0,visa,87.0,0
245959,59.0,20,1,10.0,0,,1.0,visa,87.0,0
245965,50.0,20,1,,0,,2.0,visa,87.0,0
245977,50.0,20,1,,0,,3.0,mastercard,87.0,0
245979,117.0,20,1,179.0,0,,1.0,mastercard,87.0,0
245993,50.0,20,1,,0,,3.0,visa,87.0,0
246014,200.0,20,1,2.0,0,,3.0,mastercard,87.0,0
246019,44.5,20,1,121.0,0,,4.0,mastercard,87.0,0
246023,57.95,20,1,24.0,0,,9.0,mastercard,87.0,0
246033,50.0,20,1,,0,,1.0,mastercard,87.0,0
246051,49.0,20,1,5.0,0,,1.0,visa,87.0,0
246066,311.95,20,1,0.0,0,,1.0,visa,87.0,0
246080,30.0,20,1,,0,,1.0,visa,87.0,0
246097,59.0,20,1,12.0,0,,2.0,mastercard,87.0,0
246105,108.5,20,1,14.0,0,,1.0,mastercard,87.0,0
246127,44.0,20,1,4.0,0,,1.0,visa,87.0,0
246128,59.0,20,1,1.0,0,,1.0,mastercard,87.0,0
246129,49.0,20,1,0.0,0,,13.0,mastercard,87.0,0
246134,20.0,20,1,,0,,1.0,visa,87.0,0
246134,29.243,20,0,,0,,1.0,visa,,0
246153,48.95,20,1,9.0,0,,1.0,mastercard,87.0,0
246162,100.0,20,1,,0,,4.0,visa,87.0,0
246186,50.0,20,1,,0,,7.0,visa,87.0,0
246227,200.0,20,1,,0,,1.0,visa,87.0,0
246238,30.0,20,1,6.0,0,,6.0,mastercard,87.0,0
246254,55.0,20,1,16.0,0,,4.0,visa,87.0,0
246257,59.0,20,1,,0,,7.0,mastercard,87.0,0
246261,30.0,20,1,,0,,1.0,visa,87.0,0
246311,300.0,20,1,,0,,1.0,mastercard,87.0,0
246348,26.0,20,1,,0,,4.0,visa,87.0,0
246374,200.0,20,1,,0,,1.0,visa,87.0,0
246392,32.325,20,0,,0,,2.0,visa,,0
246399,402.86,20,1,,0,,1.0,visa,87.0,0
246412,257.95,20,1,,0,,3.0,visa,87.0,0
246431,50.0,20,1,,0,,2.0,visa,87.0,0
246450,40.0,20,1,,0,6.0,4.0,discover,87.0,0
246473,300.0,20,1,6.0,0,,4.0,visa,87.0,0
246474,57.95,20,1,19.0,0,,4.0,mastercard,87.0,0
246475,68.5,20,1,,0,,1.0,visa,87.0,0
246480,100.0,20,1,,0,,2.0,visa,87.0,0
246481,57.95,20,1,2.0,0,,7.0,visa,87.0,0
246492,50.0,20,1,,0,,2.0,mastercard,87.0,0
246494,335.0,20,1,16.0,0,,1.0,mastercard,87.0,0
246495,77.0,20,1,9.0,0,,1.0,mastercard,87.0,0
246503,311.95,20,1,0.0,0,,2.0,visa,87.0,0
246505,310.0,20,1,1212.0,0,,5.0,visa,87.0,0
246505,60.0,20,1,,0,,2.0,mastercard,87.0,1
246515,75.0,20,1,,0,,1.0,mastercard,87.0,0
246528,60.0,20,1,4.0,0,,10.0,mastercard,87.0,0
246551,49.0,20,1,0.0,0,,3.0,visa,87.0,0
246595,30.95,20,1,3.0,0,,4.0,visa,87.0,0
246596,317.5,20,1,482.0,0,,1.0,visa,87.0,0
246597,46.0,20,1,,0,,1.0,visa,87.0,0
246600,75.0,20,1,,0,,1.0,discover,87.0,0
246623,39.0,20,1,1.0,0,,1.0,mastercard,87.0,0
246624,50.0,20,1,,0,,1.0,visa,87.0,0
246628,30.0,20,1,,0,,13.0,mastercard,87.0,0
246646,117.0,20,1,,0,,1.0,mastercard,87.0,0
246650,226.0,20,1,16.0,0,,1.0,visa,87.0,0
246654,78.97,20,1,601.0,0,,11.0,visa,87.0,0
246656,20.95,20,1,3.0,0,,5.0,visa,87.0,0
246665,87.0,20,1,17.0,0,,4.0,visa,87.0,0
246692,77.0,20,1,,0,,2.0,mastercard,87.0,1
246700,59.0,20,1,342.0,0,,8.0,mastercard,87.0,0
246705,107.95,20,1,35.0,0,,1.0,visa,87.0,0
246718,117.0,20,1,109.0,0,,2.0,visa,87.0,0
246724,50.0,20,1,,0,,1.0,visa,87.0,0
246735,125.0,20,1,,0,,6.0,visa,87.0,0
246750,47.95,20,1,,0,,1.0,visa,87.0,0
246751,29.5,20,1,3.0,0,,1.0,visa,87.0,0
246761,47.95,20,1,9.0,0,,4.0,visa,87.0,0
246770,57.95,20,1,20.0,0,,17.0,visa,87.0,0
246777,112.0,20,1,,0,,1.0,mastercard,87.0,0
246791,59.0,20,1,,0,,1.0,visa,87.0,0
246859,49.0,20,1,,0,,1.0,visa,87.0,0
246865,226.0,20,1,,0,,1.0,mastercard,87.0,0
246866,77.0,20,1,26.0,0,,2.0,mastercard,87.0,1
246870,32.0,20,1,20.0,0,,1.0,visa,87.0,0
246873,146.0,20,1,0.0,0,,4.0,visa,87.0,0
246926,261.95,20,1,,0,,2.0,visa,87.0,0
246938,14.622,20,0,,0,1.0,1.0,visa,,0
246950,25.0,20,1,,0,,1.0,visa,87.0,0
246963,20.0,20,1,,0,,1.0,visa,87.0,0
246976,68.0,20,1,,0,,1.0,mastercard,87.0,0
246986,390.0,20,1,,0,,2.0,mastercard,87.0,1
246988,60.0,20,1,,0,,8.0,visa,87.0,0
247001,335.0,20,1,40.0,0,,18.0,visa,87.0,0
247008,140.0,20,1,7.0,0,,1.0,visa,87.0,0
247009,78.97,20,1,,0,,11.0,visa,87.0,0
247054,20.0,20,1,,0,0.0,3.0,visa,87.0,0
247069,83.95,20,1,11.0,0,,2.0,visa,87.0,0
247073,72.0,20,1,0.0,0,,2.0,visa,87.0,0
247082,103.97,20,1,,0,,1.0,visa,87.0,0
247086,100.0,20,1,,0,,1.0,visa,87.0,0
247087,49.0,20,1,,0,,1.0,mastercard,87.0,0
247090,25.0,20,1,,0,,1.0,discover,87.0,0
247118,100.0,20,1,,0,,1.0,visa,87.0,0
247149,171.0,20,1,,0,,1.0,visa,87.0,0
247164,112.99,20,1,,0,,1.0,mastercard,87.0,0
247179,79.36,20,1,9.0,0,,3.0,visa,87.0,0
247194,107.95,20,1,,0,,5.0,discover,87.0,0
247199,34.0,20,1,0.0,0,,1.0,visa,87.0,0
247199,34.0,20,1,,0,,1.0,visa,87.0,0
247199,2007.95,20,1,8.0,0,,1.0,mastercard,87.0,0
247201,57.95,20,1,52.0,0,,2.0,mastercard,87.0,0
247206,20.0,20,1,,0,,1.0,visa,87.0,0
247247,117.0,20,1,,0,,1.0,mastercard,87.0,0
247248,30.0,20,1,,0,,2.0,visa,87.0,0
247270,100.0,20,1,12.0,0,,5.0,mastercard,87.0,0
247274,57.95,20,1,,0,,9.0,visa,87.0,0
247280,103.95,20,1,,0,,5.0,visa,87.0,0
247298,390.0,20,1,0.0,0,,2.0,mastercard,87.0,1
247314,40.0,20,1,,0,,1.0,visa,87.0,0
247320,30.0,20,1,,0,,1.0,visa,87.0,0
247331,100.0,20,1,0.0,0,,7.0,mastercard,87.0,0
247365,141.0,20,1,2.0,0,,1.0,mastercard,87.0,0
247417,103.97,20,1,2.0,0,,21.0,mastercard,87.0,0
247423,49.0,20,1,0.0,0,,2.0,mastercard,87.0,0
247439,209.899,20,0,,0,,1.0,visa,,0
247439,107.95,20,1,25.0,0,,2.0,visa,87.0,0
247451,150.0,20,1,,0,,1.0,mastercard,87.0,0
247465,41.388,20,0,,0,,3.0,mastercard,,0
247489,150.0,20,1,,0,,1.0,visa,87.0,0
247501,171.0,20,1,4.0,0,,1.0,visa,87.0,0
247507,77.0,20,1,4.0,0,,4.0,mastercard,87.0,0
247527,975.95,20,1,,0,,1.0,visa,87.0,0
247545,160.95,20,1,11.0,0,,1.0,mastercard,87.0,0
247552,103.99,20,1,,0,,3.0,visa,87.0,0
247562,34.0,20,1,12.0,0,,1.0,visa,87.0,0
247573,50.0,20,1,,0,,1.0,visa,87.0,0
247587,52.445,20,0,,0,,36.0,mastercard,,1
247609,107.95,20,1,13.0,0,,101.0,visa,87.0,0
247621,51.0,20,1,27.0,0,,1.0,visa,87.0,0
247630,49.0,20,1,7.0,0,,1.0,visa,87.0,0
247631,52.445,20,0,,0,,37.0,mastercard,,1
247634,25.0,20,1,,0,,1.0,visa,87.0,0
247647,209.95,20,1,4.0,0,,3.0,visa,87.0,0
247651,50.0,20,1,,0,53.0,1.0,visa,87.0,0
247673,150.0,20,1,,0,,1.0,mastercard,87.0,0
247675,10.0,20,1,,0,,5.0,mastercard,87.0,0
247677,100.0,20,1,,0,,3.0,visa,87.0,0
247677,84.044,20,0,,0,,3.0,mastercard,,0
247687,107.95,20,1,,0,,4.0,mastercard,87.0,0
247689,60.0,20,1,,0,,5.0,mastercard,87.0,0
247713,52.445,20,0,,0,,38.0,mastercard,,1
247748,52.445,20,0,,0,,39.0,mastercard,,1
247752,100.0,20,1,,0,,2.0,visa,87.0,0
247760,150.0,20,1,,0,,1.0,visa,87.0,0
247780,49.0,20,1,,0,,1.0,mastercard,87.0,0
247800,226.0,20,1,,0,,7.0,mastercard,87.0,0
247812,52.445,20,0,,0,,40.0,mastercard,,1
247813,159.95,20,1,,0,,3.0,mastercard,87.0,0
247834,554.0,20,1,,0,,1.0,visa,87.0,0
247884,25.0,20,1,,0,,4.0,mastercard,87.0,0
247892,475.0,20,1,8.0,0,,1.0,visa,87.0,0
247893,210.95,20,1,14.0,0,,2.0,mastercard,87.0,0
247905,59.0,20,1,,0,,1.0,visa,87.0,0
247908,44.0,20,1,,0,,1.0,visa,87.0,0
247909,30.0,20,1,,0,,1.0,visa,87.0,0
247938,39.0,20,1,4.0,0,,3.0,mastercard,87.0,0
247944,54.5,20,1,8.0,0,,1.0,mastercard,87.0,0
247982,77.0,20,1,,0,,1.0,visa,87.0,0
247985,87.0,20,1,,0,,2.0,visa,87.0,0
248007,117.0,20,1,9.0,0,,1.0,visa,87.0,0
248024,5.0,20,1,,0,24.0,10.0,visa,87.0,0
248026,15.95,20,1,1.0,0,,5.0,visa,87.0,0
248045,10.0,20,1,4.0,0,,1.0,visa,87.0,0
248060,199.95,20,1,9.0,0,,3.0,mastercard,87.0,0
248063,25.95,20,1,2.0,0,,27.0,mastercard,87.0,0
248068,75.0,20,1,,0,,1.0,mastercard,87.0,0
248087,107.95,20,1,9.0,0,,2.0,visa,87.0,0
248092,108.95,20,1,1.0,0,,2.0,mastercard,87.0,0
248108,141.0,20,1,,0,,1.0,mastercard,87.0,0
248110,59.0,20,1,,0,,1.0,mastercard,87.0,0
248121,107.95,20,1,,0,,32.0,mastercard,87.0,0
248129,107.95,20,1,5.0,0,,3.0,mastercard,87.0,0
248138,30.95,20,1,26.0,0,,133.0,visa,87.0,0
248142,20.0,20,1,,0,,1.0,visa,87.0,0
248164,335.0,20,1,253.0,0,,2.0,mastercard,87.0,1
248214,63.95,20,1,4.0,0,,1.0,visa,87.0,0
248226,15.0,20,1,,0,,1.0,visa,87.0,0
248229,87.0,20,1,14.0,0,,1.0,visa,87.0,0
248251,117.0,20,1,12.0,0,,4.0,visa,87.0,0
248289,75.0,20,1,,0,,1.0,mastercard,87.0,0
248304,57.95,20,1,9.0,0,,1.0,visa,87.0,0
248325,500.0,20,1,,0,,7.0,visa,87.0,0
248334,77.95,20,1,45.0,0,,1.0,visa,87.0,0
248348,200.0,20,1,,0,,1.0,visa,87.0,0
248354,77.0,20,1,0.0,0,,2.0,visa,87.0,0
248365,30.0,20,1,,0,,14.0,mastercard,87.0,0
248380,82.0,20,1,,0,,4.0,visa,87.0,0
248389,25.0,20,1,,0,,2.0,visa,87.0,0
248415,50.0,21,1,,0,,1.0,discover,87.0,0
248452,26.0,21,1,7.0,0,,1.0,mastercard,87.0,0
248482,46.5,21,1,,0,,1.0,mastercard,87.0,0
248496,5.0,21,1,,0,24.0,10.0,visa,87.0,0
248497,100.0,21,1,,0,,1.0,visa,87.0,1
248499,60.0,21,1,,0,,1.0,mastercard,87.0,0
248501,29.0,21,1,5.0,0,,1.0,visa,87.0,0
248507,20.0,21,1,,0,,2.0,visa,87.0,0
248518,25.95,21,1,,0,,1.0,visa,87.0,0
248541,82.775,21,0,,0,,1.0,visa,,0
248542,44.0,21,1,13.0,0,,1.0,visa,87.0,0
248553,59.0,21,1,,0,,1.0,mastercard,87.0,0
248566,100.0,21,1,,0,,2.0,mastercard,87.0,1
248597,82.0,21,1,29.0,0,,3.0,mastercard,87.0,0
248607,50.0,21,1,,0,,157.0,mastercard,87.0,0
248610,59.0,21,1,,0,,2.0,visa,87.0,0
248640,402.5,21,1,,0,,1.0,visa,87.0,0
248642,57.95,21,1,,0,,1.0,visa,87.0,0
248644,49.0,21,1,,0,,1.0,mastercard,87.0,0
248660,166.99,21,1,,0,,1.0,mastercard,87.0,0
248671,100.0,21,1,,0,,3.0,visa,87.0,1
248696,20.0,21,1,,0,,3.0,visa,87.0,0
248711,75.0,21,1,,0,,1.0,mastercard,87.0,0
248725,25.0,21,1,,0,,1.0,visa,87.0,0
248733,29.0,21,1,1.0,0,,2.0,visa,87.0,0
248741,108.5,21,1,,0,,3.0,visa,87.0,0
248757,209.95,21,1,1.0,0,,1.0,mastercard,87.0,0
248831,28.95,21,1,0.0,0,,4.0,visa,87.0,0
248855,20.0,21,1,,0,,5.0,mastercard,87.0,0
248865,50.0,21,1,,0,,1.0,visa,87.0,0
248911,58.95,21,1,61.0,0,,8.0,visa,87.0,0
248912,80.0,21,1,,0,,1.0,visa,87.0,0
248946,458.47,21,1,,0,,1.0,mastercard,87.0,0
248952,59.0,21,1,360.0,0,,1.0,visa,87.0,0
248967,50.0,21,1,,0,,1.0,mastercard,87.0,0
248981,200.0,21,1,,0,,13.0,visa,87.0,1
248982,890.0,21,1,,0,,1.0,visa,87.0,0
249013,117.0,21,1,9.0,0,,8.0,visa,87.0,0
249027,63.924,21,0,,0,,1.0,visa,,0
249049,19.334,21,0,,0,,5.0,mastercard,,1
249052,150.0,21,1,,0,,2.0,visa,87.0,0
249064,97.0,21,1,5.0,0,,1.0,visa,87.0,0
249067,24.5,21,1,,0,,5.0,mastercard,87.0,0
249070,107.95,21,1,,0,,1.0,visa,87.0,0
249071,50.0,21,1,,0,,1.0,visa,87.0,0
249071,117.0,21,1,9.0,0,,1.0,visa,87.0,0
249086,15.0,21,1,5.0,0,,2.0,visa,87.0,0
249113,100.0,21,1,,0,,3.0,visa,87.0,0
249136,59.0,21,1,,0,,1.0,mastercard,87.0,0
249164,171.0,21,1,26.0,0,,1.0,mastercard,87.0,0
249182,25.0,21,1,,0,,1.0,visa,87.0,0
249191,100.0,21,1,,0,,1.0,visa,87.0,0
249201,40.0,21,1,,0,,3.0,mastercard,87.0,0
249213,819.95,21,1,,0,,1.0,mastercard,87.0,0
249216,1122.79,21,1,3.0,0,,1.0,visa,87.0,0
249220,57.95,21,1,62.0,0,,8.0,visa,87.0,0
249230,300.0,21,1,,0,,1.0,visa,87.0,0
249243,312.95,21,1,15.0,0,,1.0,mastercard,87.0,0
249246,57.0,21,1,0.0,0,,1.0,visa,87.0,0
249257,50.0,21,1,,0,,1.0,mastercard,87.0,0
249269,437.9,21,1,1058.0,0,,1.0,mastercard,87.0,0
249292,67.95,21,1,15.0,0,,2.0,visa,87.0,0
249301,16.95,21,1,4.0,0,,14.0,mastercard,87.0,0
249346,25.0,21,1,,0,,1.0,mastercard,87.0,0
249353,57.95,21,1,4.0,0,,4.0,visa,87.0,0
249355,85.0,21,1,,0,,5.0,visa,87.0,0
249361,200.0,21,1,,0,,2.0,mastercard,87.0,0
249387,265.0,21,1,,0,,6.0,visa,87.0,0
249395,186.0,21,1,11.0,0,,1.0,visa,87.0,0
249408,48.94,21,0,,0,,1.0,visa,,0
249449,107.0,21,1,,0,,1.0,visa,87.0,0
249456,20.0,21,1,,0,,90.0,visa,87.0,0
249457,117.0,21,1,,0,,1.0,visa,87.0,0
249467,50.0,21,1,,0,,1.0,mastercard,87.0,0
249472,161.0,21,1,4.0,0,,1.0,visa,87.0,0
249486,140.0,21,1,2.0,0,,3.0,visa,87.0,0
249541,50.0,21,1,,0,,1.0,visa,87.0,0
249571,117.0,21,1,,0,,1.0,visa,87.0,0
249622,60.0,21,1,,0,,7.0,visa,87.0,0
249642,39.0,21,1,17.0,0,,1.0,visa,87.0,0
249642,43.47,21,1,26.0,0,,7.0,visa,87.0,0
249648,59.0,21,1,,0,,1.0,mastercard,87.0,0
249744,117.0,21,1,16.0,0,,2.0,visa,87.0,0
249764,50.0,21,1,,0,,1.0,visa,87.0,0
249767,57.95,21,1,,0,,2.0,visa,87.0,0
249771,39.0,21,1,,0,,1.0,visa,87.0,0
249773,171.0,21,1,,0,,1.0,mastercard,87.0,0
249777,159.95,21,1,,0,,7.0,visa,87.0,0
249784,475.0,21,1,8.0,0,,1.0,visa,87.0,0
249796,40.0,21,1,,0,,1.0,visa,87.0,0
249799,31.95,21,1,5.0,0,,4.0,visa,87.0,0
249803,17.88,21,0,,0,270.0,1.0,visa,,0
249855,54.5,21,1,8.0,0,,1.0,visa,87.0,0
249907,117.0,21,1,,0,,2.0,visa,87.0,0
249927,50.0,21,1,,0,,1.0,mastercard,87.0,0
249934,54.5,21,1,,0,,1.0,visa,87.0,0
249966,400.54,21,1,,0,,1.0,visa,87.0,0
249980,40.0,21,1,,0,,2.0,visa,87.0,0
249989,59.0,21,1,42.0,0,,1.0,mastercard,87.0,0
250039,59.0,21,1,533.0,0,,1.0,visa,87.0,0
250074,50.0,21,1,,0,,1.0,visa,87.0,0
250079,100.0,21,1,2.0,0,,1.0,mastercard,87.0,0
250094,160.5,21,1,7.0,0,,1.0,visa,87.0,0
250100,171.0,21,1,10.0,0,,166.0,mastercard,87.0,0
250105,100.0,21,1,,0,,1.0,visa,87.0,0
250131,67.95,21,1,,0,,189.0,visa,87.0,0
250150,57.95,21,1,14.0,0,,2.0,visa,87.0,0
250152,75.0,21,1,,0,,1.0,visa,87.0,0
250174,108.95,21,1,4.0,0,,2.0,visa,87.0,0
250176,200.0,21,1,,0,,1.0,visa,87.0,0
250185,204.97,21,1,12.0,0,,2.0,visa,87.0,0
250188,151.0,21,1,0.0,0,,1.0,visa,87.0,0
250211,67.95,21,1,,0,,97.0,visa,87.0,0
250226,44.5,21,1,47.0,0,,1.0,visa,87.0,0
250241,77.95,21,1,1.0,0,,3.0,visa,87.0,0
250299,117.0,21,1,,0,,1.0,mastercard,87.0,0
250311,25.95,21,1,4.0,0,,24.0,visa,87.0,0
250344,49.47,21,1,,0,,3.0,visa,87.0,0
250347,90.0,21,1,,0,,1.0,visa,87.0,0
250392,54.95,21,1,61.0,0,,8.0,visa,87.0,0
250398,59.0,21,1,,0,,3.0,mastercard,87.0,0
250405,200.0,21,1,,0,,1.0,mastercard,87.0,0
250442,3.8,21,0,,0,149.0,1.0,mastercard,,0
250471,25.95,21,1,,0,,2.0,visa,87.0,0
250503,125.0,21,1,,0,,1.0,mastercard,87.0,0
250506,100.0,21,1,,0,,1.0,american express,87.0,0
250510,75.0,21,1,,0,,1.0,visa,87.0,0
250516,49.0,21,1,,0,,1.0,visa,87.0,0
250528,15.95,21,1,0.0,0,,4.0,mastercard,87.0,0
250587,72.99,21,1,,0,,1.0,mastercard,87.0,0
250589,633.92,21,1,,0,,1.0,visa,87.0,1
250617,25.0,21,1,,0,,1.0,mastercard,87.0,0
250627,150.0,21,1,10.0,0,,166.0,mastercard,87.0,0
250667,92.0,21,1,82.0,0,,1.0,mastercard,87.0,0
250678,445.0,21,1,,0,,2.0,visa,87.0,0
250682,130.0,21,1,73.0,0,,6.0,mastercard,87.0,0
250702,160.5,21,1,8.0,0,,160.0,mastercard,87.0,0
250729,82.0,21,1,82.0,0,,1.0,mastercard,87.0,0
250736,59.0,21,1,,0,,1.0,visa,87.0,0
250760,30.0,21,1,,0,,1.0,visa,87.0,0
250763,200.0,21,1,,0,,1.0,visa,87.0,0
250786,19.5,21,1,,0,,1.0,mastercard,87.0,0
250809,50.0,21,1,,0,,1.0,visa,87.0,0
250831,59.0,21,1,,0,,1.0,visa,87.0,0
250851,54.5,21,1,2375.0,0,,1.0,visa,87.0,0
250856,50.0,21,1,,0,,2.0,visa,87.0,0
250875,43.97,21,1,,0,,1.0,visa,87.0,0
250886,100.0,21,1,,0,,1.0,mastercard,87.0,0
250896,139.95,21,1,73.0,0,,6.0,mastercard,87.0,0
250925,150.0,21,1,,0,,1.0,visa,87.0,0
250960,167.0,21,1,2.0,0,,126.0,visa,87.0,0
250984,25.0,21,1,,0,,1.0,mastercard,87.0,0
250991,120.0,21,1,,0,,1.0,mastercard,87.0,0
251001,34.95,21,1,1434.0,0,,1.0,mastercard,87.0,0
251004,40.0,21,1,,0,,4.0,visa,87.0,0
251008,24.047,21,0,,0,,1.0,mastercard,,0
251015,109.95,21,1,,0,,1.0,mastercard,87.0,1
251016,150.0,21,1,,0,,1.0,visa,87.0,0
251025,46.403,21,0,,0,,1.0,visa,,0
251048,50.0,21,1,,0,,5.0,mastercard,87.0,0
251067,213.0,21,1,,0,,1.0,visa,87.0,0
251071,160.5,21,1,,0,,3.0,discover,87.0,0
251131,107.95,21,1,25.0,0,,11.0,visa,87.0,0
251155,50.0,21,1,,0,,3.0,mastercard,87.0,0
251157,54.0,21,1,29.0,0,,6.0,mastercard,87.0,0
251188,150.0,21,1,,0,,1.0,american express,87.0,0
251191,125.0,21,1,,0,,1.0,visa,87.0,0
251198,150.0,21,1,,0,,1.0,visa,87.0,0
251208,50.0,21,1,,0,,1.0,visa,87.0,0
251239,35.95,21,1,,0,,1.0,visa,87.0,0
251253,50.0,21,1,,0,,1.0,mastercard,87.0,0
251253,35.0,21,1,,0,,1.0,visa,87.0,0
251263,32.95,21,1,25.0,0,,3.0,mastercard,87.0,0
251263,44.5,21,1,0.0,0,,4.0,visa,87.0,0
251273,667.84,21,1,8.0,0,,1.0,visa,87.0,1
251298,49.0,21,1,,0,,1.0,visa,87.0,0
251322,100.0,21,1,,0,,1.0,visa,87.0,0
251336,50.0,21,1,,0,,1.0,mastercard,87.0,0
251336,117.0,21,1,21.0,0,,1.0,mastercard,87.0,0
251350,100.0,21,1,,0,,3.0,mastercard,87.0,0
251354,117.0,21,1,,0,,1.0,mastercard,87.0,0
251356,68.95,21,1,11.0,0,,5.0,visa,87.0,0
251397,171.0,21,1,,0,,1.0,visa,87.0,0
251402,40.0,21,1,,0,,3.0,mastercard,87.0,0
251402,206.0,21,1,7.0,0,,8.0,visa,87.0,0
251419,100.0,21,1,,0,,1.0,visa,87.0,0
251433,390.0,21,1,,0,,1.0,visa,87.0,1
251439,100.0,21,1,,0,,1.0,visa,87.0,0
251468,130.5,21,1,803.0,0,,1.0,mastercard,87.0,0
251481,40.0,21,1,,0,,1.0,visa,87.0,0
251503,49.0,21,1,,0,,2.0,mastercard,87.0,0
251508,50.0,21,1,,0,,2.0,american express,87.0,0
251515,49.58,21,1,3.0,0,,11.0,visa,87.0,0
251534,50.0,21,1,,0,,7.0,visa,87.0,0
251552,15.709,21,0,,0,,1.0,mastercard,,0
251559,58.95,21,1,,0,,1.0,visa,87.0,0
251561,226.0,21,1,5.0,0,,1.0,mastercard,87.0,0
251561,50.0,21,1,,0,,1.0,visa,87.0,0
251580,173.0,21,1,,0,,1.0,visa,87.0,0
251587,67.95,21,1,4.0,0,,3.0,visa,87.0,0
251592,40.0,21,1,,0,,5.0,visa,87.0,0
251613,209.95,21,1,336.0,0,,97.0,mastercard,87.0,0
251616,25.0,21,1,,0,,1.0,visa,87.0,0
251643,54.0,21,1,3.0,0,,1.0,visa,87.0,0
251666,50.0,21,1,,0,,1.0,mastercard,87.0,0
251704,39.0,21,1,,0,,1.0,mastercard,87.0,0
251721,40.0,21,1,2.0,0,,3.0,mastercard,87.0,0
251726,78.5,21,1,15.0,0,,1.0,visa,87.0,0
251731,31.298,21,0,,0,421.0,1.0,visa,,0
251748,35.95,21,1,35.0,0,,80.0,mastercard,87.0,0
251754,54.51,21,1,1.0,0,,7.0,visa,87.0,0
251788,30.95,21,1,,0,,7.0,visa,87.0,0
251810,600.0,21,1,,0,,2.0,visa,87.0,0
251852,171.0,21,1,983.0,0,,1.0,visa,87.0,0
251857,49.0,21,1,16.0,0,,1.0,mastercard,87.0,0
251862,40.0,21,1,,0,,1.0,visa,87.0,0
251873,39.0,21,1,,0,,1.0,visa,87.0,0
251884,107.95,21,1,3.0,0,,1.0,visa,87.0,0
251887,31.95,21,1,,0,,1.0,visa,87.0,1
251888,100.0,21,1,,0,,4.0,visa,87.0,0
251896,200.0,21,1,,0,,3.0,mastercard,87.0,0
251903,49.0,21,1,24.0,0,,2.0,visa,87.0,0
251910,54.5,21,1,,0,,1.0,visa,87.0,0
251919,117.0,21,1,1.0,0,,3.0,mastercard,87.0,0
251943,164.95,21,1,,0,,1.0,visa,87.0,0
251970,199.95,21,1,9.0,0,,4.0,visa,87.0,0
251976,452.69,21,1,,0,,1.0,discover,87.0,0
251977,47.95,21,1,2.0,0,,3.0,mastercard,87.0,0
252004,59.0,22,1,,0,,1.0,mastercard,87.0,0
252010,226.0,22,1,,0,,1.0,mastercard,87.0,0
252054,32.97,22,1,,0,,3.0,mastercard,87.0,0
252094,15.0,22,1,,0,,1.0,mastercard,87.0,0
252105,600.0,22,1,,0,,1.0,visa,87.0,1
252135,59.0,22,1,0.0,0,,2.0,visa,87.0,0
252147,59.0,22,1,,0,,1.0,visa,87.0,0
252150,100.0,22,1,,0,,4.0,mastercard,87.0,0
252178,151.0,22,1,0.0,0,,1.0,visa,87.0,0
252190,39.95,22,1,10.0,0,,3.0,visa,87.0,0
252198,50.0,22,1,,0,,1.0,american express,87.0,0
252203,47.95,22,1,,0,,3.0,mastercard,87.0,0
252225,15.0,22,1,,0,,1.0,mastercard,87.0,0
252230,20.95,22,1,2.0,0,,4.0,visa,87.0,0
252259,50.0,22,1,,0,,3.0,visa,87.0,0
252261,25.95,22,1,,0,,1.0,visa,87.0,0
252264,57.95,22,1,,0,,3.0,visa,87.0,0
252268,500.0,22,1,,0,,1.0,visa,87.0,0
252297,77.0,22,1,,0,,1.0,visa,87.0,0
252317,117.0,22,1,96.0,0,,3.0,mastercard,87.0,0
252337,311.95,22,1,16.0,0,,2.0,visa,87.0,0
252346,500.0,22,1,,0,,1.0,visa,87.0,0
252367,667.54,22,1,8.0,0,,1.0,visa,87.0,1
252393,141.0,22,1,0.0,0,,1.0,visa,87.0,0
252438,527.0,22,1,0.0,0,,1.0,visa,87.0,0
252442,25.0,22,1,,0,,1.0,mastercard,87.0,0
252454,100.0,22,1,,0,,11.0,visa,87.0,0
252460,28.76,22,0,,0,,1.0,mastercard,,0
252462,67.95,22,1,12.0,0,,3.0,visa,87.0,0
252463,500.0,22,1,,0,,1.0,visa,87.0,0
252491,667.54,22,1,,0,,1.0,visa,87.0,1
252491,100.0,22,1,,0,,1.0,visa,87.0,0
252506,1052.0,22,1,,0,,1.0,discover,87.0,0
252507,50.0,22,1,,0,,1.0,visa,87.0,0
252516,54.95,22,1,,0,,2.0,visa,87.0,0
252538,77.0,22,1,,0,,1.0,visa,87.0,0
252543,500.0,22,1,,0,,1.0,visa,87.0,0
252565,49.5,22,1,3.0,0,,1.0,mastercard,87.0,0
252582,59.0,22,1,,0,,3.0,mastercard,87.0,0
252584,395.78,22,1,,0,,1.0,visa,87.0,0
252599,32.97,22,1,,0,,1.0,visa,87.0,0
252602,49.0,22,1,,0,,1.0,mastercard,87.0,0
252629,35.95,22,1,12.0,0,,1.0,mastercard,87.0,0
252642,25.95,22,1,2.0,0,,3.0,visa,87.0,0
252655,57.95,22,1,11.0,0,,1.0,visa,87.0,0
252688,554.0,22,1,,0,,2.0,visa,87.0,0
252694,40.0,22,1,,0,,1.0,american express,87.0,0
252696,35.769,22,0,,0,,3.0,visa,,0
252710,25.0,22,1,,0,,1.0,mastercard,87.0,0
252718,107.95,22,1,1044.0,0,,11.0,visa,87.0,0
252744,26.5,22,1,,0,,2.0,mastercard,87.0,0
252748,30.0,22,1,,0,,3.0,visa,87.0,1
252755,50.0,22,1,,0,,1.0,visa,87.0,0
252816,20.422,22,0,,0,10.0,2.0,visa,,1
252843,48.094,22,0,,0,,1.0,visa,,0
252861,88.5,22,1,,0,,2.0,mastercard,87.0,0
252889,161.0,22,1,6.0,0,,1.0,visa,87.0,0
252895,29.0,22,1,195.0,0,,1.0,visa,87.0,0
252896,57.95,22,1,2.0,0,,6.0,visa,87.0,0
252897,30.0,22,1,,0,,3.0,visa,87.0,0
252902,150.0,22,1,,0,,1.0,mastercard,87.0,0
252903,97.0,22,1,,0,,1.0,visa,87.0,0
252908,1052.0,22,1,45.0,0,,2.0,mastercard,87.0,0
252913,59.0,22,1,,0,,1.0,visa,87.0,0
252914,500.0,22,1,,0,,1.0,visa,87.0,0
252939,39.0,22,1,,0,,3.0,mastercard,87.0,0
252941,500.0,22,1,,0,,1.0,visa,87.0,0
252979,119.95,22,1,,0,,1.0,visa,87.0,0
252984,34.0,22,1,,0,,1.0,visa,87.0,0
252986,108.95,22,1,,0,,2.0,visa,87.0,0
252999,39.0,22,1,6.0,0,,18.0,mastercard,87.0,0
253050,59.0,22,1,,0,,1.0,visa,87.0,0
253054,100.0,22,1,,0,,2.0,visa,87.0,0
253056,15.0,22,1,,0,,1.0,discover,87.0,0
253075,47.95,22,1,,0,,1.0,mastercard,87.0,0
253086,117.0,22,1,,0,,1.0,visa,87.0,0
253086,100.0,22,1,,0,,1.0,visa,87.0,0
253111,88.95,22,1,,0,,1.0,mastercard,87.0,0
253122,280.0,22,1,,0,,2.0,visa,87.0,0
253142,150.0,22,1,,0,,1.0,mastercard,87.0,0
253158,15.0,22,1,,0,,1.0,mastercard,87.0,0
253175,40.0,22,1,,0,,1.0,mastercard,87.0,0
253209,100.0,22,1,,0,,1.0,visa,87.0,0
253218,50.0,22,1,,0,,4.0,visa,87.0,0
253264,100.0,22,1,4.0,0,,3.0,visa,87.0,0
253271,159.95,22,1,2.0,0,,2.0,visa,87.0,0
253275,117.0,22,1,48.0,0,,1.0,mastercard,87.0,0
253290,36.735,22,0,,0,,1.0,visa,,0
253300,77.95,22,1,,0,,211.0,visa,87.0,0
253333,156.0,22,1,10.0,0,,1.0,visa,87.0,0
253346,49.0,22,1,2.0,0,,1.0,visa,87.0,0
253374,100.0,22,1,0.0,0,,3.0,mastercard,87.0,0
253409,100.0,22,1,,0,,1.0,visa,87.0,0
253415,159.95,22,1,2.0,0,,3.0,visa,87.0,0
253451,48.95,22,1,,0,,3.0,visa,87.0,0
253455,77.0,22,1,0.0,0,,2.0,visa,87.0,0
253463,49.0,22,1,,0,,1.0,mastercard,87.0,0
253471,200.0,22,1,,0,,4.0,mastercard,87.0,0
253481,97.0,22,1,8.0,0,,1.0,visa,87.0,0
253487,49.0,22,1,,0,,1.0,mastercard,87.0,0
253500,226.0,22,1,1.0,0,,2.0,mastercard,87.0,0
253509,20.95,22,1,,0,,4.0,visa,87.0,0
253519,150.0,22,1,,0,,4.0,mastercard,87.0,0
253529,21.268,22,0,,0,,1.0,mastercard,,0
253534,25.95,22,1,,0,,3.0,visa,87.0,0
253535,107.95,22,1,0.0,0,,3.0,visa,87.0,0
253550,155.0,22,1,,0,,1.0,visa,87.0,0
253561,25.95,22,1,9.0,0,,1.0,visa,87.0,0
253568,100.0,22,1,,0,,1.0,visa,87.0,0
253572,50.0,22,1,,0,,1.0,visa,87.0,0
253577,554.0,22,1,,0,,1.0,mastercard,87.0,0
253582,194.95,22,1,4.0,0,,1.0,visa,87.0,0
253604,29.0,22,1,7.0,0,,1.0,visa,87.0,0
253615,15.0,22,1,,0,,8.0,visa,87.0,0
253617,50.0,22,1,,0,,1.0,visa,87.0,0
253620,171.0,22,1,14.0,0,,1.0,visa,87.0,0
253635,500.0,22,1,,0,,1.0,visa,87.0,0
253636,25.0,22,1,,0,14.0,4.0,visa,87.0,0
253648,19.878,22,0,,0,,2.0,visa,,0
253673,15.0,22,1,,0,,1.0,visa,87.0,0
253700,117.0,22,1,,0,,2.0,mastercard,87.0,0
253723,300.0,22,1,,0,,2.0,visa,87.0,0
253730,107.95,22,1,,0,,142.0,mastercard,87.0,0
253761,35.95,22,1,5.0,0,,17.0,visa,87.0,1
253762,500.0,22,1,,0,,1.0,visa,87.0,0
253784,100.0,22,1,,0,,3.0,visa,87.0,0
253800,40.0,22,1,2.0,0,,3.0,mastercard,87.0,0
253871,40.0,22,1,,0,,1.0,visa,87.0,1
253875,213.0,22,1,40.0,0,,1.0,visa,87.0,0
253896,67.95,22,1,,0,,1.0,mastercard,87.0,0
253901,50.0,22,1,14.0,0,,4.0,visa,87.0,0
253918,59.0,22,1,,0,,3.0,visa,87.0,0
253923,380.0,22,1,,0,,3.0,visa,87.0,0
253945,53.95,22,1,164.0,0,,1.0,mastercard,87.0,0
253963,41.327,22,0,,0,,5.0,mastercard,,1
253968,30.0,22,1,7.0,0,,27.0,visa,87.0,0
254004,25.0,22,1,6.0,0,,3.0,visa,87.0,0
254013,47.95,22,1,4.0,0,,2.0,mastercard,87.0,0
254020,25.0,22,1,2.0,0,,3.0,visa,87.0,0
254024,41.327,22,0,,0,,5.0,mastercard,,1
254029,57.95,22,1,21.0,0,,39.0,mastercard,87.0,0
254029,171.0,22,1,8.0,0,,3.0,discover,87.0,0
254034,57.95,22,1,12.0,0,,108.0,mastercard,87.0,0
254048,135.5,22,1,4.0,0,,1.0,visa,87.0,0
254062,50.0,22,1,,0,,3.0,mastercard,87.0,0
254067,80.0,22,1,0.0,0,,3.0,visa,87.0,0
254092,33.47,22,1,,0,,1.0,mastercard,87.0,0
254103,411.95,22,1,,0,,3.0,visa,87.0,0
254113,150.0,22,1,,0,,1.0,visa,87.0,0
254124,48.699,22,0,,0,631.0,2.0,mastercard,,0
254125,59.0,22,1,,0,,1.0,mastercard,87.0,0
254132,30.0,22,1,,0,,1.0,visa,87.0,1
254143,57.95,22,1,0.0,0,,4.0,visa,87.0,0
254145,125.0,22,1,,0,,2.0,visa,87.0,0
254157,59.0,22,1,,0,,1.0,mastercard,87.0,0
254179,189.95,22,1,1.0,0,,11.0,visa,87.0,0
254188,47.95,22,1,,0,,3.0,mastercard,87.0,0
254189,57.95,22,1,29.0,0,,2.0,visa,87.0,0
254201,48.699,22,0,,0,,2.0,mastercard,,0
254215,59.0,22,1,5.0,0,,3.0,mastercard,87.0,0
254221,74.921,22,0,,0,15.0,1.0,visa,,0
254222,117.0,22,1,,0,,1.0,mastercard,87.0,0
254239,226.0,22,1,,0,,1.0,mastercard,87.0,0
254262,67.95,22,1,0.0,0,,3.0,visa,87.0,0
254330,159.95,22,1,1.0,0,,1.0,visa,87.0,0
254331,50.0,22,1,,0,,3.0,visa,87.0,0
254336,125.0,22,1,,0,,2.0,visa,87.0,0
254346,60.0,22,1,,0,,9.0,visa,87.0,1
254353,34.0,22,1,8.0,0,,1.0,visa,87.0,0
254356,50.0,22,1,,0,,1.0,visa,87.0,0
254403,34.0,22,1,,0,,1.0,visa,87.0,0
254455,117.0,22,1,,0,,1.0,mastercard,87.0,0
254462,34.95,22,1,3.0,0,,3.0,mastercard,87.0,0
254475,30.0,22,1,,0,,4.0,visa,87.0,0
254494,60.0,22,1,,0,,1.0,visa,87.0,0
254517,226.0,22,1,6.0,0,,1.0,visa,87.0,0
254518,77.0,22,1,3.0,0,,12.0,mastercard,87.0,0
254519,57.95,22,1,,0,,7.0,mastercard,87.0,0
254546,59.0,22,1,2.0,0,,1.0,visa,87.0,0
254559,50.0,22,1,,0,,1.0,visa,87.0,0
254569,24.95,22,1,3.0,0,,3.0,mastercard,87.0,0
254594,50.0,22,1,,0,,1.0,visa,87.0,0
254618,45.0,22,1,,0,,1.0,mastercard,87.0,0
254622,125.0,22,1,,0,,1.0,discover,87.0,0
254627,35.346,22,0,,0,199.0,1.0,visa,,0
254632,72.95,22,1,0.0,0,,137.0,visa,87.0,0
254641,25.0,22,1,,0,,2.0,visa,87.0,0
254644,50.0,22,1,,0,,1.0,visa,87.0,0
254655,50.0,22,1,,0,,1.0,visa,87.0,0
254660,20.0,22,1,,0,,13.0,mastercard,87.0,0
254669,209.95,22,1,10.0,0,,106.0,visa,87.0,0
254670,100.0,22,1,,0,,1.0,mastercard,87.0,0
254702,260.0,22,1,2.0,0,,1.0,visa,87.0,0
254724,29.0,22,1,137.0,0,,4.0,visa,87.0,0
254732,30.0,22,1,,0,,3.0,mastercard,87.0,0
254734,34.0,22,1,,0,,1.0,visa,87.0,0
254745,55.13,22,1,,0,,7.0,visa,87.0,0
254783,100.0,22,1,,0,,1.0,american express,87.0,0
254850,117.0,22,1,,0,,2.0,mastercard,87.0,0
254854,25.95,22,1,218.0,0,,1.0,visa,87.0,0
254858,10.936,22,0,,0,,1.0,mastercard,,0
254867,54.0,22,1,6.0,0,,1.0,mastercard,87.0,0
254874,57.95,22,1,,0,,173.0,visa,87.0,0
254878,299.69,22,1,,0,,1.0,mastercard,87.0,0
254889,160.5,22,1,,0,,1.0,mastercard,87.0,0
254894,150.0,22,1,,0,,1.0,visa,87.0,0
254938,53.95,22,1,13.0,0,,4.0,visa,87.0,0
254953,14.26,22,0,,0,,2.0,visa,,0
254978,120.0,22,1,,0,,1.0,visa,87.0,0
254990,150.0,22,1,,0,,1.0,visa,87.0,0
254998,93.95,22,1,9.0,0,,119.0,visa,87.0,0
255000,10.936,22,0,,0,,1.0,mastercard,,0
255025,30.99,22,1,27.0,0,,1.0,visa,87.0,0
255028,200.0,22,1,,0,,2.0,mastercard,87.0,0
255030,300.0,22,1,,0,,1.0,mastercard,87.0,0
255054,150.0,22,1,,0,,2.0,visa,87.0,0
255068,20.0,22,1,,0,,1.0,visa,87.0,0
255087,59.0,22,1,23.0,0,,1.0,mastercard,87.0,0
255091,100.0,22,1,,0,,1.0,visa,87.0,0
255135,78.5,22,1,6.0,0,,1.0,mastercard,87.0,0
255168,24.5,22,1,,0,,1.0,mastercard,87.0,0
255168,50.0,22,1,240.0,0,,2.0,visa,87.0,0
255207,200.0,22,1,,0,,1.0,visa,87.0,0
255241,63.95,22,1,7.0,0,,1.0,visa,87.0,0
255242,36.735,22,0,,0,,1.0,visa,,0
255245,50.0,22,1,,0,,1.0,visa,87.0,0
255246,49.0,22,1,,0,,1.0,mastercard,87.0,0
255248,25.95,22,1,0.0,0,,2.0,visa,87.0,0
255250,107.95,22,1,2.0,0,,156.0,visa,87.0,0
255276,108.5,22,1,17.0,0,,2.0,visa,87.0,1
255280,200.0,22,1,,0,,1.0,visa,87.0,0
255287,117.0,22,1,,0,,1.0,visa,87.0,0
255289,59.0,22,1,83.0,0,,3.0,visa,87.0,0
255295,15.0,22,1,,0,,3.0,visa,87.0,0
255296,77.0,22,1,1.0,0,,1.0,visa,87.0,0
255315,39.0,22,1,928.0,0,,2.0,visa,87.0,0
255315,50.0,22,1,,0,,3.0,visa,87.0,0
255325,27.31,22,0,,0,,10.0,mastercard,,1
255342,59.0,22,1,8.0,0,,1.0,visa,87.0,0
255345,100.0,22,1,,0,,1.0,visa,87.0,0
255355,39.0,22,1,,0,,1.0,visa,87.0,0
255369,50.0,22,1,,0,,3.0,visa,87.0,0
255369,59.0,22,1,26.0,0,,2.0,mastercard,87.0,0
255379,172.26,22,1,300.0,0,,2.0,visa,87.0,0
255383,49.0,22,1,5.0,0,,1.0,mastercard,87.0,0
255385,50.0,22,1,,0,,5.0,visa,87.0,0
255401,48.699,22,0,,0,,2.0,mastercard,,0
255406,141.0,22,1,7.0,0,,1.0,mastercard,87.0,0
255433,30.95,22,1,,0,,3.0,mastercard,87.0,0
255458,34.0,22,1,17.0,0,,1.0,mastercard,87.0,0
255463,113.0,22,1,9.0,0,,2.0,visa,87.0,0
255464,200.0,22,1,,0,11.0,1.0,visa,87.0,0
255465,9.063,22,0,,0,,2.0,visa,,0
255494,25.95,22,1,1.0,0,,3.0,visa,87.0,0
255528,49.0,22,1,,0,,2.0,visa,87.0,1
255578,1283.21,22,1,,0,,1.0,mastercard,87.0,0
255585,20.95,22,1,7.0,0,,1.0,visa,87.0,0
255587,180.0,22,1,1576.0,0,,1.0,visa,87.0,0
255587,40.0,22,1,,0,,1.0,american express,87.0,0
255587,50.0,22,1,,0,,1.0,discover,87.0,0
255639,172.26,23,1,,0,,2.0,mastercard,87.0,0
255666,120.0,23,1,,0,,2.0,visa,87.0,0
255723,47.95,23,1,948.0,0,,3.0,visa,87.0,0
255746,200.0,23,1,,0,,1.0,visa,87.0,0
255754,100.0,23,1,,0,,4.0,discover,87.0,1
255758,49.0,23,1,764.0,0,,2.0,visa,87.0,0
255795,49.0,23,1,18.0,0,,1.0,visa,87.0,0
255803,57.95,23,1,,0,,1.0,visa,87.0,0
255805,72.95,23,1,3.0,0,,5.0,mastercard,87.0,0
255812,50.0,23,1,,0,,1.0,visa,87.0,0
255814,100.0,23,1,,0,,1.0,visa,87.0,0
255824,25.95,23,1,1.0,0,,4.0,visa,87.0,0
255824,58.95,23,1,,0,,2.0,mastercard,87.0,0
255837,400.0,23,1,,0,,1.0,american express,87.0,0
255859,21.0,23,1,,0,,1.0,mastercard,87.0,0
255865,49.0,23,1,14.0,0,,1.0,visa,87.0,0
255872,55.0,23,1,,0,,1.0,visa,87.0,0
255907,67.95,23,1,10.0,0,,3.0,mastercard,87.0,0
255909,58.95,23,1,,0,,2.0,visa,87.0,0
255909,49.0,23,1,,0,,1.0,mastercard,87.0,0
255910,80.0,23,1,,0,,14.0,discover,87.0,0
255913,75.0,23,1,,0,,1.0,visa,87.0,0
255923,335.0,23,1,,0,,3.0,mastercard,87.0,0
255929,50.0,23,1,,0,,2.0,mastercard,87.0,0
255932,600.0,23,1,,0,,2.0,visa,87.0,0
255958,50.0,23,1,,0,,7.0,mastercard,87.0,0
255962,25.376,23,0,,0,,1.0,mastercard,,0
255965,54.5,23,1,,0,,1.0,mastercard,87.0,0
255974,31.95,23,1,,0,,1.0,visa,87.0,0
255990,107.95,23,1,,0,,2.0,mastercard,87.0,0
255993,388.34,23,1,1714.0,0,,1.0,visa,87.0,0
256025,50.0,23,1,97.0,0,,1.0,visa,87.0,0
256029,68.95,23,1,0.0,0,,10.0,visa,87.0,0
256037,150.0,23,1,,0,,1.0,visa,87.0,0
256043,280.0,23,1,8.0,0,,1.0,mastercard,87.0,0
256049,55.0,23,1,1.0,0,,1.0,mastercard,87.0,0
256060,44.5,23,1,7.0,0,,1.0,mastercard,87.0,0
256076,54.0,23,1,545.0,0,,1.0,visa,87.0,0
256095,100.0,23,1,,0,,5.0,visa,87.0,0
256106,50.0,23,1,,0,,121.0,visa,87.0,0
256113,57.95,23,1,,0,,2.0,visa,87.0,0
256138,59.0,23,1,26.0,0,,2.0,mastercard,87.0,0
256175,57.95,23,1,236.0,0,,6.0,mastercard,87.0,0
256214,300.0,23,1,,0,,2.0,visa,87.0,0
256237,59.0,23,1,4.0,0,,1.0,visa,87.0,0
256262,34.0,23,1,2.0,0,,2.0,mastercard,87.0,0
256275,90.0,23,1,,0,,2.0,mastercard,87.0,0
256354,82.655,23,0,,0,,1.0,visa,,0
256372,107.95,23,1,,0,,4.0,visa,87.0,0
256372,46.282,23,0,,0,,1.0,visa,,0
256379,59.0,23,1,,0,,1.0,visa,87.0,0
256381,34.5,23,1,,0,,1.0,visa,87.0,0
256391,50.0,23,1,,0,,1.0,visa,87.0,0
256414,315.49,23,1,,0,,1.0,visa,87.0,0
256429,50.0,23,1,,0,,1.0,visa,87.0,0
256437,29.0,23,1,,0,,1.0,mastercard,87.0,0
256444,335.0,23,1,,0,,6.0,visa,87.0,0
256460,80.0,23,1,,0,,1.0,mastercard,87.0,0
256469,200.0,23,1,,0,,1.0,visa,87.0,0
256475,45.95,23,1,,0,,3.0,visa,87.0,0
256490,2.326,23,0,,0,73.0,2.0,visa,,0
256490,52.95,23,1,17.0,0,,123.0,visa,87.0,0
256512,60.0,23,1,12.0,0,,7.0,visa,87.0,0
256525,100.0,23,1,,0,,1.0,visa,87.0,0
256531,200.0,23,1,,0,13.0,1.0,visa,87.0,0
256537,107.95,23,1,,0,,2.0,visa,87.0,0
256550,103.0,23,1,3.0,0,,2.0,mastercard,87.0,0
256557,100.0,23,1,,0,,1.0,visa,87.0,0
256614,315.49,23,1,,0,,1.0,visa,87.0,0
256616,107.95,23,1,3.0,0,,3.0,visa,87.0,0
256619,150.0,23,1,4.0,0,,2.0,visa,87.0,0
256626,29.0,23,1,21.0,0,,3.0,mastercard,87.0,0
256651,311.95,23,1,0.0,0,,10.0,visa,87.0,0
256654,38.97,23,1,4.0,0,,5.0,visa,87.0,0
256671,41.327,23,0,,0,7.0,6.0,mastercard,,1
256681,236.64,23,1,,0,,1.0,visa,87.0,0
256682,50.0,23,1,,0,,2.0,visa,87.0,0
256683,59.0,23,1,,0,,1.0,visa,87.0,0
256709,46.282,23,0,,0,,1.0,visa,,0
256710,40.0,23,1,,0,,1.0,visa,87.0,0
256724,171.0,23,1,1903.0,0,,2.0,mastercard,87.0,1
256724,460.87,23,1,1157.0,0,,1.0,visa,87.0,0
256746,41.327,23,0,,0,,17.0,mastercard,,1
256747,25.0,23,1,,0,,1.0,mastercard,87.0,0
256756,59.0,23,1,460.0,0,,1.0,visa,87.0,0
256782,18.005,23,0,,0,,2.0,visa,,0
256784,41.327,23,0,,0,,18.0,mastercard,,1
256797,1564.95,23,1,6.0,0,,1.0,visa,87.0,0
256804,57.95,23,1,113.0,0,,3.0,visa,87.0,0
256823,15.0,23,1,,0,,3.0,visa,87.0,0
256828,41.327,23,0,,0,7.0,7.0,mastercard,,1
256863,78.95,23,1,,0,,1.0,visa,87.0,0
256951,100.0,23,1,,0,,1.0,visa,87.0,0
256955,31.95,23,1,1.0,0,,4.0,visa,87.0,0
256969,216.0,23,1,,0,,1.0,mastercard,87.0,0
256979,1248.95,23,1,,0,,1.0,mastercard,87.0,0
257022,75.0,23,1,,0,,2.0,visa,87.0,0
257022,30.0,23,1,,0,,3.0,visa,87.0,0
257040,40.0,23,1,,0,,2.0,visa,87.0,0
257047,50.0,23,1,10.0,0,,1.0,visa,87.0,0
257063,117.0,23,1,,0,,1.0,visa,87.0,0
257066,59.0,23,1,,0,,2.0,mastercard,87.0,0
257091,151.0,23,1,,0,,1.0,visa,87.0,0
257095,39.0,23,1,14.0,0,,2.0,mastercard,87.0,0
257124,100.0,23,1,,0,,1.0,visa,87.0,0
257153,35.95,23,0,,0,,1.0,visa,,0
257156,171.0,23,1,1545.0,0,,1.0,mastercard,87.0,0
257162,108.5,23,1,,0,,1.0,visa,87.0,0
257171,107.95,23,1,,0,,1.0,visa,87.0,0
257172,240.0,23,1,,0,,1.0,mastercard,87.0,0
257181,226.0,23,1,,0,,1.0,visa,87.0,0
257187,311.95,23,1,25.0,0,,2.0,visa,87.0,0
257194,40.0,23,1,6.0,0,,3.0,visa,87.0,0
257199,84.97,23,1,,0,,1.0,visa,87.0,0
257200,40.0,23,1,5.0,0,,190.0,mastercard,87.0,0
257217,54.0,23,1,4.0,0,,1.0,mastercard,87.0,0
257243,50.0,23,1,,0,,1.0,mastercard,87.0,0
257252,35.95,23,0,,0,,1.0,visa,,0
257327,270.0,23,1,,0,,1.0,mastercard,87.0,0
257334,107.95,23,1,15.0,0,,3.0,visa,87.0,0
257350,226.0,23,1,5.0,0,,1.0,mastercard,87.0,0
257358,1264.95,23,1,,0,,1.0,mastercard,87.0,0
257360,10.151,23,0,,0,454.0,1.0,visa,,0
257360,20.0,23,1,,0,,1.0,visa,87.0,0
257369,36.95,23,1,16.0,0,,1.0,visa,87.0,0
257397,226.0,23,1,,0,,1.0,visa,87.0,0
257409,59.0,23,1,,0,,1.0,mastercard,87.0,0
257436,23.95,23,1,25.0,0,,4.0,mastercard,87.0,0
257438,117.0,23,1,6.0,0,,7.0,mastercard,87.0,0
257459,75.0,23,1,,0,,1.0,visa,87.0,0
257468,48.95,23,1,,0,,1.0,mastercard,87.0,0
257542,30.0,23,1,,0,,2.0,mastercard,87.0,0
257546,54.62,23,0,,0,,2.0,visa,,0
257550,54.5,23,1,,0,,1.0,visa,87.0,0
257603,82.0,23,1,,0,,1.0,visa,87.0,0
257606,35.95,23,0,,0,,2.0,mastercard,,0
257619,226.0,23,1,,0,,1.0,visa,87.0,0
257629,50.0,23,1,,0,,1.0,visa,87.0,0
257630,120.0,23,1,,0,,1.0,discover,87.0,0
257634,54.62,23,0,,0,,2.0,mastercard,,0
257639,50.0,23,1,,0,,6.0,mastercard,87.0,0
257640,75.0,23,1,,0,,1.0,visa,87.0,0
257674,23.95,23,1,,0,,4.0,mastercard,87.0,0
257701,226.0,23,1,589.0,0,,4.0,mastercard,87.0,0
257703,49.0,23,1,9.0,0,,4.0,discover,87.0,1
257714,28.519,23,0,,0,,1.0,visa,,0
257763,57.95,23,1,13.0,0,,3.0,mastercard,87.0,0
257779,50.63,23,1,7.0,0,,2.0,visa,87.0,0
257781,59.0,23,1,368.0,0,,1.0,visa,87.0,0
257832,11.95,23,1,,0,,1.0,mastercard,87.0,0
257833,14.38,23,0,,0,,1.0,visa,,1
257849,49.0,23,1,0.0,0,,3.0,visa,87.0,0
257869,51.901,23,0,,0,,1.0,mastercard,,1
257880,59.0,23,1,,0,,1.0,visa,87.0,0
257881,47.95,23,1,9.0,0,,2.0,visa,87.0,0
257881,47.95,23,1,,0,,3.0,visa,87.0,0
257887,60.722,23,0,,0,,1.0,visa,,0
257888,49.0,23,1,5.0,0,,2.0,mastercard,87.0,0
257901,14.38,23,0,,0,,1.0,visa,,1
257968,54.62,23,0,,0,,2.0,visa,,0
257971,57.95,23,1,4.0,0,,3.0,visa,87.0,0
257996,217.0,23,1,,0,,9.0,visa,87.0,0
258015,226.0,23,1,,0,,2.0,visa,87.0,0
258025,30.0,23,1,,0,,1.0,visa,87.0,0
258034,107.95,23,1,13.0,0,,1.0,visa,87.0,0
258038,58.95,23,1,,0,,1.0,visa,87.0,0
258057,100.0,23,1,,0,,2.0,visa,87.0,0
258060,51.901,23,0,,0,,8.0,mastercard,,1
258069,39.0,23,1,,0,,4.0,visa,87.0,1
258084,47.95,23,1,2.0,0,,131.0,visa,87.0,0
258097,209.95,23,1,,0,,4.0,visa,87.0,0
258103,50.0,23,1,,0,,1.0,visa,87.0,0
258117,55.0,23,1,,0,,1.0,visa,87.0,0
258135,41.388,23,0,,0,,1.0,mastercard,,0
258145,100.0,23,1,0.0,0,,3.0,mastercard,87.0,0
258155,87.95,23,1,,0,,1.0,visa,87.0,0
258167,14.38,23,0,,0,,2.0,mastercard,,1
258169,150.0,23,1,,0,,3.0,visa,87.0,0
258172,50.0,23,1,,0,,1.0,visa,87.0,0
258175,34.5,23,1,,0,,1.0,mastercard,87.0,0
258175,934.95,23,1,,0,,1.0,mastercard,87.0,0
258176,100.0,23,1,,0,,1.0,visa,87.0,0
258198,35.95,23,1,19.0,0,,6.0,mastercard,87.0,0
258198,150.0,23,1,,0,,1.0,mastercard,87.0,0
258199,75.0,23,1,,0,,2.0,visa,87.0,0
258217,107.95,23,1,,0,,2.0,visa,87.0,0
258225,50.0,23,1,,0,,1.0,visa,87.0,0
258237,100.0,23,1,,0,,2.0,visa,87.0,0
258253,77.0,23,1,,0,,1.0,visa,87.0,0
258286,30.0,23,1,,0,,131.0,visa,87.0,0
258294,117.0,23,1,,0,,1.0,visa,87.0,0
258312,54.62,23,0,,0,,2.0,visa,,0
258324,43.97,23,1,1.0,0,,5.0,visa,87.0,0
258334,160.95,23,1,,0,,1.0,mastercard,87.0,0
258351,40.0,23,1,29.0,0,,7.0,visa,87.0,0
258368,49.95,23,1,7.0,0,,2.0,visa,87.0,0
258399,171.0,23,1,134.0,0,,3.0,visa,87.0,0
258403,40.0,23,1,,0,,3.0,visa,87.0,0
258433,194.95,23,1,1.0,0,,211.0,visa,87.0,0
258469,75.0,23,1,,0,,1.0,visa,87.0,0
258479,57.037,23,0,,0,,1.0,visa,,0
258486,47.95,23,1,13.0,0,,1.0,visa,87.0,0
258486,92.0,23,1,14.0,0,,1.0,mastercard,87.0,0
258506,39.0,23,1,,0,,2.0,visa,87.0,0
258509,20.0,23,1,,0,,9.0,visa,87.0,0
258545,307.5,23,1,320.0,0,,1.0,mastercard,87.0,0
258552,107.95,23,1,72.0,0,,114.0,visa,87.0,0
258558,57.822,23,0,,0,499.0,1.0,visa,,0
258644,209.95,23,1,14.0,0,,2.0,mastercard,87.0,0
258660,37.702,23,0,,0,,1.0,visa,,0
258676,32.868,23,0,,0,,3.0,visa,,0
258699,107.95,23,1,5.0,0,,1.0,visa,87.0,0
258699,400.0,23,1,27.0,0,,6.0,visa,87.0,0
258729,25.0,23,1,,0,,1.0,visa,87.0,0
258741,50.0,23,0,,0,,1.0,american express,,0
258777,54.62,23,0,,0,,2.0,mastercard,,0
258849,100.0,23,1,,0,,2.0,visa,87.0,0
258902,34.5,23,1,,0,,2.0,visa,87.0,0
258970,67.95,23,1,,0,,15.0,visa,87.0,0
258980,50.0,23,1,,0,,1.0,visa,87.0,0
259020,154.0,23,1,,0,,1.0,visa,87.0,0
259035,82.95,23,1,,0,,70.0,mastercard,87.0,0
259061,47.95,23,1,20.0,0,,8.0,mastercard,87.0,0
259072,28.519,23,0,,0,,1.0,visa,,0
259090,103.95,23,1,,0,,4.0,visa,87.0,0
259135,82.0,23,1,5.0,0,,4.0,mastercard,87.0,0
259178,250.0,23,1,,0,,1.0,visa,87.0,0
259200,60.0,0,1,,0,,1.0,visa,87.0,0
259202,25.95,0,1,0.0,0,,8.0,mastercard,87.0,0
259203,103.95,0,1,,0,,10.0,visa,87.0,0
259224,59.0,0,1,342.0,0,,8.0,mastercard,87.0,0
259239,75.0,0,1,,0,,1.0,mastercard,87.0,0
259242,280.35,0,1,8.0,0,,1.0,visa,87.0,0
259253,50.0,0,1,,0,,1.0,visa,87.0,0
259256,59.0,0,1,167.0,0,,1.0,visa,87.0,0
259285,150.0,0,1,,0,,3.0,visa,87.0,0
259287,50.0,0,1,,0,,1.0,visa,87.0,0
259296,25.0,0,1,,0,,1.0,visa,87.0,1
259304,200.0,0,1,,0,,1.0,visa,87.0,0
259329,100.0,0,1,,0,,2.0,mastercard,87.0,0
259338,59.0,0,1,1697.0,0,,1.0,visa,87.0,0
259353,35.95,0,1,,0,,1.0,visa,87.0,0
259359,39.0,0,1,,0,,1.0,visa,87.0,0
259369,47.95,0,1,,0,,8.0,mastercard,87.0,0
259473,49.0,0,1,2.0,0,,1.0,visa,87.0,0
259477,45.0,0,1,,0,,1.0,visa,87.0,0
259501,20.0,0,1,,0,,3.0,visa,87.0,0
259515,24.5,0,1,703.0,0,,1.0,visa,87.0,0
259540,50.0,0,1,,0,,7.0,visa,87.0,0
259548,29.0,0,1,13.0,0,,7.0,visa,87.0,0
259564,117.0,0,1,385.0,0,,1.0,visa,87.0,0
259579,200.0,0,1,,0,,1.0,american express,87.0,0
259605,100.0,0,1,,0,,1.0,mastercard,87.0,0
259631,75.0,0,1,,0,,1.0,visa,87.0,0
259635,25.95,0,1,,0,,1.0,mastercard,87.0,0
259642,59.0,0,1,63.0,0,,1.0,visa,87.0,0
259694,50.0,0,1,,0,,1.0,visa,87.0,0
259704,117.0,0,1,65.0,0,,1.0,visa,87.0,0
259802,67.95,0,1,,0,,2.0,visa,87.0,0
259840,50.0,0,1,,0,,1.0,visa,87.0,0
259841,31.95,0,1,,0,,2.0,mastercard,87.0,0
259846,97.0,0,1,6.0,0,,1.0,visa,87.0,0
259872,335.0,0,1,3.0,0,,4.0,visa,87.0,0
259877,50.0,0,1,,0,,2.0,visa,87.0,0
259891,108.95,0,1,,0,,1.0,visa,87.0,0
259908,100.0,0,1,3.0,0,,1.0,mastercard,87.0,0
259946,44.0,0,1,,0,,1.0,visa,87.0,0
259952,107.95,0,1,0.0,0,,2.0,visa,87.0,0
259953,54.78,0,1,,0,,7.0,visa,87.0,0
259955,122.0,0,1,,0,,1.0,visa,87.0,0
259996,10.95,0,1,14.0,0,,122.0,visa,87.0,0
260012,55.0,0,1,,0,,89.0,mastercard,87.0,0
260060,57.95,0,1,,0,,2.0,visa,87.0,0
260065,39.0,0,1,,0,,1.0,mastercard,87.0,0
260068,107.95,0,1,9.0,0,,18.0,visa,87.0,0
260076,75.0,0,1,,0,,1.0,mastercard,87.0,0
260092,54.0,0,1,,0,,1.0,visa,87.0,0
260116,40.0,0,1,,0,,1.0,visa,87.0,0
260121,100.0,0,1,,0,,1.0,visa,87.0,0
260128,226.0,0,1,,0,,1.0,mastercard,87.0,0
260130,108.95,0,1,,0,,2.0,visa,87.0,0
260187,107.95,0,1,,0,,1.0,visa,87.0,0
260188,2.538,0,0,,0,,1.0,visa,,0
260215,30.0,0,1,,0,,1.0,visa,87.0,0
260235,77.0,0,1,1063.0,0,,2.0,mastercard,87.0,0
260246,85.0,0,1,,0,,1.0,mastercard,87.0,0
260253,335.0,0,1,11.0,0,,2.0,visa,87.0,0
260325,40.0,0,1,,0,,2.0,visa,87.0,0
260367,117.0,0,1,,0,,2.0,visa,87.0,0
260370,118.19,0,1,,0,,1.0,visa,87.0,0
260394,35.95,0,1,,0,,1.0,visa,87.0,0
260394,209.95,0,1,4.0,0,,6.0,visa,87.0,0
260403,59.0,0,1,30.0,0,,1.0,visa,87.0,0
260443,19.95,0,1,,0,,1.0,visa,87.0,0
260475,50.0,0,1,,0,,1.0,mastercard,87.0,0
260481,159.95,0,1,7.0,0,,1.0,visa,87.0,0
260489,39.0,0,1,,0,,1.0,visa,87.0,0
260496,196.0,0,1,47.0,0,,1.0,visa,87.0,0
260517,100.0,0,1,,0,,1.0,visa,87.0,0
260520,100.0,0,1,,0,,2.0,mastercard,87.0,0
260520,50.0,0,1,,0,,8.0,visa,87.0,0
260554,100.0,0,1,,0,,1.0,visa,87.0,0
260570,26.95,0,1,1.0,0,,117.0,visa,87.0,0
260611,53.97,0,1,866.0,0,,5.0,visa,87.0,0
260647,57.95,0,1,403.0,0,,11.0,visa,87.0,0
260648,10.0,0,1,,0,,1.0,mastercard,87.0,0
260660,77.0,0,1,,0,,1.0,visa,87.0,0
260680,226.0,0,1,1871.0,0,,134.0,mastercard,87.0,0
260692,400.0,0,1,27.0,0,,6.0,visa,87.0,0
260729,44.0,0,1,2.0,0,,2.0,visa,87.0,0
260738,100.0,0,1,,0,,5.0,visa,87.0,0
260740,20.0,0,1,,0,,1.0,visa,87.0,1
260743,108.95,0,1,5.0,0,,2.0,mastercard,87.0,0
260775,59.0,0,1,16.0,0,,7.0,mastercard,87.0,0
260775,32.0,0,1,,0,,1.0,visa,87.0,0
260802,117.0,0,1,385.0,0,,1.0,visa,87.0,0
260803,25.014,0,0,,0,722.0,4.0,visa,,0
260864,50.0,0,1,,0,,1.0,visa,87.0,0
260891,49.95,0,1,13.0,0,,4.0,visa,87.0,0
260915,25.739,0,0,,0,308.0,1.0,visa,,0
260982,25.0,0,1,,0,,1.0,visa,87.0,0
260985,77.0,0,1,1.0,0,,2.0,visa,87.0,0
260998,112.99,0,1,,0,,1.0,mastercard,87.0,0
261022,370.0,0,1,9.0,0,,187.0,mastercard,87.0,0
261084,40.0,0,1,,0,,149.0,visa,87.0,0
261103,50.0,0,1,,0,,1.0,visa,87.0,0
261116,311.95,0,1,1.0,0,,1.0,visa,87.0,0
261117,150.0,0,1,,0,,1.0,visa,87.0,0
261131,100.0,0,1,,0,,1.0,discover,87.0,0
261174,20.0,0,1,,0,,17.0,visa,87.0,0
261204,100.0,0,1,,0,,3.0,mastercard,87.0,0
261246,30.0,0,1,,0,,1.0,mastercard,87.0,0
261264,29.5,0,1,8.0,0,,1.0,visa,87.0,0
261270,117.0,0,1,0.0,0,,3.0,mastercard,87.0,0
261336,300.0,0,1,,0,,1.0,discover,87.0,0
261338,12.97,0,1,25.0,0,,1.0,visa,87.0,0
261338,44.0,0,1,,0,,1.0,visa,87.0,0
261396,73.0,0,1,,0,,3.0,visa,87.0,0
261400,108.95,0,1,,0,,2.0,mastercard,87.0,0
261446,50.0,0,1,,0,,1.0,visa,87.0,0
261447,9.5,0,1,10.0,0,,3.0,visa,87.0,0
261455,77.0,0,1,9.0,0,,1.0,mastercard,87.0,0
261458,25.739,0,0,,0,308.0,1.0,visa,,0
261466,150.0,0,1,,0,,16.0,visa,87.0,0
261476,103.95,0,1,,0,,7.0,visa,87.0,0
261489,46.403,0,0,,0,,2.0,mastercard,,0
261535,25.739,0,0,,0,308.0,1.0,visa,,0
261536,50.0,0,1,,0,,1.0,visa,87.0,0
261540,6.487,0,0,,0,,1.0,visa,,0
261541,49.5,0,1,,0,,212.0,visa,87.0,0
261546,20.0,0,1,,0,,3.0,visa,87.0,0
261555,30.633,0,0,,0,,1.0,mastercard,,1
261560,30.0,0,1,,0,,1.0,mastercard,87.0,0
261567,40.0,0,1,21.0,0,,2.0,visa,87.0,0
261598,30.633,0,0,,0,,133.0,mastercard,,1
261607,38.79,0,0,,0,,1.0,mastercard,,0
261612,10.453,0,0,,0,,1.0,visa,,0
261634,100.0,0,1,,0,,3.0,mastercard,87.0,0
261644,554.0,0,1,23.0,0,,7.0,visa,87.0,0
261648,29.0,0,1,,0,,1.0,mastercard,87.0,0
261651,337.85,0,1,382.0,0,,2.0,mastercard,87.0,0
261654,57.95,0,1,79.0,0,,2.0,visa,87.0,0
261658,30.95,0,1,,0,,2.0,visa,87.0,0
261679,25.0,0,1,,0,,1.0,visa,87.0,0
261715,40.0,0,1,,0,,1.0,visa,87.0,0
261738,39.0,0,1,,0,,2.0,visa,87.0,0
261738,9.0,0,1,3.0,0,,6.0,mastercard,87.0,0
261780,38.97,0,1,,0,,16.0,mastercard,87.0,0
261783,30.95,0,1,,0,,8.0,mastercard,87.0,0
261783,29.0,0,1,14.0,0,,3.0,visa,87.0,0
261799,50.0,0,1,,0,,1.0,visa,87.0,0
261826,30.95,0,1,,0,,1.0,mastercard,87.0,0
261836,9.5,0,1,,0,,1.0,visa,87.0,0
261901,45.0,0,1,,0,,5.0,mastercard,87.0,0
261907,200.0,0,1,,0,,1.0,mastercard,87.0,0
261917,50.0,0,1,,0,0.0,2.0,visa,87.0,0
261924,117.0,0,1,18.0,0,,1.0,visa,87.0,0
261932,20.0,0,1,,0,,2.0,mastercard,87.0,0
261934,50.0,0,1,,0,,1.0,visa,87.0,0
261949,216.0,0,1,,0,,2.0,visa,87.0,0
261972,70.0,0,1,,0,,2.0,visa,87.0,0
261981,40.0,0,1,,0,,7.0,visa,87.0,0
262004,28.519,0,0,,0,,3.0,visa,,0
262011,107.95,0,1,34.0,0,,3.0,visa,87.0,0
262033,59.0,0,1,4.0,0,,1.0,visa,87.0,0
262034,50.0,0,1,,0,,1.0,visa,87.0,0
262046,30.95,0,1,,0,,4.0,mastercard,87.0,0
262058,107.95,0,1,18.0,0,,6.0,visa,87.0,0
262063,36.95,0,1,,0,,3.0,visa,87.0,0
262064,57.95,0,1,0.0,0,,175.0,visa,87.0,0
262086,80.0,0,1,,0,,1.0,visa,87.0,0
262098,750.0,0,1,,0,,1.0,visa,87.0,1
262111,209.95,0,1,3.0,0,,3.0,visa,87.0,0
262111,138.95,0,1,,0,,2.0,visa,87.0,0
262122,50.0,0,1,,0,,1.0,mastercard,87.0,0
262149,34.99,0,1,,0,,1.0,mastercard,87.0,0
262153,87.0,0,1,,0,,1.0,visa,87.0,0
262172,54.0,0,1,3.0,0,,5.0,mastercard,87.0,0
262178,50.0,0,1,,0,,2.0,mastercard,87.0,0
262197,108.5,0,1,,0,,1.0,mastercard,87.0,0
262239,50.0,0,1,,0,,1.0,mastercard,87.0,0
262239,25.0,0,1,,0,,1.0,visa,87.0,0
262262,21.95,0,1,17.0,0,,1.0,visa,87.0,0
262335,107.95,0,1,14.0,0,,2.0,visa,87.0,0
262348,59.0,0,1,21.0,0,,1.0,visa,87.0,0
262393,244.97,0,1,12.0,0,,1.0,discover,87.0,0
262407,40.0,0,1,,0,,1.0,visa,87.0,0
262420,500.0,0,1,,0,,2.0,visa,87.0,0
262439,59.0,0,1,21.0,0,,2.0,visa,87.0,0
262440,210.95,0,1,,0,,1.0,visa,87.0,0
262452,59.0,0,1,,0,,1.0,mastercard,87.0,0
262466,213.0,0,1,,0,,1.0,mastercard,87.0,0
262468,50.0,0,1,511.0,0,,15.0,discover,87.0,0
262468,57.95,0,1,,0,,3.0,visa,87.0,0
262470,35.95,0,1,,0,,3.0,visa,87.0,0
262532,39.0,0,1,,0,,3.0,mastercard,87.0,0
262544,100.0,0,1,,0,,1.0,visa,87.0,1
262545,50.0,0,1,,0,,1.0,mastercard,87.0,0
262583,100.0,0,1,,0,,3.0,mastercard,87.0,0
262599,50.0,0,1,,0,,1.0,visa,87.0,0
262604,59.0,0,1,,0,,1.0,visa,87.0,0
262612,25.0,0,1,,0,,1.0,visa,87.0,0
262616,55.95,0,1,2.0,0,,12.0,mastercard,87.0,0
262660,57.95,0,1,0.0,0,,116.0,visa,87.0,0
262666,125.0,0,1,,0,,1.0,mastercard,87.0,0
262666,65.0,0,1,0.0,0,,3.0,visa,87.0,0
262793,822.47,0,1,,0,,1.0,visa,87.0,0
262813,125.0,1,1,,0,,1.0,mastercard,87.0,0
262827,107.0,1,1,,0,,2.0,visa,87.0,0
262878,158.95,1,1,,0,,1.0,visa,87.0,0
262880,54.5,1,1,,0,,1.0,visa,87.0,0
262880,25.0,1,1,,0,,1.0,visa,87.0,0
262884,55.0,1,1,,0,,1.0,visa,87.0,0
262885,30.0,1,1,1.0,0,,4.0,visa,87.0,0
262905,25.0,1,1,7.0,0,,27.0,visa,87.0,0
262912,107.95,1,1,144.0,0,,4.0,visa,87.0,0
262932,59.0,1,1,8.0,0,,1.0,visa,87.0,0
262939,160.5,1,1,,0,,2.0,visa,87.0,0
262942,125.0,1,1,,0,,1.0,mastercard,87.0,0
262958,117.0,1,1,0.0,0,,1.0,mastercard,87.0,0
262984,97.0,1,1,,0,,2.0,visa,87.0,0
262993,155.5,1,1,263.0,0,,2.0,mastercard,87.0,0
263025,55.0,1,1,,0,,2.0,visa,87.0,0
263041,125.0,1,1,,0,,1.0,mastercard,87.0,0
263058,100.0,1,1,,0,,1.0,mastercard,87.0,0
263076,91.355,1,0,,0,,1.0,visa,,0
263093,80.0,1,1,398.0,0,,4.0,mastercard,87.0,0
263097,25.0,1,1,,0,,1.0,visa,87.0,0
263118,100.0,1,1,,0,,1.0,visa,87.0,0
263136,77.95,1,1,4.0,0,,10.0,visa,87.0,0
263138,50.0,1,1,,0,,1.0,mastercard,87.0,0
263139,107.95,1,1,0.0,0,,122.0,visa,87.0,0
263148,20.0,1,1,,0,,1.0,visa,87.0,0
263154,27.008,1,0,,0,,1.0,visa,,0
263156,59.0,1,1,,0,,1.0,visa,87.0,0
263165,49.0,1,1,,0,,1.0,visa,87.0,0
263184,822.47,1,1,,0,,1.0,visa,87.0,0
263207,546.95,1,1,2.0,0,,5.0,visa,87.0,0
263226,125.0,1,1,,0,,1.0,mastercard,87.0,0
263227,57.95,1,1,,0,,8.0,visa,87.0,0
263240,45.0,1,1,,0,,1.0,mastercard,87.0,0
263248,100.0,1,1,,0,,1.0,mastercard,87.0,0
263268,171.0,1,1,7.0,0,,1.0,visa,87.0,0
263270,108.5,1,1,,0,,1.0,visa,87.0,0
263299,70.269,1,0,,0,,1.0,visa,,0
263306,60.0,1,1,,0,,2.0,mastercard,87.0,0
263324,59.0,1,1,7.0,0,,2.0,mastercard,87.0,0
263328,210.5,1,1,7.0,0,,1.0,visa,87.0,0
263329,50.0,1,1,,0,,6.0,visa,87.0,0
263336,50.0,1,1,,0,,1.0,mastercard,87.0,0
263343,100.0,1,1,,0,,1.0,american express,87.0,0
263361,47.95,1,1,3.0,0,,5.0,visa,87.0,0
263375,150.0,1,1,10.0,0,,4.0,visa,87.0,0
263381,34.0,1,1,5.0,0,,1.0,mastercard,87.0,0
263425,350.0,1,1,,0,,1.0,visa,87.0,0
263431,54.0,1,1,6.0,0,,1.0,mastercard,87.0,0
263441,822.47,1,1,,0,,1.0,visa,87.0,0
263458,162.95,1,1,,0,,7.0,visa,87.0,0
263483,77.0,1,1,,0,,1.0,visa,87.0,0
263485,210.5,1,1,7.0,0,,2.0,mastercard,87.0,0
263492,50.0,1,1,,0,,1.0,visa,87.0,0
263505,141.0,1,1,,0,,1.0,mastercard,87.0,0
263520,50.0,1,1,4.0,0,,2.0,visa,87.0,0
263535,226.0,1,1,11.0,0,,111.0,mastercard,87.0,0
263540,14.26,1,0,,0,,1.0,visa,,0
263548,100.0,1,1,,0,,4.0,visa,87.0,0
263627,44.0,1,1,17.0,0,,3.0,mastercard,87.0,0
263630,117.0,1,1,15.0,0,,2.0,visa,87.0,0
263652,30.0,1,1,,0,,1.0,visa,87.0,0
263656,103.95,1,1,,0,,4.0,mastercard,87.0,0
263674,100.0,1,1,,0,,1.0,visa,87.0,0
263676,30.0,1,1,,0,,1.0,mastercard,87.0,0
263708,117.0,1,1,15.0,0,,2.0,visa,87.0,0
263715,47.95,1,1,5.0,0,,3.0,visa,87.0,0
263718,77.0,1,1,2.0,0,,1.0,mastercard,87.0,0
263752,107.95,1,1,,0,,1.0,visa,87.0,0
263758,25.0,1,1,5.0,0,,2.0,visa,87.0,0
263775,209.95,1,1,,0,,1.0,visa,87.0,0
263784,21.026,1,0,,0,,1.0,mastercard,,0
263789,226.0,1,1,,0,,111.0,mastercard,87.0,0
263815,15.709,1,0,,0,,1.0,visa,,0
263871,59.0,1,1,35.0,0,,5.0,visa,87.0,0
263882,59.0,1,1,0.0,0,,1.0,mastercard,87.0,0
263890,108.95,1,1,12.0,0,,1.0,visa,87.0,0
263892,80.0,1,1,,0,,3.0,mastercard,87.0,0
263899,117.0,1,1,31.0,0,,16.0,visa,87.0,0
263914,130.95,1,1,7.0,0,,241.0,visa,87.0,0
263918,59.0,1,1,,0,,3.0,visa,87.0,0
263920,74.99,1,1,3.0,0,,1.0,visa,87.0,0
263924,226.0,1,1,,0,,1.0,visa,87.0,0
263926,77.0,1,1,,0,,1.0,visa,87.0,0
263948,226.0,1,1,2463.0,0,,2.0,visa,87.0,0
263949,21.087,1,0,,0,,1.0,visa,,0
263950,29.0,1,1,22.0,0,,1.0,mastercard,87.0,0
263996,329.67,1,1,,0,,1.0,visa,87.0,0
264012,445.0,1,1,,0,,1.0,mastercard,87.0,0
264035,107.95,1,1,,0,,5.0,mastercard,87.0,0
264041,129.95,1,1,10.0,0,,1.0,visa,87.0,0
264045,350.0,1,1,6.0,0,,1.0,visa,87.0,0
264055,839.04,1,1,,0,,1.0,visa,87.0,1
264060,25.0,1,1,,0,,1.0,visa,87.0,0
264069,39.0,1,1,15.0,0,,1.0,mastercard,87.0,0
264075,200.0,1,1,,0,,1.0,mastercard,87.0,0
264077,20.0,1,1,,0,,1.0,visa,87.0,0
264102,30.95,1,1,1.0,0,,3.0,mastercard,87.0,0
264115,8.821,1,0,,0,,1.0,mastercard,,0
264131,300.0,1,1,,0,,2.0,visa,87.0,0
264137,445.0,1,1,,0,,1.0,visa,87.0,0
264140,50.0,1,1,,0,,123.0,visa,87.0,0
264168,226.0,1,1,14.0,0,,2.0,visa,87.0,0
264171,39.99,1,1,,0,,1.0,visa,87.0,0
264219,200.0,1,1,,0,,11.0,visa,87.0,0
264223,50.0,1,1,,0,,1.0,mastercard,87.0,0
264234,24.5,1,1,2.0,0,,3.0,discover,87.0,0
264235,97.95,1,1,,0,,1.0,visa,87.0,0
264249,30.95,1,1,1.0,0,,3.0,mastercard,87.0,0
264255,53.95,1,1,211.0,0,,95.0,mastercard,87.0,0
264263,108.95,1,1,5.0,0,,179.0,visa,87.0,0
264291,28.519,1,0,,0,,1.0,visa,,0
264341,39.0,1,1,,0,,1.0,mastercard,87.0,0
264351,39.0,1,1,3.0,0,,1.0,visa,87.0,0
264380,5.4,1,0,,0,76.0,1.0,mastercard,,0
264385,117.0,1,1,,0,,1.0,visa,87.0,0
264397,226.0,1,1,,0,,1.0,visa,87.0,0
264417,39.0,1,1,,0,,1.0,visa,87.0,0
264430,50.0,1,1,,0,,1.0,mastercard,87.0,0
264470,100.0,1,1,,0,,1.0,mastercard,87.0,0
264487,80.0,1,1,,0,,2.0,visa,87.0,0
264519,42.95,1,1,19.0,0,,4.0,visa,87.0,0
264525,59.0,1,1,,0,,1.0,mastercard,87.0,0
264535,213.0,1,1,,0,,3.0,visa,87.0,0
264538,30.0,1,1,,0,,1.0,mastercard,87.0,0
264548,134.95,1,1,,0,,5.0,visa,87.0,0
264549,390.0,1,1,,0,,2.0,visa,87.0,0
264552,500.0,1,1,,0,,1.0,visa,87.0,0
264563,305.97,1,1,11.0,0,,1.0,mastercard,87.0,0
264567,108.95,1,1,13.0,0,,7.0,visa,87.0,0
264590,117.0,1,1,12.0,0,,3.0,mastercard,87.0,0
264623,36.95,1,1,0.0,0,,4.0,visa,87.0,0
264644,50.0,1,1,,0,,96.0,visa,87.0,0
264667,50.0,1,1,,0,,1.0,mastercard,87.0,0
264697,100.0,1,1,,0,,1.0,visa,87.0,0
264714,49.0,1,1,7.0,0,,1.0,mastercard,87.0,0
264716,107.95,1,1,,0,,110.0,visa,87.0,0
264717,25.0,1,1,,0,,1.0,visa,87.0,0
264721,108.95,1,1,13.0,0,,5.0,visa,87.0,0
264722,32.023,1,0,,0,,1.0,visa,,0
264744,80.0,1,1,,0,,2.0,visa,87.0,0
264810,34.0,1,1,,0,,1.0,visa,87.0,0
264817,724.0,1,1,,0,,4.0,visa,87.0,0
264829,107.95,1,1,,0,,1.0,visa,87.0,0
264834,97.0,1,1,3.0,0,,2.0,visa,87.0,0
264836,21.57,1,0,,0,,1.0,visa,,0
264844,23.806,1,0,,0,,2.0,visa,,0
264854,312.9,1,1,,0,,2.0,mastercard,87.0,0
264863,50.0,1,1,,0,,1.0,visa,87.0,0
264877,59.0,1,1,318.0,0,,2.0,visa,87.0,0
264897,216.0,1,1,0.0,0,,2.0,visa,87.0,0
264897,15.0,1,1,,0,,2.0,mastercard,87.0,0
264936,39.0,1,1,,0,,1.0,mastercard,87.0,0
264956,108.5,1,1,3.0,0,,107.0,mastercard,87.0,0
264981,599.0,1,1,0.0,0,,2.0,visa,87.0,0
264988,47.95,1,1,,0,,1.0,visa,87.0,0
265045,25.0,1,1,,0,,1.0,visa,87.0,0
265057,107.95,1,1,,0,,1.0,visa,87.0,0
265059,42.0,1,1,,0,,68.0,visa,87.0,0
265144,161.0,1,1,,0,,1.0,visa,87.0,0
265159,67.95,1,1,4.0,0,,150.0,visa,87.0,0
265169,25.0,1,1,,0,,1.0,mastercard,87.0,0
265223,167.0,1,1,,0,,122.0,visa,87.0,0
265224,33.25,1,1,,0,,1.0,visa,87.0,0
265254,216.0,1,1,,0,,2.0,mastercard,87.0,0
265254,411.0,1,1,2.0,0,,4.0,mastercard,87.0,0
265259,117.0,1,1,25.0,0,,1.0,visa,87.0,0
265274,59.0,1,1,13.0,0,,1.0,mastercard,87.0,0
265299,78.788,1,0,,0,2178.0,1.0,visa,,0
265300,14.26,1,0,,0,,2.0,visa,,0
265303,47.95,1,1,3.0,0,,4.0,visa,87.0,0
265319,33.0,1,1,,0,,1.0,visa,87.0,0
265358,213.0,1,1,7.0,0,,2.0,visa,87.0,0
265418,193.0,1,1,2.0,0,,122.0,visa,87.0,0
265445,59.0,1,1,4.0,0,,1.0,visa,87.0,0
265449,88.5,1,1,,0,,1.0,visa,87.0,0
265453,200.0,1,1,,0,,3.0,visa,87.0,0
265492,105.95,1,1,15.0,0,,7.0,visa,87.0,0
265507,150.0,1,1,,0,,1.0,visa,87.0,0
265535,77.0,1,1,,0,,1.0,visa,87.0,0
265535,150.0,1,1,,0,,1.0,visa,87.0,1
265539,445.0,1,1,,0,,1.0,visa,87.0,0
265569,150.0,1,1,,0,,1.0,mastercard,87.0,0
265588,159.95,1,1,2.0,0,,1.0,mastercard,87.0,0
265641,100.0,1,1,,0,,3.0,visa,87.0,0
265651,9.244,1,0,,0,,1.0,mastercard,,0
265669,57.95,1,1,,0,,44.0,mastercard,87.0,0
265673,57.95,1,1,,0,,1.0,mastercard,87.0,0
265685,59.0,1,1,5.0,0,,2.0,visa,87.0,0
265740,47.95,1,1,,0,,4.0,mastercard,87.0,0
265760,72.0,1,1,17.0,0,,1.0,visa,87.0,0
265781,40.0,1,1,6.0,0,,3.0,visa,87.0,0
265806,100.0,1,1,,0,,1.0,visa,87.0,0
265819,59.574,1,0,,0,2178.0,1.0,visa,,0
265861,209.95,1,1,0.0,0,,1.0,visa,87.0,1
265864,335.0,1,1,,0,,2.0,visa,87.0,0
265890,45.0,1,1,,0,,1.0,visa,87.0,0
265895,59.574,1,0,,0,2178.0,1.0,visa,,0
265905,82.95,1,1,108.0,0,,8.0,visa,87.0,0
265964,30.0,1,1,,0,,4.0,visa,87.0,0
265974,48.336,1,0,,0,,1.0,visa,,0
266034,30.0,1,1,,0,,4.0,visa,87.0,0
266056,226.0,1,1,,0,,1.0,visa,87.0,0
266068,39.0,1,1,2.0,0,,2.0,mastercard,87.0,0
266079,664.0,1,1,,0,,251.0,visa,87.0,0
266090,117.0,1,1,,0,,1.0,mastercard,87.0,0
266097,50.0,1,1,,0,,1.0,mastercard,87.0,0
266103,77.0,1,1,,0,,2.0,visa,87.0,0
266124,15.0,1,1,984.0,0,,1.0,mastercard,87.0,0
266131,83.5,1,1,310.0,0,,1.0,visa,87.0,0
266145,300.0,1,1,,0,,1.0,visa,87.0,0
266189,12.084,1,0,,0,,2.0,visa,,0
266204,209.95,1,1,8.0,0,,1.0,mastercard,87.0,0
266220,77.0,1,1,,0,,1.0,visa,87.0,0
266226,82.95,1,1,,0,,6.0,visa,87.0,0
266230,62.233,1,0,,0,3.0,1.0,visa,,0
266237,29.0,1,1,0.0,0,,1.0,visa,87.0,0
266250,117.0,1,1,,0,,1.0,mastercard,87.0,0
266271,50.0,1,1,126.0,0,,1.0,visa,87.0,0
266325,150.0,1,1,,0,,1.0,american express,87.0,0
266328,1082.47,1,1,,0,,1.0,discover,87.0,0
266345,30.0,1,1,,0,,1.0,visa,87.0,0
266385,75.0,1,1,,0,,1.0,visa,87.0,0
266405,150.0,2,1,,0,,1.0,american express,87.0,0
266415,60.0,2,1,,0,,2.0,mastercard,87.0,0
266424,50.0,2,1,,0,,1.0,mastercard,87.0,0
266439,117.0,2,1,,0,,1.0,visa,87.0,0
266470,20.905,2,0,,0,,1.0,mastercard,,0
266476,44.0,2,1,,0,,1.0,visa,87.0,0
266521,147.0,2,1,10.0,0,,1.0,mastercard,87.0,0
266522,34.0,2,1,10.0,0,,1.0,visa,87.0,0
266532,45.0,2,1,1.0,0,,9.0,visa,87.0,0
266534,226.0,2,1,7.0,0,,1.0,visa,87.0,0
266552,49.0,2,1,1.0,0,,2.0,mastercard,87.0,0
266576,57.95,2,1,,0,,118.0,visa,87.0,0
266577,20.905,2,0,,0,,2.0,mastercard,,0
266581,100.0,2,1,,0,,1.0,visa,87.0,0
266605,184.95,2,1,6.0,0,,9.0,visa,87.0,0
266606,35.0,2,1,,0,,2.0,mastercard,87.0,0
266614,48.97,2,1,,0,,1.0,visa,87.0,0
266618,58.95,2,1,13.0,0,,145.0,mastercard,87.0,0
266637,87.95,2,1,,0,,3.0,mastercard,87.0,0
266650,30.95,2,1,2.0,0,,5.0,visa,87.0,0
266658,57.95,2,1,,0,,255.0,visa,87.0,0
266658,57.95,2,1,,0,,2.0,mastercard,87.0,0
266669,74.95,2,1,,0,,1.0,mastercard,87.0,0
266675,33.47,2,1,2.0,0,,2.0,mastercard,87.0,0
266694,100.0,2,1,3.0,0,,3.0,mastercard,87.0,0
266744,445.0,2,1,,0,,1.0,visa,87.0,0
266751,35.0,2,1,,0,,1.0,visa,87.0,0
266771,58.95,2,1,,0,,195.0,visa,87.0,0
266798,36.5,2,1,,0,,1.0,visa,87.0,0
266804,82.95,2,1,,0,,2.0,mastercard,87.0,0
266831,100.0,2,1,,0,396.0,1.0,visa,87.0,0
266832,107.95,2,1,35.0,0,,80.0,mastercard,87.0,0
266875,100.0,2,1,,0,,1.0,mastercard,87.0,0
266877,75.0,2,1,,0,,1.0,visa,87.0,0
266957,100.0,2,1,,0,,1.0,visa,87.0,0
266961,50.0,2,1,18.0,0,,1.0,mastercard,87.0,0
266971,40.0,2,1,,0,,1.0,mastercard,87.0,0
266989,30.0,2,1,3.0,0,,2.0,visa,87.0,0
267043,117.0,2,1,11.0,0,,1.0,visa,87.0,0
267073,6.284,2,0,,0,1206.0,1.0,visa,,0
267133,24.893,2,0,,0,,1.0,mastercard,,0
267138,117.0,2,1,187.0,0,,1.0,mastercard,87.0,0
267161,6.465,2,0,,0,,1.0,mastercard,,0
267230,200.0,2,1,,0,,4.0,mastercard,87.0,0
267239,25.0,2,1,,0,,2.0,visa,87.0,0
267253,67.95,2,1,9.0,0,,126.0,visa,87.0,0
267263,30.0,2,1,,0,,30.0,visa,87.0,0
267264,49.0,2,1,273.0,0,,3.0,mastercard,87.0,0
267277,39.0,2,1,20.0,0,,1.0,visa,87.0,0
267297,47.95,2,1,,0,,2.0,visa,87.0,0
267315,57.95,2,1,0.0,0,,4.0,visa,87.0,0
267324,25.0,2,1,,0,,1.0,visa,87.0,0
267342,400.0,2,1,2.0,0,,1.0,mastercard,87.0,0
267376,107.95,2,1,7.0,0,,3.0,visa,87.0,0
267430,49.0,2,1,273.0,0,,3.0,mastercard,87.0,0
267439,108.5,2,1,41.0,0,,1.0,mastercard,87.0,0
267465,50.0,2,1,,0,2.0,1.0,visa,87.0,0
267466,47.95,2,1,3.0,0,,10.0,visa,87.0,0
267515,47.95,2,1,1.0,0,,5.0,visa,87.0,0
267517,226.0,2,1,,0,,1.0,visa,87.0,0
267524,209.95,2,1,7.0,0,,4.0,mastercard,87.0,0
267619,209.95,2,1,,0,,1.0,visa,87.0,0
267637,49.0,2,1,30.0,0,,3.0,mastercard,87.0,0
267638,51.95,2,1,2.0,0,,1.0,visa,87.0,0
267644,25.0,2,1,,0,,1.0,visa,87.0,0
267727,52.95,2,1,,0,,2.0,visa,87.0,0
267757,50.0,2,1,,0,,1.0,american express,87.0,0
267768,40.0,2,1,,0,,1.0,visa,87.0,0
267771,50.0,2,1,,0,,1.0,visa,87.0,0
267847,54.5,2,1,,0,,1.0,mastercard,87.0,0
267868,325.0,2,1,,0,,5.0,visa,87.0,0
267871,107.95,2,1,31.0,0,,1.0,visa,87.0,0
267871,25.0,2,1,,0,,1.0,mastercard,87.0,0
267883,47.95,2,1,7.0,0,,1.0,visa,87.0,0
267885,49.0,2,1,,0,,1.0,mastercard,87.0,0
267888,400.0,2,1,4.0,0,,1.0,visa,87.0,0
267918,49.0,2,1,104.0,0,,1.0,visa,87.0,0
267921,38.95,2,1,1.0,0,,103.0,visa,87.0,0
267934,44.5,2,1,,0,,1.0,visa,87.0,0
267946,54.5,2,1,41.0,0,,1.0,mastercard,87.0,0
267965,47.95,2,1,,0,,2.0,visa,87.0,0
267967,52.022,2,0,,0,,2.0,visa,,0
267967,311.95,2,1,89.0,0,,7.0,mastercard,87.0,0
267968,57.95,2,1,,0,,1.0,visa,87.0,0
267972,39.0,2,1,,0,,1.0,mastercard,87.0,0
268033,108.95,2,1,,0,,3.0,mastercard,87.0,0
268036,45.0,2,1,,0,,1.0,mastercard,87.0,0
268049,39.0,2,1,,0,,1.0,visa,87.0,0
268057,100.0,2,1,,0,,2.0,visa,87.0,0
268067,40.0,2,1,,0,,1.0,visa,87.0,0
268078,52.022,2,0,,0,,1.0,visa,,0
268242,49.54,2,1,6.0,0,,92.0,mastercard,87.0,0
268244,39.0,2,1,,0,,1.0,visa,87.0,0
268252,52.022,2,0,,0,,2.0,visa,,0
268267,49.0,2,1,,0,,1.0,mastercard,87.0,0
268317,107.95,2,1,,0,,6.0,mastercard,87.0,0
268318,40.0,2,1,,0,,1.0,visa,87.0,0
268342,100.0,2,1,,0,,1.0,mastercard,87.0,0
268347,365.0,2,1,8.0,0,,5.0,visa,87.0,0
268362,171.0,2,1,18.0,0,,6.0,visa,87.0,0
268406,14.863,2,0,,0,,6.0,mastercard,,0
268418,50.0,2,1,,0,,2.0,mastercard,87.0,0
268425,54.257,2,0,,0,,1.0,visa,,0
268434,50.0,2,1,,0,,1.0,visa,87.0,0
268451,54.0,2,1,11.0,0,,1.0,mastercard,87.0,0
268473,108.95,2,1,,0,,1.0,visa,87.0,0
268528,116.007,2,0,,0,,1.0,visa,,0
268597,108.95,2,1,2.0,0,,4.0,visa,87.0,0
268609,71.95,2,1,,0,,1.0,visa,87.0,0
268621,171.0,2,1,10.0,0,,1.0,mastercard,87.0,0
268625,36.735,2,0,,0,8.0,4.0,mastercard,,0
268626,60.0,2,1,,0,12.0,1.0,mastercard,87.0,0
268630,36.95,2,1,29.0,0,,1.0,mastercard,87.0,0
268668,50.0,2,1,,0,,2.0,mastercard,87.0,0
268676,146.0,2,1,,0,,1.0,visa,87.0,0
268688,83.5,2,1,,0,,1.0,visa,87.0,0
268717,30.029,2,0,,0,516.0,4.0,visa,,1
268726,10.0,2,1,,0,,2.0,mastercard,87.0,0
268740,50.0,2,1,,0,,1.0,visa,87.0,0
268839,52.022,2,0,,0,,2.0,visa,,0
268954,117.0,2,1,41.0,0,,1.0,mastercard,87.0,0
269009,50.0,2,1,,0,,1.0,visa,87.0,0
269050,29.0,2,1,,0,,1.0,mastercard,87.0,0
269064,166.99,2,1,7.0,0,,1.0,mastercard,87.0,0
269097,83.5,2,1,,0,,1.0,visa,87.0,0
269117,50.0,2,1,,0,,1.0,visa,87.0,0
269142,25.0,2,1,,0,,1.0,mastercard,87.0,0
269146,75.0,2,1,,0,,12.0,mastercard,87.0,0
269151,15.0,2,1,,0,,1.0,visa,87.0,0
269156,29.0,2,1,,0,,1.0,visa,87.0,0
269160,45.0,2,1,11.0,0,,1.0,visa,87.0,0
269166,100.0,2,1,,0,,1.0,visa,87.0,0
269214,30.0,2,1,,0,,1.0,visa,87.0,0
269229,58.95,2,1,,0,,1.0,visa,87.0,0
269256,445.0,2,1,1284.0,0,,4.0,visa,87.0,0
269265,100.0,2,1,,0,,1.0,mastercard,87.0,0
269268,25.0,2,1,,0,,1.0,american express,87.0,0
269338,50.0,2,1,,0,,5.0,visa,87.0,0
269339,59.0,2,1,5.0,0,,1.0,mastercard,87.0,0
269346,210.95,2,1,,0,,135.0,mastercard,87.0,0
269351,100.0,2,1,,0,,4.0,visa,87.0,0
269360,39.5,2,1,4.0,0,,3.0,visa,87.0,0
269391,28.397,2,0,,0,1.0,4.0,mastercard,,0
269407,117.0,2,1,857.0,0,,1.0,mastercard,87.0,0
269420,30.0,2,1,,0,,7.0,visa,87.0,0
269474,82.0,2,1,,0,,3.0,mastercard,87.0,0
269476,25.0,2,1,,0,,3.0,visa,87.0,0
269569,57.95,2,1,0.0,0,,2.0,mastercard,87.0,0
269603,25.0,2,1,,0,,2.0,visa,87.0,0
269618,209.95,2,1,,0,,3.0,mastercard,87.0,0
269657,48.95,2,1,,0,,1.0,visa,87.0,0
269745,25.0,2,1,,0,,1.0,mastercard,87.0,0
269755,209.95,2,1,0.0,0,,4.0,visa,87.0,0
269781,50.0,2,1,2.0,0,,1.0,mastercard,87.0,0
269815,60.0,2,1,15.0,0,,1.0,visa,87.0,0
269922,757.38,2,1,55.0,0,,2.0,visa,87.0,0
269961,97.95,2,1,0.0,0,,12.0,mastercard,87.0,0
270033,45.0,3,1,,0,,1.0,mastercard,87.0,0
270059,300.0,3,1,,0,,1.0,discover,87.0,0
270124,10.97,3,1,,0,,2.0,mastercard,87.0,0
270131,50.0,3,1,,0,,1.0,visa,87.0,0
270263,27.97,3,1,15.0,0,,1.0,mastercard,87.0,0
270284,150.0,3,1,,0,,1.0,mastercard,87.0,0
270285,2080.5,3,1,2.0,0,,1.0,visa,87.0,0
270288,79.996,3,0,,0,,1.0,visa,,0
270370,151.0,3,1,15.0,0,,2.0,mastercard,87.0,0
270386,150.0,3,1,,0,,1.0,visa,87.0,0
270391,15.0,3,1,,0,,1.0,visa,87.0,0
270454,58.95,3,1,4.0,0,,2.0,visa,87.0,0
270454,100.0,3,1,,0,,1.0,visa,87.0,0
270485,250.0,3,1,,0,,1.0,visa,87.0,0
270499,50.0,3,1,,0,,1.0,mastercard,87.0,0
270509,150.0,3,1,,0,,1.0,visa,87.0,0
270557,20.0,3,1,841.0,0,,1.0,mastercard,87.0,0
270580,59.0,3,1,0.0,0,,1.0,mastercard,87.0,0
270651,213.0,3,1,7.0,0,,4.0,mastercard,87.0,0
270660,59.0,3,1,0.0,0,,1.0,visa,87.0,0
270767,59.0,3,1,342.0,0,,8.0,mastercard,87.0,0
270771,226.0,3,1,7.0,0,,4.0,mastercard,87.0,0
270775,100.0,3,1,,0,,1.0,mastercard,87.0,0
270806,100.0,3,1,,0,,1.0,mastercard,87.0,0
270842,39.0,3,1,2.0,0,,1.0,visa,87.0,0
270895,31.95,3,1,6.0,0,,2.0,visa,87.0,0
270901,30.0,3,1,13.0,0,,4.0,mastercard,87.0,0
270913,107.95,3,1,2.0,0,,2.0,mastercard,87.0,0
270918,40.0,3,1,181.0,0,,4.0,visa,87.0,0
270938,12.0,3,1,,0,,6.0,mastercard,87.0,0
270972,50.0,3,1,8.0,0,,5.0,visa,87.0,0
270986,35.889,3,0,,0,49.0,1.0,mastercard,,0
270987,108.5,3,1,9.0,0,,1.0,visa,87.0,0
271069,203.97,3,1,,0,,4.0,mastercard,87.0,0
271138,30.0,3,1,,0,,2.0,visa,87.0,0
271146,2.356,3,0,,0,,1.0,visa,,0
271202,117.0,3,1,438.0,0,,3.0,visa,87.0,0
271327,200.0,3,1,,0,29.0,1.0,mastercard,87.0,0
271347,57.95,3,1,16.0,0,,6.0,mastercard,87.0,0
271494,67.067,3,0,,0,,4.0,mastercard,,1
271564,316.5,3,1,,0,,1.0,visa,87.0,0
271572,117.0,3,1,0.0,0,,1.0,mastercard,87.0,0
271585,25.0,3,1,54.0,0,,1.0,visa,87.0,0
271606,2.356,3,0,,0,,1.0,visa,,0
271651,88.5,3,1,1202.0,0,,2.0,visa,87.0,0
271753,9.788,3,0,,0,7.0,1.0,mastercard,,0
271786,280.0,3,1,,0,,6.0,visa,87.0,0
271790,25.0,3,1,,0,,85.0,visa,87.0,1
271792,150.0,3,1,7.0,0,,1.0,visa,87.0,0
271816,74.437,3,0,,0,,1.0,visa,,0
271837,74.921,3,0,,0,,1.0,mastercard,,0
271858,20.0,3,1,,0,176.0,1.0,mastercard,87.0,0
271903,20.0,3,1,,0,176.0,1.0,mastercard,87.0,0
271915,50.0,3,1,,0,,1.0,visa,87.0,0
271919,124.97,3,1,6.0,0,,2.0,mastercard,87.0,0
271934,20.0,3,1,,0,,2.0,mastercard,87.0,0
271955,20.0,3,1,,0,176.0,2.0,visa,87.0,0
272009,10.996,3,0,,0,,1.0,visa,,0
272044,250.0,3,1,,0,,1.0,mastercard,87.0,0
272086,100.0,3,1,,0,,1.0,visa,87.0,0
272105,68.95,3,1,9.0,0,,1.0,visa,87.0,0
272132,250.0,3,1,,0,,1.0,mastercard,87.0,1
272144,100.0,3,1,,0,,1.0,mastercard,87.0,0
272197,59.0,3,1,20.0,0,,1.0,visa,87.0,0
272245,10.03,3,0,,0,2.0,3.0,visa,,0
272398,100.0,3,1,,0,29.0,1.0,visa,87.0,0
272414,59.0,3,1,28.0,0,,1.0,visa,87.0,0
272486,170.0,3,1,,0,,1.0,visa,87.0,0
272513,67.95,3,1,,0,,4.0,visa,87.0,0
272525,35.95,3,1,27.0,0,,2.0,visa,87.0,0
272544,30.0,3,1,,0,,1.0,visa,87.0,0
272704,100.0,3,1,,0,,4.0,visa,87.0,1
272738,58.95,3,1,,0,,1.0,visa,87.0,0
272740,50.0,3,1,,0,,9.0,visa,87.0,0
272774,100.0,3,1,,0,,1.0,mastercard,87.0,0
272839,75.0,3,1,,0,,1.0,visa,87.0,0
272912,46.95,3,1,,0,,4.0,visa,87.0,0
272920,30.452,3,0,,0,786.0,2.0,visa,,0
273000,60.0,3,1,37.0,0,,1.0,visa,87.0,0
273038,57.95,3,1,1.0,0,,5.0,visa,87.0,0
273045,42.052,3,0,,0,,3.0,mastercard,,0
273064,28.95,3,1,6.0,0,,1.0,mastercard,87.0,0
273172,209.95,3,1,,0,,157.0,mastercard,87.0,0
273193,150.0,3,1,,0,,2.0,visa,87.0,0
273263,300.0,3,1,,0,,1.0,visa,87.0,0
273323,100.0,3,1,,0,,1.0,visa,87.0,0
273337,100.0,3,1,,0,,5.0,visa,87.0,1
273376,150.0,3,1,,0,,7.0,mastercard,87.0,0
273413,48.95,3,1,,0,,2.0,visa,87.0,0
273414,100.0,3,1,,0,,1.0,visa,87.0,0
273422,171.0,3,1,2374.0,0,,2.0,visa,87.0,0
273501,93.772,3,0,,0,,1.0,mastercard,,0
273512,226.0,3,1,8.0,0,,2.0,visa,87.0,0
273617,214.0,4,1,6.0,0,,8.0,mastercard,87.0,0
273632,20.0,4,1,,0,,46.0,visa,87.0,0
273643,31.95,4,1,13.0,0,,1.0,visa,87.0,0
273647,171.0,4,1,2374.0,0,,3.0,mastercard,87.0,0
273685,50.0,4,1,,0,,3.0,visa,87.0,0
273746,21.872,4,0,,0,,1.0,visa,,0
273789,100.0,4,1,,0,,5.0,visa,87.0,1
273834,30.0,4,1,,0,,3.0,visa,87.0,0
273838,107.95,4,1,0.0,0,,103.0,visa,87.0,0
273950,35.527,4,0,,0,,1.0,mastercard,,0
273968,100.0,4,1,,0,,6.0,visa,87.0,1
274034,113.95,4,1,117.0,0,,1.0,visa,87.0,0
274079,59.0,4,1,3.0,0,,1.0,visa,87.0,0
274082,213.0,4,1,13.0,0,,1.0,mastercard,87.0,0
274141,213.0,4,1,,0,,1.0,visa,87.0,0
274155,100.0,4,1,,0,,1.0,visa,87.0,0
274202,40.0,4,1,,0,,1.0,visa,87.0,0
274258,40.0,4,1,,0,,1.0,visa,87.0,0
274259,40.0,4,1,,0,,1.0,mastercard,87.0,0
274300,50.0,4,1,,0,,1.0,visa,87.0,0
274320,107.95,4,1,3.0,0,,1.0,visa,87.0,0
274329,40.0,4,1,,0,,2.0,visa,87.0,0
274372,300.0,4,1,,0,,24.0,visa,87.0,0
274426,38.79,4,0,,0,,1.0,visa,,0
274491,39.0,4,1,,0,,1.0,visa,87.0,0
274523,57.95,4,1,25.0,0,,135.0,visa,87.0,0
274530,47.95,4,1,,0,,111.0,mastercard,87.0,0
274606,50.0,4,1,,0,,1.0,visa,87.0,0
274616,32.5,4,1,7.0,0,,1.0,mastercard,87.0,0
274622,48.95,4,1,,0,,1.0,mastercard,87.0,0
274637,117.0,4,1,,0,,1.0,visa,87.0,0
274839,140.0,4,1,4.0,0,,1.0,visa,87.0,0
274880,59.0,4,1,1983.0,0,,2.0,visa,87.0,0
274882,2079.95,4,1,,0,,2.0,visa,87.0,0
274908,109.51,4,1,,0,,2.0,visa,87.0,0
274909,100.0,4,1,,0,,1.0,mastercard,87.0,0
275137,50.0,4,1,,0,,1.0,american express,87.0,0
275187,97.457,4,0,,0,66.0,120.0,visa,,1
275266,50.0,4,1,,0,,1.0,visa,87.0,0
275313,97.457,4,0,,0,66.0,121.0,visa,,1
275330,80.0,4,1,,0,,1.0,visa,87.0,0
275403,87.95,4,1,5.0,0,,5.0,visa,87.0,0
275429,108.95,4,1,9.0,0,,1.0,visa,87.0,0
275502,50.0,4,1,,0,,1.0,visa,87.0,0
275579,18.186,4,0,,0,,1.0,visa,,0
275717,59.0,4,1,,0,,1.0,mastercard,87.0,0
275767,46.161,4,0,,0,,2.0,visa,,0
275841,39.0,4,1,406.0,0,,2.0,visa,87.0,0
275910,30.0,4,1,,0,0.0,2.0,visa,87.0,0
275926,55.0,4,1,2.0,0,,1.0,visa,87.0,0
275994,300.0,4,1,,0,,1.0,visa,87.0,0
276027,35.95,4,1,,0,,114.0,visa,87.0,0
276133,29.364,4,0,,0,,1.0,visa,,0
276142,25.0,4,1,,0,,4.0,visa,87.0,0
276249,29.171,4,0,,0,141.0,1.0,visa,,0
276285,429.0,4,1,1.0,0,,1.0,mastercard,87.0,0
276683,140.0,4,1,,0,,1.0,visa,87.0,0
276732,29.0,4,1,8.0,0,,1.0,visa,87.0,0
276761,117.0,4,1,8.0,0,,1.0,visa,87.0,0
276784,6.948,4,0,,0,,1.0,mastercard,,0
276812,107.95,4,1,,0,,4.0,visa,87.0,0
276965,30.0,4,1,,0,,9.0,visa,87.0,0
276981,8.217,4,0,,0,,5.0,mastercard,,0
277002,68.95,4,1,0.0,0,,2.0,visa,87.0,0
277050,150.0,4,1,,0,,1.0,mastercard,87.0,0
277068,150.0,4,1,,0,,1.0,visa,87.0,0
277085,58.95,4,1,0.0,0,,2.0,visa,87.0,0
277144,8.217,4,0,,0,,5.0,visa,,0
277176,39.0,4,1,7.0,0,,9.0,visa,87.0,0
277180,75.0,4,1,0.0,0,,2.0,mastercard,87.0,0
277214,210.987,5,0,,0,,1.0,mastercard,,0
277225,40.0,5,1,,0,,1.0,visa,87.0,0
277300,100.0,5,1,,0,,1.0,visa,87.0,0
277385,107.95,5,1,253.0,0,,4.0,visa,87.0,0
277404,60.0,5,1,,0,,1.0,mastercard,87.0,0
277441,226.0,5,1,1.0,0,,1.0,visa,87.0,0
277449,13.315,5,0,,0,150.0,1.0,visa,,0
277454,33.412,5,0,,0,127.0,2.0,visa,,0
277457,30.0,5,1,,0,,9.0,visa,87.0,0
277499,49.0,5,1,,0,,1.0,visa,87.0,0
277532,511.39,5,1,31.0,0,,1.0,visa,87.0,0
277560,22.355,5,0,,0,,2.0,mastercard,,0
277592,32.385,5,0,,0,7.0,2.0,visa,,0
277600,15.0,5,1,,0,,1.0,visa,87.0,0
277607,200.0,5,1,,0,,1.0,visa,87.0,0
277693,30.0,5,1,,0,,1.0,visa,87.0,0
277752,39.0,5,1,7.0,0,,9.0,visa,87.0,0
277801,130.991,5,0,,0,,1.0,visa,,1
277884,11.722,5,0,,0,55.0,2.0,visa,,0
277893,25.0,5,1,,0,,1.0,visa,87.0,0
277917,50.0,5,1,,0,,1.0,visa,87.0,0
277944,11.722,5,0,,0,55.0,2.0,visa,,0
277979,22.97,5,1,,0,,1.0,mastercard,87.0,0
277996,97.95,5,1,23.0,0,,2.0,visa,87.0,0
278150,11.722,5,0,,0,55.0,2.0,visa,,0
278227,11.722,5,0,,0,55.0,2.0,visa,,0
278390,79.47,5,1,,0,,14.0,mastercard,87.0,0
278476,59.0,5,1,,0,,1.0,visa,87.0,0
278676,39.0,5,1,2.0,0,,68.0,visa,87.0,0
278799,20.482,5,0,,0,,1.0,visa,,0
278904,57.95,5,1,7.0,0,,3.0,visa,87.0,0
278934,59.36,5,1,,0,,3.0,visa,87.0,0
278971,68.95,5,1,,0,,1.0,visa,87.0,0
279106,200.0,5,1,,0,,1.0,visa,87.0,0
279124,39.0,5,1,18.0,0,,1.0,visa,87.0,0
279239,500.0,5,1,,0,,1.0,mastercard,87.0,0
279253,36.95,5,1,,0,,1.0,visa,87.0,0
279343,17.522,5,0,,0,,3.0,visa,,0
279363,14.38,5,0,,0,626.0,1.0,mastercard,,0
279399,25.0,5,1,,0,,1.0,american express,87.0,0
279529,25.0,5,1,,0,,1.0,visa,87.0,0
279596,49.5,5,1,557.0,0,,1.0,visa,87.0,0
279623,87.99,5,1,14.0,0,,1.0,visa,87.0,0
279691,24.047,5,0,,0,,1.0,mastercard,,0
279717,117.0,5,1,,0,,1.0,visa,87.0,1
279829,68.5,5,1,12.0,0,,2.0,visa,87.0,0
279854,35.95,5,1,,0,,2.0,visa,87.0,0
279872,20.905,5,0,,0,,2.0,visa,,0
279887,27.97,5,1,,0,,3.0,visa,87.0,0
279990,35.95,5,1,,0,,4.0,mastercard,87.0,0
280055,57.95,5,1,,0,,4.0,visa,87.0,0
280090,18.972,5,0,,0,,1.0,visa,,0
280232,57.95,5,1,303.0,0,,6.0,visa,87.0,0
280305,55.99,5,1,8.0,0,,3.0,mastercard,87.0,0
280485,49.0,5,1,12.0,0,,1.0,mastercard,87.0,0
280637,26.95,5,1,,0,,1.0,visa,87.0,0
280714,59.0,5,1,,0,,1.0,mastercard,87.0,0
280725,30.814,5,0,,0,,1.0,mastercard,,0
280905,100.0,6,1,,0,,1.0,visa,87.0,0
280950,47.95,6,1,9.0,0,,94.0,visa,87.0,0
281038,171.0,6,1,,0,,3.0,mastercard,87.0,0
281047,87.99,6,1,14.0,0,,1.0,visa,87.0,0
281062,60.0,6,1,,0,,13.0,mastercard,87.0,0
281125,35.95,6,1,25.0,0,,1.0,mastercard,87.0,0
281157,59.0,6,1,413.0,0,,1.0,visa,87.0,0
281202,43.382,6,0,,0,,1.0,mastercard,,0
281234,500.0,6,1,,0,6.0,1.0,visa,87.0,0
281253,39.0,6,1,70.0,0,,1.0,visa,87.0,0
281263,77.0,6,1,0.0,0,,13.0,mastercard,87.0,0
281409,102.714,6,0,,0,7.0,1.0,mastercard,,0
281623,261.95,6,1,,0,,2.0,visa,87.0,1
281649,68.5,6,1,,0,,13.0,visa,87.0,0
281775,49.0,6,1,5.0,0,,1.0,visa,87.0,0
281831,804.95,6,1,,0,,2.0,visa,87.0,0
282050,92.95,6,1,,0,,16.0,visa,87.0,0
282096,59.0,6,1,,0,,1.0,visa,87.0,0
282102,40.0,6,1,,0,,1.0,visa,87.0,0
282222,22.839,6,0,,0,,1.0,mastercard,,0
282313,100.0,6,1,,0,,1.0,visa,87.0,0
282332,117.0,6,1,1.0,0,,1.0,mastercard,87.0,0
282379,59.0,6,1,,0,,2.0,visa,87.0,0
282547,100.0,6,1,,0,,1.0,visa,87.0,0
282595,24.349,6,0,,0,744.0,2.0,mastercard,,1
282701,36.735,6,0,,0,7.0,1.0,visa,,0
282846,150.0,6,1,,0,,2.0,mastercard,87.0,0
282933,42.657,6,0,,0,,1.0,visa,,0
282967,34.0,6,1,2.0,0,,1.0,visa,87.0,0
283016,103.97,6,1,,0,,2.0,visa,87.0,0
283167,85.0,6,1,1.0,0,,1.0,mastercard,87.0,0
283284,50.0,6,1,,0,,1.0,american express,87.0,0
283445,50.0,6,1,,0,,1.0,mastercard,87.0,0
283553,40.0,6,1,,0,,1.0,,87.0,0
283589,160.5,6,1,,0,,5.0,mastercard,87.0,0
283855,40.0,6,1,,0,,2.0,mastercard,87.0,0
283884,29.95,6,1,235.0,0,,3.0,visa,87.0,0
284089,20.0,6,1,,0,,1.0,visa,87.0,0
284108,103.97,6,1,,0,,2.0,visa,87.0,0
284182,25.135,6,0,,0,,1.0,visa,,0
284297,49.0,6,1,0.0,0,,3.0,visa,87.0,0
284402,87.0,7,1,156.0,0,,1.0,mastercard,87.0,1
284457,43.14,7,0,,0,,1.0,mastercard,,0
284511,108.95,7,1,64.0,0,,2.0,visa,87.0,0
284531,100.0,7,1,22.0,0,,4.0,visa,87.0,0
284759,150.0,7,1,,0,,1.0,visa,87.0,0
285017,49.0,7,1,5.0,0,,1.0,visa,87.0,0
285214,280.0,7,1,,0,,1.0,visa,87.0,0
285230,70.691,7,0,,0,,1.0,mastercard,,0
285236,33.231,7,0,,0,42.0,1.0,visa,,0
285439,25.256,7,0,,0,,1.0,mastercard,,0
285503,107.95,7,1,21.0,0,,1.0,visa,87.0,0
285507,117.0,7,1,2038.0,0,,3.0,visa,87.0,0
285613,34.0,7,1,2.0,0,,157.0,visa,87.0,0
285786,59.0,7,1,23.0,0,,1.0,visa,87.0,0
285970,57.95,7,1,,0,,2.0,visa,87.0,0
286282,107.95,7,1,,0,,33.0,visa,87.0,0
286829,209.95,7,1,,0,,1.0,mastercard,87.0,0
286920,59.0,7,1,,0,,3.0,visa,87.0,0
287093,26.343,7,0,,0,,1.0,visa,,0
287446,1104.0,7,1,,0,,1.0,visa,87.0,0
288517,39.454,8,0,,0,,4.0,visa,,0
288650,50.0,8,1,,0,,1.0,mastercard,87.0,0
288720,59.31,8,1,11.0,0,,9.0,mastercard,87.0,0
289209,210.95,8,1,8.0,0,,2.0,visa,87.0,0
289224,41.146,8,0,,0,,5.0,visa,,0
289267,370.0,8,1,12.0,0,,2.0,visa,87.0,0
289600,50.0,8,1,,0,,1.0,american express,87.0,0
289608,100.0,8,1,,0,,1.0,visa,87.0,0
290064,100.0,8,1,,0,,1.0,visa,87.0,0
290549,50.0,8,1,,0,,4.0,visa,87.0,0
290551,117.0,8,1,6.0,0,,1.0,visa,87.0,0
290607,94.0,8,1,,0,,2.0,mastercard,87.0,0
290671,103.5,8,1,,0,,5.0,visa,87.0,0
290825,34.077,8,0,,0,38.0,2.0,mastercard,,0
291719,63.924,9,0,,0,,1.0,mastercard,,0
291807,61.0,9,1,,0,,2.0,mastercard,87.0,0
293360,100.0,9,1,,0,,8.0,visa,87.0,0
293375,75.0,9,1,,0,,1.0,visa,87.0,0
293481,100.0,9,1,,0,16.0,1.0,american express,87.0,0
293992,41.146,9,0,,0,,5.0,visa,,0
294179,260.0,9,1,,0,,1.0,visa,87.0,0
294475,408.5,9,1,,0,,2.0,mastercard,87.0,0
294586,100.0,9,1,,0,,2.0,mastercard,87.0,0
294614,120.0,9,1,,0,,1.0,mastercard,87.0,0
294635,102.472,9,0,,0,,1.0,visa,,0
294723,57.95,9,1,,0,,3.0,visa,87.0,0
295050,85.0,9,1,,0,,2.0,visa,87.0,0
295219,100.0,10,1,,0,,1.0,mastercard,87.0,0
295258,171.0,10,1,,0,,2.0,visa,87.0,1
295609,50.0,10,1,,0,,1.0,mastercard,87.0,0
296170,100.0,10,1,,0,,1.0,mastercard,87.0,0
296202,554.0,10,1,136.0,0,,2.0,mastercard,87.0,0
296894,57.95,10,1,1.0,0,,6.0,mastercard,87.0,0
297552,43.0,10,1,,0,,1.0,mastercard,87.0,0
297614,42.95,10,1,,0,,19.0,mastercard,87.0,0
297746,59.0,10,1,13.0,0,,2.0,visa,87.0,0
298269,100.0,10,1,,0,,2.0,mastercard,87.0,0
298422,11.48,10,0,,0,,1.0,visa,,0
298525,139.95,10,1,,0,,3.0,visa,87.0,0
298623,107.95,10,1,,0,,3.0,mastercard,87.0,0
298803,260.0,11,1,,0,,11.0,visa,87.0,0
299077,105.0,11,1,,0,,2.0,mastercard,87.0,0
299334,97.0,11,1,,0,,107.0,visa,87.0,0
299413,14.863,11,0,,0,,1.0,visa,,0
299446,100.0,11,1,,0,,1.0,visa,87.0,0
299946,554.0,11,1,15.0,0,,1.0,mastercard,87.0,0
300051,213.0,11,1,31.0,0,,1.0,visa,87.0,0
300067,59.0,11,1,1.0,0,,2.0,mastercard,87.0,0
300382,75.0,11,1,3.0,0,,2.0,mastercard,87.0,0
300635,75.0,11,1,,0,,5.0,mastercard,87.0,0
300636,117.0,11,1,3.0,0,,2.0,mastercard,87.0,0
300742,22.235,11,0,,0,,1.0,visa,,0
300765,75.0,11,1,,0,,1.0,visa,87.0,0
300852,22.235,11,0,,0,,1.0,visa,,0
300954,30.0,11,1,,0,,1.0,visa,87.0,0
301005,261.95,11,1,3.0,0,,1.0,visa,87.0,0
301171,22.235,11,0,,0,,1.0,visa,,0
301386,57.95,11,1,,0,,5.0,visa,87.0,0
301509,25.0,11,1,,0,,1.0,american express,87.0,0
301518,554.0,11,1,15.0,0,,1.0,mastercard,87.0,0
301578,226.0,11,1,,0,,1.0,visa,87.0,0
301619,57.95,11,1,,0,,5.0,visa,87.0,0
301728,100.0,11,1,,0,,1.0,visa,87.0,0
302054,160.5,11,1,119.0,0,,2.0,mastercard,87.0,0
302056,93.772,11,0,,0,,1.0,mastercard,,0
302124,59.0,11,1,11.0,0,,1.0,mastercard,87.0,0
302413,25.981,12,0,,0,,1.0,mastercard,,0
302415,250.0,12,1,,0,,1.0,visa,87.0,0
302445,102.472,12,0,,0,,1.0,mastercard,,0
302635,30.0,12,1,,0,,1.0,mastercard,87.0,0
302717,50.0,12,1,,0,,1.0,mastercard,87.0,0
302911,10.634,12,0,,0,,2.0,visa,,1
302977,10.634,12,0,,0,,2.0,mastercard,,1
303069,8.217,12,0,,0,,1.0,mastercard,,0
303139,10.634,12,0,,0,,2.0,mastercard,,1
303162,8.217,12,0,,0,,1.0,mastercard,,0
303209,10.634,12,0,,0,,2.0,mastercard,,1
303341,105.95,12,1,,0,,2.0,visa,87.0,0
303476,774.0,12,1,,0,,1.0,mastercard,87.0,0
303973,50.0,12,1,,0,,1.0,mastercard,87.0,0
304061,171.0,12,1,,0,,1.0,mastercard,87.0,0
304099,64.5,12,1,,0,,2.0,visa,87.0,0
304341,85.0,12,1,,0,,1.0,visa,87.0,0
304461,67.95,12,1,2.0,0,,140.0,visa,87.0,0
304558,100.0,12,1,,0,,2.0,visa,87.0,0
304863,10.0,12,1,,0,228.0,8.0,visa,87.0,0
305027,55.95,12,1,16.0,0,,19.0,visa,87.0,0
305094,39.0,12,1,33.0,0,,1.0,visa,87.0,0
305189,30.0,12,1,,0,,1.0,visa,87.0,0
305199,75.0,12,1,,0,,7.0,visa,87.0,0
305276,500.0,12,1,,0,,1.0,mastercard,87.0,0
305288,60.0,12,1,15.0,0,,6.0,visa,87.0,0
305294,30.0,12,1,,0,,2.0,visa,87.0,0
305476,49.0,12,1,,0,,2.0,visa,87.0,0
305543,107.95,12,1,,0,,3.0,visa,87.0,0
305574,84.69,12,1,1.0,0,,7.0,visa,87.0,0
305596,29.5,12,1,8.0,0,,1.0,mastercard,87.0,0
305687,50.0,12,1,,0,,3.0,visa,87.0,0
305696,161.0,12,1,394.0,0,,1.0,visa,87.0,0
305752,20.0,12,1,,0,,1.0,visa,87.0,0
305772,100.0,12,1,,0,,1.0,visa,87.0,0
305789,75.0,12,1,,0,,1.0,visa,87.0,0
305810,159.95,12,1,4.0,0,,5.0,mastercard,87.0,0
305833,100.0,12,1,,0,,1.0,visa,87.0,0
305849,75.0,12,1,,0,,1.0,visa,87.0,0
305977,25.0,12,1,,0,,1.0,visa,87.0,0
306073,25.0,13,1,,0,,1.0,visa,87.0,0
306313,39.0,13,1,,0,,1.0,visa,87.0,0
306404,335.0,13,1,3.0,0,,1.0,mastercard,87.0,0
306505,107.95,13,1,,0,,3.0,visa,87.0,0
306598,67.95,13,1,18.0,0,,6.0,mastercard,87.0,0
306677,25.0,13,1,,0,,1.0,visa,87.0,0
306717,77.95,13,1,22.0,0,,227.0,visa,87.0,0
306768,25.0,13,1,,0,,1.0,mastercard,87.0,0
306808,45.0,13,1,9.0,0,,1.0,mastercard,87.0,0
306864,34.0,13,1,4.0,0,,1.0,visa,87.0,0
306897,50.0,13,1,,0,20.0,1.0,mastercard,87.0,0
307071,171.0,13,1,0.0,0,,8.0,mastercard,87.0,0
307078,200.0,13,1,,0,,1.0,visa,87.0,0
307126,75.0,13,1,,0,,1.0,visa,87.0,0
307250,40.0,13,1,,0,,1.0,mastercard,87.0,0
307363,108.95,13,1,4.0,0,,4.0,visa,87.0,0
307423,20.0,13,1,,0,,1.0,mastercard,87.0,0
307440,50.0,13,1,,0,,3.0,visa,87.0,0
307466,50.0,13,1,,0,,1.0,visa,87.0,0
307509,125.0,13,1,,0,,6.0,visa,87.0,0
307630,15.0,13,1,,0,,1.0,visa,87.0,0
307683,25.0,13,1,,0,,1.0,visa,87.0,0
307718,35.0,13,1,0.0,0,,2.0,visa,87.0,0
307742,25.0,13,1,,0,,1.0,visa,87.0,0
307816,30.0,13,1,,0,,1.0,mastercard,87.0,0
307857,44.0,13,1,,0,,1.0,mastercard,87.0,0
307900,204.97,13,1,5.0,0,,9.0,discover,87.0,0
308034,50.0,13,1,,0,,2.0,mastercard,87.0,0
308109,125.0,13,1,,0,,1.0,visa,87.0,0
308212,50.0,13,1,,0,,1.0,visa,87.0,0
308236,70.0,13,1,,0,,1.0,visa,87.0,0
308284,204.97,13,1,5.0,0,,10.0,visa,87.0,0
308354,56.5,13,1,,0,,1.0,visa,87.0,0
308406,125.0,13,1,,0,,1.0,mastercard,87.0,0
308407,100.0,13,1,,0,,1.0,visa,87.0,0
308487,159.95,13,1,,0,,2.0,mastercard,87.0,0
308530,100.0,13,1,,0,,99.0,mastercard,87.0,0
308593,107.95,13,1,99.0,0,,6.0,visa,87.0,0
308612,50.0,13,1,,0,,4.0,visa,87.0,1
308626,50.0,13,1,,0,,1.0,visa,87.0,0
308668,12.5,13,1,23.0,0,,1.0,visa,87.0,0
308702,75.0,13,1,,0,,1.0,mastercard,87.0,0
308723,554.0,13,1,959.0,0,,1.0,visa,87.0,0
308729,120.0,13,1,,0,7.0,2.0,mastercard,87.0,0
308779,50.0,13,1,,0,,1.0,visa,87.0,0
308849,100.0,13,1,,0,,1.0,mastercard,87.0,0
308928,159.95,13,1,1507.0,0,,113.0,mastercard,87.0,0
308971,58.95,13,1,14.0,0,,1.0,visa,87.0,0
308989,100.0,13,1,,0,,1.0,visa,87.0,0
309046,50.0,13,1,,0,,3.0,american express,87.0,0
309090,159.95,13,1,,0,,5.0,visa,87.0,0
309125,300.0,13,1,,0,,1.0,mastercard,87.0,0
309151,50.0,13,1,,0,,1.0,visa,87.0,0
309191,50.0,13,1,,0,,2.0,visa,87.0,0
309199,50.0,13,1,,0,,1.0,mastercard,87.0,0
309207,250.0,13,1,4.0,0,,2.0,visa,87.0,0
309228,36.5,13,1,,0,,1.0,visa,87.0,0
309264,25.0,13,1,,0,,6.0,visa,87.0,0
309346,100.0,13,1,,0,,2.0,mastercard,87.0,0
309386,50.0,13,1,,0,,4.0,american express,87.0,0
309389,57.95,13,1,13.0,0,,5.0,visa,87.0,0
309398,43.95,13,1,2.0,0,,3.0,visa,87.0,0
309442,40.0,13,1,,0,,1.0,visa,87.0,0
309457,226.0,13,1,14.0,0,,4.0,visa,87.0,0
309499,31.54,13,0,,0,,1.0,visa,,0
309526,100.0,13,1,,0,,1.0,visa,87.0,0
309552,60.0,13,1,,0,,12.0,mastercard,87.0,0
309579,57.95,13,1,,0,,3.0,visa,87.0,0
309602,50.0,14,1,,0,,1.0,discover,87.0,0
309657,149.95,14,1,6.0,0,,2.0,mastercard,87.0,0
309686,150.0,14,1,,0,,2.0,mastercard,87.0,0
309707,50.0,14,1,,0,,1.0,visa,87.0,0
309730,150.0,14,1,,0,,2.0,mastercard,87.0,0
309774,107.95,14,1,0.0,0,,115.0,mastercard,87.0,0
309817,47.95,14,1,1.0,0,,1.0,visa,87.0,0
309909,207.95,14,1,47.0,0,,3.0,visa,87.0,0
309916,45.0,14,1,,0,,2.0,mastercard,87.0,0
309940,50.0,14,1,,0,,1.0,visa,87.0,0
309943,75.0,14,1,,0,,1.0,mastercard,87.0,0
309964,10.0,14,1,,0,,1.0,mastercard,87.0,0
310027,171.0,14,1,119.0,0,,2.0,mastercard,87.0,0
310053,100.0,14,1,,0,,14.0,mastercard,87.0,0
310100,12.809,14,0,,0,,1.0,visa,,0
310172,527.0,14,1,,0,,2.0,mastercard,87.0,0
310190,12.809,14,0,,0,,1.0,visa,,0
310242,50.0,14,1,,0,,1.0,visa,87.0,0
310259,12.809,14,0,,0,,1.0,visa,,0
310324,12.809,14,0,,0,,1.0,visa,,0
310367,47.95,14,1,,0,,3.0,mastercard,87.0,0
310372,103.97,14,1,,0,,13.0,visa,87.0,0
310409,47.95,14,1,,0,,2.0,visa,87.0,0
310438,60.0,14,1,,0,,2.0,visa,87.0,0
310466,82.95,14,1,1.0,0,,6.0,mastercard,87.0,0
310506,75.0,14,1,,0,,1.0,visa,87.0,0
310515,44.47,14,1,3.0,0,,11.0,visa,87.0,0
310517,100.0,14,1,,0,,5.0,visa,87.0,0
310526,100.0,14,1,,0,,1.0,visa,87.0,0
310598,200.0,14,1,5.0,0,,10.0,visa,87.0,0
310619,107.95,14,1,2.0,0,,5.0,visa,87.0,0
310636,70.0,14,1,,0,9.0,12.0,visa,87.0,0
310643,200.0,14,1,,0,,1.0,visa,87.0,0
310651,200.0,14,1,11.0,0,,2.0,visa,87.0,0
310709,117.0,14,1,,0,,5.0,visa,87.0,0
310725,108.5,14,1,20.0,0,,3.0,visa,87.0,0
310735,400.0,14,1,16.0,0,,1.0,mastercard,87.0,0
310806,49.0,14,1,41.0,0,,1.0,visa,87.0,0
310911,156.0,14,1,9.0,0,,9.0,visa,87.0,0
310913,400.0,14,1,,0,,2.0,visa,87.0,0
310922,31.96,14,1,,0,,50.0,mastercard,87.0,0
310946,120.0,14,1,,0,,131.0,mastercard,87.0,0
310948,59.0,14,1,,0,,1.0,visa,87.0,0
310949,59.0,14,1,8.0,0,,1.0,mastercard,87.0,0
310956,35.889,14,0,,0,68.0,1.0,mastercard,,0
310969,300.0,14,1,,0,,1.0,visa,87.0,0
310999,50.0,14,1,,0,,1.0,mastercard,87.0,0
311113,50.0,14,1,,0,,1.0,visa,87.0,0
311171,50.0,14,1,,0,,1.0,discover,87.0,0
311188,12.809,14,0,,0,,1.0,visa,,0
311332,99.0,14,1,,0,10.0,1.0,visa,87.0,0
311491,100.0,14,1,,0,,4.0,mastercard,87.0,0
311561,50.0,14,1,,0,,1.0,mastercard,87.0,0
311579,60.903,14,0,,0,631.0,1.0,mastercard,,0
311617,50.0,14,1,,0,,1.0,visa,87.0,0
311622,117.0,14,1,,0,,5.0,visa,87.0,0
311627,40.0,14,1,,0,,1.0,visa,87.0,0
311692,50.0,14,1,,0,,1.0,visa,87.0,0
311790,40.0,14,1,,0,,1.0,visa,87.0,0
311805,75.0,14,1,,0,,1.0,american express,87.0,0
311857,390.0,14,1,0.0,0,,1.0,mastercard,87.0,0
311858,108.95,14,1,3.0,0,,1.0,mastercard,87.0,0
311861,50.0,14,1,4.0,0,,1.0,visa,87.0,0
311865,100.0,14,1,,0,,2.0,mastercard,87.0,0
311907,82.95,14,1,,0,,23.0,visa,87.0,0
311958,159.95,14,1,12.0,0,,1.0,mastercard,87.0,0
311982,171.0,14,1,16.0,0,,1.0,visa,87.0,0
312039,50.0,14,1,,0,,2.0,visa,87.0,0
312073,59.0,14,1,,0,,2.0,visa,87.0,0
312085,57.95,14,1,6.0,0,,3.0,mastercard,87.0,0
312091,261.95,14,1,7.0,0,,1.0,visa,87.0,0
312174,107.95,14,1,18.0,0,,2.0,mastercard,87.0,0
312176,102.0,14,1,11.0,0,,3.0,mastercard,87.0,0
312184,100.0,14,1,,0,,1.0,visa,87.0,0
312210,59.0,14,1,,0,,1.0,visa,87.0,0
312223,25.0,14,1,,0,,1.0,visa,87.0,0
312243,45.0,14,1,,0,,1.0,visa,87.0,0
312256,300.0,14,1,,0,,52.0,visa,87.0,0
312271,100.0,14,1,,0,,1.0,visa,87.0,0
312287,29.0,14,1,183.0,0,,1.0,visa,87.0,0
312320,170.384,14,0,,0,,1.0,visa,,0
312351,117.0,14,1,3.0,0,,1.0,mastercard,87.0,0
312384,53.0,14,1,,0,,3.0,visa,87.0,0
312425,129.95,14,1,10.0,0,,9.0,mastercard,87.0,0
312427,24.017,14,0,,0,,3.0,visa,,0
312519,311.95,14,1,61.0,0,,3.0,visa,87.0,0
312536,150.0,14,1,,0,,1.0,visa,87.0,0
312578,73.108,14,0,,0,4.0,1.0,visa,,0
312581,57.95,14,1,3.0,0,,19.0,visa,87.0,0
312601,171.0,14,1,,0,,2.0,mastercard,87.0,0
312611,36.95,14,1,,0,,1.0,mastercard,87.0,0
312620,200.0,14,1,,0,,4.0,mastercard,87.0,0
312634,160.5,14,1,2.0,0,,1.0,mastercard,87.0,0
312654,150.0,14,1,0.0,0,,1.0,discover,87.0,0
312707,16.797,14,0,,0,61.0,2.0,visa,,0
312757,134.95,14,1,,0,,1.0,visa,87.0,0
312780,20.0,14,1,,0,,9.0,visa,87.0,0
312804,97.0,14,1,,0,,1.0,mastercard,87.0,0
312829,44.0,14,1,,0,,1.0,mastercard,87.0,0
312894,50.0,14,1,,0,,1.0,visa,87.0,0
312910,14.622,14,0,,0,4.0,1.0,visa,,0
312950,31.95,14,1,4.0,0,,116.0,visa,87.0,0
312972,29.0,14,1,7.0,0,,9.0,visa,87.0,0
313030,20.0,14,1,,0,,1.0,mastercard,87.0,0
313042,107.95,14,1,2.0,0,,16.0,mastercard,87.0,0
313044,50.0,14,1,,0,,1.0,american express,87.0,0
313058,79.754,14,0,,0,,1.0,mastercard,,0
313063,40.0,14,1,,0,,1.0,visa,87.0,0
313068,57.0,14,1,0.0,0,,52.0,visa,87.0,0
313099,108.95,14,1,7.0,0,,12.0,mastercard,87.0,0
313110,160.95,14,1,,0,,1.0,visa,87.0,0
313121,59.0,14,1,,0,,1.0,visa,87.0,0
313144,35.95,14,1,,0,,116.0,visa,87.0,0
313161,103.97,14,1,11.0,0,,6.0,mastercard,87.0,0
313163,53.5,14,1,,0,,8.0,visa,87.0,0
313186,55.829,14,0,,0,,1.0,visa,,0
313221,77.0,15,1,23.0,0,,5.0,mastercard,87.0,0
313233,49.0,15,1,2.0,0,,2.0,visa,87.0,0
313285,35.0,15,1,,0,,6.0,mastercard,87.0,0
313296,20.0,15,1,4.0,0,,3.0,visa,87.0,0
313312,23.017,15,0,,0,149.0,2.0,visa,,0
313344,5.0,15,1,,0,,1.0,visa,87.0,0
313357,50.0,15,1,,0,,2.0,visa,87.0,0
313374,47.95,15,1,38.0,0,,101.0,visa,87.0,0
313384,100.0,15,1,,0,,1.0,visa,87.0,0
313406,72.95,15,1,2.0,0,,3.0,visa,87.0,0
313446,50.0,15,1,,0,,1.0,visa,87.0,0
313457,150.0,15,1,,0,,2.0,mastercard,87.0,0
313458,226.0,15,1,1.0,0,,3.0,visa,87.0,1
313468,35.95,15,1,,0,,121.0,visa,87.0,0
313473,57.95,15,1,91.0,0,,133.0,visa,87.0,0
313481,20.0,15,1,,0,,1.0,visa,87.0,0
313517,40.0,15,1,,0,,7.0,visa,87.0,0
313542,100.0,15,1,,0,,1.0,mastercard,87.0,0
313554,25.0,15,1,,0,,1.0,visa,87.0,1
313573,50.0,15,1,,0,,1.0,visa,87.0,0
313574,117.0,15,1,0.0,0,,3.0,visa,87.0,0
313578,50.0,15,1,,0,,1.0,visa,87.0,0
313608,53.049,15,0,,0,,1.0,mastercard,,0
313618,226.0,15,1,23.0,0,,1.0,visa,87.0,0
313625,29.0,15,1,,0,,1.0,visa,87.0,0
313632,60.0,15,1,,0,,1.0,visa,87.0,0
313657,150.0,15,1,,0,,1.0,visa,87.0,0
313701,60.0,15,1,,0,,2.0,mastercard,87.0,0
313703,19.97,15,1,,0,,1.0,visa,87.0,0
313711,6.163,15,0,,0,,4.0,mastercard,,0
313720,67.95,15,1,21.0,0,,151.0,mastercard,87.0,0
313729,60.0,15,1,,0,,2.0,visa,87.0,0
313733,59.0,15,1,4.0,0,,1.0,mastercard,87.0,0
313778,4007.95,15,1,,0,,1.0,visa,87.0,0
313809,31.95,15,1,1.0,0,,3.0,visa,87.0,0
313836,59.0,15,1,5.0,0,,1.0,visa,87.0,0
313844,40.0,15,1,,0,,111.0,visa,87.0,0
313866,262.4,15,1,14.0,0,,15.0,mastercard,87.0,0
313955,117.0,15,1,15.0,0,,1.0,mastercard,87.0,0
314008,200.0,15,1,,0,,1.0,visa,87.0,0
314015,75.0,15,1,1.0,0,,1.0,visa,87.0,0
314025,70.0,15,1,1.0,0,,1.0,visa,87.0,0
314039,260.0,15,1,,0,,2.0,mastercard,87.0,1
314055,40.0,15,1,,0,,2.0,visa,87.0,0
314063,57.0,15,1,,0,,52.0,visa,87.0,0
314066,117.0,15,1,353.0,0,,1.0,visa,87.0,0
314132,47.95,15,1,9.0,0,,111.0,visa,87.0,0
314138,100.0,15,1,,0,,1.0,visa,87.0,0
314202,107.95,15,1,0.0,0,,147.0,mastercard,87.0,0
314230,5.0,15,1,,0,,1.0,visa,87.0,0
314285,50.0,15,1,,0,,1.0,mastercard,87.0,0
314311,100.0,15,1,,0,,1.0,mastercard,87.0,0
314368,77.95,15,1,304.0,0,,3.0,visa,87.0,0
314396,15.0,15,1,11.0,0,,4.0,visa,87.0,0
314397,25.0,15,1,,0,,2.0,visa,87.0,0
314421,87.95,15,1,2.0,0,,1.0,visa,87.0,0
314422,57.95,15,1,2.0,0,,140.0,mastercard,87.0,0
314463,25.0,15,1,,0,,1.0,mastercard,87.0,0
314472,40.0,15,1,,0,,1.0,visa,87.0,0
314482,40.0,15,1,,0,,7.0,visa,87.0,0
314490,50.0,15,1,,0,7.0,3.0,discover,87.0,0
314493,154.97,15,1,379.0,0,,127.0,visa,87.0,0
314501,39.0,15,1,,0,,1.0,mastercard,87.0,0
314520,50.0,15,1,,0,,3.0,visa,87.0,0
314535,107.95,15,1,,0,,10.0,visa,87.0,0
314554,200.0,15,1,,0,,1.0,visa,87.0,0
314556,24.97,15,1,,0,,4.0,visa,87.0,0
314556,317.5,15,1,,0,,1.0,visa,87.0,0
314566,59.0,15,1,144.0,0,,1.0,visa,87.0,0
314571,250.0,15,1,,0,,3.0,visa,87.0,0
314601,75.0,15,1,,0,,3.0,visa,87.0,0
314602,39.0,15,1,4.0,0,,1.0,mastercard,87.0,0
314608,25.0,15,1,,0,,1.0,visa,87.0,0
314626,39.0,15,1,19.0,0,,1.0,mastercard,87.0,0
314648,107.95,15,1,,0,,10.0,visa,87.0,0
314648,25.0,15,1,,0,,1.0,visa,87.0,0
314684,20.0,15,1,,0,60.0,5.0,visa,87.0,0
314691,100.0,15,1,,0,,1.0,mastercard,87.0,0
314698,20.0,15,1,,0,,157.0,visa,87.0,0
314712,49.0,15,1,12.0,0,,1.0,visa,87.0,0
314716,150.0,15,1,,0,,5.0,mastercard,87.0,0
314728,50.0,15,1,,0,,1.0,discover,87.0,0
314759,25.0,15,1,,0,,1.0,visa,87.0,0
314760,200.0,15,1,,0,,1.0,discover,87.0,0
314776,335.0,15,1,19.0,0,,5.0,mastercard,87.0,0
314795,100.0,15,1,,0,,1.0,visa,87.0,0
314817,43.97,15,1,3.0,0,,7.0,visa,87.0,0
314861,100.0,15,1,,0,,1.0,american express,87.0,0
314874,30.0,15,1,,0,,2.0,visa,87.0,0
314877,49.0,15,1,,0,,1.0,mastercard,87.0,0
314886,25.95,15,1,,0,,187.0,visa,87.0,0
314887,64.649,15,0,,0,,1.0,mastercard,,0
314947,10.922,15,0,,0,,2.0,visa,,0
314965,171.0,15,1,1.0,0,,5.0,mastercard,87.0,0
315008,70.691,15,0,,0,243.0,3.0,mastercard,,0
315076,41.0,15,1,,0,,2.0,visa,87.0,0
315080,350.0,15,1,,0,,2.0,discover,87.0,0
315093,49.0,15,1,0.0,0,,3.0,visa,87.0,0
315097,107.95,15,1,379.0,0,,130.0,visa,87.0,0
315113,43.97,15,1,3.0,0,,7.0,visa,87.0,0
315162,19.153,15,0,,0,1.0,2.0,visa,,0
315175,50.0,15,1,,0,,14.0,visa,87.0,0
315182,80.0,15,1,,0,,3.0,visa,87.0,0
315193,100.0,15,1,,0,,2.0,mastercard,87.0,0
315193,30.0,15,1,,0,,4.0,mastercard,87.0,0
315203,40.0,15,1,801.0,0,,2.0,mastercard,87.0,0
315233,112.99,15,1,,0,,1.0,visa,87.0,0
315241,15.0,15,1,,0,,1.0,mastercard,87.0,0
315243,100.0,15,1,,0,,1.0,mastercard,87.0,0
315264,70.691,15,0,,0,65.0,4.0,visa,,0
315275,107.95,15,1,6.0,0,,130.0,visa,87.0,0
315280,100.0,15,1,,0,,1.0,mastercard,87.0,0
315282,280.84,15,1,,0,,1.0,mastercard,87.0,0
315299,48.95,15,1,,0,,1.0,visa,87.0,0
315315,40.0,15,1,,0,,2.0,visa,87.0,0
315321,100.0,15,1,,0,,1.0,mastercard,87.0,0
315333,100.0,15,1,,0,,1.0,visa,87.0,0
315336,12.084,15,0,,0,,1.0,visa,,0
315343,23.443,15,0,,0,,1.0,mastercard,,0
315354,35.95,15,1,35.0,0,,2.0,visa,87.0,0
315371,50.0,15,1,,0,,1.0,visa,87.0,0
315379,54.0,15,1,1.0,0,,1.0,mastercard,87.0,0
315380,100.0,15,1,8.0,0,,6.0,visa,87.0,0
315431,100.0,15,1,,0,,2.0,visa,87.0,0
315465,50.0,15,1,,0,,1.0,visa,87.0,0
315476,150.0,15,1,,0,0.0,1.0,visa,87.0,0
315565,50.0,15,1,,0,,1.0,visa,87.0,0
315578,60.0,15,1,,0,,1.0,visa,87.0,0
315578,108.95,15,1,11.0,0,,1.0,mastercard,87.0,0
315608,29.0,15,1,43.0,0,,2.0,visa,87.0,0
315664,60.42,15,0,,0,,1.0,visa,,0
315664,50.0,15,1,,0,,1.0,visa,87.0,0
315666,171.0,15,1,,0,,2.0,mastercard,87.0,1
315690,20.0,15,1,,0,,1.0,mastercard,87.0,0
315755,50.0,15,1,,0,,1.0,visa,87.0,0
315785,50.0,15,1,,0,,1.0,mastercard,87.0,0
315799,100.0,15,1,,0,,1.0,american express,87.0,0
315803,81.023,15,0,,0,,1.0,visa,,0
315843,159.95,15,1,5.0,0,,1.0,mastercard,87.0,0
315946,226.0,15,1,40.0,0,,2.0,visa,87.0,0
315962,80.0,15,1,2.0,0,,1.0,mastercard,87.0,0
315963,171.0,15,1,0.0,0,,2.0,visa,87.0,0
315982,39.0,15,1,429.0,0,,1.0,visa,87.0,0
316006,25.0,15,1,,0,,1.0,visa,87.0,0
316011,39.0,15,1,307.0,0,,2.0,visa,87.0,0
316026,50.0,15,1,14.0,0,,1.0,visa,87.0,0
316048,150.0,15,1,,0,7.0,1.0,mastercard,87.0,0
316048,20.0,15,1,,0,,3.0,mastercard,87.0,0
316070,200.0,15,1,,0,,1.0,american express,87.0,0
316130,11.702,15,0,,0,0.0,2.0,visa,,0
316161,112.99,15,1,,0,,1.0,mastercard,87.0,0
316191,200.0,15,1,,0,,1.0,visa,87.0,0
316231,117.0,15,1,4.0,0,,5.0,visa,87.0,0
316241,58.95,15,1,2.0,0,,42.0,visa,87.0,0
316245,100.0,15,1,,0,,2.0,visa,87.0,0
316285,49.0,15,1,,0,,1.0,visa,87.0,0
316340,32.385,15,0,,0,,4.0,mastercard,,0
316358,24.5,15,1,114.0,0,,1.0,mastercard,87.0,0
316365,100.0,15,1,,0,,1.0,mastercard,87.0,0
316393,50.0,15,1,,0,,1.0,visa,87.0,0
316431,54.5,15,1,14.0,0,,1.0,visa,87.0,0
316441,57.95,15,1,8.0,0,,3.0,visa,87.0,0
316457,50.0,15,1,,0,,2.0,visa,87.0,0
316458,59.0,15,1,0.0,0,,2.0,mastercard,87.0,0
316483,104.0,15,1,,0,,1.0,visa,87.0,0
316487,146.0,15,1,9.0,0,,2.0,mastercard,87.0,0
316496,317.5,15,1,17.0,0,,1.0,visa,87.0,0
316514,50.0,15,1,,0,,1.0,visa,87.0,0
316556,25.0,15,1,,0,,1.0,mastercard,87.0,0
316589,40.0,15,1,,0,,1.0,mastercard,87.0,0
316595,42.95,15,1,,0,,3.0,visa,87.0,0
316601,15.0,15,1,,0,,3.0,visa,87.0,0
316636,54.5,15,1,14.0,0,,1.0,visa,87.0,0
316637,59.0,15,1,951.0,0,,1.0,mastercard,87.0,0
316658,650.0,15,1,,0,,1.0,mastercard,87.0,0
316699,107.95,15,1,,0,,2.0,visa,87.0,0
316704,311.95,15,1,4.0,0,,107.0,visa,87.0,0
316728,28.0,15,1,,0,,6.0,mastercard,87.0,0
316732,15.95,15,1,7.0,0,,10.0,mastercard,87.0,0
316767,107.95,15,1,1.0,0,,4.0,mastercard,87.0,0
316783,40.0,15,1,,0,,2.0,visa,87.0,0
316789,335.0,15,1,7.0,0,,2.0,visa,87.0,0
316794,49.0,15,1,,0,,1.0,visa,87.0,0
316824,59.0,16,1,33.0,0,,1.0,visa,87.0,0
316827,78.5,16,1,,0,,1.0,visa,87.0,0
316842,119.95,16,1,,0,,1.0,visa,87.0,0
316879,250.0,16,1,,0,28.0,1.0,american express,87.0,0
316883,27.31,16,0,,0,35.0,1.0,visa,,0
316907,50.0,16,1,,0,,1.0,mastercard,87.0,0
316939,50.0,16,1,13.0,0,,1.0,mastercard,87.0,0
316950,12.822,16,0,,0,0.0,2.0,visa,,0
316966,25.95,16,1,0.0,0,,1.0,mastercard,87.0,0
316975,200.0,16,1,,0,,5.0,mastercard,87.0,0
317008,70.0,16,1,,0,,1.0,mastercard,87.0,0
317021,200.0,16,1,,0,,1.0,visa,87.0,0
317051,59.0,16,1,,0,,1.0,visa,87.0,0
317066,50.0,16,1,,0,,3.0,mastercard,87.0,0
317070,134.95,16,1,5.0,0,,3.0,visa,87.0,0
317106,60.0,16,1,,0,,2.0,visa,87.0,0
317117,65.0,16,1,,0,,1.0,visa,87.0,0
317122,54.5,16,1,,0,,6.0,visa,87.0,0
317152,107.95,16,1,2.0,0,,125.0,visa,87.0,0
317154,87.0,16,1,,0,,1.0,visa,87.0,0
317187,5.0,16,1,,0,,2.0,discover,87.0,0
317195,100.0,16,1,,0,,1.0,visa,87.0,0
317222,19.95,16,1,,0,,2.0,mastercard,87.0,0
317231,120.0,16,1,,0,,1.0,visa,87.0,0
317245,75.0,16,1,,0,,1.0,visa,87.0,0
317256,107.95,16,1,7.0,0,,10.0,visa,87.0,0
317261,34.0,16,1,,0,,1.0,visa,87.0,0
317299,108.95,16,1,3.0,0,,2.0,visa,87.0,0
317306,157.95,16,1,12.0,0,,5.0,mastercard,87.0,0
317316,82.95,16,1,2.0,0,,109.0,visa,87.0,0
317317,250.0,16,1,,0,,1.0,visa,87.0,0
317323,50.0,16,1,,0,,1.0,visa,87.0,0
317361,25.0,16,1,,0,,9.0,visa,87.0,0
317374,65.0,16,1,6.0,0,,5.0,visa,87.0,0
317390,171.0,16,1,,0,,1.0,visa,87.0,0
317414,400.0,16,1,,0,,1.0,visa,87.0,0
317416,20.0,16,1,,0,,8.0,visa,87.0,0
317416,10.0,16,1,,0,,2.0,mastercard,87.0,0
317466,66.95,16,1,0.0,0,,1.0,visa,87.0,0
317538,57.0,16,1,,0,,3.0,visa,87.0,0
317561,29.0,16,1,1.0,0,,1.0,visa,87.0,0
317614,77.0,16,1,2.0,0,,120.0,visa,87.0,0
317642,40.0,16,1,4.0,0,,7.0,visa,87.0,0
317649,50.0,16,1,,0,,1.0,mastercard,87.0,0
317667,100.0,16,1,,0,,7.0,mastercard,87.0,0
317674,36.0,16,1,1722.0,0,,2.0,visa,87.0,0
317685,30.633,16,0,,0,,1.0,mastercard,,0
317688,40.0,16,1,,0,,2.0,visa,87.0,0
317727,554.0,16,1,6.0,0,,3.0,visa,87.0,0
317734,100.0,16,1,,0,,2.0,mastercard,87.0,0
317735,14.26,16,0,,0,,4.0,mastercard,,0
317750,150.0,16,1,,0,,1.0,visa,87.0,0
317768,107.95,16,1,,0,,1.0,visa,87.0,0
317774,68.516,16,0,,0,,1.0,visa,,0
317778,171.0,16,1,,0,,1.0,mastercard,87.0,0
317779,35.0,16,1,,0,,4.0,visa,87.0,0
317782,300.0,16,1,,0,,1.0,visa,87.0,1
317788,50.0,16,1,,0,,1.0,american express,87.0,0
317814,59.0,16,1,12.0,0,,1.0,visa,87.0,0
317826,107.95,16,1,2.0,0,,117.0,visa,87.0,0
317839,300.0,16,1,,0,,2.0,visa,87.0,1
317865,75.0,16,1,,0,,1.0,visa,87.0,0
317891,107.0,16,1,,0,,1.0,mastercard,87.0,0
317898,108.5,16,1,,0,,1.0,visa,87.0,0
317910,117.0,16,1,,0,,4.0,visa,87.0,0
317918,159.95,16,1,2.0,0,,4.0,visa,87.0,0
317967,311.95,16,1,3.0,0,,4.0,mastercard,87.0,0
318054,82.95,16,1,,0,,10.0,visa,87.0,0
318072,25.0,16,1,,0,,2.0,mastercard,87.0,0
318085,50.0,16,1,,0,,1.0,visa,87.0,0
318087,50.0,16,1,,0,,1.0,mastercard,87.0,0
318107,102.714,16,0,,0,,1.0,visa,,0
318126,20.0,16,1,,0,,1.0,mastercard,87.0,1
318127,30.0,16,1,,0,,1.0,discover,87.0,0
318139,14.138,16,0,,0,30.0,3.0,visa,,0
318141,25.95,16,1,0.0,0,,1.0,mastercard,87.0,0
318145,33.05,16,0,,0,,2.0,visa,,0
318219,30.0,16,1,,0,,1.0,visa,87.0,0
318229,27.95,16,1,5.0,0,,1.0,mastercard,87.0,0
318249,150.0,16,1,,0,,3.0,mastercard,87.0,1
318284,150.0,16,1,,0,1.0,1.0,mastercard,87.0,0
318326,311.95,16,1,,0,,1.0,visa,87.0,0
318347,77.0,16,1,126.0,0,,1.0,visa,87.0,0
318361,250.0,16,1,,0,,3.0,visa,87.0,0
318365,33.05,16,0,,0,,1.0,visa,,0
318379,56.048,16,0,,0,,1.0,visa,,0
318393,209.95,16,1,5.0,0,,1.0,visa,87.0,0
318397,25.95,16,1,,0,,1.0,mastercard,87.0,0
318430,49.0,16,1,,0,,1.0,visa,87.0,0
318460,97.0,16,1,,0,,1.0,visa,87.0,0
318466,25.0,16,1,,0,,3.0,visa,87.0,0
318497,75.0,16,1,,0,,4.0,visa,87.0,1
318497,51.0,16,1,,0,,1.0,american express,87.0,0
318511,57.95,16,1,,0,,5.0,visa,87.0,0
318513,33.05,16,0,,0,,1.0,visa,,0
318524,50.0,16,1,,0,,1.0,visa,87.0,0
318553,100.0,16,1,,0,,1.0,visa,87.0,0
318559,44.0,16,1,169.0,0,,1.0,mastercard,87.0,0
318585,15.226,16,0,,0,0.0,1.0,mastercard,,0
318624,50.0,16,1,,0,,1.0,visa,87.0,0
318633,30.0,16,1,,0,,1.0,american express,87.0,0
318707,20.0,16,1,,0,,1.0,visa,87.0,0
318725,49.0,16,1,801.0,0,,2.0,visa,87.0,0
318729,25.0,16,1,,0,,1.0,visa,87.0,0
318740,59.0,16,1,,0,,1.0,mastercard,87.0,0
318748,311.95,16,1,8.0,0,,3.0,mastercard,87.0,0
318781,107.95,16,1,3.0,0,,116.0,visa,87.0,0
318807,42.596,16,0,,0,,1.0,mastercard,,0
318817,268.0,16,1,9.0,0,,3.0,visa,87.0,0
318862,151.0,16,1,,0,,10.0,visa,87.0,0
318873,29.0,16,1,,0,,1.0,visa,87.0,0
318942,97.0,16,1,,0,,1.0,mastercard,87.0,0
318983,50.0,16,1,,0,,1.0,mastercard,87.0,0
318992,110.0,16,1,,0,,4.0,visa,87.0,0
319002,30.0,16,1,,0,,3.0,mastercard,87.0,0
319030,25.0,16,1,,0,,1.0,visa,87.0,0
319042,34.0,16,1,,0,,4.0,mastercard,87.0,0
319044,49.0,16,1,5.0,0,,3.0,visa,87.0,0
319064,113.95,16,1,8.0,0,,70.0,visa,87.0,0
319122,50.0,16,1,,0,,1.0,visa,87.0,1
319124,554.0,16,1,,0,,3.0,visa,87.0,0
319133,11.359,16,0,,0,,1.0,visa,,0
319137,171.0,16,1,10.0,0,,1.0,mastercard,87.0,0
319147,75.0,16,1,,0,,3.0,visa,87.0,0
319168,97.0,16,1,,0,,2.0,visa,87.0,0
319174,50.0,16,1,,0,,1.0,visa,87.0,0
319203,63.924,16,0,,0,,2.0,visa,,0
319210,59.0,16,1,8.0,0,,1.0,mastercard,87.0,0
319213,107.95,16,1,,0,,2.0,mastercard,87.0,0
319255,25.0,16,1,6.0,0,,2.0,visa,87.0,0
319271,112.99,16,1,24.0,0,,1.0,visa,87.0,0
319301,10.0,16,1,,0,,6.0,visa,87.0,0
319302,49.0,16,1,,0,,2.0,mastercard,87.0,0
319347,100.0,16,1,,0,,1.0,visa,87.0,0
319355,40.0,16,1,,0,,1.0,visa,87.0,0
319355,150.0,16,1,,0,,1.0,visa,87.0,1
319363,25.0,16,1,,0,,1.0,visa,87.0,0
319375,35.587,16,0,,0,1.0,5.0,mastercard,,0
319450,20.0,16,1,,0,,80.0,mastercard,87.0,0
319492,200.0,16,1,,0,,1.0,visa,87.0,0
319497,117.0,16,1,18.0,0,,4.0,visa,87.0,0
319518,40.0,16,1,18.0,0,,10.0,mastercard,87.0,0
319520,40.0,16,1,,0,,1.0,mastercard,87.0,0
319522,100.0,16,1,1.0,0,,2.0,visa,87.0,0
319534,20.0,16,1,,0,,5.0,visa,87.0,0
319541,209.95,16,1,7.0,0,,2.0,visa,87.0,0
319551,53.97,16,1,,0,,1.0,mastercard,87.0,0
319554,50.0,16,1,,0,,1.0,visa,87.0,0
319587,117.0,16,1,,0,,1.0,mastercard,87.0,0
319594,100.0,16,1,,0,,1.0,visa,87.0,0
319609,77.0,16,1,2.0,0,,120.0,visa,87.0,0
319679,200.0,16,1,,0,,1.0,visa,87.0,0
319679,150.0,16,1,,0,,2.0,discover,87.0,1
319715,48.487,16,0,,0,,1.0,visa,,0
319720,226.0,16,1,,0,,1.0,visa,87.0,0
319721,108.95,16,1,,0,,1.0,visa,87.0,0
319749,40.0,16,1,,0,,1.0,visa,87.0,0
319750,335.0,16,1,20.0,0,,76.0,visa,87.0,0
319756,59.0,16,1,,0,,2.0,discover,87.0,0
319765,10.95,16,1,7.0,0,,94.0,mastercard,87.0,0
319767,100.0,16,1,,0,,115.0,mastercard,87.0,0
319787,59.0,16,1,,0,,1.0,visa,87.0,0
319805,50.0,16,1,,0,2.0,1.0,mastercard,87.0,0
319836,117.0,16,1,3.0,0,,5.0,mastercard,87.0,0
319850,25.0,16,1,,0,,1.0,visa,87.0,0
319891,33.534,16,0,,0,,4.0,mastercard,,1
319897,25.0,16,1,,0,,1.0,visa,87.0,0
319897,250.0,16,1,,0,,4.0,visa,87.0,0
319923,77.0,16,1,194.0,0,,1.0,visa,87.0,0
319931,35.95,16,1,1357.0,0,,1.0,visa,87.0,0
319938,40.0,16,1,,0,,1.0,mastercard,87.0,0
319988,100.0,16,1,5.0,0,,95.0,visa,87.0,0
319992,134.95,16,1,,0,,1.0,visa,87.0,0
319996,100.0,16,1,,0,,1.0,visa,87.0,0
320001,117.0,16,1,2.0,0,,1.0,mastercard,87.0,0
320008,51.5,16,1,10.0,0,,1.0,mastercard,87.0,0
320009,100.0,16,1,,0,,1.0,visa,87.0,0
320028,58.95,16,1,,0,,3.0,visa,87.0,0
320051,50.0,16,1,,0,,3.0,mastercard,87.0,0
320060,33.534,16,0,,0,,5.0,visa,,1
320175,171.0,16,1,,0,,1.0,visa,87.0,0
320195,311.95,16,1,,0,,6.0,mastercard,87.0,0
320197,50.0,16,1,,0,,1.0,american express,87.0,0
320203,57.95,16,1,1.0,0,,1.0,visa,87.0,0
320236,31.37,16,1,,0,,2.0,visa,87.0,0
320240,50.0,16,1,,0,,1.0,mastercard,87.0,0
320249,161.0,16,1,,0,,1.0,visa,87.0,0
320252,117.0,16,1,,0,,1.0,visa,87.0,0
320278,59.0,16,1,,0,,1.0,visa,87.0,0
320333,82.95,16,1,9.0,0,,2.0,visa,87.0,0
320338,48.487,16,0,,0,,1.0,visa,,0
320350,50.0,16,1,,0,,1.0,discover,87.0,0
320357,33.534,16,0,,0,,5.0,visa,,1
320375,400.0,16,1,,0,,2.0,visa,87.0,0
320414,67.97,17,1,2.0,0,,1.0,mastercard,87.0,0
320417,48.487,17,0,,0,,1.0,visa,,0
320421,57.95,17,1,3.0,0,,6.0,mastercard,87.0,0
320432,151.0,17,1,,0,,10.0,visa,87.0,0
320434,8.157,17,0,,0,,1.0,visa,,0
320451,50.0,17,1,,0,,3.0,visa,87.0,0
320456,206.0,17,1,,0,,1.0,mastercard,87.0,0
320474,108.95,17,1,,0,,2.0,mastercard,87.0,0
320476,30.0,17,1,,0,,4.0,mastercard,87.0,0
320482,33.534,17,0,,0,,6.0,mastercard,,1
320490,50.0,17,1,,0,,3.0,mastercard,87.0,0
320516,171.0,17,1,6.0,0,,1.0,visa,87.0,0
320519,14.501,17,0,,0,,3.0,visa,,0
320527,159.95,17,1,,0,,1.0,visa,87.0,0
320528,50.0,17,1,5.0,0,,1.0,visa,87.0,0
320556,59.0,17,1,11.0,0,,1.0,visa,87.0,0
320566,500.0,17,1,,0,,3.0,visa,87.0,0
320583,50.0,17,1,,0,,1.0,discover,87.0,0
320588,200.0,17,1,,0,,1.0,mastercard,87.0,0
320603,80.0,17,1,,0,,3.0,visa,87.0,0
320638,48.487,17,0,,0,,2.0,mastercard,,0
320644,26.31,17,1,1328.0,0,,4.0,mastercard,87.0,0
320664,150.0,17,1,,0,,3.0,visa,87.0,0
320690,59.0,17,1,,0,,1.0,mastercard,87.0,0
320698,50.0,17,1,,0,,1.0,visa,87.0,0
320700,24.0,17,1,24.0,0,,1.0,mastercard,87.0,0
320707,274.71,17,1,,0,,2.0,mastercard,87.0,0
320721,124.97,17,1,,0,,5.0,visa,87.0,0
320745,57.95,17,1,,0,,8.0,visa,87.0,0
320784,100.0,17,1,,0,,1.0,mastercard,87.0,0
320791,554.0,17,1,1.0,0,,3.0,visa,87.0,0
320836,100.0,17,1,,0,,1.0,mastercard,87.0,0
320862,49.0,17,1,,0,,3.0,visa,87.0,0
320894,15.0,17,1,,0,,1.0,visa,87.0,0
320909,29.0,17,1,9.0,0,,1.0,visa,87.0,0
320911,71.658,17,0,,0,,1.0,visa,,0
320914,25.95,17,1,,0,,2.0,visa,87.0,0
320924,40.0,17,1,,0,,1.0,visa,87.0,0
320936,117.0,17,1,0.0,0,,3.0,mastercard,87.0,1
320946,102.97,17,1,2.0,0,,187.0,visa,87.0,0
320980,57.95,17,1,2.0,0,,1.0,visa,87.0,0
320988,100.0,17,1,,0,,2.0,visa,87.0,0
321033,28.397,17,0,,0,,3.0,visa,,0
321037,25.0,17,1,,0,,1.0,visa,87.0,0
321041,40.0,17,1,713.0,0,,1.0,mastercard,87.0,0
321043,10.0,17,1,,0,,1.0,mastercard,87.0,0
321063,117.0,17,1,8.0,0,,1.0,visa,87.0,0
321080,117.0,17,1,,0,,1.0,visa,87.0,0
321089,107.95,17,1,,0,,2.0,visa,87.0,0
321109,40.5,17,1,801.0,0,,2.0,visa,87.0,0
321120,100.0,17,1,,0,,1.0,visa,87.0,0
321125,43.95,17,1,10.0,0,,2.0,visa,87.0,0
321205,15.709,17,0,,0,,1.0,mastercard,,0
321276,59.0,17,1,,0,,1.0,visa,87.0,0
321289,59.0,17,1,,0,,1.0,visa,87.0,0
321338,50.0,17,1,,0,,2.0,visa,87.0,0
321383,40.0,17,1,,0,,1.0,mastercard,87.0,0
321403,33.473,17,0,,0,,3.0,visa,,0
321436,11.722,17,0,,0,0.0,2.0,visa,,0
321448,100.0,17,1,,0,,1.0,visa,87.0,0
321448,100.0,17,1,,0,,1.0,visa,87.0,0
321512,25.95,17,1,2.0,0,,5.0,mastercard,87.0,0
321574,25.256,17,0,,0,,1.0,mastercard,,0
321606,50.0,17,1,,0,,1.0,visa,87.0,0
321624,25.0,17,1,,0,,1.0,visa,87.0,0
321635,31.95,17,1,1.0,0,,1.0,visa,87.0,0
321641,280.0,17,1,1.0,0,,3.0,visa,87.0,0
321659,44.0,17,1,1.0,0,,1.0,mastercard,87.0,0
321707,100.0,17,1,,0,,1.0,visa,87.0,0
321709,100.0,17,1,2.0,0,,2.0,visa,87.0,0
321749,107.95,17,1,28.0,0,,1.0,visa,87.0,0
321755,100.0,17,1,,0,,1.0,visa,87.0,0
321762,1296.23,17,1,,0,,1.0,visa,87.0,0
321784,200.0,17,1,,0,,1.0,visa,87.0,0
321784,55.95,17,1,,0,,8.0,visa,87.0,0
321787,50.0,17,1,8.0,0,,9.0,visa,87.0,0
321852,150.0,17,1,,0,,1.0,visa,87.0,0
321853,335.0,17,1,,0,,1.0,mastercard,87.0,1
321930,50.0,17,1,,0,,1.0,visa,87.0,0
321937,40.0,17,1,,0,,1.0,visa,87.0,0
321946,50.0,17,1,,0,,3.0,visa,87.0,0
321962,60.0,17,1,,0,,2.0,visa,87.0,0
322012,47.95,17,1,,0,,3.0,visa,87.0,0
322026,171.0,17,1,,0,,2.0,mastercard,87.0,0
322040,50.0,17,1,26.0,0,,2.0,mastercard,87.0,0
322041,107.95,17,1,,0,,1.0,mastercard,87.0,0
322050,11.722,17,0,,0,0.0,2.0,visa,,0
322087,130.5,17,1,,0,,1.0,visa,87.0,0
322097,67.95,17,1,4.0,0,,1.0,visa,87.0,0
322107,100.0,17,1,,0,,1.0,visa,87.0,0
322142,75.0,17,1,,0,,1.0,visa,87.0,0
322154,159.95,17,1,6.0,0,,2.0,visa,87.0,0
322160,59.0,17,1,1654.0,0,,4.0,visa,87.0,0
322188,30.0,17,1,322.0,0,,4.0,visa,87.0,0
322212,125.0,17,1,,0,,2.0,visa,87.0,0
322231,150.0,17,1,,0,123.0,1.0,visa,87.0,0
322232,59.0,17,1,,0,,4.0,visa,87.0,0
322260,108.5,17,1,,0,,1.0,mastercard,87.0,0
322266,50.0,17,1,,0,,1.0,visa,87.0,0
322270,90.0,17,1,,0,,1.0,visa,87.0,0
322335,200.0,17,1,,0,,3.0,mastercard,87.0,0
322380,54.5,17,1,,0,,1.0,visa,87.0,0
322398,335.0,17,1,40.0,0,,18.0,visa,87.0,0
322411,100.0,17,1,,0,,1.0,mastercard,87.0,0
322419,100.0,17,1,,0,,1.0,visa,87.0,0
322445,130.95,17,1,,0,,2.0,mastercard,87.0,0
322458,42.95,17,1,254.0,0,,80.0,visa,87.0,0
322476,107.0,17,1,15.0,0,,1.0,visa,87.0,0
322562,50.0,17,1,,0,,1.0,visa,87.0,0
322597,150.0,17,1,,0,,1.0,visa,87.0,0
322600,49.0,17,1,0.0,0,,1.0,visa,87.0,0
322622,136.99,17,1,,0,,1.0,visa,87.0,0
322625,59.95,17,1,,0,,2.0,visa,87.0,0
322640,107.95,17,1,,0,,21.0,visa,87.0,0
322642,30.95,17,1,15.0,0,,29.0,mastercard,87.0,0
322645,199.44,17,1,5.0,0,,2.0,visa,87.0,0
322666,88.0,17,1,1518.0,0,,4.0,visa,87.0,0
322672,150.0,17,1,,0,,1.0,american express,96.0,0
322703,554.0,17,1,2.0,0,,1.0,visa,87.0,0
322704,82.95,17,1,2388.0,0,,4.0,visa,87.0,0
322713,50.0,17,1,,0,,1.0,mastercard,87.0,0
322726,75.0,17,1,30.0,0,,4.0,visa,87.0,0
322729,25.95,17,1,4.0,0,,103.0,visa,87.0,0
322746,200.0,17,1,,0,,2.0,visa,87.0,0
322763,150.0,17,1,,0,,1.0,mastercard,87.0,0
322773,31.418,17,0,,0,,2.0,mastercard,,0
322776,30.0,17,1,,0,,6.0,visa,87.0,0
322777,124.95,17,1,,0,,7.0,visa,87.0,0
322790,100.0,17,1,,0,,1.0,visa,87.0,0
322803,34.0,17,1,1.0,0,,1.0,visa,87.0,0
322808,98.5,17,1,,0,,1.0,visa,87.0,0
322812,554.0,17,1,,0,,1.0,visa,87.0,0
322824,100.0,17,1,,0,,1.0,mastercard,87.0,0
322859,49.0,17,1,0.0,0,,1.0,visa,87.0,0
322928,90.0,17,1,,0,,7.0,visa,87.0,0
322931,50.0,17,1,,0,,1.0,mastercard,87.0,0
323046,72.5,17,1,,0,,1.0,visa,87.0,0
323058,171.0,17,1,,0,,1.0,visa,87.0,0
323064,700.0,17,1,,0,,2.0,visa,87.0,0
323090,58.95,17,1,1.0,0,,1.0,mastercard,87.0,0
323092,50.0,17,1,,0,,1.0,visa,87.0,0
323094,250.0,17,1,,0,,3.0,visa,87.0,0
323120,50.0,17,1,,0,,2.0,visa,87.0,0
323135,72.95,17,1,,0,,1.0,visa,87.0,0
323147,100.0,17,1,,0,,738.0,visa,87.0,0
323164,53.95,17,1,22.0,0,,6.0,visa,87.0,0
323164,117.0,17,1,2.0,0,,5.0,visa,87.0,0
323166,95.0,17,1,,0,,1.0,mastercard,87.0,0
323175,29.0,17,1,,0,,1.0,visa,87.0,0
323193,100.0,17,1,,0,,1.0,visa,87.0,0
323215,20.0,17,1,,0,,1.0,mastercard,87.0,0
323222,35.0,17,1,,0,,2.0,visa,87.0,0
323249,332.95,17,1,8.0,0,,4.0,visa,87.0,0
323250,25.0,17,1,,0,,1.0,visa,87.0,0
323255,74.075,17,0,,0,,1.0,visa,,0
323278,25.0,17,1,,0,,1.0,visa,87.0,0
323293,300.0,17,1,,0,,14.0,discover,87.0,0
323311,118.19,17,1,,0,,1.0,visa,87.0,0
323364,117.0,17,1,24.0,0,,2.0,visa,87.0,0
323365,100.0,17,1,,0,,3.0,visa,87.0,0
323374,40.0,17,1,,0,,1.0,visa,87.0,0
323422,125.0,17,1,,0,,1.0,mastercard,87.0,0
323429,29.0,17,1,,0,,1.0,visa,87.0,0
323429,59.0,17,1,,0,,1.0,visa,87.0,0
323434,100.0,17,1,,0,,2.0,visa,87.0,0
323452,30.0,17,1,,0,,13.0,mastercard,87.0,0
323461,50.0,17,1,,0,,1.0,visa,87.0,0
323463,131.0,17,1,136.0,0,,88.0,visa,87.0,0
323464,108.5,17,1,,0,,1.0,visa,87.0,0
323467,34.0,17,1,4.0,0,,1.0,visa,87.0,0
323483,300.0,17,1,,0,,2.0,visa,87.0,0
323506,100.0,17,1,,0,6.0,2.0,american express,87.0,0
323513,57.95,17,1,,0,,184.0,visa,87.0,0
323513,50.0,17,1,,0,,1.0,mastercard,87.0,0
323517,100.0,17,1,,0,,1.0,visa,87.0,0
323529,20.0,17,1,,0,,1.0,visa,87.0,0
323604,117.0,17,1,6.0,0,,3.0,visa,87.0,0
323605,12.205,17,0,,0,,1.0,visa,,0
323605,200.0,17,1,,0,,1.0,visa,87.0,0
323642,103.97,17,1,4.0,0,,1.0,visa,87.0,0
323656,411.95,17,1,2.0,0,,2.0,mastercard,87.0,0
323683,100.0,17,1,,0,,1.0,visa,87.0,0
323720,335.0,17,1,169.0,0,,2.0,visa,87.0,0
323748,280.0,17,1,,0,,1.0,mastercard,87.0,0
323754,117.0,17,1,6.0,0,,3.0,visa,87.0,0
323789,100.0,17,1,,0,,1.0,visa,87.0,0
323792,161.0,17,1,,0,,1.0,mastercard,87.0,0
323802,50.0,17,1,,0,,1.0,mastercard,87.0,0
323802,75.0,17,1,,0,,1.0,visa,87.0,0
323803,300.0,17,1,,0,,1.0,mastercard,87.0,0
323880,335.0,17,1,534.0,0,,2.0,mastercard,87.0,0
323893,30.0,17,1,,0,,13.0,mastercard,87.0,0
323894,59.0,17,1,,0,,1.0,mastercard,87.0,0
323916,50.0,17,1,,0,,1.0,mastercard,87.0,0
323922,117.0,17,1,0.0,0,,3.0,visa,87.0,0
323923,54.0,17,1,13.0,0,,7.0,visa,87.0,0
323948,171.0,17,1,,0,,1.0,visa,87.0,0
323950,50.0,17,1,,0,,1.0,mastercard,87.0,0
323950,117.0,17,1,6.0,0,,3.0,visa,87.0,0
323955,78.5,17,1,5.0,0,,2.0,visa,87.0,0
323973,390.0,17,1,,0,,2.0,visa,87.0,0
323974,30.0,17,1,,0,,2.0,visa,87.0,0
323990,500.0,17,1,,0,,3.0,visa,87.0,0
323991,250.0,17,1,3.0,0,,1.0,visa,87.0,0
323997,107.95,17,1,2.0,0,,3.0,mastercard,87.0,0
324029,51.95,18,1,7.0,0,,2.0,visa,87.0,0
324060,75.0,18,1,,0,,7.0,visa,87.0,0
324063,200.0,18,1,,0,,2.0,visa,87.0,0
324067,57.95,18,1,1.0,0,,6.0,visa,87.0,0
324070,50.0,18,1,,0,,1.0,visa,87.0,0
324087,25.0,18,1,,0,,1.0,visa,87.0,0
324108,49.0,18,1,1.0,0,,3.0,mastercard,87.0,1
324118,39.0,18,1,0.0,0,,13.0,mastercard,87.0,0
324136,75.0,18,1,,0,,1.0,visa,87.0,0
324171,30.0,18,1,,0,,2.0,mastercard,87.0,0
324175,107.95,18,1,1.0,0,,2.0,mastercard,87.0,0
324186,29.0,18,1,,0,,1.0,mastercard,87.0,0
324190,105.95,18,1,15.0,0,,2.0,mastercard,87.0,0
324192,50.0,18,1,,0,,1.0,american express,87.0,0
324200,125.0,18,1,24.0,0,,2.0,mastercard,87.0,0
324219,554.0,18,1,,0,,3.0,visa,87.0,0
324259,57.943,18,0,,0,,2.0,visa,,0
324269,100.0,18,1,,0,,1.0,visa,87.0,0
324303,50.0,18,1,,0,,1.0,visa,87.0,0
324337,55.0,18,1,,0,,52.0,visa,87.0,0
324339,100.0,18,1,,0,,1.0,mastercard,87.0,0
324342,67.95,18,1,2388.0,0,,4.0,visa,87.0,0
324379,200.0,18,1,,0,,1.0,visa,87.0,0
324394,39.5,18,1,,0,,1.0,visa,87.0,0
324410,982.0,18,1,5.0,0,,49.0,visa,87.0,1
324416,30.0,18,1,,0,,4.0,mastercard,87.0,0
324418,89.18,18,1,1.0,0,,7.0,visa,87.0,0
324449,335.0,18,1,,0,,2.0,visa,87.0,0
324472,17.703,18,0,,0,,1.0,visa,,0
324490,59.0,18,1,,0,,1.0,mastercard,87.0,0
324527,281.79,18,1,336.0,0,,3.0,visa,87.0,0
324545,226.0,18,1,,0,,2.0,visa,87.0,0
324549,54.5,18,1,,0,,1.0,mastercard,87.0,0
324576,25.0,18,1,,0,,1.0,visa,87.0,0
324591,88.0,18,1,,0,,4.0,visa,87.0,0
324597,20.0,18,1,,0,,6.0,visa,87.0,0
324611,171.0,18,1,,0,,1.0,visa,87.0,0
324613,445.0,18,1,7.0,0,,1.0,visa,87.0,0
324623,50.0,18,1,,0,,1.0,mastercard,87.0,0
324632,26.95,18,1,107.0,0,,1.0,mastercard,87.0,0
324633,92.0,18,1,431.0,0,,1.0,visa,87.0,0
324633,226.0,18,1,16.0,0,,1.0,visa,87.0,0
324637,30.0,18,1,,0,3.0,2.0,mastercard,87.0,0
324654,59.0,18,1,7.0,0,,1.0,visa,87.0,0
324654,150.0,18,1,,0,,1.0,mastercard,87.0,0
324659,250.0,18,1,,0,,1.0,mastercard,87.0,0
324685,77.0,18,1,11.0,0,,4.0,visa,87.0,0
324701,60.0,18,1,,0,,3.0,visa,87.0,0
324727,40.0,18,1,,0,,12.0,mastercard,87.0,0
324732,250.0,18,1,,0,,2.0,mastercard,87.0,0
324760,30.0,18,1,,0,,1.0,visa,87.0,0
324774,49.0,18,1,,0,,1.0,visa,87.0,0
324790,117.0,18,1,,0,,3.0,visa,87.0,0
324794,130.95,18,1,2.0,0,,15.0,visa,87.0,0
324800,50.0,18,1,,0,,1.0,visa,87.0,0
324804,50.0,18,1,,0,,1.0,mastercard,87.0,0
324906,59.0,18,1,,0,,1.0,mastercard,87.0,0
324911,50.0,18,1,,0,,1.0,visa,87.0,0
324929,40.0,18,1,,0,,1.0,visa,87.0,0
324949,48.95,18,1,1.0,0,,4.0,mastercard,87.0,0
324953,35.0,18,1,,0,,1.0,american express,87.0,0
324961,171.0,18,1,303.0,0,,2.0,visa,87.0,0
324972,40.0,18,1,,0,,2.0,mastercard,87.0,0
324978,67.95,18,1,,0,,2.0,mastercard,87.0,0
325030,100.0,18,1,,0,,1.0,visa,87.0,0
325036,200.0,18,1,,0,,3.0,visa,87.0,0
325039,20.0,18,1,,0,,1.0,visa,87.0,0
325049,84.95,18,1,,0,,2.0,visa,87.0,0
325068,100.0,18,1,,0,,1.0,mastercard,87.0,0
325101,50.0,18,1,,0,,1.0,visa,87.0,0
325101,50.0,18,1,,0,,1.0,mastercard,87.0,0
325112,20.0,18,1,,0,,1.0,mastercard,87.0,0
325116,44.711,18,0,,0,,1.0,mastercard,,0
325157,209.95,18,1,22.0,0,,1.0,visa,87.0,0
325167,32.627,18,0,,0,,1.0,visa,,0
325176,62.95,18,1,,0,,3.0,mastercard,87.0,0
325184,35.0,18,1,,0,,1.0,mastercard,87.0,0
325186,66.95,18,1,,0,,3.0,visa,87.0,0
325218,50.0,18,1,,0,,1.0,visa,87.0,0
325231,200.0,18,1,,0,,1.0,visa,87.0,0
325239,49.0,18,1,564.0,0,,2.0,mastercard,87.0,0
325252,20.0,18,1,,0,,2.0,visa,87.0,0
325269,25.95,18,1,,0,,1.0,visa,87.0,0
325269,20.664,18,0,,0,7.0,2.0,mastercard,,0
325275,40.0,18,1,,0,,8.0,visa,87.0,0
325275,100.0,18,1,,0,,1.0,visa,87.0,0
325290,50.0,18,1,,0,,1.0,visa,87.0,0
325306,98.5,18,1,,0,,1.0,mastercard,87.0,0
325317,84.06,18,1,1.0,0,,7.0,visa,87.0,0
325342,50.0,18,1,,0,,1.0,visa,87.0,0
325352,55.0,18,1,4.0,0,,8.0,visa,87.0,0
325380,98.95,18,1,,0,,1.0,visa,87.0,0
325400,100.0,18,1,,0,,1.0,mastercard,87.0,0
325403,20.664,18,0,,0,7.0,3.0,mastercard,,0
325450,30.95,18,1,13.0,0,,5.0,visa,87.0,0
325451,117.0,18,1,23.0,0,,4.0,visa,87.0,0
325520,113.95,18,1,,0,,4.0,visa,87.0,0
325536,201.0,18,1,5.0,0,,4.0,visa,87.0,0
325539,59.0,18,1,,0,,2.0,visa,87.0,0
325574,57.95,18,1,935.0,0,,1.0,mastercard,87.0,0
325574,200.0,18,1,,0,,1.0,visa,87.0,0
325587,200.0,18,1,,0,,7.0,mastercard,87.0,0
325593,31.95,18,1,,0,,1.0,mastercard,87.0,0
325599,150.0,18,1,23.0,0,,2.0,visa,87.0,0
325601,171.0,18,1,983.0,0,,1.0,visa,87.0,0
325603,160.95,18,1,4.0,0,,10.0,visa,87.0,0
325611,160.0,18,1,56.0,0,,2.0,visa,87.0,0
325616,45.0,18,1,,0,,1.0,mastercard,87.0,0
325626,59.0,18,1,137.0,0,,4.0,visa,87.0,0
325653,15.0,18,1,2136.0,0,,3.0,visa,87.0,0
325662,160.5,18,1,,0,,1.0,visa,87.0,0
325687,50.0,18,1,,0,,1.0,visa,87.0,0
325698,49.0,18,1,0.0,0,,1.0,mastercard,87.0,0
325707,59.0,18,1,,0,,1.0,visa,87.0,0
325737,100.0,18,1,19.0,0,,107.0,mastercard,87.0,0
325740,107.95,18,1,0.0,0,,1.0,visa,87.0,0
325784,87.0,18,1,28.0,0,,3.0,visa,87.0,0
325820,226.0,18,1,0.0,0,,7.0,mastercard,87.0,0
325832,50.0,18,1,,0,,2.0,visa,87.0,0
325853,53.97,18,1,10.0,0,,14.0,visa,87.0,0
325857,92.443,18,0,,0,,1.0,mastercard,,0
325866,35.95,18,1,5.0,0,,3.0,visa,87.0,0
325876,150.0,18,1,,0,,4.0,visa,87.0,0
325894,120.0,18,1,,0,,2.0,mastercard,87.0,0
325906,57.95,18,1,10.0,0,,6.0,visa,87.0,0
325947,59.0,18,1,,0,,1.0,visa,87.0,1
325955,59.0,18,1,1.0,0,,3.0,mastercard,87.0,0
325956,60.0,18,1,,0,,2.0,visa,87.0,0
325980,50.0,18,1,,0,,1.0,mastercard,87.0,0
326016,117.0,18,1,137.0,0,,3.0,visa,87.0,0
326054,68.5,18,1,,0,,1.0,visa,87.0,0
326067,35.95,18,1,44.0,0,,1.0,mastercard,87.0,0
326087,34.0,18,1,,0,,1.0,visa,87.0,0
326125,30.75,18,1,1.0,0,,2.0,visa,87.0,1
326130,27.0,18,1,36.0,0,,1.0,visa,87.0,0
326161,340.0,18,1,,0,,3.0,mastercard,87.0,0
326206,300.0,18,1,,0,,1.0,visa,87.0,0
326217,59.0,18,1,916.0,0,,2.0,visa,87.0,0
326219,15.226,18,0,,0,,1.0,visa,,0
326229,77.95,18,1,44.0,0,,2.0,visa,87.0,0
326230,50.0,18,1,55.0,0,,1.0,visa,87.0,0
326277,25.95,18,1,0.0,0,,1.0,mastercard,87.0,0
326280,20.0,18,1,,0,,13.0,mastercard,87.0,0
326307,107.95,18,1,2.0,0,,239.0,visa,87.0,0
326313,150.0,18,1,,0,,1.0,visa,87.0,0
326316,50.0,18,1,,0,,1.0,american express,87.0,0
326319,55.0,18,1,,0,,1.0,visa,87.0,0
326346,72.202,18,0,,0,,1.0,mastercard,,0
326351,335.0,18,1,7.0,0,,1.0,visa,87.0,0
326353,200.0,18,1,,0,,2.0,visa,87.0,0
326388,171.0,18,1,,0,,2.0,visa,87.0,0
326417,92.0,18,1,,0,,239.0,visa,87.0,0
326455,130.5,18,1,,0,,1.0,visa,87.0,0
326467,100.0,18,1,,0,,1.0,visa,87.0,0
326470,45.0,18,1,,0,,9.0,visa,87.0,0
326476,82.95,18,1,2.0,0,,3.0,mastercard,87.0,0
326481,112.95,18,1,4.0,0,,212.0,visa,87.0,0
326494,159.95,18,1,14.0,0,,5.0,visa,87.0,0
326502,100.0,18,1,,0,,5.0,visa,87.0,0
326521,34.0,18,1,,0,,2.0,visa,87.0,0
326524,50.0,18,1,,0,,1.0,visa,87.0,0
326540,50.0,18,1,,0,,30.0,visa,87.0,0
326589,9.305,18,0,,0,,1.0,mastercard,,0
326608,40.0,18,1,8.0,0,,3.0,visa,87.0,0
326620,50.0,18,1,,0,,1.0,visa,87.0,0
326637,40.0,18,1,,0,,1.0,visa,87.0,0
326639,117.0,18,1,,0,,1.0,mastercard,87.0,0
326660,107.95,18,1,,0,,5.0,visa,87.0,0
326664,135.0,18,1,,0,,2.0,visa,87.0,0
326665,50.0,18,1,,0,,5.0,visa,87.0,0
326669,78.95,18,1,,0,,5.0,visa,87.0,0
326682,50.0,18,1,,0,,1.0,american express,87.0,0
326711,44.0,18,1,4.0,0,,2.0,visa,87.0,0
326733,75.0,18,1,,0,,1.0,mastercard,87.0,0
326766,99.693,18,0,,0,,1.0,mastercard,,0
326778,25.0,18,1,,0,,1.0,visa,87.0,0
326783,59.0,18,1,,0,,1.0,visa,87.0,0
326787,30.0,18,1,,0,,1.0,visa,87.0,0
326797,100.0,18,1,,0,,1.0,visa,87.0,0
326837,36.01,18,0,,0,,1.0,mastercard,,0
326858,181.99,18,1,3.0,0,,120.0,visa,87.0,0
326882,88.0,18,1,6.0,0,,2.0,visa,87.0,0
326903,87.0,18,1,,0,,1.0,visa,87.0,0
326909,800.0,18,1,,0,,6.0,visa,87.0,0
326929,50.0,18,1,,0,,1.0,mastercard,87.0,0
326929,100.0,18,1,,0,,1.0,visa,87.0,0
326958,210.55,18,1,1.0,0,,1.0,visa,87.0,0
326978,311.95,18,1,3.0,0,,4.0,visa,87.0,0
327023,57.95,18,1,10.0,0,,3.0,mastercard,87.0,0
327045,39.998,18,0,,0,,1.0,visa,,0
327059,161.0,18,1,,0,,1.0,visa,87.0,1
327062,100.95,18,1,1842.0,0,,1.0,visa,87.0,0
327072,50.0,18,1,,0,,1.0,visa,87.0,0
327073,34.0,18,1,322.0,0,,1.0,visa,87.0,0
327080,25.0,18,1,,0,,1.0,visa,87.0,0
327096,100.0,18,1,,0,,1.0,mastercard,87.0,0
327154,50.0,18,1,,0,,3.0,mastercard,87.0,0
327165,440.0,18,1,26.0,0,,1.0,mastercard,87.0,0
327166,209.95,18,1,,0,,1.0,visa,87.0,0
327190,92.0,18,1,0.0,0,,2.0,mastercard,87.0,0
327294,35.0,18,1,,0,,1.0,mastercard,87.0,0
327312,335.0,18,1,999.0,0,,6.0,visa,87.0,1
327328,150.0,18,1,,0,,1.0,visa,87.0,0
327333,50.0,18,1,,0,,1.0,mastercard,87.0,0
327371,311.95,18,1,8.0,0,,6.0,visa,87.0,0
327399,50.0,18,1,,0,,1.0,american express,87.0,0
327424,31.0,18,1,2.0,0,,2.0,mastercard,87.0,0
327429,169.95,18,1,,0,,4.0,visa,87.0,0
327430,75.0,18,1,,0,,1.0,mastercard,87.0,0
327457,10.996,18,0,,0,,1.0,mastercard,,0
327486,25.95,18,1,,0,,3.0,visa,87.0,0
327487,35.0,18,1,,0,,2.0,mastercard,87.0,0
327496,47.95,18,1,0.0,0,,2.0,visa,87.0,0
327500,50.0,18,1,,0,,1.0,visa,87.0,0
327503,35.95,18,1,,0,,3.0,mastercard,87.0,0
327513,107.95,18,1,,0,,5.0,visa,87.0,0
327543,35.95,18,1,,0,,2.0,visa,87.0,0
327595,311.95,18,1,8.0,0,,6.0,visa,87.0,0
327639,35.0,19,1,,0,,1.0,visa,87.0,0
327642,50.0,19,1,,0,,1.0,visa,87.0,0
327643,59.0,19,1,26.0,0,,52.0,visa,87.0,0
327652,54.5,19,1,,0,,1.0,visa,87.0,0
327694,150.0,19,1,,0,,1.0,visa,87.0,0
327707,42.95,19,1,17.0,0,,6.0,mastercard,87.0,0
327707,57.95,19,1,3.0,0,,3.0,visa,87.0,0
327732,209.95,19,1,,0,,2.0,visa,87.0,0
327733,25.0,19,1,,0,,2.0,visa,87.0,0
327763,169.95,19,1,5.0,0,,24.0,visa,87.0,0
327773,25.0,19,1,,0,,1.0,visa,87.0,0
327781,100.0,19,1,,0,,8.0,visa,87.0,0
327786,39.0,19,1,,0,,2.0,visa,87.0,0
327797,50.0,19,1,,0,,1.0,american express,87.0,0
327798,40.0,19,1,,0,,2.0,visa,87.0,0
327799,80.95,19,1,,0,,2.0,mastercard,87.0,0
327802,50.0,19,1,,0,,1.0,mastercard,87.0,0
327810,159.95,19,1,28.0,0,,7.0,visa,87.0,0
327823,25.0,19,1,2.0,0,,1.0,visa,87.0,0
327833,50.0,19,1,,0,,1.0,mastercard,87.0,0
327840,335.0,19,1,,0,,166.0,visa,87.0,0
327851,117.0,19,1,9.0,0,,1.0,visa,87.0,0
327852,100.0,19,1,,0,,96.0,visa,87.0,0
327873,60.0,19,1,,0,,9.0,visa,87.0,0
327924,20.0,19,1,,0,,7.0,mastercard,87.0,0
327939,25.981,19,0,,0,,1.0,visa,,0
327941,108.95,19,1,4.0,0,,1.0,visa,87.0,0
327955,20.0,19,1,,0,,1.0,visa,87.0,0
327956,134.95,19,1,,0,,7.0,visa,87.0,0
327956,117.0,19,1,29.0,0,,1.0,mastercard,87.0,0
327964,100.0,19,1,,0,,1.0,visa,87.0,0
327967,100.0,19,1,,0,,739.0,visa,87.0,0
327976,50.0,19,1,,0,,1.0,visa,87.0,0
328046,29.0,19,1,8.0,0,,5.0,visa,87.0,0
328049,86.099,19,0,,0,226.0,1.0,visa,,0
328050,80.0,19,1,,0,,3.0,visa,87.0,0
328085,59.0,19,1,14.0,0,,2.0,visa,87.0,0
328092,150.0,19,1,,0,,1.0,visa,87.0,0
328099,49.0,19,1,33.0,0,,1.0,mastercard,87.0,0
328104,209.95,19,1,,0,,1.0,visa,87.0,0
328105,50.0,19,1,,0,,3.0,visa,87.0,0
328118,260.0,19,1,,0,,1.0,visa,87.0,0
328121,15.0,19,1,,0,,1.0,visa,87.0,0
328123,120.0,19,1,5.0,0,,2.0,mastercard,87.0,0
328131,210.95,19,1,9.0,0,,1.0,visa,87.0,0
328137,500.0,19,1,,0,,1.0,american express,87.0,0
328170,10.151,19,0,,0,,1.0,visa,,0
328173,500.0,19,1,,0,,1.0,american express,87.0,0
328174,250.0,19,1,,0,,2.0,visa,87.0,0
328183,105.0,19,1,,0,,1.0,visa,87.0,0
328194,30.0,19,1,,0,,1.0,visa,87.0,0
328194,500.0,19,1,,0,,1.0,american express,87.0,0
328197,30.0,19,1,,0,,1.0,mastercard,87.0,0
328232,57.95,19,1,38.0,0,,4.0,visa,87.0,0
328265,100.0,19,1,,0,,1.0,mastercard,87.0,0
328268,500.0,19,1,,0,,1.0,american express,87.0,0
328270,26.95,19,1,,0,,4.0,visa,87.0,0
328290,59.0,19,1,5.0,0,,2.0,mastercard,87.0,0
328318,171.0,19,1,5.0,0,,1.0,visa,87.0,0
328365,70.0,19,1,,0,,1.0,visa,87.0,0
328366,39.0,19,1,6.0,0,,1.0,mastercard,87.0,0
328382,100.0,19,1,,0,,1.0,mastercard,87.0,0
328383,209.95,19,1,9.0,0,,16.0,visa,87.0,0
328431,107.95,19,1,14.0,0,,3.0,mastercard,87.0,0
328441,117.0,19,1,,0,,2.0,mastercard,87.0,1
328445,40.0,19,1,,0,,3.0,mastercard,87.0,0
328445,100.0,19,1,,0,,2.0,visa,87.0,0
328461,59.0,19,1,26.0,0,,52.0,visa,87.0,0
328485,53.97,19,1,5.0,0,,7.0,mastercard,87.0,0
328489,24.772,19,0,,0,226.0,1.0,visa,,0
328495,50.0,19,1,,0,,1.0,mastercard,87.0,0
328504,54.5,19,1,,0,,1.0,visa,87.0,0
328510,64.529,19,0,,0,,1.0,mastercard,,0
328530,34.0,19,1,,0,,2.0,visa,87.0,0
328532,184.95,19,1,,0,,127.0,visa,87.0,0
328560,100.0,19,1,,0,,1.0,visa,87.0,0
328582,100.0,19,1,,0,,739.0,visa,87.0,0
328586,390.0,19,1,29.0,0,,1.0,mastercard,87.0,0
328617,333.41,19,1,1111.0,0,,1.0,mastercard,87.0,0
328628,35.0,19,1,,0,,1.0,visa,87.0,0
328647,100.0,19,1,,0,,3.0,visa,87.0,0
328662,117.0,19,1,,0,,1.0,mastercard,87.0,0
328669,85.796,19,0,,0,,1.0,visa,,0
328678,13.051,19,0,,0,,4.0,visa,,1
328685,25.0,19,1,,0,,1.0,mastercard,87.0,0
328686,200.0,19,1,,0,,2.0,visa,87.0,0
328694,75.0,19,1,,0,,1.0,visa,87.0,0
328694,160.0,19,1,,0,,1.0,mastercard,87.0,0
328695,49.0,19,1,4.0,0,,3.0,mastercard,87.0,0
328697,54.0,19,1,,0,,1.0,mastercard,87.0,0
328706,500.0,19,1,,0,,1.0,american express,87.0,0
328740,150.0,19,1,,0,,3.0,discover,87.0,0
328747,108.5,19,1,,0,,1.0,mastercard,87.0,0
328776,15.709,19,0,,0,,9.0,visa,,0
328787,200.0,19,1,,0,,1.0,discover,87.0,0
328803,209.95,19,1,6.0,0,,1.0,visa,87.0,0
328811,117.0,19,1,12.0,0,,3.0,visa,87.0,0
328816,339.95,19,1,,0,,1.0,visa,87.0,0
328828,25.0,19,1,,0,,7.0,visa,87.0,0
328836,600.0,19,1,,0,,2.0,mastercard,87.0,0
328837,200.0,19,1,,0,,1.0,discover,87.0,0
328848,107.95,19,1,3.0,0,,97.0,visa,87.0,0
328887,2793.95,19,1,,0,,1.0,visa,87.0,0
328892,40.0,19,1,,0,,2.0,visa,87.0,0
328899,27.0,19,1,11.0,0,,3.0,visa,87.0,0
328913,38.97,19,1,12.0,0,,7.0,visa,87.0,0
328927,34.5,19,1,,0,,2.0,visa,87.0,0
328934,108.95,19,1,,0,,1.0,visa,87.0,0
328964,59.0,19,1,,0,,1.0,mastercard,87.0,0
328985,150.0,19,1,,0,,7.0,mastercard,87.0,0
328998,46.282,19,0,,0,,1.0,visa,,0
329012,500.0,19,1,,0,,2.0,visa,87.0,0
329016,50.0,19,1,,0,,1.0,visa,87.0,0
329055,50.0,19,1,,0,,1.0,visa,87.0,0
329056,150.0,19,1,,0,,1.0,visa,87.0,0
329079,47.95,19,1,15.0,0,,5.0,visa,87.0,0
329082,65.254,19,0,,0,,1.0,visa,,1
329083,179.95,19,1,,0,,3.0,mastercard,87.0,0
329092,36.95,19,1,,0,,1.0,mastercard,87.0,0
329110,30.0,19,1,0.0,0,,3.0,mastercard,87.0,0
329114,20.0,19,1,50.0,0,,1.0,visa,87.0,0
329144,65.254,19,0,,0,,2.0,mastercard,,1
329147,57.95,19,1,42.0,0,,1.0,visa,87.0,0
329150,20.0,19,1,23.0,0,,6.0,visa,87.0,0
329150,39.0,19,1,,0,,1.0,visa,87.0,0
329190,72.99,19,1,3.0,0,,2.0,visa,87.0,0
329206,57.95,19,1,1.0,0,,2.0,visa,87.0,0
329223,50.0,19,1,,0,,1.0,visa,87.0,0
329241,100.0,19,1,,0,,1.0,mastercard,87.0,0
329245,57.95,19,1,0.0,0,,1.0,visa,87.0,0
329257,300.0,19,1,,0,,1.0,visa,87.0,0
329258,50.0,19,1,,0,,4.0,visa,87.0,0
329261,300.0,19,1,,0,,1.0,mastercard,87.0,0
329274,390.0,19,1,,0,,1.0,mastercard,87.0,0
329282,250.0,19,1,,0,,1.0,visa,87.0,0
329293,108.5,19,1,,0,,1.0,mastercard,87.0,0
329319,400.0,19,1,,0,,2.0,visa,87.0,0
329322,62.595,19,0,,0,1.0,1.0,visa,,0
329324,50.0,19,1,,0,,1.0,visa,87.0,0
329370,335.0,19,1,,0,,3.0,mastercard,87.0,0
329379,25.0,19,1,,0,,1.0,mastercard,87.0,0
329391,171.0,19,1,13.0,0,,2.0,visa,87.0,0
329394,65.254,19,0,,0,,3.0,mastercard,,1
329408,335.0,19,1,15.0,0,,1.0,visa,87.0,0
329440,50.0,19,1,,0,,1.0,visa,87.0,0
329446,50.0,19,1,,0,,3.0,mastercard,87.0,0
329446,59.0,19,1,124.0,0,,1.0,mastercard,87.0,0
329460,2376.13,19,1,509.0,0,,1.0,mastercard,87.0,0
329465,150.0,19,1,,0,,1.0,american express,87.0,0
329477,29.0,19,1,,0,,1.0,mastercard,87.0,0
329497,226.0,19,1,,0,,1.0,visa,87.0,0
329504,100.0,19,1,,0,,1.0,visa,87.0,0
329527,300.0,19,1,,0,,2.0,mastercard,87.0,0
329538,50.0,19,1,,0,,1.0,visa,87.0,0
329549,117.0,19,1,,0,,1.0,visa,87.0,0
329557,59.0,19,1,10.0,0,,7.0,mastercard,87.0,0
329575,10.0,19,1,23.0,0,,6.0,visa,87.0,0
329578,30.0,19,1,64.0,0,,3.0,mastercard,87.0,0
329612,44.409,19,0,,0,,1.0,visa,,0
329631,125.0,19,1,,0,,1.0,visa,87.0,0
329655,30.0,19,1,,0,,1.0,visa,87.0,0
329655,55.0,19,1,,0,,1.0,mastercard,87.0,0
329656,29.243,19,0,,0,,1.0,mastercard,,0
329673,30.0,19,1,,0,,1.0,visa,87.0,0
329701,25.0,19,1,,0,,1.0,visa,87.0,0
329705,30.95,19,1,,0,,4.0,visa,87.0,0
329719,100.0,19,1,,0,,3.0,visa,87.0,0
329742,25.0,19,1,,0,,1.0,mastercard,87.0,0
329743,47.0,19,1,,0,,2.0,visa,87.0,0
329746,50.0,19,1,,0,,9.0,visa,87.0,0
329789,107.95,19,1,4.0,0,,2.0,visa,87.0,0
329811,20.0,19,1,,0,,8.0,mastercard,87.0,0
329853,90.0,19,1,1214.0,0,,3.0,mastercard,87.0,0
329861,10.0,19,1,,0,,1.0,mastercard,87.0,0
329904,58.95,19,1,,0,,2.0,visa,87.0,0
329907,100.0,19,1,,0,,1.0,visa,87.0,0
329913,61.95,19,1,,0,,2.0,visa,87.0,0
329919,97.0,19,1,,0,,4.0,visa,87.0,0
329922,50.0,19,1,,0,,1.0,visa,87.0,0
329944,225.0,19,1,,0,,1.0,visa,87.0,0
329953,511.95,19,1,3.0,0,,5.0,mastercard,87.0,0
329959,57.95,19,1,739.0,0,,1.0,visa,87.0,0
329986,60.0,19,1,,0,,1.0,mastercard,87.0,0
329992,75.0,19,1,,0,,6.0,mastercard,87.0,0
330000,150.0,19,1,,0,,1.0,visa,87.0,0
330020,100.0,19,1,,0,,2.0,visa,87.0,0
330038,45.0,19,1,,0,,3.0,visa,87.0,1
330038,20.0,19,1,,0,,1.0,visa,87.0,0
330050,25.0,19,1,,0,,1.0,mastercard,87.0,0
330062,82.95,19,1,7.0,0,,1.0,visa,87.0,0
330072,57.95,19,1,,0,,4.0,mastercard,87.0,0
330078,25.0,19,1,,0,,1.0,mastercard,87.0,0
330176,47.95,19,1,15.0,0,,5.0,visa,87.0,0
330188,50.0,19,1,,0,,1.0,visa,87.0,0
330227,39.0,19,1,6.0,0,,1.0,visa,87.0,0
330231,88.95,19,1,1.0,0,,2.0,mastercard,87.0,0
330232,57.95,19,1,,0,,1.0,visa,87.0,0
330239,126.882,19,0,,0,,2.0,visa,,0
330242,117.0,19,1,0.0,0,,1.0,visa,87.0,0
330244,54.0,19,1,48.0,0,,3.0,visa,87.0,1
330245,25.95,19,1,,0,,1.0,mastercard,87.0,0
330246,50.0,19,1,,0,,1.0,visa,87.0,0
330287,32.97,19,1,71.0,0,,2.0,mastercard,87.0,0
330301,50.0,19,1,,0,,1.0,mastercard,87.0,0
330309,102.95,19,1,3.0,0,,2.0,visa,87.0,0
330317,117.0,19,1,4.0,0,,1.0,mastercard,87.0,0
330318,14.26,19,0,,0,,4.0,mastercard,,0
330335,226.0,19,1,11.0,0,,2.0,visa,87.0,0
330350,34.0,19,1,12.0,0,,1.0,mastercard,87.0,0
330359,49.95,19,1,,0,,1.0,visa,87.0,0
330360,35.95,19,1,3.0,0,,4.0,visa,87.0,0
330385,88.95,19,1,,0,,2.0,mastercard,87.0,0
330396,59.0,19,1,3.0,0,,2.0,mastercard,87.0,0
330407,90.0,19,1,,0,,3.0,visa,87.0,0
330421,30.95,19,1,,0,,4.0,mastercard,87.0,0
330423,150.0,19,1,,0,,3.0,mastercard,87.0,1
330463,201.0,19,1,,0,,1.0,mastercard,87.0,0
330519,57.52,19,0,,0,,1.0,mastercard,,0
330530,49.0,19,1,0.0,0,,1.0,mastercard,87.0,0
330533,49.0,19,1,1039.0,0,,2.0,mastercard,87.0,0
330558,117.0,19,1,516.0,0,,1.0,visa,87.0,0
330591,280.0,19,1,69.0,0,,2.0,visa,87.0,0
330600,100.0,19,1,,0,,4.0,visa,87.0,0
330610,117.0,19,1,,0,,1.0,visa,87.0,0
330623,117.0,19,1,,0,,5.0,visa,87.0,0
330649,49.0,19,1,,0,,1.0,visa,87.0,0
330680,14.26,19,0,,0,,1.0,visa,,0
330684,75.0,19,1,,0,,1.0,mastercard,87.0,0
330685,50.0,19,1,,0,,1.0,mastercard,87.0,0
330688,82.95,19,1,10.0,0,,1.0,visa,87.0,0
330695,68.5,19,1,7.0,0,,1.0,mastercard,87.0,0
330738,171.0,19,1,0.0,0,,3.0,visa,87.0,1
330779,200.0,19,1,,0,,1.0,visa,87.0,0
330782,226.0,19,1,1.0,0,,6.0,visa,87.0,0
330782,10.0,19,1,,0,161.0,5.0,visa,87.0,0
330792,50.0,19,1,,0,,1.0,mastercard,87.0,0
330797,75.0,19,1,,0,,1.0,mastercard,87.0,0
330840,107.95,19,1,933.0,0,,2.0,visa,87.0,0
330847,11.299,19,0,,0,,2.0,visa,,0
330852,39.0,19,1,41.0,0,,3.0,visa,87.0,1
330859,30.0,19,1,,0,,1.0,mastercard,87.0,0
330887,100.0,19,1,,0,,1.0,mastercard,87.0,0
330888,36.95,19,1,0.0,0,,176.0,visa,87.0,0
330913,50.0,19,1,,0,,1.0,visa,87.0,0
330925,40.0,19,1,,0,,113.0,visa,87.0,0
330958,40.0,19,1,,0,,1.0,mastercard,87.0,0
330960,154.071,19,0,,0,,5.0,mastercard,,0
330961,25.95,19,1,0.0,0,,2.0,visa,87.0,0
330982,300.0,19,1,,0,,1.0,visa,87.0,0
331005,100.0,19,1,,0,,1.0,visa,87.0,0
331015,29.0,19,1,,0,,1.0,mastercard,87.0,0
331031,103.97,19,1,1.0,0,,1.0,visa,87.0,0
331049,149.95,19,1,16.0,0,,1.0,visa,87.0,0
331051,50.0,19,1,,0,,1.0,visa,87.0,0
331063,25.0,19,1,,0,,1.0,visa,87.0,0
331121,43.502,19,0,,0,,2.0,mastercard,,0
331125,55.95,19,1,,0,,4.0,visa,87.0,0
331137,13.292,19,0,,0,,1.0,visa,,0
331146,50.0,19,1,,0,,1.0,visa,87.0,0
331148,43.97,19,1,11.0,0,,2.0,mastercard,87.0,0
331162,50.0,19,1,,0,,1.0,mastercard,87.0,0
331201,54.5,20,1,2.0,0,,2.0,mastercard,87.0,0
331240,100.0,20,1,,0,,1.0,visa,87.0,0
331242,50.95,20,1,,0,,4.0,visa,87.0,0
331242,44.5,20,1,1.0,0,,1.0,mastercard,87.0,0
331253,34.0,20,1,1.0,0,,2.0,mastercard,87.0,0
331283,25.0,20,1,2.0,0,,4.0,visa,87.0,0
331288,90.0,20,1,,0,,1.0,visa,87.0,0
331308,335.0,20,1,,0,,1.0,mastercard,87.0,0
331331,50.0,20,1,,0,,1.0,visa,87.0,0
331365,27.552,20,0,,0,1.0,1.0,visa,,0
331385,188.0,20,1,2.0,0,,1.0,visa,87.0,0
331413,117.0,20,1,0.0,0,,2.0,mastercard,87.0,0
331433,21.95,20,1,,0,,7.0,visa,87.0,0
331459,103.97,20,1,,0,,1.0,mastercard,87.0,0
331472,58.95,20,1,,0,,4.0,visa,87.0,0
331476,250.0,20,1,,0,,13.0,visa,87.0,0
331485,36.95,20,1,34.0,0,,2.0,visa,87.0,0
331492,25.0,20,1,,0,,2.0,mastercard,87.0,0
331512,120.0,20,1,,0,,1.0,visa,87.0,0
331513,30.0,20,1,,0,,2.0,mastercard,87.0,0
331516,30.0,20,1,,0,,1.0,visa,87.0,0
331520,55.0,20,1,,0,,178.0,visa,87.0,0
331524,100.0,20,1,29.0,0,,3.0,mastercard,87.0,0
331590,55.95,20,1,,0,,2.0,visa,87.0,0
331599,226.0,20,1,0.0,0,,2.0,visa,87.0,0
331607,300.0,20,1,,0,,3.0,visa,87.0,0
331622,17.522,20,0,,0,,1.0,visa,,0
331644,151.0,20,1,,0,,1.0,visa,87.0,0
331670,97.0,20,1,,0,,1.0,mastercard,87.0,0
331715,35.95,20,1,,0,,4.0,mastercard,87.0,0
331749,107.95,20,1,,0,,3.0,mastercard,87.0,0
331759,800.0,20,1,,0,,2.0,mastercard,87.0,0
331806,100.0,20,1,,0,,1.0,visa,87.0,0
331816,100.0,20,1,,0,,1.0,visa,87.0,0
331832,20.0,20,1,,0,,2.0,visa,87.0,0
331843,34.5,20,1,1.0,0,,1.0,visa,87.0,0
331864,280.0,20,1,34.0,0,,1.0,visa,87.0,0
331866,100.0,20,1,,0,,1.0,visa,87.0,0
331893,129.95,20,1,,0,,2.0,visa,87.0,0
331917,154.071,20,0,,0,,5.0,mastercard,,0
331929,48.699,20,0,,0,1.0,1.0,visa,,0
331961,90.95,20,1,,0,,6.0,visa,87.0,0
331972,40.0,20,1,,0,30.0,4.0,mastercard,87.0,0
331984,40.0,20,1,,0,,10.0,mastercard,87.0,0
331988,159.95,20,1,6.0,0,,1.0,mastercard,87.0,0
332001,315.95,20,1,5.0,0,,2.0,visa,87.0,0
332044,650.0,20,1,,0,,2.0,visa,87.0,0
332045,37.037,20,0,,0,,1.0,visa,,0
332045,900.0,20,1,,0,,1.0,visa,87.0,0
332076,499.95,20,1,,0,,3.0,visa,87.0,0
332099,311.95,20,1,4.0,0,,2.0,visa,87.0,0
332119,150.0,20,1,,0,,1.0,visa,87.0,0
332143,1879.97,20,1,244.0,0,,1.0,visa,87.0,0
332158,59.0,20,1,,0,,2.0,mastercard,87.0,0
332162,117.0,20,1,11.0,0,,1.0,visa,87.0,0
332166,20.0,20,1,,0,,1.0,visa,87.0,0
332186,20.0,20,1,,0,,3.0,visa,87.0,0
332241,107.95,20,1,,0,,9.0,visa,87.0,0
332241,1014.0,20,1,606.0,0,,1.0,visa,87.0,0
332263,12.809,20,0,,0,,4.0,visa,,0
332281,59.0,20,1,,0,,2.0,mastercard,87.0,0
332291,100.0,20,1,,0,,1.0,visa,87.0,0
332296,49.0,20,1,,0,,10.0,mastercard,87.0,0
332317,100.0,20,1,,0,,3.0,visa,87.0,0
332349,100.0,20,1,,0,,1.0,visa,87.0,0
332352,50.0,20,1,24.0,0,,2.0,visa,87.0,0
332355,25.0,20,1,,0,,1.0,visa,87.0,0
332357,154.071,20,0,,0,,5.0,visa,,0
332366,26.95,20,1,6.0,0,,1.0,visa,87.0,0
332402,117.0,20,1,94.0,0,,1.0,visa,87.0,0
332407,100.0,20,1,,0,,1.0,visa,87.0,0
332414,10.0,20,1,,0,,4.0,visa,87.0,0
332435,78.95,20,1,8.0,0,,2.0,visa,87.0,0
332468,50.0,20,1,,0,,1.0,visa,87.0,0
332483,6.405,20,0,,0,,4.0,visa,,0
332499,117.0,20,1,16.0,0,,2.0,visa,87.0,0
332513,40.0,20,1,,0,,2.0,visa,87.0,0
332525,58.95,20,1,,0,,1.0,visa,87.0,0
332530,30.95,20,1,,0,,11.0,visa,87.0,0
332539,6.405,20,0,,0,,4.0,visa,,0
332543,40.0,20,1,,0,,1.0,mastercard,87.0,0
332548,25.0,20,1,,0,,1.0,visa,87.0,0
332559,99.693,20,0,,0,,1.0,mastercard,,0
332559,39.0,20,1,,0,,1.0,visa,87.0,0
332563,108.95,20,1,,0,,1.0,visa,87.0,0
332588,49.0,20,1,,0,,1.0,mastercard,87.0,0
332593,15.226,20,0,,0,1.0,1.0,visa,,0
332608,201.95,20,1,14.0,0,,2.0,visa,87.0,0
332610,100.0,20,1,,0,,203.0,visa,87.0,0
332626,129.97,20,1,7.0,0,,111.0,visa,87.0,0
332630,105.0,20,1,,0,,1.0,visa,87.0,0
332644,30.0,20,1,,0,,1.0,visa,87.0,0
332672,30.95,20,1,,0,,8.0,mastercard,87.0,0
332698,154.071,20,0,,0,,5.0,visa,,0
332726,29.0,20,1,,0,,2.0,mastercard,87.0,0
332735,59.0,20,1,,0,,1.0,mastercard,87.0,0
332745,77.0,20,1,23.0,0,,5.0,mastercard,87.0,0
332756,15.226,20,0,,0,1.0,1.0,visa,,0
332764,87.0,20,1,,0,,1.0,visa,87.0,0
332782,209.95,20,1,0.0,0,,5.0,visa,87.0,0
332787,108.95,20,1,3360.0,0,,3.0,visa,87.0,0
332842,37.037,20,0,,0,,2.0,mastercard,,0
332860,158.5,20,1,10.0,0,,1.0,mastercard,87.0,0
332862,100.0,20,1,,0,,1.0,visa,87.0,0
332891,17.764,20,0,,0,,1.0,mastercard,,0
332901,105.0,20,1,,0,,2.0,mastercard,87.0,0
332901,20.0,20,1,,0,,1.0,mastercard,87.0,0
332996,117.0,20,1,19.0,0,,1.0,visa,87.0,0
333007,150.0,20,1,,0,,6.0,visa,87.0,1
333018,206.0,20,1,,0,,2.0,visa,87.0,0
333024,225.0,20,1,,0,,6.0,mastercard,87.0,0
333026,58.95,20,1,6.0,0,,1.0,mastercard,87.0,0
333044,107.95,20,1,,0,,5.0,visa,87.0,0
333046,44.0,20,1,,0,,1.0,visa,87.0,0
333058,49.0,20,1,,0,,1.0,mastercard,87.0,0
333065,150.0,20,1,,0,,7.0,visa,87.0,1
333071,100.0,20,1,,0,,1.0,visa,87.0,0
333085,28.47,20,1,,0,,1.0,mastercard,87.0,0
333103,20.0,20,1,,0,,1.0,mastercard,87.0,0
333109,77.0,20,1,8.0,0,,1.0,visa,87.0,0
333169,30.95,20,1,3.0,0,,1.0,visa,87.0,0
333223,73.773,20,0,,0,,1.0,visa,,0
333241,16.555,20,0,,0,1.0,2.0,visa,,0
333300,92.0,20,1,7.0,0,,1.0,visa,87.0,0
333339,160.5,20,1,2.0,0,,1.0,visa,87.0,0
333345,100.0,20,1,,0,,2.0,mastercard,87.0,0
333349,35.95,20,1,,0,,1.0,visa,87.0,0
333355,117.0,20,1,11.0,0,,3.0,mastercard,87.0,0
333374,50.0,20,1,,0,,1.0,mastercard,87.0,0
333377,107.95,20,1,2388.0,0,,1.0,visa,87.0,0
333381,39.0,20,1,,0,,1.0,visa,87.0,0
333393,213.0,20,1,,0,,1.0,mastercard,87.0,0
333454,411.95,20,1,,0,,2.0,visa,87.0,0
333459,21.95,20,1,9.0,0,,2.0,mastercard,87.0,0
333477,67.95,20,1,,0,,3.0,mastercard,87.0,0
333487,200.0,20,1,,0,,1.0,mastercard,87.0,0
333516,25.95,20,1,4.0,0,,12.0,visa,87.0,0
333524,24.0,20,1,25.0,0,,1.0,visa,87.0,0
333526,59.0,20,1,8.0,0,,1.0,visa,87.0,0
333527,226.0,20,1,24.0,0,,2.0,mastercard,87.0,0
333563,60.0,20,1,,0,,5.0,visa,87.0,0
333566,34.0,20,1,426.0,0,,1.0,visa,87.0,0
333598,213.0,20,1,2173.0,0,,1.0,visa,87.0,0
333613,59.0,20,1,,0,,2.0,mastercard,87.0,0
333637,108.95,20,1,4.0,0,,2.0,visa,87.0,0
333657,59.0,20,1,1.0,0,,1.0,mastercard,87.0,0
333662,32.325,20,0,,0,,1.0,mastercard,,0
333684,75.0,20,1,,0,,3.0,mastercard,87.0,0
333700,50.0,20,1,,0,,1.0,visa,87.0,0
333712,226.0,20,1,,0,,3.0,discover,87.0,0
333730,36.95,20,1,,0,,4.0,visa,87.0,0
333740,36.95,20,1,,0,,1.0,mastercard,87.0,0
333757,63.95,20,1,1767.0,0,,1.0,mastercard,87.0,0
333764,25.0,20,1,,0,,1.0,visa,87.0,0
333765,100.0,20,1,,0,,1.0,mastercard,87.0,0
333790,107.95,20,1,8.0,0,,116.0,visa,87.0,0
333806,107.95,20,1,,0,,2.0,visa,87.0,0
333814,100.0,20,1,,0,,1.0,mastercard,87.0,0
333823,107.95,20,1,6.0,0,,139.0,visa,87.0,0
333834,700.0,20,1,,0,,1.0,visa,87.0,1
333911,59.0,20,1,,0,,1.0,visa,87.0,0
333935,360.0,20,1,,0,,1.0,visa,87.0,0
333959,75.0,20,1,,0,,1.0,visa,87.0,0
333960,50.0,20,1,,0,,1.0,american express,87.0,0
333966,92.0,20,1,,0,,3.0,mastercard,87.0,0
333976,100.0,20,1,,0,,127.0,visa,87.0,0
333998,107.95,20,1,4.0,0,,6.0,visa,87.0,0
334001,50.0,20,1,1.0,0,,2.0,visa,87.0,0
334017,22.0,20,1,,0,,1.0,mastercard,87.0,0
334029,92.0,20,1,,0,,3.0,visa,87.0,0
334045,25.0,20,1,,0,,1.0,discover,87.0,0
334067,35.95,20,1,32.0,0,,1.0,mastercard,87.0,0
334069,117.0,20,1,29.0,0,,3.0,mastercard,87.0,1
334077,107.95,20,1,,0,,139.0,visa,87.0,0
334086,226.0,20,1,11.0,0,,1.0,visa,87.0,0
334098,270.0,20,1,,0,,2.0,visa,87.0,0
334106,778.44,20,1,8.0,0,,1.0,visa,87.0,1
334111,29.002,20,0,,0,,1.0,visa,,0
334123,141.0,20,1,3.0,0,,1.0,visa,87.0,1
334133,62.95,20,1,4.0,0,,6.0,visa,87.0,0
334145,250.0,20,1,,0,,1.0,visa,87.0,0
334150,209.95,20,1,,0,,1.0,visa,87.0,0
334151,200.0,20,1,,0,,2.0,visa,87.0,0
334159,93.0,20,1,,0,,1.0,mastercard,87.0,0
334175,50.0,20,1,,0,,1.0,discover,87.0,0
334233,30.0,20,1,,0,191.0,10.0,visa,87.0,1
334239,44.0,20,1,13.0,0,,1.0,visa,87.0,0
334269,39.5,20,1,,0,,2.0,visa,87.0,0
334290,54.5,20,1,,0,,1.0,visa,87.0,0
334345,21.389,20,0,,0,,1.0,mastercard,,0
334355,100.0,20,1,,0,,1.0,visa,87.0,0
334397,664.0,20,1,,0,,2.0,visa,87.0,0
334420,335.0,20,1,1.0,0,,1.0,visa,87.0,0
334427,57.95,20,1,7.0,0,,1.0,visa,87.0,0
334432,50.0,20,1,,0,,1.0,visa,87.0,0
334436,108.5,20,1,,0,,1.0,visa,87.0,0
334482,47.95,20,1,3.0,0,,6.0,mastercard,87.0,0
334497,100.0,20,1,,0,,1.0,visa,87.0,0
334498,59.0,20,1,8.0,0,,1.0,mastercard,87.0,0
334531,50.0,20,1,,0,,1.0,american express,87.0,0
334533,100.0,20,1,,0,,1.0,visa,87.0,0
334542,31.0,20,1,1.0,0,,8.0,visa,87.0,0
334553,15.0,20,1,,0,228.0,8.0,visa,87.0,0
334563,50.0,20,1,,0,,2.0,mastercard,87.0,0
334603,55.0,20,1,11.0,0,,1.0,mastercard,87.0,0
334622,20.97,20,1,,0,,2.0,visa,87.0,0
334629,424.95,20,1,,0,,1.0,visa,87.0,0
334644,117.0,20,1,2.0,0,,1.0,visa,87.0,0
334649,100.0,20,1,,0,,1.0,visa,87.0,0
334652,48.699,20,0,,0,7.0,3.0,visa,,0
334652,75.0,20,1,,0,,1.0,visa,87.0,0
334683,36.5,20,1,,0,,1.0,mastercard,87.0,0
334690,632.0,20,1,1.0,0,,148.0,visa,87.0,0
334692,34.319,20,0,,0,11.0,1.0,mastercard,,0
334706,80.0,20,1,,0,,3.0,visa,87.0,0
334726,75.404,20,0,,0,322.0,1.0,visa,,0
334771,78.95,20,1,,0,,1.0,mastercard,87.0,0
334793,68.97,20,1,6.0,0,,150.0,visa,87.0,0
334800,20.0,21,1,,0,,3.0,visa,87.0,0
334813,280.0,21,1,,0,,2.0,visa,87.0,0
334822,49.0,21,1,,0,,3.0,visa,87.0,0
334828,25.618,21,0,,0,,1.0,mastercard,,0
334832,63.97,21,1,1.0,0,,1.0,visa,87.0,0
334860,92.0,21,1,4.0,0,,2.0,visa,87.0,0
334874,85.0,21,1,,0,,5.0,mastercard,87.0,0
334932,25.0,21,1,,0,,1.0,mastercard,87.0,0
334947,34.0,21,1,,0,,1.0,visa,87.0,0
334974,47.95,21,1,,0,,14.0,visa,87.0,1
334989,30.0,21,1,,0,,1.0,visa,87.0,0
334998,600.0,21,1,,0,,2.0,mastercard,87.0,0
335000,100.0,21,1,,0,,1.0,american express,87.0,0
335005,150.0,21,1,,0,,1.0,visa,87.0,0
335013,200.0,21,1,,0,,2.0,visa,87.0,0
335063,100.0,21,1,,0,,1.0,visa,87.0,0
335079,47.95,21,1,3.0,0,,7.0,mastercard,87.0,0
335172,100.0,21,1,,0,,1.0,visa,87.0,0
335204,107.95,21,1,,0,,8.0,mastercard,87.0,0
335225,25.0,21,1,,0,,1.0,mastercard,87.0,0
335234,47.95,21,1,,0,,7.0,mastercard,87.0,0
335293,15.0,21,1,,0,,1.0,mastercard,87.0,0
335297,100.0,21,1,,0,,2.0,mastercard,87.0,0
335303,41.0,21,1,,0,,1.0,mastercard,87.0,0
335334,78.5,21,1,,0,,1.0,visa,87.0,0
335345,100.0,21,1,,0,,2.0,mastercard,87.0,0
335360,46.95,21,1,3.0,0,,7.0,mastercard,87.0,0
335369,18.67,21,0,,0,,4.0,visa,,0
335421,982.0,21,1,5.0,0,,51.0,visa,87.0,1
335428,15.0,21,1,,0,,1.0,mastercard,87.0,0
335459,75.0,21,1,,0,,1.0,visa,87.0,0
335462,50.0,21,1,,0,,1.0,visa,87.0,0
335470,99.95,21,1,5.0,0,,1.0,visa,87.0,0
335484,115.0,21,1,,0,,1.0,visa,87.0,0
335547,35.0,21,1,,0,,1.0,visa,87.0,0
335571,59.0,21,1,,0,,1.0,visa,87.0,0
335593,34.0,21,1,,0,,2.0,visa,87.0,0
335599,108.5,21,1,,0,,175.0,visa,87.0,0
335640,25.0,21,1,,0,,1.0,visa,87.0,0
335673,15.0,21,1,,0,,1.0,american express,87.0,0
335694,226.0,21,1,71.0,0,,1.0,visa,87.0,0
335706,159.95,21,1,72.0,0,,92.0,visa,87.0,0
335711,100.0,21,1,,0,,3.0,mastercard,87.0,0
335713,81.627,21,0,,0,7.0,1.0,visa,,0
335721,265.0,21,1,61.0,0,,1.0,visa,87.0,0
335725,44.0,21,1,,0,,1.0,mastercard,87.0,0
335746,88.95,21,1,4.0,0,,2.0,visa,87.0,0
335759,30.95,21,1,,0,,1.0,visa,87.0,0
335761,200.0,21,1,,0,,1.0,mastercard,87.0,0
335785,109.0,21,1,941.0,0,,1.0,visa,87.0,0
335788,100.0,21,1,,0,,5.0,visa,87.0,0
335804,81.627,21,0,,0,7.0,1.0,visa,,0
335860,117.0,21,1,415.0,0,,1.0,visa,87.0,0
335884,50.0,21,1,,0,,1.0,mastercard,87.0,0
335905,50.0,21,1,,0,,1.0,mastercard,87.0,0
335925,150.0,21,1,,0,,2.0,mastercard,87.0,1
335939,117.0,21,1,,0,,1.0,visa,87.0,0
335956,100.0,21,1,,0,,1.0,visa,87.0,0
335989,77.0,21,1,0.0,0,,1.0,mastercard,87.0,0
336005,81.627,21,0,,0,7.0,1.0,visa,,0
336040,50.0,21,1,,0,,1.0,visa,87.0,0
336056,11.963,21,0,,0,,1.0,visa,,0
336118,35.95,21,1,1.0,0,,13.0,visa,87.0,0
336123,9.063,21,0,,0,,3.0,mastercard,,0
336128,50.0,21,1,,0,,1.0,american express,87.0,0
336129,50.0,21,1,,0,,1.0,visa,87.0,0
336141,85.796,21,0,,0,,1.0,mastercard,,0
336154,81.627,21,0,,0,7.0,2.0,visa,,0
336181,100.0,21,1,,0,,1.0,visa,87.0,0
336212,20.0,21,1,,0,,2.0,mastercard,87.0,0
336213,40.0,21,1,,0,,1.0,visa,87.0,0
336219,25.0,21,1,,0,98.0,1.0,american express,87.0,0
336223,300.0,21,1,,0,,2.0,visa,87.0,0
336237,50.0,21,1,,0,,1.0,visa,87.0,0
336269,57.95,21,1,,0,,2.0,visa,87.0,0
336271,75.0,21,1,,0,,1.0,visa,87.0,0
336295,159.95,21,1,2.0,0,,6.0,visa,87.0,0
336333,50.0,21,1,,0,,1.0,visa,87.0,0
336342,209.95,21,1,17.0,0,,1.0,mastercard,87.0,0
336345,40.0,21,1,,0,,6.0,visa,87.0,0
336356,29.0,21,1,,0,,1.0,mastercard,87.0,0
336366,50.0,21,1,,0,,2.0,mastercard,87.0,0
336370,50.0,21,1,,0,,1.0,visa,87.0,0
336402,54.5,21,1,917.0,0,,2.0,visa,87.0,0
336409,209.95,21,1,3.0,0,,4.0,visa,87.0,0
336414,40.0,21,1,6.0,0,,2.0,visa,87.0,0
336424,557.0,21,1,,0,,1.0,visa,87.0,0
336444,80.0,21,1,,0,,1.0,visa,87.0,0
336482,59.0,21,1,8.0,0,,3.0,visa,87.0,0
336482,58.95,21,1,1.0,0,,1.0,mastercard,87.0,0
336482,55.0,21,1,,0,,89.0,mastercard,87.0,0
336483,80.0,21,1,,0,,1.0,visa,87.0,0
336487,35.0,21,1,,0,,1.0,mastercard,87.0,0
336489,50.0,21,1,,0,,4.0,visa,87.0,0
336491,56.5,21,1,,0,,1.0,visa,87.0,0
336504,29.0,21,1,13.0,0,,2.0,mastercard,87.0,0
336531,81.204,21,0,,0,,1.0,mastercard,,0
336547,30.0,21,1,,0,,4.0,visa,87.0,0
336547,32.748,21,0,,0,,1.0,visa,,0
336558,72.95,21,1,1.0,0,,7.0,visa,87.0,0
336561,100.0,21,1,,0,,6.0,visa,87.0,0
336561,81.627,21,0,,0,7.0,2.0,visa,,0
336580,50.0,21,1,,0,,1.0,mastercard,87.0,0
336590,39.0,21,1,,0,,1.0,mastercard,87.0,0
336613,59.0,21,1,8.0,0,,1.0,mastercard,87.0,0
336615,49.0,21,1,,0,,1.0,visa,87.0,0
336632,100.0,21,1,,0,,1.0,mastercard,87.0,0
336633,50.0,21,1,,0,,2.0,visa,87.0,0
336665,75.0,21,1,,0,,1.0,visa,87.0,0
336683,57.95,21,1,0.0,0,,17.0,visa,87.0,0
336687,14.26,21,0,,0,,1.0,visa,,0
336693,38.97,21,1,,0,,1.0,mastercard,87.0,0
336710,29.5,21,1,2.0,0,,3.0,visa,87.0,0
336720,40.0,21,1,,0,,2.0,visa,87.0,0
336739,117.0,21,1,,0,,3.0,mastercard,87.0,1
336741,100.0,21,1,,0,,4.0,mastercard,87.0,0
336742,75.0,21,1,,0,,1.0,visa,87.0,0
336773,50.0,21,1,,0,,1.0,,87.0,0
336798,250.0,21,1,,0,,1.0,mastercard,87.0,0
336803,26.95,21,1,34.0,0,,4.0,visa,87.0,0
336812,50.0,21,1,,0,,2.0,,87.0,0
336819,100.0,21,1,,0,,2.0,visa,87.0,0
336826,41.0,21,1,,0,,1.0,visa,87.0,0
336829,39.0,21,1,,0,,1.0,mastercard,87.0,0
336832,90.0,21,1,1.0,0,,5.0,visa,87.0,0
336846,117.0,21,1,26.0,0,,6.0,visa,87.0,0
336853,60.0,21,1,,0,,114.0,visa,87.0,0
336853,222.0,21,1,1938.0,0,,1.0,visa,87.0,0
336866,50.0,21,1,,0,,1.0,mastercard,87.0,0
336867,50.0,21,1,,0,,3.0,mastercard,87.0,0
336871,108.95,21,1,,0,,10.0,visa,87.0,0
336910,29.0,21,1,21.0,0,,1.0,mastercard,87.0,0
336916,97.0,21,1,8.0,0,,1.0,visa,87.0,0
336922,59.0,21,1,,0,,2.0,visa,87.0,0
336937,50.0,21,1,,0,,1.0,visa,87.0,0
336949,100.0,21,1,,0,,11.0,visa,87.0,0
336966,67.95,21,1,2.0,0,,89.0,mastercard,87.0,0
336973,40.0,21,1,,0,,1.0,visa,87.0,0
336990,107.95,21,1,13.0,0,,2.0,mastercard,87.0,0
337020,81.627,21,0,,0,7.0,3.0,mastercard,,0
337032,127.728,21,0,,0,,1.0,mastercard,,0
337049,117.0,21,1,,0,,1.0,visa,87.0,0
337058,22.476,21,0,,0,,1.0,mastercard,,0
337071,39.0,21,1,739.0,0,,1.0,mastercard,87.0,0
337075,420.0,21,1,,0,,3.0,visa,87.0,0
337083,36.95,21,1,30.0,0,,155.0,visa,87.0,0
337085,108.95,21,1,,0,,1.0,visa,87.0,0
337086,21.449,21,0,,0,1416.0,1.0,visa,,0
337098,150.0,21,1,,0,,1.0,visa,87.0,0
337109,50.0,21,1,,0,,1.0,visa,87.0,0
337114,50.0,21,1,,0,,1.0,visa,87.0,0
337122,171.0,21,1,253.0,0,,2.0,mastercard,87.0,1
337137,59.0,21,1,24.0,0,,2.0,visa,87.0,0
337161,171.0,21,1,,0,,2.0,visa,87.0,0
337166,15.226,21,0,,0,,1.0,visa,,0
337172,77.0,21,1,,0,,1.0,mastercard,87.0,0
337207,108.5,21,1,19.0,0,,1.0,mastercard,87.0,0
337251,22.839,21,0,,0,,1.0,mastercard,,0
337264,25.95,21,1,0.0,0,,209.0,visa,87.0,0
337267,20.0,21,1,,0,,1.0,discover,87.0,0
337276,100.0,21,1,,0,,1.0,visa,87.0,0
337314,57.95,21,1,67.0,0,,3.0,visa,87.0,0
337322,47.95,21,1,,0,,6.0,mastercard,87.0,0
337399,149.0,21,1,,0,,1.0,visa,87.0,0
337424,15.0,21,1,,0,,2.0,visa,87.0,0
337426,87.0,21,1,10.0,0,,3.0,mastercard,87.0,0
337427,50.0,21,1,,0,,3.0,visa,87.0,0
337441,26.95,21,1,3.0,0,,1.0,mastercard,87.0,0
337462,59.0,21,1,,0,,1.0,mastercard,87.0,0
337539,47.95,21,1,674.0,0,,22.0,mastercard,87.0,0
337544,35.346,21,0,,0,30.0,1.0,mastercard,,0
337548,35.95,21,1,,0,,4.0,visa,87.0,0
337555,82.0,21,1,,0,,2.0,visa,87.0,0
337604,20.0,21,1,,0,,1.0,visa,87.0,0
337604,50.0,21,1,,0,,1.0,mastercard,87.0,0
337610,27.97,21,1,,0,,2.0,mastercard,87.0,0
337612,49.0,21,1,1.0,0,,3.0,visa,87.0,0
337622,59.54,21,1,,0,,3.0,visa,87.0,0
337626,20.0,21,1,5.0,0,,1.0,visa,87.0,0
337663,117.0,21,1,,0,,5.0,visa,87.0,0
337666,100.0,21,1,,0,,1.0,visa,87.0,0
337675,107.95,21,1,1.0,0,,5.0,mastercard,87.0,0
337678,300.0,21,1,2.0,0,,2.0,visa,87.0,0
337689,107.95,21,1,2.0,0,,1.0,visa,87.0,0
337694,58.95,21,1,32.0,0,,2.0,visa,87.0,0
337697,125.0,21,1,,0,,1.0,visa,87.0,0
337698,117.0,21,1,13.0,0,,2.0,mastercard,87.0,0
337710,57.0,21,1,,0,,2.0,mastercard,87.0,0
337727,60.0,21,1,,0,,2.0,mastercard,87.0,0
337733,100.0,21,1,,0,,2.0,mastercard,87.0,0
337789,50.0,21,1,,0,,4.0,visa,87.0,0
337792,34.0,21,1,211.0,0,,3.0,visa,87.0,0
337795,49.0,21,1,,0,,7.0,mastercard,87.0,0
337800,60.0,21,1,,0,,3.0,mastercard,87.0,0
337829,50.0,21,1,,0,,1.0,visa,87.0,0
337848,40.0,21,1,,0,,1.0,visa,87.0,0
337856,125.0,21,1,,0,,1.0,visa,87.0,0
337890,117.0,21,1,1069.0,0,,1.0,visa,87.0,0
337904,112.99,21,0,,0,,1.0,mastercard,,0
337907,300.0,21,1,,0,641.0,1.0,visa,87.0,0
337912,57.95,21,1,2.0,0,,1.0,visa,87.0,0
337919,29.0,21,1,,0,,2.0,visa,87.0,0
337928,117.0,21,1,1069.0,0,,2.0,visa,87.0,0
337936,120.0,21,1,,0,,1.0,visa,87.0,0
337939,206.0,21,1,70.0,0,,2.0,visa,87.0,0
337950,65.254,21,0,,0,,1.0,visa,,0
337961,100.0,21,1,,0,,1.0,visa,87.0,0
337973,45.0,21,1,,0,,6.0,visa,87.0,0
337983,39.0,21,1,,0,,1.0,visa,87.0,0
338034,842.0,21,1,,0,,1.0,mastercard,87.0,0
338039,23.95,21,1,5.0,0,,1.0,visa,87.0,0
338043,25.0,21,1,,0,,1.0,mastercard,87.0,0
338055,47.95,21,1,,0,,1.0,visa,87.0,0
338068,171.0,21,1,82.0,0,,1.0,mastercard,87.0,0
338103,50.0,21,1,1.0,0,,3.0,mastercard,87.0,0
338107,159.95,21,1,,0,,120.0,visa,87.0,0
338136,40.0,21,1,,0,,1.0,visa,87.0,1
338159,65.254,21,0,,0,,1.0,visa,,0
338162,47.95,21,1,1.0,0,,5.0,mastercard,87.0,0
338179,146.0,21,1,8.0,0,,1.0,visa,87.0,0
338192,30.0,21,1,,0,,3.0,mastercard,87.0,0
338193,20.0,21,1,,0,,3.0,mastercard,87.0,0
338193,57.95,21,1,24.0,0,,19.0,mastercard,87.0,0
338207,159.95,21,1,,0,,120.0,visa,87.0,0
338211,57.95,21,1,,0,,1.0,visa,87.0,0
338231,38.125,21,0,,0,,1.0,visa,,0
338236,60.0,21,1,,0,,2.0,visa,87.0,0
338278,100.0,21,1,,0,,1.0,visa,87.0,0
338279,117.0,21,1,8.0,0,,2.0,visa,87.0,0
338290,72.99,21,1,2.0,0,,2.0,mastercard,87.0,0
338305,60.0,21,1,,0,,4.0,visa,87.0,0
338313,261.95,21,1,,0,,1.0,mastercard,87.0,0
338317,50.0,21,1,,0,,17.0,visa,87.0,0
338329,130.49,21,1,3.0,0,,1.0,visa,87.0,0
338331,100.0,21,1,,0,,2.0,mastercard,87.0,0
338346,100.0,21,1,,0,,6.0,visa,87.0,0
338360,40.0,21,1,,0,,2.0,mastercard,87.0,0
338362,21.751,21,0,,0,,1.0,visa,,0
338369,59.0,21,1,3.0,0,,2.0,visa,87.0,0
338371,15.0,21,1,,0,,1.0,visa,87.0,0
338383,40.0,21,1,,0,,1.0,mastercard,87.0,0
338399,35.95,21,1,,0,,7.0,mastercard,87.0,0
338400,50.0,22,1,54.0,0,,3.0,visa,87.0,0
338401,226.0,22,1,,0,,1.0,visa,87.0,0
338421,226.0,22,1,0.0,0,,1.0,visa,87.0,0
338424,45.0,22,1,,0,,1.0,visa,87.0,0
338430,31.95,22,1,8.0,0,,19.0,visa,87.0,0
338434,20.0,22,1,4.0,0,,9.0,mastercard,87.0,0
338462,30.0,22,1,,0,124.0,1.0,visa,87.0,0
338471,45.0,22,1,,0,,1.0,visa,87.0,0
338482,77.0,22,1,,0,,1.0,visa,87.0,0
338493,60.0,22,1,,0,,2.0,visa,87.0,0
338505,100.0,22,1,8.0,0,,2.0,visa,87.0,0
338521,100.0,22,1,,0,,6.0,visa,87.0,0
338540,31.95,22,1,8.0,0,,19.0,visa,87.0,0
338561,29.0,22,1,9.0,0,,3.0,visa,87.0,0
338561,262.95,22,1,,0,,2.0,mastercard,87.0,0
338562,1281.49,22,1,,0,,2.0,visa,87.0,0
338576,261.95,22,1,,0,,1.0,visa,87.0,0
338580,31.721,22,0,,0,,1.0,mastercard,,0
338584,100.0,22,1,,0,,5.0,visa,87.0,0
338587,47.0,22,1,,0,,1.0,visa,87.0,1
338600,117.0,22,1,,0,,5.0,visa,87.0,0
338605,54.5,22,1,,0,,1.0,visa,87.0,0
338606,75.0,22,1,,0,,1.0,visa,87.0,0
338640,40.784,22,0,,0,,1.0,visa,,0
338650,44.0,22,1,,0,,1.0,visa,87.0,0
338650,50.0,22,1,,0,,1.0,visa,87.0,0
338686,30.0,22,1,,0,,2.0,mastercard,87.0,0
338697,47.853,22,0,,0,29.0,1.0,mastercard,,0
338724,46.5,22,1,,0,,1.0,visa,87.0,0
338727,31.95,22,1,10.0,0,,5.0,visa,87.0,0
338728,146.0,22,1,7.0,0,,1.0,mastercard,87.0,0
338745,30.0,22,1,,0,,1.0,visa,87.0,0
338778,30.95,22,1,,0,,5.0,mastercard,87.0,0
338795,100.0,22,1,,0,,53.0,visa,87.0,0
338812,159.95,22,1,,0,,2.0,visa,87.0,0
338819,160.0,22,1,,0,,1.0,visa,87.0,0
338856,108.5,22,1,1.0,0,,1.0,visa,87.0,0
338857,226.0,22,1,19.0,0,,1.0,visa,87.0,0
338874,39.0,22,1,,0,,2.0,mastercard,87.0,0
338875,46.161,22,0,,0,0.0,1.0,visa,,0
338883,224.0,22,1,,0,,2.0,visa,87.0,0
338884,100.0,22,1,,0,,1.0,visa,87.0,0
338891,25.0,22,1,,0,,1.0,visa,87.0,0
338891,57.95,22,1,981.0,0,,1.0,visa,87.0,0
338893,53.25,22,1,5.0,0,,1.0,visa,87.0,0
338906,92.99,22,1,302.0,0,,1.0,visa,87.0,0
338915,29.0,22,1,735.0,0,,2.0,visa,87.0,0
338931,49.0,22,1,14.0,0,,144.0,mastercard,87.0,0
338950,13.172,22,0,,0,,2.0,visa,,0
338969,79.996,22,0,,0,0.0,2.0,visa,,0
338990,554.0,22,1,,0,,2.0,visa,87.0,0
338991,57.95,22,1,981.0,0,,1.0,visa,87.0,0
339009,117.0,22,1,,0,,5.0,visa,87.0,0
339020,480.0,22,1,,0,,1.0,visa,87.0,0
339020,41.0,22,1,4.0,0,,2.0,visa,87.0,0
339028,150.0,22,1,3.0,0,,3.0,visa,87.0,0
339047,47.95,22,1,981.0,0,,1.0,visa,87.0,0
339094,45.0,22,1,,0,,2.0,mastercard,87.0,0
339097,40.0,22,1,,0,,1.0,visa,87.0,0
339100,87.0,22,1,851.0,0,,2.0,mastercard,87.0,0
339114,595.79,22,1,0.0,0,,1.0,discover,87.0,0
339126,80.0,22,1,,0,,69.0,visa,87.0,0
339134,60.0,22,1,,0,,2.0,visa,87.0,0
339135,21.751,22,0,,0,960.0,2.0,visa,,0
339140,13.0,22,1,,0,,6.0,visa,87.0,0
339158,400.0,22,1,,0,,3.0,visa,87.0,0
339165,100.0,22,1,,0,,1.0,visa,87.0,0
339175,34.0,22,1,,0,,1.0,visa,87.0,0
339181,59.0,22,1,6.0,0,,2.0,visa,87.0,0
339187,33.231,22,0,,0,286.0,3.0,visa,,0
339188,49.0,22,1,16.0,0,,1.0,visa,87.0,0
339211,78.5,22,1,833.0,0,,1.0,mastercard,87.0,0
339235,50.0,22,1,,0,,1.0,visa,87.0,0
339241,1281.49,22,1,0.0,0,,2.0,visa,87.0,0
339250,53.95,22,1,16.0,0,,21.0,visa,87.0,0
339252,171.0,22,1,,0,,1.0,visa,87.0,0
339295,107.95,22,1,,0,,4.0,visa,87.0,0
339296,33.352,22,0,,0,,3.0,visa,,0
339298,97.0,22,1,0.0,0,,69.0,visa,87.0,0
339308,107.95,22,1,40.0,0,,1.0,mastercard,87.0,0
339322,41.146,22,0,,0,29.0,1.0,mastercard,,0
339371,80.0,22,1,,0,,1.0,visa,87.0,0
339386,297.1,22,1,32.0,0,,1.0,visa,87.0,0
339393,30.0,22,1,,0,,1.0,visa,87.0,0
339399,47.95,22,1,1.0,0,,5.0,visa,87.0,0
339404,159.95,22,1,,0,,2.0,mastercard,87.0,0
339405,117.0,22,1,,0,,2.0,mastercard,87.0,0
339416,159.95,22,1,,0,,11.0,visa,87.0,0
339417,115.0,22,1,2.0,0,,3.0,mastercard,87.0,1
339420,169.0,22,1,7.0,0,,1.0,mastercard,87.0,0
339449,173.0,22,1,16.0,0,,1.0,visa,87.0,0
339471,100.0,22,1,8.0,0,,1.0,visa,87.0,0
339482,100.0,22,1,,0,,5.0,visa,87.0,0
339497,50.0,22,1,,0,,1.0,mastercard,87.0,0
339498,160.95,22,1,,0,,1.0,visa,87.0,0
339513,41.146,22,0,,0,29.0,1.0,mastercard,,0
339524,30.0,22,1,,0,,4.0,mastercard,87.0,0
339530,554.0,22,1,2445.0,0,,13.0,visa,87.0,1
339598,59.0,22,1,8.0,0,,8.0,visa,87.0,0
339615,210.95,22,1,158.0,0,,8.0,visa,87.0,0
339620,108.95,22,1,15.0,0,,11.0,visa,87.0,0
339637,100.0,22,1,,0,,1.0,discover,87.0,0
339646,100.0,22,1,,0,,2.0,visa,87.0,0
339649,120.0,22,1,,0,,3.0,discover,87.0,0
339659,59.0,22,1,5.0,0,,4.0,visa,87.0,0
339662,90.0,22,1,1.0,0,,11.0,visa,87.0,0
339671,29.0,22,1,1339.0,0,,1.0,mastercard,87.0,0
339674,105.95,22,1,,0,,12.0,visa,87.0,0
339675,39.0,22,1,61.0,0,,1.0,visa,87.0,0
339691,100.0,22,1,,0,,1.0,visa,87.0,0
339744,150.0,22,1,,0,,1.0,visa,87.0,0
339745,59.0,22,1,,0,,1.0,mastercard,87.0,0
339757,30.0,22,1,,0,,1.0,visa,87.0,0
339763,24.168,22,0,,0,,1.0,visa,,1
339780,221.95,22,1,2751.0,0,,8.0,visa,87.0,0
339795,100.0,22,1,,0,,1.0,visa,87.0,0
339798,15.95,22,1,,0,,3.0,visa,87.0,0
339799,50.0,22,1,,0,,1.0,american express,87.0,0
339802,59.0,22,1,7.0,0,,4.0,visa,87.0,0
339817,200.0,22,1,,0,,1.0,visa,87.0,0
339827,24.168,22,0,,0,,1.0,visa,,1
339833,50.0,22,1,2.0,0,,1.0,visa,87.0,0
339857,41.146,22,0,,0,29.0,1.0,mastercard,,0
339859,49.0,22,1,,0,,1.0,mastercard,87.0,0
339879,201.0,22,1,2.0,0,,9.0,mastercard,87.0,0
339887,140.0,22,1,,0,,1.0,visa,87.0,0
339893,117.0,22,1,2.0,0,,3.0,visa,87.0,0
339895,34.95,22,1,1.0,0,,1.0,visa,87.0,0
339907,107.95,22,1,,0,,2.0,mastercard,87.0,0
339909,39.0,22,1,,0,,1.0,visa,87.0,0
339912,39.877,22,0,,0,,1.0,visa,,0
339912,29.95,22,1,217.0,0,,1.0,visa,87.0,0
339926,117.0,22,1,,0,,1.0,visa,87.0,0
339945,65.95,22,1,,0,,2.0,visa,87.0,0
339945,25.0,22,1,,0,,1.0,visa,87.0,0
339952,100.0,22,1,,0,,1.0,mastercard,87.0,0
339973,40.0,22,1,14.0,0,,1.0,visa,87.0,0
339997,50.0,22,1,,0,,7.0,visa,87.0,0
340003,59.0,22,1,600.0,0,,5.0,mastercard,87.0,0
340066,75.0,22,1,,0,,8.0,visa,87.0,0
340091,35.95,22,1,1.0,0,,3.0,visa,87.0,0
340103,112.99,22,1,,0,,1.0,mastercard,87.0,1
340145,77.0,22,1,,0,,1.0,mastercard,87.0,0
340162,107.95,22,1,,0,,1.0,visa,87.0,0
340167,143.195,22,0,,0,,1.0,visa,,0
340175,67.95,22,1,33.0,0,,2.0,visa,87.0,0
340212,12.567,22,0,,0,,1.0,mastercard,,0
340213,30.95,22,1,13.0,0,,8.0,visa,87.0,0
340214,50.0,22,1,,0,,1.0,visa,87.0,0
340216,39.0,22,1,,0,,1.0,visa,87.0,0
340223,150.0,22,1,,0,,1.0,visa,87.0,0
340238,50.0,22,1,,0,,3.0,mastercard,87.0,0
340251,54.5,22,1,,0,,1.0,visa,87.0,0
340260,75.0,22,1,,0,,1.0,mastercard,87.0,0
340262,39.0,22,1,136.0,0,,88.0,visa,87.0,0
340273,30.95,22,1,,0,,1.0,mastercard,87.0,0
340283,47.95,22,1,,0,,1.0,visa,87.0,0
340300,73.5,22,1,,0,,1.0,visa,87.0,0
340305,87.95,22,1,16.0,0,,1.0,visa,87.0,0
340311,100.0,22,1,,0,,1.0,mastercard,87.0,0
340312,80.0,22,1,,0,,2.0,visa,87.0,0
340316,67.95,22,1,,0,,17.0,visa,87.0,0
340321,103.97,22,1,,0,,1.0,visa,87.0,0
340330,76.854,22,0,,0,,1.0,visa,,0
340332,54.0,22,1,12.0,0,,1.0,visa,87.0,0
340362,87.0,22,1,,0,,1.0,visa,87.0,0
340383,82.95,22,1,,0,,5.0,mastercard,87.0,0
340384,75.0,22,1,,0,,1.0,visa,87.0,0
340385,231.95,22,1,3.0,0,,28.0,visa,87.0,0
340392,10.392,22,0,,0,,3.0,mastercard,,0
340404,311.95,22,1,,0,,2.0,visa,87.0,0
340420,100.0,22,1,,0,,17.0,visa,87.0,0
340431,90.0,22,1,,0,,1.0,mastercard,87.0,1
340442,29.0,22,1,,0,,1.0,mastercard,87.0,0
340461,25.0,22,1,,0,,4.0,visa,87.0,0
340473,10.392,22,0,,0,,3.0,mastercard,,0
340500,40.0,22,1,,0,,3.0,visa,87.0,0
340525,200.0,22,1,,0,,1.0,visa,87.0,0
340530,20.0,22,1,,0,,1.0,visa,87.0,0
340536,161.0,22,1,,0,,1.0,visa,87.0,0
340552,42.95,22,1,5.0,0,,2.0,mastercard,87.0,0
340588,100.0,22,1,,0,,1.0,visa,87.0,0
340598,55.0,22,1,,0,,3.0,mastercard,87.0,0
340628,50.0,22,1,,0,,1.0,visa,87.0,0
340634,25.739,22,0,,0,,1.0,mastercard,,0
340651,65.95,22,1,,0,,1.0,visa,87.0,0
340684,50.0,22,1,,0,,1.0,visa,87.0,0
340684,50.0,22,1,,0,,1.0,visa,87.0,0
340689,25.95,22,1,1.0,0,,4.0,visa,87.0,0
340693,103.95,22,1,,0,,1.0,visa,87.0,0
340718,150.0,22,1,,0,,4.0,visa,87.0,0
340729,30.936,22,0,,0,,2.0,visa,,0
340731,311.95,22,1,9.0,0,,1.0,visa,87.0,0
340732,100.0,22,1,,0,,1.0,visa,87.0,0
340740,82.95,22,1,,0,,2.0,visa,87.0,0
340742,150.0,22,1,,0,,1.0,mastercard,87.0,0
340763,80.0,22,1,,0,,1.0,mastercard,87.0,0
340768,100.0,22,1,,0,,2.0,mastercard,87.0,0
340775,150.0,22,1,,0,,123.0,mastercard,87.0,0
340792,50.0,22,1,,0,,1.0,visa,87.0,0
340792,35.95,22,1,9.0,0,,4.0,visa,87.0,0
340793,20.0,22,1,,0,,1.0,visa,87.0,0
340814,209.95,22,1,,0,,1.0,mastercard,87.0,0
340835,130.0,22,1,,0,,6.0,mastercard,87.0,0
340840,92.0,22,1,,0,,27.0,mastercard,87.0,0
340842,62.95,22,1,,0,,1.0,visa,87.0,0
340900,117.0,22,1,,0,,1.0,mastercard,87.0,0
340908,107.95,22,1,,0,,116.0,mastercard,87.0,0
340911,78.95,22,1,11.0,0,,1.0,mastercard,87.0,0
340931,40.0,22,1,,0,,1.0,visa,87.0,0
340932,600.0,22,1,,0,,1.0,visa,87.0,0
340941,159.95,22,1,3.0,0,,106.0,visa,87.0,0
340961,125.0,22,1,,0,,1.0,visa,87.0,0
340961,100.0,22,1,,0,,1.0,mastercard,87.0,0
340962,107.95,22,1,10.0,0,,98.0,visa,87.0,0
340975,59.0,22,1,1.0,0,,1.0,mastercard,87.0,0
340976,47.95,22,1,9.0,0,,7.0,visa,87.0,0
340983,50.0,22,1,,0,,1.0,mastercard,87.0,0
340989,125.0,22,1,,0,,1.0,visa,87.0,0
341018,100.0,22,1,,0,,2.0,mastercard,87.0,0
341046,24.168,22,0,,0,,1.0,visa,,1
341047,150.0,22,1,,0,,1.0,mastercard,87.0,0
341047,500.0,22,1,,0,,3.0,visa,87.0,0
341051,117.0,22,1,,0,,1.0,visa,87.0,0
341076,25.95,22,1,10.0,0,,1.0,mastercard,87.0,0
341080,107.95,22,1,3.0,0,,3.0,visa,87.0,0
341081,209.95,22,1,,0,,2.0,visa,87.0,0
341095,50.0,22,1,,0,,1.0,visa,87.0,0
341110,102.95,22,1,10.0,0,,98.0,visa,87.0,0
341113,30.0,22,1,,0,,1.0,visa,87.0,0
341131,100.0,22,1,,0,,3.0,mastercard,87.0,0
341148,41.388,22,0,,0,,3.0,mastercard,,0
341159,113.0,22,1,24.0,0,,2.0,mastercard,87.0,0
341179,149.95,22,1,61.0,0,,92.0,mastercard,87.0,0
341187,97.0,22,1,,0,,1.0,mastercard,87.0,0
341188,20.0,22,1,,0,,2.0,visa,87.0,0
341188,25.0,22,1,,0,,1.0,mastercard,87.0,0
341195,175.0,22,1,1.0,0,,1.0,mastercard,87.0,0
341201,35.95,22,1,,0,,6.0,visa,87.0,0
341236,117.0,22,1,,0,,118.0,mastercard,87.0,0
341240,68.95,22,1,,0,,1.0,visa,87.0,0
341246,400.0,22,1,,0,,2.0,visa,87.0,1
341250,100.0,22,1,,0,,17.0,visa,87.0,0
341256,37.0,22,1,,0,,1.0,visa,87.0,0
341258,107.95,22,1,,0,,7.0,mastercard,87.0,0
341262,50.0,22,1,9.0,0,,3.0,visa,87.0,0
341286,100.0,22,1,,0,,1.0,visa,87.0,0
341289,16.313,22,0,,0,,1.0,visa,,0
341310,54.99,22,1,,0,,1.0,mastercard,87.0,0
341311,117.0,22,1,32.0,0,,1.0,visa,87.0,0
341311,107.95,22,1,2.0,0,,1.0,visa,87.0,0
341319,77.0,22,1,,0,,1.0,visa,87.0,0
341320,300.0,22,1,,0,,3.0,visa,87.0,0
341324,159.95,22,1,,0,,1.0,visa,87.0,0
341326,78.95,22,1,14.0,0,,1.0,visa,87.0,0
341334,10.0,22,1,32.0,0,,1.0,visa,87.0,0
341343,67.95,22,1,0.0,0,,7.0,visa,87.0,0
341368,100.0,22,1,,0,,1.0,visa,87.0,0
341373,75.0,22,1,,0,,1.0,mastercard,87.0,0
341392,100.0,22,1,,0,,2.0,visa,87.0,0
341397,159.95,22,1,2.0,0,,1.0,visa,87.0,0
341406,200.0,22,1,,0,,157.0,mastercard,87.0,0
341413,35.95,22,1,3.0,0,,3.0,visa,87.0,0
341432,112.0,22,1,,0,,1.0,visa,87.0,0
341434,25.0,22,1,,0,14.0,4.0,visa,87.0,0
341455,589.0,22,1,3.0,0,,1.0,visa,87.0,0
341460,75.0,22,1,,0,,1.0,visa,87.0,0
341472,29.0,22,1,,0,,2.0,visa,87.0,0
341487,60.95,22,1,35.0,0,,1.0,mastercard,87.0,0
341504,97.0,22,1,,0,,1.0,visa,87.0,0
341519,103.97,22,1,,0,,7.0,mastercard,87.0,0
341526,88.817,22,0,,0,,2.0,mastercard,,0
341549,50.0,22,1,7.0,0,,1.0,visa,87.0,0
341590,50.0,22,1,25.0,0,,2.0,visa,87.0,0
341590,59.0,22,1,2.0,0,,2.0,mastercard,87.0,0
341594,422.88,22,1,,0,,1.0,visa,87.0,0
341626,34.0,22,1,,0,,6.0,mastercard,87.0,0
341626,54.0,22,1,0.0,0,,3.0,mastercard,87.0,0
341640,60.0,22,1,,0,,4.0,mastercard,87.0,0
341642,49.0,22,1,50.0,0,,1.0,visa,87.0,0
341646,30.0,22,1,,0,,1.0,mastercard,87.0,0
341652,47.95,22,1,,0,,5.0,visa,87.0,0
341667,49.0,22,1,0.0,0,,2.0,mastercard,87.0,0
341687,14.138,22,0,,0,74.0,1.0,mastercard,,0
341693,171.0,22,1,,0,,1.0,discover,87.0,0
341704,107.95,22,1,73.0,0,,2.0,visa,87.0,0
341705,30.95,22,1,8.0,0,,8.0,visa,87.0,0
341732,60.662,22,0,,0,,2.0,visa,,1
341736,24.47,22,0,,0,,1.0,visa,,0
341740,25.95,22,1,5.0,0,,2.0,visa,87.0,0
341771,250.0,22,1,,0,,2.0,visa,87.0,0
341772,50.0,22,1,,0,,5.0,visa,87.0,0
341777,30.0,22,1,,0,,3.0,visa,87.0,0
341787,56.5,22,1,23.0,0,,1.0,mastercard,87.0,0
341800,209.95,22,1,10.0,0,,157.0,mastercard,87.0,0
341851,50.0,22,1,,0,,3.0,visa,87.0,0
341851,24.47,22,0,,0,,1.0,visa,,0
341883,30.0,22,1,,0,,13.0,mastercard,87.0,0
341905,25.0,22,1,,0,,2.0,visa,87.0,0
341930,78.97,22,1,28.0,0,,3.0,mastercard,87.0,0
341941,15.0,22,1,,0,,1.0,visa,87.0,0
341953,25.0,22,1,,0,,2.0,visa,87.0,0
341955,34.0,22,1,3.0,0,,4.0,visa,87.0,0
341965,107.95,22,1,0.0,0,,1.0,visa,87.0,0
341975,67.95,22,1,9.0,0,,165.0,visa,87.0,0
341983,7.13,22,0,,0,,1.0,visa,,0
341990,39.0,22,1,1.0,0,,3.0,visa,87.0,0
342008,17.673,23,0,,0,,1.0,visa,,0
342036,49.0,23,1,11.0,0,,1.0,mastercard,87.0,0
342072,34.0,23,1,3.0,0,,4.0,visa,87.0,0
342080,92.95,23,1,,0,,2.0,visa,87.0,0
342114,30.0,23,1,,0,,1.0,mastercard,87.0,0
342127,87.95,23,1,1.0,0,,4.0,mastercard,87.0,0
342129,117.0,23,1,,0,,3.0,mastercard,87.0,0
342130,24.47,23,0,,0,,1.0,visa,,0
342139,25.0,23,1,,0,,1.0,visa,87.0,0
342147,150.0,23,1,,0,,1.0,visa,87.0,0
342174,30.95,23,1,,0,,1.0,visa,87.0,0
342177,92.0,23,1,579.0,0,,1.0,visa,87.0,0
342200,14.26,23,0,,0,,1.0,visa,,0
342203,55.95,23,1,,0,,79.0,visa,87.0,0
342220,50.0,23,1,,0,,2.0,visa,87.0,0
342221,50.0,23,1,,0,,1.0,mastercard,87.0,0
342231,29.5,23,1,,0,,102.0,visa,87.0,0
342231,209.95,23,1,,0,,80.0,visa,87.0,0
342237,57.95,23,1,,0,,1.0,mastercard,87.0,0
342253,34.0,23,1,3.0,0,,4.0,visa,87.0,0
342267,117.0,23,1,6.0,0,,63.0,visa,87.0,0
342285,40.0,23,1,,0,,1.0,visa,87.0,0
342288,25.0,23,1,,0,,4.0,visa,87.0,0
342294,117.0,23,1,18.0,0,,4.0,discover,87.0,1
342303,184.95,23,1,2.0,0,,4.0,visa,87.0,0
342322,35.0,23,1,,0,,3.0,visa,87.0,0
342322,55.95,23,1,13.0,0,,15.0,visa,87.0,0
342327,30.0,23,0,,0,,1.0,visa,,0
342336,261.95,23,1,14.0,0,,124.0,visa,87.0,0
342337,50.0,23,1,,0,,1.0,visa,87.0,1
342371,24.531,23,0,,0,7.0,3.0,visa,,0
342388,25.0,23,1,,0,,1.0,visa,87.0,0
342389,335.0,23,1,7.0,0,,2.0,mastercard,87.0,0
342394,120.0,23,1,9.0,0,,4.0,visa,87.0,0
342400,135.95,23,1,,0,,6.0,visa,87.0,0
342419,404.95,23,1,86.0,0,,2.0,mastercard,87.0,0
342426,59.0,23,1,,0,,3.0,mastercard,87.0,0
342457,57.95,23,1,11.0,0,,2.0,visa,87.0,0
342464,200.0,23,1,,0,,25.0,visa,87.0,0
342466,49.0,23,1,4.0,0,,2.0,mastercard,87.0,0
342490,100.0,23,1,,0,,9.0,mastercard,87.0,0
342520,210.95,23,1,99.0,0,,3.0,mastercard,87.0,0
342542,108.95,23,1,,0,,201.0,visa,87.0,0
342547,94.47,23,1,14.0,0,,2.0,visa,87.0,0
342565,2594.94,23,1,,0,,1.0,visa,87.0,0
342578,226.0,23,1,2.0,0,,1.0,visa,87.0,0
342593,606.72,23,1,,0,,3.0,visa,87.0,0
342594,50.0,23,1,,0,,1.0,visa,87.0,0
342596,40.0,23,1,,0,,1.0,mastercard,87.0,0
342624,25.95,23,1,8.0,0,,3.0,visa,87.0,0
342626,30.95,23,1,33.0,0,,1.0,visa,87.0,0
342680,50.0,23,1,,0,,2.0,mastercard,87.0,0
342683,117.0,23,1,27.0,0,,9.0,mastercard,87.0,0
342747,57.95,23,1,4.0,0,,35.0,mastercard,87.0,0
342749,2594.94,23,1,,0,,1.0,visa,87.0,0
342750,350.0,23,1,,0,,2.0,visa,87.0,0
342751,50.0,23,1,4.0,0,,1.0,visa,87.0,1
342809,52.95,23,1,33.0,0,,1.0,visa,87.0,0
342815,300.0,23,1,,0,,1.0,discover,87.0,0
342818,75.0,23,1,,0,,1.0,visa,87.0,0
342841,200.0,23,1,,0,,1.0,visa,87.0,0
342850,55.45,23,1,,0,,1.0,visa,87.0,0
342857,25.0,23,1,,0,,3.0,visa,87.0,0
342896,200.0,23,1,,0,,1.0,visa,87.0,0
342911,100.0,23,1,4.0,0,,1.0,mastercard,87.0,0
342954,150.0,23,1,0.0,0,,1.0,visa,87.0,0
342985,59.0,23,1,4.0,0,,1.0,visa,87.0,1
342996,47.95,23,1,2.0,0,,1.0,mastercard,87.0,0
343038,50.0,23,1,,0,,1.0,mastercard,87.0,0
343049,59.0,23,1,,0,,1.0,mastercard,87.0,0
343052,41.95,23,1,,0,,1.0,visa,87.0,0
343060,30.0,23,1,,0,,97.0,visa,87.0,0
343111,75.0,23,1,,0,,1.0,visa,87.0,0
343115,311.95,23,1,9.0,0,,5.0,visa,87.0,0
343136,100.0,23,1,,0,,7.0,visa,87.0,0
343152,25.0,23,1,,0,,2.0,visa,87.0,0
343153,59.0,23,1,17.0,0,,1.0,visa,87.0,0
343159,107.95,23,1,30.0,0,,1.0,visa,87.0,0
343175,25.0,23,1,,0,,1.0,mastercard,87.0,0
343182,54.5,23,1,,0,,5.0,mastercard,87.0,0
343189,97.0,23,1,,0,,1.0,visa,87.0,0
343196,100.0,23,1,4.0,0,,1.0,mastercard,87.0,0
343215,55.0,23,1,,0,,1.0,mastercard,87.0,0
343253,311.95,23,1,,0,,4.0,visa,87.0,0
343284,41.448,23,0,,0,,2.0,visa,,0
343300,108.95,23,1,,0,,1.0,visa,87.0,0
343318,25.0,23,1,,0,,8.0,mastercard,87.0,0
343327,35.95,23,1,1.0,0,,7.0,mastercard,87.0,0
343331,70.0,23,1,,0,,4.0,mastercard,87.0,0
343341,40.0,23,1,0.0,0,,2.0,visa,87.0,0
343342,250.0,23,1,10.0,0,,83.0,mastercard,87.0,0
343352,57.95,23,1,6.0,0,,1.0,visa,87.0,0
343414,22.97,23,1,,0,,1.0,visa,87.0,0
343453,57.95,23,1,93.0,0,,5.0,mastercard,87.0,0
343455,25.0,23,1,,0,,1.0,visa,87.0,0
343464,200.0,23,1,,0,,1.0,mastercard,87.0,0
343475,100.0,23,1,,0,,3.0,visa,87.0,0
343482,150.0,23,1,,0,,10.0,visa,87.0,0
343503,311.95,23,1,2.0,0,,4.0,visa,87.0,0
343519,67.95,23,1,430.0,0,,5.0,mastercard,87.0,0
343534,100.0,23,1,,0,,1.0,mastercard,87.0,0
343552,50.0,23,1,,0,,1.0,visa,87.0,0
343554,196.0,23,1,,0,,1.0,mastercard,87.0,0
343574,67.95,23,1,430.0,0,,5.0,mastercard,87.0,0
343589,49.0,23,1,48.0,0,,2.0,visa,87.0,0
343591,36.95,23,1,8.0,0,,1.0,visa,87.0,0
343596,67.95,23,1,,0,,5.0,visa,87.0,0
343602,50.0,23,1,,0,,3.0,visa,87.0,0
343610,39.0,23,1,,0,,1.0,mastercard,87.0,0
343611,25.0,23,1,0.0,0,,4.0,visa,87.0,0
343630,80.0,23,1,26.0,0,,21.0,visa,87.0,1
343632,160.0,23,1,,0,,1.0,visa,87.0,0
343640,49.0,23,1,,0,,1.0,visa,87.0,0
343643,135.5,23,1,5.0,0,,1.0,mastercard,87.0,0
343679,24.95,23,1,71.0,0,,4.0,visa,87.0,0
343681,25.0,23,1,,0,,1.0,visa,87.0,0
343685,200.0,23,1,,0,11.0,2.0,visa,87.0,0
343706,70.0,23,1,,0,,1.0,visa,87.0,0
343708,50.0,23,1,,0,,1.0,visa,87.0,0
343711,24.5,23,1,,0,,1.0,visa,87.0,0
343735,51.357,23,0,,0,,2.0,visa,,0
343757,40.0,23,1,,0,,130.0,visa,87.0,0
343758,311.95,23,1,,0,,4.0,visa,87.0,0
343772,30.0,23,1,,0,,8.0,visa,87.0,0
343778,100.0,23,1,,0,,1.0,american express,87.0,0
343792,48.457,23,0,,0,,1.0,mastercard,,0
343810,50.0,23,1,,0,,1.0,mastercard,87.0,0
343827,35.95,23,1,,0,,4.0,mastercard,87.0,0
343858,77.0,23,1,93.0,0,,3.0,mastercard,87.0,0
343880,100.0,23,1,,0,,1.0,visa,87.0,0
343885,50.0,23,1,,0,,1.0,visa,87.0,0
343888,57.95,23,1,2.0,0,,110.0,visa,87.0,0
343910,50.0,23,1,,0,,1.0,visa,87.0,0
343947,50.0,23,1,,0,,1.0,visa,87.0,0
343961,30.0,23,1,,0,,1.0,visa,87.0,0
343964,20.0,23,1,,0,,2.0,mastercard,87.0,0
343969,52.95,23,1,,0,,15.0,visa,87.0,0
343982,57.95,23,1,1.0,0,,1.0,mastercard,87.0,0
343986,50.0,23,1,,0,,1.0,mastercard,87.0,0
343996,159.95,23,1,,0,,3.0,visa,87.0,0
344015,554.0,23,1,7.0,0,,3.0,visa,87.0,0
344017,1104.0,23,1,20.0,0,,2.0,visa,87.0,0
344024,204.97,23,1,818.0,0,,1.0,mastercard,87.0,0
344060,50.0,23,1,,0,,2.0,visa,87.0,0
344072,21.0,23,1,,0,,1.0,visa,87.0,0
344075,49.0,23,1,8.0,0,,1.0,visa,87.0,0
344109,107.95,23,1,5.0,0,,5.0,visa,87.0,0
344112,50.0,23,1,,0,,1.0,visa,87.0,0
344169,100.0,23,1,,0,,1.0,visa,87.0,0
344171,50.0,23,1,,0,,3.0,visa,87.0,0
344216,77.0,23,1,,0,,4.0,visa,87.0,0
344222,50.3,23,1,,0,,2.0,mastercard,87.0,0
344234,107.95,23,1,2.0,0,,4.0,visa,87.0,0
344244,15.0,23,1,,0,,1.0,visa,87.0,0
344268,55.95,23,1,6.0,0,,2.0,visa,87.0,0
344286,25.0,23,1,,0,2267.0,1.0,visa,87.0,0
344305,59.0,23,1,38.0,0,,2.0,mastercard,87.0,0
344312,25.95,23,1,9.0,0,,1.0,mastercard,87.0,0
344313,25.0,23,1,,0,,1.0,mastercard,87.0,0
344342,35.95,23,1,59.0,0,,10.0,visa,87.0,0
344361,25.0,23,1,,0,,1.0,visa,87.0,0
344367,59.0,23,1,7.0,0,,3.0,visa,87.0,0
344378,120.0,23,1,,0,,1.0,visa,87.0,0
344380,25.95,23,1,2.0,0,,29.0,mastercard,87.0,0
344396,57.95,23,1,4.0,0,,136.0,mastercard,87.0,0
344398,30.0,23,1,10.0,0,,3.0,mastercard,87.0,0
344403,49.0,23,1,,0,,1.0,visa,87.0,0
344408,50.0,23,1,,0,,1.0,mastercard,87.0,0
344425,107.95,23,1,1.0,0,,156.0,visa,87.0,0
344432,29.0,23,1,,0,,1.0,visa,87.0,0
344456,200.0,23,1,,0,,2.0,visa,87.0,0
344478,250.0,23,1,,0,,1.0,visa,87.0,0
344492,26.95,23,1,2.0,0,,1.0,mastercard,87.0,0
344515,57.95,23,1,,0,,2.0,visa,87.0,0
344515,100.0,23,1,,0,,1.0,mastercard,87.0,0
344515,55.0,23,1,16.0,0,,1.0,mastercard,87.0,0
344523,10.0,23,1,,0,,2.0,visa,87.0,0
344527,35.0,23,1,,0,,3.0,mastercard,87.0,0
344538,134.95,23,1,25.0,0,,2.0,mastercard,87.0,0
344557,159.95,23,1,3.0,0,,120.0,visa,87.0,0
344561,117.0,23,1,8.0,0,,2.0,visa,87.0,0
344561,193.0,23,1,5.0,0,,1.0,visa,87.0,0
344565,43.97,23,1,117.0,0,,3.0,mastercard,87.0,0
344574,117.0,23,1,462.0,0,,1.0,visa,87.0,0
344617,200.0,23,1,,0,,1.0,mastercard,87.0,0
344643,25.0,23,1,,0,,1.0,visa,87.0,0
344659,200.0,23,1,,0,,105.0,mastercard,87.0,0
344667,200.0,23,1,,0,,1.0,visa,87.0,0
344669,14.138,23,0,,0,,2.0,mastercard,,0
344670,58.95,23,1,2.0,0,,2.0,visa,87.0,0
344682,97.0,23,1,,0,,1.0,visa,87.0,0
344691,107.95,23,1,1.0,0,,156.0,visa,87.0,0
344722,1104.0,23,1,,0,,6.0,visa,87.0,0
344737,25.0,23,1,,0,,1.0,mastercard,87.0,0
344757,194.95,23,1,0.0,0,,3.0,visa,87.0,0
344807,112.0,23,1,4.0,0,,1.0,mastercard,87.0,0
344815,33.05,23,0,,0,,2.0,visa,,0
344824,50.0,23,1,,0,,1.0,mastercard,87.0,0
344836,107.95,23,1,,0,,9.0,mastercard,87.0,0
344844,102.95,23,1,4.0,0,,46.0,visa,87.0,0
344887,54.0,23,1,,0,,1.0,discover,87.0,0
344926,81.204,23,0,,0,0.0,1.0,mastercard,,0
344928,59.0,23,1,0.0,0,,1.0,mastercard,87.0,0
344932,34.0,23,1,,0,,1.0,mastercard,87.0,0
344937,235.0,23,1,,0,,1.0,visa,87.0,0
344951,20.0,23,1,,0,,1.0,mastercard,87.0,0
344991,34.0,23,1,,0,,208.0,visa,87.0,0
345020,82.95,23,1,10.0,0,,102.0,visa,87.0,0
345030,108.95,23,1,1285.0,0,,1.0,mastercard,87.0,0
345046,40.0,23,1,1.0,0,,3.0,mastercard,87.0,0
345064,100.0,23,1,,0,,1.0,visa,87.0,0
345067,40.0,23,1,,0,,1.0,visa,87.0,0
345073,40.0,23,1,14.0,0,,1.0,visa,87.0,0
345091,80.0,23,1,,0,,3.0,visa,87.0,0
345119,15.0,23,0,,0,,1.0,mastercard,,0
345120,90.0,23,1,,0,,4.0,visa,87.0,0
345128,59.0,23,1,540.0,0,,2.0,discover,87.0,0
345131,30.95,23,1,1.0,0,,4.0,visa,87.0,0
345143,40.0,23,1,,0,,2.0,visa,87.0,0
345172,100.0,23,1,,0,,8.0,visa,87.0,0
345196,20.0,23,1,,0,,1.0,visa,87.0,0
345208,59.0,23,1,540.0,0,,2.0,discover,87.0,0
345213,97.0,23,1,,0,,1.0,mastercard,87.0,0
345227,107.95,23,1,,0,,3.0,visa,87.0,0
345230,15.95,23,1,2.0,0,,5.0,mastercard,87.0,0
345241,117.0,23,1,1935.0,0,,3.0,visa,87.0,0
345248,246.17,23,1,,0,,1.0,mastercard,87.0,0
345264,39.0,23,1,2.0,0,,2.0,visa,87.0,0
345301,39.0,23,1,,0,,1.0,mastercard,87.0,0
345302,209.95,23,1,,0,,157.0,mastercard,87.0,0
345319,49.54,23,1,1029.0,0,,1.0,visa,87.0,0
345337,221.99,23,1,,0,,1.0,mastercard,87.0,0
345342,110.0,23,1,,0,,2.0,mastercard,87.0,0
345363,80.0,23,1,,0,,5.0,mastercard,87.0,0
345375,30.0,23,1,,0,,1.0,visa,87.0,0
345376,59.0,23,1,,0,,1.0,mastercard,87.0,0
345379,24.0,23,1,,0,,1.0,visa,87.0,0
345381,58.95,23,1,3.0,0,,2.0,visa,87.0,0
345385,59.0,23,1,,0,,1.0,mastercard,87.0,0
345387,261.95,23,1,14.0,0,,9.0,visa,87.0,0
345396,50.0,23,1,,0,,2.0,american express,87.0,0
345401,30.95,23,1,,0,,7.0,visa,87.0,0
345420,21.51,23,0,,0,,1.0,visa,,0
345423,200.0,23,1,,0,,1.0,visa,87.0,0
345441,39.0,23,1,,0,,1.0,mastercard,87.0,0
345443,154.97,23,1,3.0,0,,120.0,visa,87.0,0
345444,87.0,23,1,22.0,0,,3.0,visa,87.0,0
345449,445.0,23,1,2.0,0,,37.0,mastercard,87.0,0
345456,8.58,23,0,,0,,2.0,visa,,0
345463,52.928,23,0,,0,,1.0,mastercard,,0
345481,108.95,23,1,,0,,3.0,visa,87.0,0
345481,50.0,23,1,,0,,1.0,mastercard,87.0,0
345485,48.95,23,1,,0,,1.0,visa,87.0,0
345487,209.95,23,1,7.0,0,,3.0,mastercard,87.0,0
345496,108.95,23,1,9.0,0,,1.0,visa,87.0,0
345532,57.0,23,1,,0,,1.0,visa,87.0,0
345566,226.0,23,1,13.0,0,,2.0,visa,87.0,0
345571,35.95,23,1,,0,,12.0,mastercard,87.0,0
345582,40.0,23,1,,0,,1.0,visa,87.0,0
345589,20.0,23,1,,0,,4.0,mastercard,87.0,0
345589,13.95,23,1,828.0,0,,13.0,visa,87.0,0
345621,80.0,0,1,0.0,0,,5.0,mastercard,87.0,0
345629,92.95,0,1,686.0,0,,5.0,mastercard,87.0,0
345651,82.95,0,1,167.0,0,,2.0,mastercard,87.0,0
345675,100.0,0,1,,0,,1.0,mastercard,87.0,0
345678,107.95,0,1,,0,,130.0,visa,87.0,0
345728,21.751,0,0,,0,,1.0,visa,,0
345746,243.95,0,1,4.0,0,,77.0,visa,87.0,0
345763,108.95,0,1,,0,,3.0,visa,87.0,0
345795,92.95,0,1,,0,,5.0,mastercard,87.0,0
345798,25.86,0,0,,0,,3.0,visa,,0
345799,100.0,0,1,,0,,1.0,visa,87.0,0
345806,49.0,0,1,,0,,1.0,visa,87.0,0
345808,82.95,0,1,,0,,2.0,visa,87.0,0
345809,47.95,0,1,10.0,0,,5.0,visa,87.0,0
345811,59.0,0,1,0.0,0,,13.0,visa,87.0,0
345872,108.95,0,1,,0,,216.0,mastercard,87.0,0
345889,47.95,0,1,,0,,2.0,visa,87.0,0
345905,25.0,0,1,,0,,1.0,mastercard,87.0,0
345912,97.0,0,1,9.0,0,,1.0,visa,87.0,0
345920,25.0,0,1,,0,,1.0,visa,87.0,0
345925,295.0,0,1,,0,,1.0,mastercard,87.0,0
345938,1651.0,0,1,0.0,0,,1.0,visa,87.0,0
345939,3.384,0,0,,0,,1.0,mastercard,,0
345949,54.0,0,1,5.0,0,,1.0,visa,87.0,0
345954,57.95,0,1,14.0,0,,10.0,visa,87.0,0
345960,10.634,0,0,,0,,1.0,visa,,0
345977,1651.0,0,1,0.0,0,,1.0,visa,87.0,0
345993,47.95,0,1,8.0,0,,110.0,visa,87.0,0
345997,77.0,0,1,126.0,0,,1.0,visa,87.0,0
345998,25.0,0,1,,0,,3.0,visa,87.0,0
346023,1651.0,0,1,0.0,0,,1.0,visa,87.0,0
346041,68.95,0,1,,0,,1.0,visa,87.0,0
346056,15.0,0,1,5.0,0,,1.0,visa,87.0,0
346060,63.97,0,1,4.0,0,,3.0,mastercard,87.0,0
346074,100.0,0,1,,0,,1.0,visa,87.0,0
346140,59.0,0,1,,0,,1.0,mastercard,87.0,0
346154,35.95,0,1,,0,,3.0,visa,87.0,0
346183,41.811,0,0,,0,,1.0,mastercard,,0
346210,57.95,0,1,5.0,0,,1.0,visa,87.0,0
346218,107.95,0,1,,0,,1.0,mastercard,87.0,0
346226,3.384,0,0,,0,,1.0,mastercard,,0
346260,149.95,0,1,2.0,0,,2.0,visa,87.0,0
346261,500.0,0,1,15.0,0,,2.0,visa,87.0,0
346273,117.0,0,1,8.0,0,,1.0,mastercard,87.0,0
346290,49.0,0,1,,0,,2.0,mastercard,87.0,0
346302,3.384,0,0,,0,,1.0,mastercard,,0
346302,50.0,0,1,,0,,1.0,visa,87.0,0
346304,200.0,0,1,3.0,0,,1.0,visa,87.0,0
346392,57.95,0,1,7.0,0,,2.0,mastercard,87.0,0
346440,10.151,0,0,,0,,2.0,mastercard,,0
346449,49.0,0,1,6.0,0,,2.0,visa,87.0,0
346468,41.811,0,0,,0,,1.0,mastercard,,0
346495,25.0,0,1,,0,,1.0,visa,87.0,0
346502,1651.0,0,1,,0,,1.0,visa,87.0,0
346518,38.125,0,0,,0,,1.0,visa,,0
346521,92.95,0,1,401.0,0,,1.0,visa,87.0,0
346544,1651.0,0,1,0.0,0,,1.0,visa,87.0,0
346545,40.0,0,1,,0,,1.0,mastercard,87.0,0
346566,56.5,0,1,2.0,0,,9.0,visa,87.0,0
346588,59.0,0,1,2.0,0,,3.0,visa,87.0,0
346624,100.0,0,1,,0,,1.0,visa,87.0,0
346636,3.384,0,0,,0,,1.0,mastercard,,0
346673,55.0,0,1,,0,1.0,3.0,visa,87.0,0
346699,87.005,0,0,,0,,4.0,mastercard,,0
346713,794.95,0,1,1.0,0,,2.0,mastercard,87.0,0
346727,60.0,0,1,4.0,0,,1.0,visa,87.0,0
346765,30.0,0,1,,0,,4.0,visa,87.0,0
346795,39.0,0,1,,0,,1.0,visa,87.0,0
346795,87.005,0,0,,0,,5.0,mastercard,,0
346803,20.905,0,0,,0,,1.0,visa,,0
346808,15.0,0,1,,0,,1.0,visa,87.0,0
346816,10.0,0,1,,0,,3.0,visa,87.0,0
346847,25.0,0,1,,0,,1.0,mastercard,87.0,0
346863,107.95,0,1,4.0,0,,1.0,mastercard,87.0,0
346881,20.0,0,1,,0,,3.0,visa,87.0,0
346887,34.0,0,1,,0,,1.0,visa,87.0,0
346911,193.0,0,1,,0,,1.0,visa,87.0,0
346915,59.63,0,1,0.0,0,,63.0,visa,87.0,0
346929,55.0,0,1,,0,1.0,3.0,visa,87.0,0
346968,36.95,0,1,,0,,5.0,visa,87.0,0
346969,262.49,0,1,,0,,1.0,mastercard,87.0,0
346973,50.0,0,1,,0,,1.0,visa,87.0,0
346993,200.0,0,1,,0,,1.0,visa,87.0,0
347007,95.97,0,1,2.0,0,,1.0,visa,87.0,0
347016,57.95,0,1,1.0,0,,2.0,visa,87.0,0
347033,75.0,0,1,,0,,149.0,mastercard,87.0,0
347073,87.005,0,0,,0,,6.0,visa,,0
347093,226.0,0,1,0.0,0,,1.0,mastercard,87.0,0
347110,117.0,0,1,,0,,1.0,mastercard,87.0,0
347125,107.95,0,1,,0,,122.0,visa,87.0,0
347138,44.95,0,1,147.0,0,,109.0,visa,87.0,0
347146,50.0,0,1,,0,,1.0,discover,87.0,0
347154,24.5,0,1,,0,,1.0,visa,87.0,0
347176,100.0,0,1,,0,,1.0,mastercard,87.0,0
347190,25.0,0,1,,0,,18.0,visa,87.0,0
347191,42.596,0,0,,0,,1.0,mastercard,,0
347202,33.95,0,1,0.0,0,,2.0,visa,87.0,0
347207,100.0,0,1,,0,,2.0,visa,87.0,0
347209,30.0,0,1,,0,,1.0,visa,87.0,0
347224,25.0,0,1,,0,,1.0,visa,87.0,0
347230,150.0,0,1,,0,,1.0,visa,87.0,1
347238,226.0,0,1,,0,,1.0,visa,87.0,0
347242,43.95,0,1,1.0,0,,2.0,visa,87.0,0
347258,226.0,0,1,,0,,4.0,mastercard,87.0,0
347296,129.95,0,1,,0,,1.0,visa,87.0,0
347305,75.0,0,1,,0,,1.0,visa,87.0,0
347306,50.0,0,1,,0,,1.0,mastercard,87.0,0
347306,150.0,0,1,,0,,1.0,visa,87.0,1
347315,265.0,0,1,,0,,2.0,mastercard,87.0,0
347320,50.0,0,1,7.0,0,,8.0,visa,87.0,0
347333,35.0,0,1,,0,,1.0,visa,87.0,0
347351,47.0,0,1,,0,,3.0,visa,87.0,0
347374,226.0,0,1,,0,,2.0,mastercard,87.0,0
347384,31.95,0,1,,0,,4.0,visa,87.0,0
347386,150.0,0,1,,0,,7.0,mastercard,87.0,0
347392,424.97,0,1,549.0,0,,1.0,mastercard,87.0,0
347431,100.0,0,1,,0,,1.0,visa,87.0,0
347433,100.0,0,1,,0,,3.0,mastercard,87.0,0
347445,200.0,0,1,,0,,1.0,mastercard,87.0,0
347449,107.95,0,1,96.0,0,,2.0,mastercard,87.0,0
347476,280.0,0,1,0.0,0,,2.0,visa,87.0,0
347489,50.0,0,1,,0,,1.0,mastercard,87.0,0
347492,53.95,0,1,5.0,0,,3.0,mastercard,87.0,0
347500,87.0,0,1,2.0,0,,2.0,visa,87.0,0
347507,100.0,0,1,,0,,1.0,visa,87.0,0
347522,25.0,0,1,,0,,2.0,visa,87.0,0
347536,50.0,0,1,,0,,1.0,visa,87.0,0
347546,15.0,0,1,,0,,1.0,mastercard,87.0,0
347551,30.0,0,1,,0,,1.0,mastercard,87.0,0
347554,100.0,0,1,,0,,2.0,visa,87.0,0
347580,17.401,0,0,,0,,1.0,visa,,0
347588,59.0,0,1,558.0,0,,2.0,mastercard,87.0,0
347594,44.5,0,1,541.0,0,,4.0,visa,87.0,0
347599,108.95,0,1,,0,,1.0,visa,87.0,0
347614,100.0,0,1,,0,,3.0,visa,87.0,0
347614,311.95,0,1,31.0,0,,1.0,visa,87.0,0
347655,47.95,0,1,0.0,0,,4.0,visa,87.0,0
347675,209.95,0,1,31.0,0,,1.0,visa,87.0,0
347677,25.0,0,1,,0,,1.0,visa,87.0,0
347693,49.0,0,1,,0,,2.0,visa,87.0,0
347708,30.0,0,1,,0,,3.0,visa,87.0,0
347734,117.0,0,1,,0,,1.0,visa,87.0,0
347809,25.0,0,1,,0,,1.0,visa,87.0,0
347811,55.0,0,1,,0,,1.0,visa,87.0,0
347853,25.0,0,1,,0,,1.0,visa,87.0,0
347855,15.0,0,1,,0,,1.0,mastercard,87.0,0
347923,39.0,0,1,,0,,1.0,mastercard,87.0,0
347964,75.0,0,1,,0,,1.0,visa,87.0,0
347989,6.223,0,0,,0,,1.0,visa,,0
347992,49.0,0,1,,0,,1.0,visa,87.0,0
347999,100.0,0,1,,0,,107.0,visa,87.0,0
348033,80.0,0,1,,0,,1.0,visa,87.0,0
348042,100.0,0,1,3.0,0,,1.0,visa,87.0,0
348048,75.0,0,1,,0,,1.0,mastercard,87.0,0
348098,19.999,0,0,,0,421.0,1.0,mastercard,,0
348102,261.95,0,1,,0,,3.0,visa,87.0,0
348108,49.0,0,1,,0,,2.0,visa,87.0,0
348115,30.0,0,1,,0,,1.0,visa,87.0,0
348157,25.0,0,1,,0,,1.0,visa,87.0,0
348177,20.0,0,1,,0,,4.0,mastercard,87.0,0
348181,57.95,0,1,27.0,0,,2.0,visa,87.0,0
348184,29.0,0,1,7.0,0,,1.0,visa,87.0,0
348212,117.0,0,1,1.0,0,,2.0,visa,87.0,0
348226,944.95,0,1,,0,,1.0,visa,87.0,0
348242,67.0,0,1,2.0,0,,122.0,visa,87.0,0
348274,50.0,0,1,,0,,1.0,visa,87.0,0
348305,52.95,0,1,1.0,0,,3.0,visa,87.0,0
348309,50.0,0,1,,0,,1.0,mastercard,87.0,0
348333,13.534,0,0,,0,,1.0,visa,,0
348337,29.0,0,1,,0,,1.0,visa,87.0,0
348342,57.95,0,1,8.0,0,,1.0,visa,87.0,0
348364,58.0,0,1,2.0,0,,5.0,visa,87.0,0
348380,59.0,0,1,195.0,0,,1.0,visa,87.0,0
348387,30.0,0,1,,0,,2.0,mastercard,87.0,0
348388,300.0,0,1,,0,,2.0,visa,87.0,0
348389,59.0,0,1,0.0,0,,7.0,visa,87.0,0
348402,75.0,0,1,,0,,7.0,visa,87.0,0
348402,50.0,0,1,,0,,1.0,visa,87.0,0
348426,84.0,0,1,2.0,0,,122.0,visa,87.0,0
348460,50.0,0,1,,0,,1.0,visa,87.0,0
348463,50.0,0,1,,0,,1.0,visa,87.0,0
348484,19.214,0,0,,0,,3.0,visa,,0
348486,100.0,0,1,,0,,1.0,visa,87.0,0
348516,150.0,0,1,,0,,2.0,mastercard,87.0,0
348530,35.95,0,1,,0,,1.0,visa,87.0,0
348557,87.95,0,1,6.0,0,,3.0,visa,87.0,0
348580,50.0,0,1,,0,,1.0,visa,87.0,0
348634,60.0,0,1,14.0,0,,1.0,mastercard,87.0,0
348655,53.97,0,1,7.0,0,,108.0,visa,87.0,0
348663,225.0,0,1,,0,,1.0,visa,87.0,1
348673,25.0,0,1,,0,,212.0,visa,87.0,0
348680,225.0,0,1,,0,,1.0,visa,87.0,1
348690,100.0,0,1,,0,,1.0,visa,87.0,0
348696,13.292,0,0,,0,,1.0,visa,,0
348704,100.0,0,1,,0,,1.0,visa,87.0,0
348709,18.95,0,1,3.0,0,,2.0,visa,87.0,0
348712,30.0,0,1,,0,,4.0,visa,87.0,0
348715,67.95,0,1,,0,,97.0,mastercard,87.0,0
348717,35.95,0,1,5.0,0,,1.0,mastercard,87.0,0
348735,25.0,0,1,,0,,1.0,visa,87.0,0
348754,34.95,0,1,,0,,1.0,visa,87.0,0
348759,40.0,0,1,,0,,1.0,visa,87.0,0
348792,25.0,0,1,,0,,1.0,mastercard,87.0,0
348800,58.51,0,1,23.0,0,,155.0,visa,87.0,0
348806,25.0,0,1,,0,,1.0,visa,87.0,0
348810,319.94,0,1,,0,,1.0,visa,87.0,0
348819,84.69,0,1,1.0,0,,7.0,visa,87.0,0
348824,150.0,0,1,,0,,1.0,visa,87.0,1
348827,49.0,0,1,61.0,0,,1.0,visa,87.0,0
348831,50.0,0,1,,0,,1.0,mastercard,87.0,0
348858,350.0,0,1,,0,,1.0,visa,87.0,0
348870,312.95,0,1,17.0,0,,1.0,mastercard,87.0,0
348872,28.277,0,0,,0,,2.0,mastercard,,0
348886,35.0,0,1,,0,,1.0,visa,87.0,0
348891,50.0,0,1,,0,,1.0,mastercard,87.0,0
348905,50.0,0,1,,0,,1.0,visa,87.0,0
348906,39.0,0,1,23.0,0,,2.0,mastercard,87.0,0
348910,209.95,0,1,47.0,0,,1.0,visa,87.0,0
348911,20.0,0,1,,0,,2.0,visa,87.0,0
348912,30.0,0,1,,0,,1.0,mastercard,87.0,0
348931,42.0,0,1,,0,,68.0,visa,87.0,0
348952,100.0,0,1,,0,,6.0,visa,87.0,0
348966,29.0,0,1,1.0,0,,1.0,visa,87.0,0
348972,48.95,0,1,,0,,3.0,visa,87.0,0
348974,93.772,0,0,,0,,1.0,mastercard,,0
348986,87.0,0,1,2.0,0,,122.0,visa,87.0,0
349053,25.0,0,1,,0,,2.0,visa,87.0,0
349067,25.0,0,1,,0,,1.0,visa,87.0,0
349069,59.0,0,1,3.0,0,,1.0,visa,87.0,0
349072,82.95,0,1,23.0,0,,3.0,mastercard,87.0,0
349075,13.172,0,0,,0,,1.0,mastercard,,0
349111,225.0,0,1,,0,,2.0,visa,87.0,1
349113,25.0,0,1,,0,,2.0,visa,87.0,0
349126,40.0,0,1,,0,,5.0,visa,87.0,0
349135,50.0,0,1,,0,,1.0,visa,87.0,0
349168,12.809,0,0,,0,,1.0,visa,,0
349204,30.0,1,1,14.0,0,,3.0,mastercard,87.0,0
349217,9.305,1,0,,0,,3.0,mastercard,,0
349221,134.95,1,1,,0,,4.0,visa,87.0,0
349224,12.809,1,0,,0,,1.0,visa,,0
349240,50.511,1,0,,0,,1.0,visa,,0
349243,103.97,1,1,,0,,5.0,mastercard,87.0,0
349244,30.0,1,1,,0,,3.0,mastercard,87.0,0
349258,50.0,1,1,,0,,1.0,visa,87.0,0
349310,60.0,1,1,,0,,1.0,mastercard,87.0,1
349316,2.198,1,0,,0,56.0,1.0,visa,,0
349331,50.0,1,1,,0,,1.0,visa,87.0,0
349348,5.0,1,1,,0,,4.0,mastercard,87.0,0
349356,34.0,1,1,18.0,0,,3.0,visa,87.0,0
349381,25.95,1,1,1.0,0,,5.0,visa,87.0,0
349382,200.0,1,1,,0,,2.0,mastercard,87.0,0
349401,76.95,1,1,7.0,0,,2.0,mastercard,87.0,0
349409,50.0,1,1,,0,,1.0,discover,87.0,0
349455,36.5,1,1,5.0,0,,1.0,mastercard,87.0,0
349503,77.0,1,1,13.0,0,,1.0,mastercard,87.0,1
349508,10.936,1,0,,0,,1.0,mastercard,,0
349509,20.0,1,1,,0,,1.0,visa,87.0,0
349521,13.292,1,0,,0,,1.0,mastercard,,0
349528,40.0,1,1,,0,,13.0,mastercard,87.0,0
349541,58.95,1,1,0.0,0,,2.0,visa,87.0,0
349575,13.0,1,1,576.0,0,,1.0,visa,87.0,0
349607,13.292,1,0,,0,,1.0,mastercard,,0
349626,100.0,1,1,,0,,3.0,mastercard,87.0,0
349683,29.0,1,1,21.0,0,,1.0,mastercard,87.0,0
349694,34.0,1,1,,0,,1.0,mastercard,87.0,0
349696,32.97,1,1,2.0,0,,18.0,visa,87.0,0
349700,40.0,1,1,9.0,0,,1.0,mastercard,87.0,0
349722,30.0,1,1,,0,,1.0,mastercard,87.0,0
349724,21.751,1,0,,0,,1.0,visa,,0
349798,104.889,1,0,,0,,3.0,mastercard,,1
349817,107.95,1,1,,0,,107.0,visa,87.0,0
349818,25.0,1,1,,0,,8.0,visa,87.0,0
349888,226.0,1,1,,0,,1.0,mastercard,87.0,0
349900,100.0,1,1,,0,,1.0,visa,87.0,0
349957,100.0,1,1,,0,,1.0,discover,87.0,0
349967,75.0,1,1,,0,,7.0,visa,87.0,0
349967,100.0,1,1,,0,,1.0,visa,87.0,0
349974,57.95,1,1,,0,,125.0,visa,87.0,0
349983,59.0,1,1,1.0,0,,1.0,visa,87.0,0
350007,57.95,1,1,0.0,0,,117.0,visa,87.0,0
350024,24.0,1,1,7.0,0,,5.0,mastercard,87.0,0
350035,159.95,1,1,3.0,0,,1.0,mastercard,87.0,0
350042,75.0,1,1,,0,,1.0,american express,87.0,0
350044,20.0,1,1,87.0,0,,4.0,visa,87.0,0
350048,47.95,1,1,2.0,0,,1.0,visa,87.0,0
350056,88.5,1,1,1.0,0,,5.0,visa,87.0,0
350089,11.48,1,0,,0,,1.0,mastercard,,0
350098,53.25,1,1,2.0,0,,1.0,visa,87.0,0
350106,100.0,1,1,,0,,1.0,mastercard,87.0,0
350139,150.0,1,1,,0,,2.0,visa,87.0,0
350143,92.0,1,1,13.0,0,,4.0,mastercard,87.0,0
350150,200.0,1,1,,0,,2.0,visa,87.0,0
350157,15.0,1,1,,0,,1.0,visa,87.0,0
350184,49.0,1,1,8.0,0,,1.0,visa,87.0,0
350190,57.95,1,1,15.0,0,,2.0,visa,87.0,0
350235,30.0,1,1,11.0,0,,1.0,visa,87.0,0
350242,226.0,1,1,767.0,0,,1.0,visa,87.0,0
350260,50.0,1,1,,0,,1.0,mastercard,87.0,0
350266,50.0,1,1,,0,,1.0,visa,87.0,0
350297,50.0,1,1,,0,,2.0,visa,87.0,0
350326,75.0,1,1,,0,,1.0,visa,87.0,0
350330,29.0,1,1,146.0,0,,2.0,mastercard,87.0,0
350341,47.95,1,1,,0,,3.0,visa,87.0,0
350369,33.47,1,1,,0,,1.0,visa,87.0,0
350393,155.95,1,1,1.0,0,,1.0,mastercard,87.0,0
350397,75.0,1,1,,0,,1.0,visa,87.0,0
350413,34.0,1,1,,0,,1.0,visa,87.0,0
350429,100.0,1,1,,0,20.0,5.0,visa,87.0,0
350439,50.0,1,1,,0,,1.0,mastercard,87.0,0
350450,299.95,1,1,30.0,0,,1.0,visa,87.0,0
350453,25.0,1,1,,0,,1.0,visa,87.0,0
350469,16.132,1,0,,0,4.0,1.0,mastercard,,0
350473,58.95,1,1,,0,,1.0,visa,87.0,0
350482,57.95,1,1,,0,,3.0,visa,87.0,0
350493,49.0,1,1,,0,,1.0,visa,87.0,0
350502,50.0,1,1,,0,,1.0,visa,87.0,0
350504,25.0,1,1,,0,,1.0,visa,87.0,0
350506,49.0,1,1,,0,,1.0,visa,87.0,0
350573,15.0,1,1,15.0,0,,1.0,visa,87.0,0
350581,30.0,1,1,,0,,2.0,visa,87.0,0
350593,50.0,1,1,,0,,1.0,visa,87.0,0
350603,10.0,1,1,,0,,4.0,visa,87.0,0
350637,47.95,1,1,6.0,0,,24.0,mastercard,87.0,0
350650,50.0,1,1,,0,3.0,2.0,visa,87.0,0
350687,25.0,1,1,,0,,1.0,visa,87.0,0
350688,53.97,1,1,,0,,1.0,visa,87.0,0
350703,200.0,1,1,,0,,2.0,mastercard,87.0,0
350719,97.0,1,1,1131.0,0,,1.0,visa,87.0,0
350729,15.0,1,1,,0,,1.0,mastercard,87.0,0
350736,100.0,1,1,,0,,1.0,visa,87.0,0
350747,100.0,1,1,,0,,1.0,mastercard,87.0,0
350769,50.0,1,1,,0,,2.0,visa,87.0,0
350791,13.292,1,0,,0,,1.0,mastercard,,0
350816,100.0,1,1,,0,,5.0,visa,87.0,0
350864,57.95,1,1,13.0,0,,2.0,mastercard,87.0,0
350905,100.0,1,1,,0,,1.0,visa,87.0,0
350913,390.0,1,1,,0,,1.0,visa,87.0,1
350935,32.808,1,0,,0,,1.0,visa,,0
350959,29.0,1,1,,0,,1.0,mastercard,87.0,0
350961,100.0,1,1,,0,,2.0,visa,87.0,0
350989,209.95,1,1,,0,,3.0,mastercard,87.0,0
351003,40.0,1,1,,0,,3.0,mastercard,87.0,0
351031,47.95,1,1,20.0,0,,8.0,mastercard,87.0,0
351057,149.95,1,1,12.0,0,,3.0,visa,87.0,0
351062,75.0,1,1,,0,,1.0,visa,87.0,0
351062,36.95,1,1,7.0,0,,1.0,mastercard,87.0,0
351091,50.0,1,1,,0,,1.0,visa,87.0,0
351129,300.0,1,1,,0,,3.0,visa,87.0,0
351140,60.0,1,1,,0,,1.0,discover,87.0,0
351141,92.0,1,1,1.0,0,,7.0,visa,87.0,0
351162,200.0,1,1,,0,,2.0,visa,87.0,0
351179,50.0,1,1,,0,,1.0,visa,87.0,0
351184,40.0,1,1,,0,,5.0,visa,87.0,0
351210,35.0,1,1,,0,,2.0,visa,87.0,0
351245,49.0,1,1,,0,,1.0,visa,87.0,0
351260,100.0,1,1,,0,,1.0,mastercard,87.0,0
351287,100.0,1,1,,0,1.0,3.0,visa,87.0,0
351376,50.0,1,1,,0,,1.0,visa,87.0,0
351379,77.95,1,1,,0,,1.0,visa,87.0,0
351384,54.5,1,1,,0,,1.0,mastercard,87.0,0
351384,32.6,1,1,,0,,1.0,visa,87.0,0
351391,50.0,1,1,,0,,2.0,visa,87.0,0
351400,87.0,1,1,,0,,1.0,visa,87.0,0
351407,47.95,1,1,4.0,0,,5.0,mastercard,87.0,0
351423,80.0,1,1,,0,,1.0,visa,87.0,0
351444,30.0,1,1,,0,,1.0,visa,87.0,0
351448,160.0,1,1,,0,,4.0,mastercard,87.0,0
351486,77.0,1,1,17.0,0,,1.0,mastercard,87.0,0
351496,88.5,1,1,1.0,0,,1.0,visa,87.0,0
351505,201.95,1,1,2.0,0,,2.0,visa,87.0,0
351559,50.0,1,1,,0,,5.0,visa,87.0,1
351593,57.95,1,1,,0,,5.0,mastercard,87.0,0
351604,29.0,1,1,,0,,1.0,mastercard,87.0,0
351605,68.456,1,0,,0,,1.0,visa,,0
351606,50.0,1,1,,0,,5.0,visa,87.0,1
351609,110.97,1,1,7.0,0,,11.0,visa,87.0,0
351623,209.95,1,1,13.0,0,,2.0,mastercard,87.0,0
351650,73.0,1,1,,0,,2.0,mastercard,87.0,0
351653,75.0,1,1,,0,,1.0,mastercard,87.0,0
351664,117.0,1,1,3.0,0,,1.0,mastercard,87.0,0
351673,39.0,1,1,12.0,0,,1.0,visa,87.0,0
351704,40.0,1,1,,0,,5.0,visa,87.0,0
351721,201.95,1,1,,0,,2.0,visa,87.0,0
351743,57.95,1,1,14.0,0,,2.0,visa,87.0,0
351756,50.0,1,1,7.0,0,,1.0,visa,87.0,0
351776,25.0,1,1,,0,,1.0,mastercard,87.0,0
351792,150.0,1,1,,0,,2.0,mastercard,87.0,0
351795,175.0,1,1,,0,,1.0,visa,87.0,0
351799,59.0,1,1,1201.0,0,,1.0,mastercard,87.0,0
351801,50.0,1,1,,0,,1.0,visa,87.0,0
351839,97.0,1,1,10.0,0,,1.0,visa,87.0,0
351927,201.95,1,1,2.0,0,,2.0,mastercard,87.0,0
351933,59.0,1,1,,0,,2.0,visa,87.0,0
351950,25.0,1,1,,0,,1.0,visa,87.0,0
351967,9.063,1,0,,0,,4.0,mastercard,,0
351976,49.0,1,1,15.0,0,,2.0,mastercard,87.0,0
351981,60.0,1,1,,0,,2.0,visa,87.0,0
351986,207.95,1,1,13.0,0,,7.0,visa,87.0,0
352000,69.78,1,1,,0,,1.0,mastercard,87.0,0
352041,25.0,1,1,,0,,1.0,visa,87.0,0
352066,59.0,1,1,,0,,1.0,visa,87.0,0
352110,48.95,1,1,1.0,0,,1.0,visa,87.0,0
352181,50.0,1,1,,0,,1.0,mastercard,87.0,0
352209,77.0,1,1,,0,,2.0,mastercard,87.0,0
352226,200.0,1,1,,0,,2.0,visa,87.0,0
352227,90.63,1,0,,0,181.0,1.0,mastercard,,0
352232,13.292,1,0,,0,,2.0,mastercard,,0
352305,22.96,1,0,,0,,1.0,visa,,0
352314,59.0,1,1,,0,,1.0,mastercard,87.0,1
352330,155.95,1,1,9.0,0,,2.0,mastercard,87.0,0
352332,55.0,1,1,,0,,1.0,visa,87.0,0
352337,107.95,1,1,,0,,7.0,visa,87.0,0
352339,100.0,1,1,,0,,1.0,visa,87.0,1
352344,30.573,1,0,,0,0.0,1.0,mastercard,,0
352353,30.95,1,1,3.0,0,,3.0,visa,87.0,0
352367,108.95,1,1,,0,,1.0,visa,87.0,0
352382,120.0,1,1,,0,,1.0,mastercard,87.0,0
352403,20.0,1,1,18.0,0,,2.0,mastercard,87.0,0
352429,25.0,1,1,,0,,3.0,visa,87.0,0
352433,66.341,1,0,,0,,1.0,mastercard,,0
352439,100.0,1,1,,0,,1.0,visa,87.0,0
352446,31.95,1,1,,0,,6.0,visa,87.0,0
352467,50.0,1,1,,0,,5.0,visa,87.0,0
352484,77.0,1,1,0.0,0,,1.0,visa,87.0,0
352511,97.95,1,1,1609.0,0,,24.0,visa,87.0,0
352516,32.325,1,0,,0,,1.0,visa,,0
352533,97.95,1,1,13.0,0,,1.0,visa,87.0,0
352533,25.0,1,1,,0,,2.0,visa,87.0,0
352572,107.95,1,1,13.0,0,,7.0,visa,87.0,0
352576,200.0,1,1,,0,,1.0,visa,87.0,0
352599,50.0,1,1,1.0,0,,1.0,visa,87.0,0
352616,209.95,1,1,1.0,0,,2.0,visa,87.0,0
352616,67.95,1,1,15.0,0,,4.0,visa,87.0,0
352634,25.0,1,1,8.0,0,,12.0,mastercard,87.0,0
352648,208.5,1,1,16.0,0,,1.0,visa,87.0,0
352657,20.0,1,1,,0,,1.0,visa,87.0,0
352660,100.0,1,1,,0,,1.0,mastercard,87.0,0
352661,30.95,1,1,21.0,0,,3.0,visa,87.0,0
352666,57.95,1,1,5.0,0,,5.0,visa,87.0,0
352670,117.0,1,1,10.0,0,,1.0,visa,87.0,0
352693,124.0,1,1,1828.0,0,,4.0,visa,87.0,0
352716,78.95,1,1,7.0,0,,2.0,visa,87.0,0
352742,72.95,1,1,8.0,0,,6.0,visa,87.0,0
352746,40.0,1,1,,0,,1.0,mastercard,87.0,0
352748,500.0,1,1,3.0,0,,1.0,visa,87.0,0
352763,82.95,1,1,99.0,0,,6.0,visa,87.0,0
352799,200.0,1,1,,0,,2.0,visa,87.0,0
352813,75.0,2,1,,0,,1.0,mastercard,87.0,0
352834,107.95,2,1,0.0,0,,6.0,visa,87.0,0
352902,35.0,2,1,,0,,1.0,visa,87.0,0
352921,499.95,2,1,1.0,0,,1.0,mastercard,87.0,0
352969,5.943,2,0,,0,,1.0,mastercard,,0
352977,108.95,2,1,,0,,1.0,visa,87.0,0
352986,58.95,2,1,,0,,1.0,visa,87.0,0
353010,52.95,2,1,1227.0,0,,11.0,visa,87.0,0
353036,40.0,2,1,,0,,5.0,visa,87.0,0
353053,58.95,2,1,30.0,0,,148.0,mastercard,87.0,0
353075,154.97,2,1,,0,,2.0,mastercard,87.0,0
353078,57.95,2,1,12.0,0,,3.0,visa,87.0,0
353099,122.169,2,0,,0,6.0,1.0,mastercard,,0
353117,50.0,2,1,,0,2.0,3.0,visa,87.0,0
353126,22.96,2,0,,0,,1.0,visa,,0
353128,57.95,2,1,,0,,4.0,visa,87.0,0
353141,200.0,2,1,265.0,0,,2.0,visa,87.0,0
353151,209.95,2,1,,0,,5.0,mastercard,87.0,0
353154,200.0,2,1,,0,,3.0,visa,87.0,0
353173,100.0,2,1,,0,,10.0,visa,87.0,0
353202,75.0,2,1,,0,,4.0,visa,87.0,0
353211,271.95,2,1,7.0,0,,2.0,mastercard,87.0,0
353225,122.169,2,0,,0,6.0,2.0,visa,,0
353232,25.0,2,1,,0,,1.0,visa,87.0,0
353261,13.292,2,0,,0,7.0,2.0,visa,,0
353303,29.0,2,1,14.0,0,,2.0,visa,87.0,0
353313,9.425,2,0,,0,,1.0,visa,,0
353314,117.0,2,1,,0,,5.0,visa,87.0,0
353326,55.0,2,1,,0,,89.0,mastercard,87.0,0
353339,100.0,2,1,5.0,0,,1.0,visa,87.0,0
353359,47.95,2,1,,0,,5.0,visa,87.0,0
353366,20.0,2,1,,0,,1.0,mastercard,87.0,0
353387,50.0,2,1,2.0,0,,13.0,mastercard,87.0,0
353409,213.0,2,1,1.0,0,,1.0,mastercard,87.0,0
353411,122.169,2,0,,0,6.0,2.0,visa,,0
353417,25.95,2,1,,0,,8.0,mastercard,87.0,0
353436,100.0,2,1,,0,,2.0,visa,87.0,0
353453,29.0,2,1,2.0,0,,1.0,mastercard,87.0,0
353502,40.0,2,1,5.0,0,,2.0,visa,87.0,0
353528,134.95,2,1,11.0,0,,2.0,mastercard,87.0,0
353540,20.0,2,1,,0,,10.0,mastercard,87.0,0
353544,122.169,2,0,,0,6.0,2.0,visa,,0
353556,25.0,2,1,,0,,1.0,visa,87.0,0
353565,20.0,2,1,,0,,2.0,visa,87.0,0
353591,100.0,2,1,,0,,1.0,mastercard,87.0,0
353598,77.95,2,1,,0,,5.0,visa,87.0,0
353603,20.0,2,1,,0,,2.0,visa,87.0,0
353624,8.217,2,0,,0,,1.0,mastercard,,0
353659,193.0,2,1,5.0,0,,1.0,visa,87.0,0
353675,50.0,2,1,,0,,1.0,visa,87.0,0
353687,125.0,2,1,,0,,49.0,visa,87.0,0
353706,35.95,2,1,373.0,0,,4.0,visa,87.0,0
353730,55.95,2,1,,0,,16.0,mastercard,87.0,0
353767,40.784,2,0,,0,,1.0,visa,,0
353782,110.0,2,1,,0,,1.0,mastercard,87.0,0
353796,50.0,2,1,,0,,1.0,mastercard,87.0,0
353799,40.0,2,1,,0,,1.0,visa,87.0,0
353844,35.225,2,0,,0,115.0,1.0,mastercard,,0
353846,107.95,2,1,,0,,9.0,mastercard,87.0,0
353857,40.0,2,1,,0,,2.0,visa,87.0,0
353857,142.591,2,0,,0,0.0,2.0,mastercard,,0
353897,58.95,2,1,,0,,1.0,visa,87.0,0
353967,20.0,2,1,,0,,2.0,visa,87.0,0
353982,50.0,2,1,2.0,0,,4.0,mastercard,87.0,0
353984,135.5,2,1,6.0,0,,6.0,visa,87.0,0
354037,100.0,2,1,,0,,7.0,mastercard,87.0,0
354045,82.95,2,1,2.0,0,,6.0,visa,87.0,0
354049,107.95,2,1,,0,,3.0,visa,87.0,0
354049,150.0,2,1,,0,,1.0,american express,87.0,0
354079,58.95,2,1,,0,,1.0,visa,87.0,0
354190,49.0,2,1,,0,,1.0,visa,87.0,0
354200,37.219,2,0,,0,82.0,1.0,mastercard,,1
354203,40.784,2,0,,0,,2.0,visa,,0
354211,90.0,2,1,,0,,3.0,mastercard,87.0,0
354214,43.45,2,1,7.0,0,,1.0,mastercard,87.0,0
354216,15.0,2,1,,0,,1.0,visa,87.0,0
354228,200.0,2,1,,0,,2.0,american express,87.0,0
354268,37.219,2,0,,0,82.0,2.0,mastercard,,1
354279,75.0,2,1,,0,,1.0,american express,87.0,0
354284,200.0,2,1,,0,,1.0,mastercard,87.0,0
354350,40.0,2,1,3.0,0,,7.0,visa,87.0,0
354379,100.0,2,1,,0,,7.0,mastercard,87.0,0
354386,10.815,2,0,,0,76.0,1.0,mastercard,,0
354409,15.286,2,0,,0,,1.0,visa,,0
354444,107.95,2,1,6.0,0,,3.0,visa,87.0,0
354470,30.0,2,1,8.0,0,,1.0,mastercard,87.0,0
354474,47.95,2,1,3.0,0,,6.0,visa,87.0,0
354499,317.5,2,1,9.0,0,,2.0,visa,87.0,0
354533,475.0,2,1,3.0,0,,1.0,visa,87.0,0
354562,42.95,2,1,0.0,0,,2.0,visa,87.0,0
354582,28.0,2,1,,0,,1.0,visa,87.0,0
354595,35.0,2,1,,0,,108.0,visa,87.0,0
354601,70.0,2,1,,0,,102.0,mastercard,87.0,0
354601,75.0,2,1,,0,,1.0,mastercard,87.0,0
354629,13.594,2,0,,0,,1.0,mastercard,,0
354638,59.0,2,1,69.0,0,,1.0,visa,87.0,0
354655,113.95,2,1,2.0,0,,1.0,visa,87.0,0
354657,100.0,2,1,,0,,1.0,visa,87.0,0
354671,49.0,2,1,0.0,0,,1.0,visa,87.0,0
354683,117.0,2,1,,0,,4.0,visa,87.0,0
354731,100.0,2,1,,0,,244.0,visa,87.0,0
354735,117.0,2,1,9.0,0,,4.0,discover,87.0,0
354766,39.0,2,1,28.0,0,,1.0,visa,87.0,0
354768,47.732,2,0,,0,,1.0,mastercard,,0
354796,18.851,2,0,,0,,1.0,mastercard,,0
354844,50.0,2,1,42.0,0,,1.0,visa,87.0,0
354858,107.95,2,1,,0,,8.0,visa,87.0,0
354868,108.95,2,1,,0,,1.0,visa,87.0,0
354870,156.0,2,1,14.0,0,,4.0,visa,87.0,0
354908,20.0,2,1,,0,8.0,1.0,visa,87.0,0
354918,30.0,2,1,,0,,8.0,mastercard,87.0,0
354926,57.95,2,1,,0,,3.0,visa,87.0,0
354926,107.95,2,1,21.0,0,,1.0,visa,87.0,0
354938,35.0,2,1,3.0,0,,1.0,visa,87.0,0
354946,36.95,2,1,,0,,2.0,mastercard,87.0,0
354948,59.0,2,1,,0,,9.0,visa,87.0,0
354969,75.0,2,1,175.0,0,,2.0,visa,87.0,0
354978,25.95,2,1,7.0,0,,3.0,visa,87.0,0
354983,30.0,2,1,,0,,2.0,visa,87.0,0
354988,171.0,2,1,3.0,0,,1.0,visa,87.0,0
355080,57.95,2,1,32.0,0,,3.0,visa,87.0,0
355093,92.0,2,1,,0,,1.0,visa,87.0,0
355115,23.806,2,0,,0,312.0,90.0,visa,,0
355116,50.0,2,1,,0,2003.0,2.0,visa,87.0,0
355121,57.95,2,1,32.0,0,,3.0,visa,87.0,0
355123,60.0,2,1,,0,,47.0,mastercard,87.0,0
355145,49.47,2,1,,0,,1.0,visa,87.0,0
355153,35.0,2,1,,0,,2.0,mastercard,87.0,0
355172,87.95,2,1,,0,,3.0,visa,87.0,0
355181,265.0,2,1,,0,,2.0,visa,87.0,0
355193,57.95,2,1,19.0,0,,109.0,visa,87.0,0
355218,30.95,2,1,,0,,5.0,mastercard,87.0,0
355266,23.806,2,0,,0,312.0,17.0,mastercard,,0
355301,36.99,2,1,,0,,2.0,mastercard,87.0,0
355309,150.0,2,1,,0,,1.0,visa,87.0,0
355323,88.092,2,0,,0,,1.0,visa,,0
355334,48.95,2,1,33.0,0,,1.0,mastercard,87.0,0
355334,97.95,2,1,9.0,0,,2.0,visa,87.0,0
355354,107.95,2,1,24.0,0,,2.0,visa,87.0,0
355366,25.95,2,1,,0,,2.0,visa,87.0,0
355401,100.0,2,1,,0,,1.0,visa,87.0,0
355421,59.0,2,1,327.0,0,,1.0,visa,87.0,0
355435,159.95,2,1,,0,,3.0,visa,87.0,0
355455,117.0,2,1,16.0,0,,1.0,visa,87.0,0
355499,100.0,2,1,,0,,1.0,visa,87.0,0
355526,50.0,2,1,,0,,1.0,mastercard,87.0,0
355551,300.0,2,1,,0,,1.0,mastercard,87.0,0
355577,47.95,2,1,7.0,0,,8.0,visa,87.0,0
355631,100.0,2,1,,0,,5.0,visa,87.0,0
355694,67.95,2,1,,0,,106.0,visa,87.0,0
355704,35.95,2,1,,0,,6.0,visa,87.0,0
355742,209.95,2,1,,0,,1.0,visa,87.0,0
355744,311.95,2,1,,0,,1.0,mastercard,87.0,0
355751,59.0,2,1,,0,,70.0,mastercard,87.0,0
355798,60.0,2,1,,0,,2.0,mastercard,87.0,0
355806,74.437,2,0,,0,,1.0,mastercard,,0
355811,25.0,2,1,,0,,1.0,visa,87.0,0
355877,30.95,2,1,1.0,0,,8.0,visa,87.0,0
355889,107.95,2,1,,0,,1.0,visa,87.0,0
355902,35.95,2,1,,0,,1.0,visa,87.0,0
355928,100.0,2,1,,0,,1.0,visa,87.0,0
355932,200.0,2,1,,0,,1.0,mastercard,87.0,0
355947,40.0,2,1,5.0,0,,134.0,visa,87.0,0
355984,107.95,2,1,,0,,3.0,mastercard,87.0,0
355986,26.283,2,0,,0,,1.0,mastercard,,0
356013,30.0,2,1,,0,,1.0,visa,87.0,0
356016,100.0,2,1,,0,,1.0,visa,87.0,0
356080,107.95,2,1,3.0,0,,4.0,visa,87.0,0
356097,25.95,2,1,,0,,1.0,visa,87.0,0
356178,75.0,2,1,,0,,1.0,mastercard,87.0,0
356193,107.95,2,1,19.0,0,,109.0,visa,87.0,0
356199,42.95,2,1,,0,,1.0,visa,87.0,0
356246,50.0,2,1,,0,,1.0,mastercard,87.0,0
356248,30.0,2,1,,0,,9.0,visa,87.0,0
356250,54.95,2,1,,0,,1.0,mastercard,87.0,0
356254,50.0,2,1,,0,,1.0,visa,87.0,0
356262,30.95,2,1,5.0,0,,4.0,visa,87.0,0
356278,107.95,2,1,,0,,4.0,visa,87.0,0
356330,39.0,2,1,14.0,0,,1.0,visa,87.0,0
356349,250.0,2,1,,0,,1.0,mastercard,87.0,0
356384,25.256,2,0,,0,90.0,2.0,visa,,0
356387,75.0,2,1,,0,,1.0,mastercard,87.0,0
356405,107.95,3,1,,0,,3.0,visa,87.0,0
356410,100.0,3,1,,0,,4.0,visa,87.0,0
356469,39.0,3,1,7.0,0,,9.0,visa,87.0,0
356490,151.292,3,0,,0,7.0,1.0,visa,,0
356535,30.0,3,1,,0,,1.0,visa,87.0,0
356544,35.95,3,1,11.0,0,,1.0,visa,87.0,0
356579,150.0,3,1,,0,,2.0,visa,87.0,0
356581,209.95,3,1,2.0,0,,4.0,visa,87.0,0
356601,219.95,3,1,,0,,3.0,visa,87.0,0
356646,72.0,3,1,,0,,1.0,mastercard,87.0,0
356655,57.95,3,1,,0,,1.0,visa,87.0,0
356675,73.0,3,1,,0,,2.0,visa,87.0,1
356721,117.0,3,1,7.0,0,,1.0,mastercard,87.0,0
356743,75.0,3,1,,0,,1.0,visa,87.0,0
356811,75.0,3,1,,0,,1.0,visa,87.0,0
356828,107.95,3,1,49.0,0,,1.0,visa,87.0,0
356834,98.364,3,0,,0,7.0,1.0,visa,,0
356858,25.0,3,1,,0,,1.0,mastercard,87.0,0
356864,77.0,3,1,,0,,2.0,visa,87.0,0
356879,150.0,3,1,,0,,1.0,visa,87.0,1
356881,8.7,3,0,,0,,1.0,visa,,0
356905,75.0,3,1,,0,,1.0,visa,87.0,0
356908,34.99,3,1,20.0,0,,2.0,visa,87.0,0
356920,75.0,3,1,,0,,1.0,visa,87.0,0
356926,25.0,3,1,,0,,1.0,visa,87.0,0
356943,99.814,3,0,,0,13.0,1.0,visa,,0
356984,117.0,3,1,18.0,0,,4.0,discover,87.0,1
357005,131.0,3,1,20.0,0,,136.0,mastercard,87.0,0
357064,50.0,3,1,0.0,0,,3.0,visa,87.0,0
357079,50.0,3,1,,0,,1.0,visa,87.0,0
357102,40.0,3,1,,0,,1.0,visa,87.0,0
357174,50.0,3,1,,0,,1.0,visa,87.0,0
357194,98.364,3,0,,0,7.0,1.0,visa,,0
357218,45.0,3,1,,0,,2.0,visa,87.0,0
357241,50.0,3,1,,0,,3.0,mastercard,87.0,0
357242,67.95,3,1,6.0,0,,4.0,visa,87.0,0
357245,21.51,3,0,,0,,1.0,visa,,0
357290,100.0,3,1,,0,,1.0,mastercard,87.0,0
357320,75.0,3,1,,0,,2.0,visa,87.0,0
357340,92.95,3,1,3.0,0,,4.0,visa,87.0,0
357348,29.002,3,0,,0,,1.0,visa,,0
357362,59.58,3,1,,0,,5.0,visa,87.0,0
357395,21.95,3,1,8.0,0,,165.0,visa,87.0,0
357434,35.95,3,1,5.0,0,,6.0,visa,87.0,0
357435,50.0,3,1,,0,,3.0,visa,87.0,0
357446,43.97,3,1,7.0,0,,3.0,visa,87.0,0
357450,25.95,3,1,18.0,0,,3.0,visa,87.0,0
357465,72.0,3,1,,0,,1.0,mastercard,87.0,0
357485,25.0,3,1,,0,,1.0,visa,87.0,0
357488,159.95,3,1,161.0,0,,3.0,mastercard,87.0,0
357505,59.0,3,1,,0,,1.0,visa,87.0,0
357519,189.95,3,1,,0,,18.0,visa,87.0,0
357539,49.0,3,1,0.0,0,,3.0,mastercard,87.0,0
357571,50.0,3,1,6.0,0,,3.0,mastercard,87.0,0
357672,50.0,3,1,,0,,1.0,visa,87.0,0
357686,50.0,3,1,,0,,5.0,visa,87.0,0
357707,8.58,3,0,,0,48.0,1.0,visa,,0
357728,50.0,3,1,,0,,1.0,mastercard,87.0,0
357753,50.0,3,1,,0,,1.0,visa,87.0,0
357774,150.0,3,1,4.0,0,,2.0,visa,87.0,0
357784,58.95,3,1,20.0,0,,4.0,mastercard,87.0,0
357787,50.0,3,1,,0,,4.0,visa,87.0,0
357799,30.0,3,1,,0,,9.0,visa,87.0,0
357806,77.0,3,1,38.0,0,,1.0,mastercard,87.0,1
357822,160.0,3,1,,0,,99.0,visa,87.0,0
357824,108.27,3,1,9.0,0,,1.0,visa,87.0,0
357850,69.95,3,1,,0,,3.0,mastercard,87.0,0
357851,209.95,3,1,4.0,0,,1.0,visa,87.0,0
357863,40.0,3,1,1.0,0,,3.0,visa,87.0,0
357879,47.95,3,1,5.0,0,,1.0,visa,87.0,0
357896,25.0,3,1,,0,,1.0,mastercard,87.0,0
357952,100.0,3,1,,0,,6.0,visa,87.0,0
357953,15.0,3,1,,0,,1.0,discover,87.0,0
357961,39.0,3,1,45.0,0,,4.0,visa,87.0,0
357963,29.95,3,1,,0,,4.0,mastercard,87.0,0
358011,39.0,3,1,7.0,0,,9.0,visa,87.0,0
358015,50.0,3,1,,0,,1.0,mastercard,87.0,0
358018,44.0,3,1,,0,,1.0,mastercard,87.0,0
358018,58.95,3,1,29.0,0,,1.0,visa,87.0,0
358018,159.95,3,1,4.0,0,,2.0,visa,87.0,0
358033,40.0,3,1,,0,,1.0,mastercard,87.0,0
358035,159.95,3,1,,0,,5.0,visa,87.0,0
358050,200.0,3,1,134.0,0,,2.0,visa,87.0,0
358051,25.0,3,1,,0,,5.0,visa,87.0,0
358093,48.94,3,0,,0,,2.0,mastercard,,1
358095,50.0,3,1,,0,,1.0,visa,87.0,0
358115,50.0,3,1,,0,,3.0,discover,87.0,0
358134,159.95,3,1,,0,,5.0,visa,87.0,0
358154,390.0,3,1,12.0,0,,1.0,visa,87.0,0
358185,34.0,3,1,11.0,0,,1.0,mastercard,87.0,0
358189,14.138,3,0,,0,,1.0,mastercard,,0
358192,35.95,3,1,10.0,0,,1.0,mastercard,87.0,0
358194,554.0,3,1,,0,,1.0,mastercard,87.0,1
358230,113.348,3,0,,0,131.0,1.0,visa,,1
358286,20.0,3,1,,0,,35.0,mastercard,87.0,1
358313,20.0,3,1,,0,,35.0,mastercard,87.0,1
358394,150.0,3,1,4.0,0,,2.0,visa,87.0,0
358394,57.95,3,1,2.0,0,,16.0,mastercard,87.0,0
358436,57.95,3,1,,0,,4.0,visa,87.0,0
358438,48.95,3,1,,0,,1.0,visa,87.0,0
358460,87.0,3,1,,0,,1.0,visa,87.0,0
358463,60.0,3,1,,0,,1.0,visa,87.0,0
358468,400.0,3,1,,0,,97.0,visa,87.0,0
358482,107.95,3,1,10.0,0,,4.0,visa,87.0,0
358483,92.95,3,1,,0,,4.0,visa,87.0,0
358491,100.0,3,1,,0,,1.0,visa,87.0,0
358492,30.0,3,1,,0,,3.0,visa,87.0,0
358507,75.0,3,1,,0,,1.0,visa,87.0,0
358522,127.95,3,1,4.0,0,,84.0,visa,87.0,0
358537,238.5,3,1,9.0,0,,2.0,visa,87.0,0
358547,38.729,3,0,,0,0.0,1.0,visa,,0
358594,33.95,3,1,13.0,0,,1.0,mastercard,87.0,0
358615,29.95,3,1,45.0,0,,244.0,visa,87.0,0
358656,38.79,3,0,,0,,1.0,visa,,0
358658,100.0,3,1,,0,,1.0,visa,87.0,0
358662,47.95,3,1,7.0,0,,3.0,mastercard,87.0,0
358683,80.0,3,1,,0,,5.0,visa,87.0,0
358708,47.95,3,1,,0,,1.0,visa,87.0,0
358756,159.95,3,1,4.0,0,,2.0,visa,87.0,0
358820,48.95,3,1,,0,,5.0,mastercard,87.0,0
358857,47.95,3,1,3.0,0,,10.0,visa,87.0,0
358864,73.95,3,1,,0,,244.0,visa,87.0,0
358958,50.0,3,1,,0,,1.0,visa,87.0,0
358965,25.0,3,1,,0,,1.0,visa,87.0,0
358967,135.95,3,1,61.0,0,,6.0,mastercard,87.0,0
358985,50.0,3,1,,0,,1.0,mastercard,87.0,0
359009,146.0,3,1,6.0,0,,1.0,mastercard,87.0,0
359015,159.95,3,1,,0,,110.0,visa,87.0,0
359130,134.857,3,0,,0,,1.0,mastercard,,1
359136,100.0,3,1,,0,,4.0,visa,87.0,0
359148,142.95,3,1,4.0,0,,4.0,visa,87.0,0
359188,47.95,3,1,4.0,0,,1.0,visa,87.0,0
359208,20.0,3,1,35.0,0,,2.0,visa,87.0,0
359251,100.95,3,1,,0,,1.0,mastercard,87.0,0
359253,30.95,3,1,0.0,0,,4.0,visa,87.0,0
359296,77.0,3,1,38.0,0,,1.0,mastercard,87.0,1
359298,57.95,3,1,56.0,0,,6.0,mastercard,87.0,0
359343,31.95,3,1,94.0,0,,4.0,mastercard,87.0,0
359344,50.0,3,1,1.0,0,,2.0,mastercard,87.0,0
359346,39.0,3,1,,0,,1.0,visa,87.0,0
359351,200.0,3,1,9.0,0,,1.0,visa,87.0,0
359441,201.0,3,1,7.0,0,,4.0,visa,87.0,0
359443,107.95,3,1,,0,,5.0,discover,87.0,0
359497,50.0,3,1,1.0,0,,2.0,mastercard,87.0,0
359511,100.0,3,1,,0,,1.0,visa,87.0,0
359537,300.0,3,1,,0,,1.0,visa,87.0,0
359594,50.0,3,1,,0,,1.0,visa,87.0,0
359611,35.0,3,1,,0,,8.0,visa,87.0,0
359614,30.0,3,1,,0,,1.0,visa,87.0,0
359625,500.0,3,1,1513.0,0,,1.0,visa,87.0,0
359627,100.0,3,1,,0,,1.0,visa,87.0,0
359629,100.0,3,1,,0,,1.0,mastercard,87.0,0
359647,49.95,3,1,19.0,0,,1.0,mastercard,87.0,0
359658,25.95,3,1,9.0,0,,5.0,visa,87.0,0
359661,59.0,3,1,7.0,0,,2.0,visa,87.0,0
359662,15.95,3,1,1.0,0,,10.0,mastercard,87.0,0
359769,57.95,3,1,,0,,127.0,mastercard,87.0,0
359771,70.0,3,1,,0,,1.0,visa,87.0,0
359773,150.0,3,1,4.0,0,,2.0,visa,87.0,0
359777,205.95,3,1,1.0,0,,1.0,visa,87.0,0
359787,200.0,3,1,781.0,0,,6.0,visa,87.0,0
359835,200.0,3,1,9.0,0,,2.0,visa,87.0,0
359927,47.95,3,1,9.0,0,,7.0,visa,87.0,0
359938,209.95,3,1,4.0,0,,3.0,visa,87.0,0
359982,30.95,3,1,4.0,0,,2.0,mastercard,87.0,0
360012,22.37,4,1,21.0,0,,51.0,mastercard,87.0,0
360043,209.95,4,1,39.0,0,,1.0,visa,87.0,0
360076,226.0,4,1,,0,,1.0,visa,87.0,0
360128,50.0,4,1,,0,,1.0,visa,87.0,0
360145,59.0,4,1,2.0,0,,6.0,visa,87.0,0
360180,107.95,4,1,,0,,1.0,mastercard,87.0,0
360185,146.0,4,1,6.0,0,,1.0,mastercard,87.0,0
360202,811.95,4,1,0.0,0,,1.0,visa,87.0,0
360212,80.0,4,1,,0,,1.0,visa,87.0,0
360216,159.95,4,1,4.0,0,,2.0,visa,87.0,0
360217,22.37,4,1,,0,,51.0,mastercard,87.0,0
360227,97.0,4,1,,0,,1.0,mastercard,87.0,0
360240,57.95,4,1,2.0,0,,16.0,mastercard,87.0,0
360287,50.0,4,1,,0,,1.0,mastercard,87.0,0
360292,306.269,4,0,,0,,1.0,visa,,0
360300,119.95,4,1,3.0,0,,4.0,visa,87.0,0
360340,25.86,4,0,,0,,1.0,visa,,0
360375,159.95,4,1,4.0,0,,2.0,visa,87.0,0
360375,200.0,4,1,781.0,0,,6.0,visa,87.0,0
360414,57.95,4,1,145.0,0,,2.0,visa,87.0,0
360449,146.0,4,1,6.0,0,,2.0,discover,87.0,0
360453,58.95,4,1,,0,,4.0,visa,87.0,0
360485,150.0,4,1,,0,,1.0,visa,87.0,0
360538,85.0,4,1,,0,,3.0,visa,87.0,0
360595,50.0,4,1,2.0,0,,2.0,mastercard,87.0,0
360602,49.5,4,1,2.0,0,,1.0,visa,87.0,0
360606,422.5,4,1,71.0,0,,3.0,visa,87.0,0
360643,108.95,4,1,,0,,2.0,visa,87.0,0
360674,31.66,4,0,,0,,1.0,visa,,0
360714,59.0,4,1,,0,,1.0,visa,87.0,0
360719,64.649,4,0,,0,7.0,1.0,mastercard,,0
360747,100.0,4,1,,0,,4.0,visa,87.0,0
360760,27.189,4,0,,0,,2.0,mastercard,,0
360765,134.95,4,1,2.0,0,,10.0,visa,87.0,0
360778,103.97,4,1,,0,,2.0,visa,87.0,0
360856,161.0,4,1,,0,,1.0,mastercard,87.0,0
360867,100.0,4,1,12.0,0,,5.0,mastercard,87.0,0
360960,59.0,4,1,,0,,1.0,visa,87.0,0
360984,75.0,4,1,,0,,1.0,visa,87.0,0
360994,54.5,4,1,6.0,0,,1.0,mastercard,87.0,0
360999,58.487,4,0,,0,0.0,2.0,visa,,0
361005,46.161,4,0,,0,,1.0,visa,,0
361016,50.0,4,1,,0,,1.0,visa,87.0,0
361026,30.95,4,1,2.0,0,,7.0,mastercard,87.0,0
361039,50.0,4,1,,0,,1.0,visa,87.0,0
361077,59.0,4,1,11.0,0,,2.0,visa,87.0,0
361096,80.0,4,1,,0,,4.0,visa,87.0,0
361136,58.487,4,0,,0,0.0,2.0,visa,,0
361157,311.95,4,1,18.0,0,,1.0,visa,87.0,0
361168,107.95,4,1,,0,,5.0,mastercard,87.0,0
361190,64.046,4,0,,0,,1.0,mastercard,,0
361202,58.487,4,0,,0,0.0,2.0,mastercard,,0
361209,50.0,4,1,,0,,1.0,visa,87.0,0
361216,100.0,4,1,,0,,1.0,visa,87.0,0
361217,238.5,4,1,,0,,1.0,mastercard,87.0,0
361219,107.95,4,1,35.0,0,,4.0,mastercard,87.0,0
361242,100.0,4,1,,0,,1.0,visa,87.0,0
361242,37.581,4,0,,0,149.0,1.0,visa,,0
361313,400.0,4,1,,0,,1.0,visa,87.0,0
361328,50.0,4,1,,0,,2.0,visa,87.0,0
361338,200.0,4,1,,0,,2.0,mastercard,87.0,0
361358,100.0,4,1,,0,,1.0,visa,87.0,0
361385,17.038,4,0,,0,,1.0,visa,,0
361407,25.0,4,1,,0,,1.0,visa,87.0,0
361408,40.0,4,1,0.0,0,,1.0,mastercard,87.0,0
361437,70.329,4,0,,0,0.0,3.0,visa,,0
361459,48.95,4,1,22.0,0,,2.0,visa,87.0,0
361464,46.95,4,1,3.0,0,,3.0,visa,87.0,0
361490,107.95,4,1,7.0,0,,4.0,visa,87.0,0
361563,311.95,4,1,13.0,0,,3.0,mastercard,87.0,0
361589,47.95,4,1,,0,,3.0,visa,87.0,0
361722,57.95,4,1,,0,,3.0,visa,87.0,0
361735,150.0,4,1,,0,,1.0,visa,87.0,0
361736,100.0,4,1,,0,,1.0,discover,87.0,0
361823,23.443,4,0,,0,,3.0,visa,,0
361848,61.508,4,0,,0,,2.0,mastercard,,0
361986,34.0,4,1,25.0,0,,4.0,visa,87.0,0
361989,210.4,4,1,9.0,0,,2.0,visa,87.0,0
362004,404.0,4,1,14.0,0,,1.0,visa,87.0,0
362019,25.95,4,1,52.0,0,,3.0,visa,87.0,0
362059,117.0,4,1,9.0,0,,1.0,mastercard,87.0,0
362085,150.0,4,0,,0,,2.0,american express,,0
362109,107.95,4,1,9.0,0,,2.0,visa,87.0,0
362126,100.0,4,1,,0,,2.0,mastercard,87.0,0
362128,60.0,4,1,,0,,9.0,visa,87.0,0
362154,25.0,4,1,,0,,1.0,visa,87.0,0
362219,58.95,4,1,,0,,3.0,visa,87.0,0
362246,250.0,4,1,,0,0.0,1.0,visa,87.0,0
362351,105.95,4,1,19.0,0,,11.0,visa,87.0,0
362366,57.95,4,1,,0,,26.0,visa,87.0,0
362391,21.207,4,0,,0,,1.0,visa,,0
362408,286.95,4,1,3.0,0,,7.0,visa,87.0,0
362446,107.95,4,1,32.0,0,,115.0,mastercard,87.0,0
362456,103.97,4,1,,0,,5.0,mastercard,87.0,0
362458,59.0,4,1,,0,,1.0,mastercard,87.0,0
362499,58.95,4,1,8.0,0,,2.0,visa,87.0,0
362516,30.0,4,1,48.0,0,,3.0,visa,87.0,0
362568,50.0,4,1,,0,,1.0,mastercard,87.0,0
362571,50.0,4,1,,0,,1.0,mastercard,87.0,0
362573,59.0,4,1,,0,,1.0,visa,87.0,0
362613,58.95,4,1,8.0,0,,3.0,mastercard,87.0,0
362669,97.155,4,0,,0,,1.0,mastercard,,0
362772,34.0,4,1,556.0,0,,1.0,visa,87.0,0
362782,107.95,4,1,,0,,1.0,mastercard,87.0,0
362796,27.793,4,0,,0,,1.0,mastercard,,0
362833,117.0,4,1,,0,,1.0,visa,87.0,0
362836,100.0,4,1,,0,,3.0,visa,87.0,0
362853,245.0,4,1,710.0,0,,2.0,visa,87.0,0
362885,57.0,4,1,,0,,3.0,visa,87.0,0
362926,38.91,4,0,,0,0.0,1.0,visa,,0
362939,317.5,4,1,,0,,2.0,visa,87.0,0
362969,100.0,4,1,,0,,3.0,visa,87.0,0
362996,130.0,4,1,,0,,2.0,mastercard,87.0,0
363037,107.95,4,1,32.0,0,,115.0,mastercard,87.0,0
363052,17.038,4,0,,0,0.0,1.0,visa,,0
363056,50.0,4,1,,0,,1.0,visa,87.0,0
363060,107.95,4,1,,0,,96.0,visa,87.0,0
363177,67.95,4,1,,0,,4.0,mastercard,87.0,0
363259,34.0,4,1,,0,,1.0,visa,87.0,0
363277,57.95,4,1,2.0,0,,5.0,mastercard,87.0,0
363288,30.0,4,1,,0,,5.0,visa,87.0,0
363292,40.0,4,1,687.0,0,,2.0,mastercard,87.0,0
363357,58.245,4,0,,0,,1.0,mastercard,,0
363363,8.821,4,0,,0,7.0,1.0,visa,,0
363367,160.55,4,1,,0,,1.0,visa,87.0,0
363373,100.0,4,1,,0,,3.0,visa,87.0,0
363400,87.95,4,1,,0,,2.0,visa,87.0,0
363444,300.0,4,1,,0,,1.0,visa,87.0,0
363515,57.95,4,1,,0,,5.0,mastercard,87.0,0
363637,117.0,5,1,,0,,2.0,mastercard,87.0,0
363641,113.0,5,1,,0,,1.0,visa,87.0,0
363702,108.43,5,1,7.0,0,,1.0,visa,87.0,0
363736,25.0,5,1,,0,,1.0,visa,87.0,0
363871,32.325,5,0,,0,7.0,1.0,mastercard,,0
363871,54.0,5,1,,0,,1.0,mastercard,87.0,0
363973,28.699,5,0,,0,226.0,1.0,visa,,0
364043,57.95,5,1,0.0,0,,13.0,mastercard,87.0,0
364063,34.0,5,1,,0,,1.0,mastercard,87.0,0
364090,7.915,5,0,,0,,2.0,mastercard,,0
364101,40.0,5,1,,0,,6.0,visa,87.0,0
364121,14.26,5,0,,0,,1.0,visa,,1
364187,14.26,5,0,,0,,1.0,visa,,1
364212,84.893,5,0,,0,,1.0,mastercard,,0
364213,20.905,5,0,,0,,1.0,mastercard,,0
364222,226.95,5,1,14.0,0,,15.0,visa,87.0,0
364272,50.0,5,1,,0,,4.0,visa,87.0,0
364313,58.95,5,1,3.0,0,,2.0,visa,87.0,0
364327,57.95,5,1,7.0,0,,2.0,visa,87.0,0
364393,107.95,5,1,,0,,1.0,mastercard,87.0,0
364444,100.0,5,1,,0,,2.0,visa,87.0,0
364500,67.95,5,1,,0,,3.0,visa,87.0,0
364546,20.0,5,1,,0,,1.0,visa,87.0,0
364613,3.384,5,0,,0,,2.0,visa,,0
364822,107.95,5,1,,0,,1.0,visa,87.0,0
364918,209.95,5,1,,0,,3.0,visa,87.0,0
364942,107.95,5,1,,0,,113.0,mastercard,87.0,0
364949,100.0,5,1,,0,,1.0,visa,87.0,0
365033,226.0,5,1,,0,,1.0,visa,87.0,0
365047,50.0,5,1,,0,,1.0,visa,87.0,0
365052,200.0,5,1,,0,,4.0,visa,87.0,0
365107,107.95,5,1,7.0,0,,1.0,visa,87.0,0
365118,729.95,5,1,1219.0,0,,1.0,visa,87.0,1
365136,212.0,5,1,,0,,6.0,visa,87.0,0
365149,3.988,5,0,,0,,1.0,mastercard,,0
365156,60.0,5,1,7.0,0,,5.0,visa,87.0,0
365165,100.0,5,1,,0,,1.0,visa,87.0,0
365213,24.289,5,0,,0,,3.0,visa,,0
365266,50.0,5,1,,0,,17.0,mastercard,87.0,0
365302,132.0,5,1,,0,,4.0,visa,87.0,0
365337,50.0,5,1,,0,,1.0,mastercard,87.0,0
365368,68.5,5,1,,0,,1.0,visa,87.0,0
365382,107.95,5,1,2.0,0,,1.0,mastercard,87.0,0
365551,40.0,5,1,,0,30.0,2.0,american express,87.0,0
365604,17.281,5,0,,0,,1.0,visa,,0
365649,25.0,5,1,,0,,1.0,visa,87.0,0
365687,554.0,5,1,,0,,2.0,visa,87.0,0
365693,100.0,5,1,,0,,1.0,visa,87.0,0
365813,26.947,5,0,,0,,1.0,mastercard,,0
365844,67.95,5,1,,0,,4.0,visa,87.0,0
365868,57.95,5,1,7.0,0,,4.0,mastercard,87.0,0
365903,200.0,5,1,,0,,1.0,mastercard,87.0,0
365922,50.0,5,1,,0,,1.0,visa,87.0,0
366013,25.0,5,1,,0,,1.0,visa,87.0,0
366120,24.168,5,0,,0,,1.0,mastercard,,0
366132,87.95,5,1,,0,,6.0,visa,87.0,0
366136,102.0,5,1,,0,,2.0,visa,87.0,0
366139,68.637,5,0,,0,,1.0,mastercard,,0
366179,4.652,5,0,,0,,8.0,visa,,0
366265,67.95,5,1,6.0,0,,1.0,visa,87.0,0
366334,50.0,5,1,,0,,1.0,visa,87.0,0
366403,48.95,5,1,12.0,0,,1.0,visa,87.0,0
366427,57.95,5,1,,0,,2.0,visa,87.0,0
366461,80.0,5,1,,0,,1.0,visa,87.0,0
366500,56.311,5,0,,0,744.0,2.0,mastercard,,1
366523,50.0,5,1,,0,,2.0,visa,87.0,0
366643,7.794,5,0,,0,,1.0,visa,,0
366657,56.311,5,0,,0,744.0,2.0,mastercard,,1
366726,35.95,5,1,,0,,4.0,mastercard,87.0,0
366731,125.0,5,1,,0,,1.0,mastercard,87.0,0
366764,129.95,5,1,5.0,0,,3.0,mastercard,87.0,0
366905,30.0,5,1,,0,,1.0,visa,87.0,0
366936,20.0,5,1,4.0,0,,8.0,visa,87.0,0
366937,57.95,5,1,,0,,4.0,visa,87.0,0
367052,58.95,5,1,,0,,1.0,visa,87.0,0
367065,30.0,5,1,,0,,1.0,discover,87.0,0
367067,35.95,5,1,11.0,0,,3.0,visa,87.0,0
367118,30.0,5,1,,0,,2.0,mastercard,87.0,0
367132,107.95,5,1,,0,,119.0,visa,87.0,0
367151,116.95,5,1,2.0,0,,1.0,visa,87.0,0
367196,40.0,5,1,,0,,1.0,visa,87.0,0
367198,100.0,5,1,,0,,1.0,visa,87.0,0
367213,884.0,6,1,6.0,0,,2.0,visa,87.0,0
367301,200.0,6,1,,0,,1.0,mastercard,87.0,1
367361,4.652,6,0,,0,,8.0,visa,,0
367366,29.0,6,1,,0,,8.0,visa,87.0,0
367430,60.0,6,1,,0,,5.0,visa,87.0,0
367529,59.0,6,1,2.0,0,,4.0,visa,87.0,0
367555,128.574,6,0,,0,,4.0,visa,,0
367582,6.284,6,0,,0,0.0,1.0,mastercard,,0
367588,50.0,6,1,,0,,5.0,visa,87.0,0
367607,82.95,6,1,,0,,5.0,mastercard,87.0,0
367663,31.95,6,1,11.0,0,,1.0,visa,87.0,1
367857,67.95,6,1,88.0,0,,3.0,visa,87.0,0
367859,35.95,6,1,11.0,0,,3.0,visa,87.0,0
367871,59.0,6,1,0.0,0,,1.0,visa,87.0,0
367948,164.95,6,1,,0,,5.0,mastercard,87.0,0
368055,18.609,6,0,,0,56.0,1.0,mastercard,,0
368133,26.585,6,0,,0,,1.0,mastercard,,0
368270,92.95,6,1,0.0,0,,3.0,mastercard,87.0,0
368322,117.0,6,1,,0,,1.0,mastercard,87.0,0
368330,82.95,6,1,,0,,5.0,mastercard,87.0,0
368397,129.95,6,1,,0,,2.0,visa,87.0,0
368419,26.585,6,0,,0,,2.0,visa,,0
368486,412.95,6,1,,0,,192.0,mastercard,87.0,0
368510,82.95,6,1,525.0,0,,1.0,visa,87.0,0
368613,25.014,6,0,,0,,3.0,mastercard,,0
368707,25.95,6,1,,0,,2.0,mastercard,87.0,0
368754,150.0,6,1,,0,,1.0,mastercard,87.0,0
368777,100.0,6,1,,0,,1.0,visa,87.0,0
368886,24.651,6,0,,0,,2.0,mastercard,,0
368962,32.0,6,1,,0,,68.0,visa,87.0,0
368986,24.651,6,0,,0,,2.0,mastercard,,0
369226,23.685,6,0,,0,56.0,1.0,mastercard,,0
369269,57.95,6,1,0.0,0,,5.0,mastercard,87.0,0
369323,40.0,6,1,,0,,1.0,visa,87.0,0
369372,209.95,6,1,7.0,0,,2.0,visa,87.0,0
369717,12.99,6,0,,0,,1.0,visa,,0
369732,14.26,6,0,,0,,1.0,visa,,1
369745,107.95,6,1,1.0,0,,13.0,visa,87.0,0
369848,20.0,6,1,,0,,1.0,visa,87.0,0
369891,50.0,6,1,,0,,1.0,visa,87.0,0
370087,107.95,6,1,,0,,13.0,visa,87.0,0
370261,48.325,6,0,,0,7.0,1.0,mastercard,,0
370280,107.95,6,1,1.0,0,,14.0,mastercard,87.0,0
370366,97.0,6,1,,0,,3.0,visa,87.0,0
370466,400.0,6,1,,0,,1.0,visa,87.0,0
370481,30.95,6,1,162.0,0,,2.0,visa,87.0,0
370525,75.0,6,1,4.0,0,,1.0,visa,87.0,0
370540,53.713,6,0,,0,,4.0,mastercard,,1
370553,50.0,6,1,,0,,9.0,visa,87.0,0
370597,47.611,6,0,,0,631.0,1.0,mastercard,,0
370647,42.95,6,1,,0,,3.0,mastercard,87.0,0
370663,445.0,6,1,11.0,0,,5.0,mastercard,87.0,0
370727,30.95,6,1,,0,,2.0,visa,87.0,0
370790,50.0,6,1,,0,,1.0,visa,87.0,0
370790,60.0,6,1,,0,,1.0,mastercard,87.0,0
370838,23.806,7,0,,0,631.0,2.0,visa,,0
371066,23.806,7,0,,0,631.0,2.0,visa,,0
371159,49.0,7,1,6.0,0,,1.0,visa,87.0,0
371232,23.806,7,0,,0,631.0,2.0,visa,,0
371355,33.95,7,1,,0,,2.0,visa,87.0,0
371486,23.806,7,0,,0,631.0,2.0,visa,,0
371491,20.0,7,1,,0,,1.0,mastercard,87.0,0
371587,28.579,7,0,,0,0.0,1.0,mastercard,,0
371891,554.0,7,1,3.0,0,,1.0,visa,87.0,0
372172,57.95,7,1,0.0,0,,2.0,mastercard,87.0,0
372312,107.95,7,1,,0,,11.0,visa,87.0,0
372349,30.95,7,1,13.0,0,,2.0,visa,87.0,0
372503,106.037,7,0,,0,,1.0,visa,,0
372955,50.0,7,1,,0,,2.0,visa,87.0,0
373321,14.26,7,0,,0,,1.0,visa,,1
373356,67.95,7,1,,0,,2.0,visa,87.0,0
373588,47.95,7,1,,0,,5.0,mastercard,87.0,0
373672,226.0,7,1,7.0,0,,1.0,visa,87.0,1
373849,20.0,7,1,,0,,2.0,visa,87.0,0
373939,260.0,7,1,8.0,0,,1.0,mastercard,87.0,0
373958,159.95,7,1,717.0,0,,2.0,visa,87.0,0
374062,45.0,7,1,,0,,1.0,mastercard,87.0,0
374099,57.95,7,1,2.0,0,,1.0,visa,87.0,0
374169,107.95,7,1,,0,,1.0,mastercard,87.0,0
374513,57.95,8,1,,0,,2.0,visa,87.0,0
375712,210.95,8,1,0.0,0,,134.0,visa,87.0,0
375789,107.95,8,1,0.0,0,,2.0,visa,87.0,0
376168,226.0,8,1,1550.0,0,,1.0,mastercard,87.0,1
376238,50.0,8,1,,0,,2.0,visa,87.0,0
376323,100.0,8,1,,0,,3.0,visa,87.0,0
376368,78.788,8,0,,0,1582.0,7.0,mastercard,,0
376474,78.788,8,0,,0,1582.0,7.0,mastercard,,0
376873,85.796,8,0,,0,1582.0,7.0,mastercard,,0
377082,107.95,8,1,,0,,142.0,mastercard,87.0,0
377202,50.0,8,1,,0,,1.0,visa,87.0,0
377237,78.788,8,0,,0,1582.0,7.0,mastercard,,0
377671,9.667,8,0,,0,1582.0,7.0,mastercard,,0
377891,13.0,8,1,,0,,5.0,mastercard,87.0,0
378039,8.942,9,0,,0,1582.0,7.0,mastercard,,0
378193,159.95,9,1,,0,,1.0,visa,87.0,0
378399,100.0,9,1,0.0,0,,1.0,visa,87.0,0
378434,30.0,9,1,,0,,4.0,visa,87.0,0
378451,141.0,9,1,,0,,1.0,visa,87.0,0
378668,29.0,9,1,,0,,1.0,mastercard,87.0,0
379034,103.95,9,1,,0,,15.0,visa,87.0,0
379271,14.26,9,0,,0,,1.0,visa,,1
379432,107.95,9,1,1527.0,0,,124.0,visa,87.0,0
379923,100.0,9,1,,0,,1.0,mastercard,87.0,0
380392,43.97,9,1,,0,,1.0,visa,87.0,0
380500,53.97,9,1,42.0,0,,1.0,visa,87.0,0
380529,146.0,9,1,2.0,0,,1.0,visa,87.0,0
380701,200.0,9,1,,0,,1.0,american express,87.0,0
380739,262.95,9,1,,0,,1.0,visa,87.0,0
380757,200.0,9,1,,0,,1.0,american express,87.0,0
380802,200.0,9,1,,0,,1.0,visa,87.0,0
381151,50.0,9,1,,0,,1.0,visa,87.0,0
381164,108.95,9,1,,0,,1.0,visa,87.0,0
381648,30.0,10,1,,0,,102.0,mastercard,87.0,0
381691,72.95,10,1,8.0,0,,15.0,mastercard,87.0,0
381982,117.0,10,1,,0,,15.0,mastercard,87.0,0
382430,75.0,10,1,35.0,0,,127.0,mastercard,87.0,0
383153,445.0,10,1,,0,,1.0,mastercard,87.0,0
383839,150.0,10,1,14.0,0,,1.0,visa,87.0,0
385227,49.0,11,1,,0,,1.0,visa,87.0,0
385319,50.0,11,1,3.0,0,,4.0,mastercard,87.0,0
385351,25.0,11,1,,0,,3.0,visa,87.0,0
385425,82.95,11,1,0.0,0,,1.0,mastercard,87.0,0
385616,50.0,11,1,,0,,1.0,mastercard,87.0,0
385882,70.0,11,1,,0,14.0,5.0,mastercard,87.0,0
385925,18.126,11,0,,0,,1.0,mastercard,,0
386082,21.95,11,1,5.0,0,,1.0,mastercard,87.0,0
386182,200.0,11,1,,0,,1.0,visa,87.0,0
386288,20.0,11,1,,0,,1.0,visa,87.0,0
386360,50.0,11,1,8.0,0,,129.0,visa,87.0,0
386389,59.0,11,1,5.0,0,,2.0,visa,87.0,0
386443,20.0,11,1,,0,,1.0,visa,87.0,1
386452,107.95,11,1,18.0,0,,121.0,discover,87.0,0
386764,60.0,11,1,9.0,0,,1.0,visa,87.0,0
386874,295.51,11,1,4.0,0,,2.0,mastercard,87.0,0
386992,50.0,11,1,,0,,126.0,mastercard,87.0,0
387069,57.95,11,1,2.0,0,,5.0,visa,87.0,0
387147,50.0,11,1,,0,,1.0,visa,87.0,0
387238,117.0,11,1,6.0,0,,1.0,visa,87.0,0
387304,63.97,11,1,,0,,5.0,mastercard,87.0,0
387570,57.95,11,1,31.0,0,,7.0,mastercard,87.0,0
387627,50.0,11,1,,0,,4.0,mastercard,87.0,0
387696,40.0,11,1,2.0,0,,4.0,visa,87.0,0
387779,75.0,11,1,,0,,68.0,mastercard,87.0,0
387821,25.95,11,1,,0,,131.0,mastercard,87.0,0
387879,100.0,11,1,,0,,1.0,mastercard,87.0,0
387974,30.95,11,1,9.0,0,,3.0,visa,87.0,0
388055,82.95,11,1,45.0,0,,68.0,mastercard,87.0,0
388621,30.95,11,1,,0,,5.0,visa,87.0,0
388783,107.95,11,1,,0,,51.0,visa,87.0,0
388828,30.95,12,1,6.0,0,,5.0,visa,87.0,0
388869,150.0,12,1,,0,,1.0,mastercard,87.0,0
389168,75.0,12,1,0.0,0,,7.0,visa,87.0,0
389249,103.95,12,1,,0,,1.0,mastercard,87.0,0
389251,50.0,12,1,,0,,1.0,visa,87.0,0
389391,107.95,12,1,,0,,1.0,visa,87.0,0
389413,97.95,12,1,7.0,0,,10.0,mastercard,87.0,0
389414,50.0,12,1,,0,,1.0,visa,87.0,0
389468,180.0,12,1,,0,,1.0,mastercard,87.0,0
389469,107.95,12,1,88.0,0,,2.0,mastercard,87.0,0
389646,48.97,12,1,,0,,1.0,mastercard,87.0,0
389658,15.0,12,1,,0,,2.0,mastercard,87.0,0
389673,100.0,12,1,,0,,2.0,mastercard,87.0,0
389790,57.95,12,1,4.0,0,,3.0,visa,87.0,0
389878,500.0,12,1,,0,,3.0,visa,87.0,0
389918,45.0,12,1,,0,,1.0,visa,87.0,0
389932,100.0,12,1,,0,,1.0,mastercard,87.0,0
390008,25.0,12,1,,0,,1.0,visa,87.0,0
390067,54.5,12,1,516.0,0,,2.0,visa,87.0,0
390126,80.0,12,1,,0,,1.0,mastercard,87.0,0
390163,50.0,12,1,,0,,1.0,mastercard,87.0,0
390195,100.0,12,1,,0,,1.0,mastercard,87.0,0
390201,30.0,12,1,,0,,136.0,visa,87.0,0
390230,77.95,12,1,,0,,4.0,visa,87.0,0
390233,56.5,12,1,13.0,0,,1.0,visa,87.0,0
390248,226.0,12,1,,0,,1.0,visa,87.0,1
390255,60.0,12,1,,0,,3.0,visa,87.0,0
390312,200.0,12,1,,0,,1.0,mastercard,87.0,0
390348,400.0,12,1,,0,,2.0,american express,87.0,0
390379,437.0,12,1,16.0,0,,1.0,mastercard,87.0,0
390384,103.97,12,1,,0,,3.0,mastercard,87.0,0
390393,57.95,12,1,,0,,44.0,mastercard,87.0,0
390404,311.95,12,1,,0,,5.0,visa,87.0,0
390574,296.95,12,1,,0,,1.0,visa,87.0,1
390679,34.0,12,1,3.0,0,,2.0,visa,87.0,0
390801,47.95,12,1,,0,,1.0,mastercard,87.0,0
390878,42.95,12,1,,0,,124.0,visa,87.0,0
390910,40.0,12,1,,0,,4.0,visa,87.0,0
390938,30.0,12,1,,0,,1.0,visa,87.0,0
391022,226.0,12,1,739.0,0,,102.0,visa,87.0,0
391087,48.95,12,1,,0,,4.0,mastercard,87.0,0
391162,75.0,12,1,,0,,1.0,visa,87.0,0
391167,107.95,12,1,6.0,0,,2.0,visa,87.0,0
391208,255.97,12,1,744.0,0,,6.0,mastercard,87.0,0
391305,24.651,12,0,,0,,2.0,mastercard,,0
391305,310.95,12,1,11.0,0,,6.0,visa,87.0,0
391329,30.0,12,1,,0,,1.0,visa,87.0,0
391362,107.95,12,1,9.0,0,,3.0,visa,87.0,0
391365,114.97,12,1,23.0,0,,12.0,visa,87.0,0
391381,440.99,12,1,,0,,2.0,visa,87.0,0
391456,49.0,12,1,,0,,1.0,visa,87.0,0
391565,53.97,12,1,,0,,4.0,visa,87.0,0
391671,40.0,12,1,,0,,1.0,visa,87.0,0
391730,47.95,12,1,,0,,16.0,visa,87.0,0
391730,117.0,12,1,,0,,2.0,visa,87.0,0
391776,117.0,12,1,,0,,2.0,mastercard,87.0,0
391905,39.0,12,1,25.0,0,,1.0,visa,87.0,0
391932,171.0,12,1,,0,,1.0,visa,87.0,0
391965,50.0,12,1,,0,,1.0,visa,87.0,0
391997,437.0,12,1,,0,,1.0,mastercard,87.0,0
392013,25.0,12,1,,0,,1.0,visa,87.0,0
392029,75.0,12,1,,0,,1.0,mastercard,87.0,0
392032,50.0,12,1,,0,,1.0,visa,87.0,0
392047,50.0,12,1,,0,,2.0,mastercard,87.0,0
392063,97.0,12,1,,0,,1.0,visa,87.0,0
392066,67.95,12,1,0.0,0,,5.0,visa,87.0,0
392161,140.0,12,1,,0,,4.0,visa,87.0,0
392161,85.0,12,1,,0,,85.0,mastercard,87.0,0
392170,114.97,12,1,,0,,12.0,visa,87.0,0
392174,311.95,12,1,11.0,0,,6.0,visa,87.0,0
392197,50.0,12,1,,0,,2.0,visa,87.0,0
392202,209.95,12,1,,0,,31.0,mastercard,87.0,0
392269,200.0,12,1,,0,,1.0,visa,87.0,0
392330,150.0,12,1,,0,,3.0,discover,87.0,0
392460,87.95,13,1,45.0,0,,68.0,visa,87.0,0
392469,25.0,13,1,,0,,1.0,discover,87.0,0
392570,52.95,13,1,0.0,0,,105.0,mastercard,87.0,0
392573,100.0,13,1,,0,,1.0,visa,87.0,0
392755,42.0,13,1,,0,,2.0,visa,87.0,0
392759,70.0,13,1,11.0,0,,2.0,visa,87.0,0
392816,400.0,13,1,,0,,2.0,visa,87.0,0
392838,59.0,13,1,10.0,0,,2.0,visa,87.0,0
392838,50.0,13,1,,0,,1.0,visa,87.0,0
392985,59.0,13,1,,0,,3.0,visa,87.0,0
392995,117.0,13,1,194.0,0,,1.0,visa,87.0,0
393018,108.5,13,1,,0,,2.0,visa,87.0,0
393225,385.0,13,1,,0,,1.0,mastercard,87.0,0
393427,40.0,13,1,,0,,1.0,visa,87.0,0
393433,331.0,13,1,,0,,1.0,mastercard,87.0,0
393488,23.95,13,1,6.0,0,,2.0,visa,87.0,0
393555,100.0,13,1,,0,,4.0,mastercard,87.0,0
393559,500.0,13,1,,0,,1.0,visa,87.0,1
393574,261.95,13,1,2.0,0,,6.0,visa,87.0,0
393578,171.0,13,1,,0,,2.0,visa,87.0,0
393582,100.0,13,1,,0,,1.0,visa,87.0,0
393583,50.0,13,1,,0,,1.0,visa,87.0,0
393603,77.95,13,1,,0,,1.0,mastercard,87.0,0
393622,100.0,13,1,,0,,1.0,visa,87.0,0
393649,50.0,13,1,,0,,1.0,visa,87.0,0
393744,47.95,13,1,,0,,10.0,visa,87.0,0
393749,107.95,13,1,61.0,0,,129.0,visa,87.0,0
393760,17.401,13,0,,0,,2.0,visa,,0
393772,252.58,13,1,,0,,2.0,visa,87.0,0
393785,109.0,13,1,8.0,0,,4.0,mastercard,87.0,0
393803,524.95,13,1,,0,,1.0,visa,87.0,0
393813,100.0,13,1,,0,,1.0,visa,87.0,0
393824,64.287,13,0,,0,,1.0,visa,,0
393839,25.0,13,1,,0,14.0,5.0,mastercard,87.0,0
393988,57.95,13,1,0.0,0,,2.0,visa,87.0,0
394067,100.0,13,1,,0,,1.0,discover,87.0,0
394091,335.0,13,1,,0,,1.0,visa,87.0,0
394106,75.0,13,1,,0,,1.0,mastercard,87.0,0
394106,200.0,13,1,,0,,1.0,visa,87.0,0
394126,100.0,13,1,,0,,1.0,visa,87.0,0
394197,100.0,13,1,,0,,3.0,visa,87.0,0
394203,275.0,13,1,,0,,77.0,mastercard,87.0,0
394222,93.95,13,1,,0,,1.0,mastercard,87.0,0
394241,35.0,13,1,,0,,2.0,visa,87.0,0
394273,4.592,13,0,,0,,1.0,mastercard,,0
394277,22.476,13,0,,0,,1.0,visa,,0
394311,75.0,13,1,,0,,1.0,mastercard,87.0,0
394443,213.0,13,1,8.0,0,,1.0,visa,87.0,1
394470,311.95,13,1,,0,,4.0,mastercard,87.0,0
394493,20.0,13,1,,0,,1.0,visa,87.0,0
394518,39.0,13,1,,0,,1.0,mastercard,87.0,0
394536,107.95,13,1,,0,,18.0,visa,87.0,0
394540,169.95,13,1,6.0,0,,11.0,mastercard,87.0,0
394550,25.0,13,1,,0,,3.0,visa,87.0,0
394601,1602.43,13,1,,0,,1.0,mastercard,87.0,0
394605,664.0,13,1,,0,,1.0,mastercard,87.0,0
394606,47.95,13,1,,0,,3.0,visa,87.0,0
394683,50.0,13,1,,0,,1.0,visa,87.0,0
394732,117.0,13,1,,0,,1.0,visa,87.0,0
394742,57.95,13,1,1.0,0,,90.0,visa,87.0,0
394745,30.95,13,1,7.0,0,,4.0,visa,87.0,0
394748,25.95,13,1,,0,,1.0,mastercard,87.0,0
394777,35.95,13,1,,0,,2.0,visa,87.0,0
394779,305.97,13,1,1.0,0,,2.0,visa,87.0,0
394808,39.0,13,1,,0,,11.0,visa,87.0,1
394808,100.0,13,1,5.0,0,,1.0,mastercard,87.0,0
394824,100.0,13,1,,0,,5.0,mastercard,87.0,0
394895,59.0,13,1,,0,,1.0,mastercard,87.0,0
394935,60.0,13,1,56.0,0,,4.0,mastercard,87.0,0
395011,75.0,13,1,,0,,1.0,visa,87.0,0
395083,273.0,13,1,,0,,11.0,visa,87.0,0
395089,107.95,13,1,,0,,1.0,visa,87.0,0
395092,34.0,13,1,,0,,11.0,visa,87.0,1
395157,22.476,13,0,,0,,1.0,visa,,0
395158,75.0,13,1,,0,,1.0,mastercard,87.0,0
395167,100.0,13,1,,0,,1.0,mastercard,87.0,0
395168,250.0,13,1,,0,,1.0,visa,96.0,0
395199,200.0,13,1,,0,,1.0,visa,87.0,0
395199,21.95,13,1,286.0,0,,3.0,visa,87.0,0
395210,117.0,13,1,,0,,5.0,visa,87.0,0
395247,209.95,13,1,0.0,0,,203.0,visa,87.0,0
395254,159.95,13,1,846.0,0,,60.0,visa,87.0,0
395274,75.0,13,1,,0,,4.0,visa,87.0,0
395337,57.0,13,1,,0,,2.0,visa,87.0,0
395414,60.0,13,1,,0,,3.0,visa,87.0,0
395425,35.95,13,1,,0,,11.0,mastercard,87.0,0
395440,394.22,13,1,,0,,1.0,mastercard,87.0,0
395467,70.0,13,1,,0,7.0,2.0,mastercard,87.0,0
395471,200.0,13,1,1.0,0,,2.0,visa,87.0,0
395471,30.0,13,1,,0,,5.0,mastercard,87.0,0
395482,107.95,13,1,,0,,2.0,visa,87.0,0
395487,50.0,13,1,,0,,134.0,mastercard,87.0,0
395508,45.0,13,1,,0,,2.0,visa,87.0,0
395532,100.0,13,1,26.0,0,,4.0,mastercard,87.0,0
395545,50.0,13,1,,0,,1.0,mastercard,87.0,0
395550,30.0,13,1,,0,,143.0,mastercard,87.0,0
395588,25.0,13,1,,0,,1.0,visa,87.0,0
395601,35.95,13,1,,0,,2.0,visa,87.0,0
395610,50.0,13,1,,0,,5.0,mastercard,87.0,0
395624,496.13,13,1,,0,,1.0,visa,87.0,0
395686,200.0,13,1,,0,,4.0,visa,87.0,0
395700,97.0,13,1,,0,,1.0,mastercard,87.0,0
395705,990.0,13,1,,0,,2.0,mastercard,87.0,0
395707,30.0,13,1,,0,,1.0,visa,87.0,0
395712,35.95,13,1,7.0,0,,11.0,mastercard,87.0,0
395754,107.95,13,1,,0,,2.0,visa,87.0,0
395782,75.0,13,1,,0,,2.0,visa,87.0,0
395788,102.95,13,1,2.0,0,,5.0,mastercard,87.0,0
395796,107.0,13,1,,0,,2.0,visa,87.0,0
395799,60.0,13,1,,0,,1.0,visa,87.0,0
395844,100.0,13,1,,0,,1.0,visa,87.0,0
395856,7.19,13,0,,0,,1.0,visa,,0
395858,100.0,13,1,,0,,1.0,visa,87.0,0
395882,117.0,13,1,8.0,0,,4.0,visa,87.0,0
395905,404.95,13,1,,0,,1.0,visa,87.0,0
395988,30.0,13,1,,0,14.0,4.0,visa,87.0,0
396012,300.0,14,1,,0,,1.0,visa,87.0,0
396051,100.0,14,1,6.0,0,,2.0,mastercard,87.0,0
396059,117.0,14,1,,0,,1.0,visa,87.0,0
396066,134.95,14,1,3.0,0,,5.0,visa,87.0,0
396076,107.95,14,1,,0,,2.0,visa,87.0,0
396085,150.0,14,1,,0,,1.0,visa,87.0,0
396139,226.0,14,1,,0,,4.0,visa,87.0,0
396170,50.0,14,1,,0,73.0,1.0,visa,87.0,0
396210,72.95,14,1,20.0,0,,4.0,mastercard,87.0,0
396235,276.75,14,1,,0,,1.0,visa,87.0,0
396238,97.95,14,1,13.0,0,,2.0,visa,87.0,0
396305,57.95,14,1,,0,,4.0,mastercard,87.0,1
396319,180.0,14,1,,0,,3.0,visa,87.0,0
396371,24.5,14,1,,0,,1.0,mastercard,87.0,0
396399,117.0,14,1,,0,,1.0,visa,87.0,0
396401,107.95,14,1,16.0,0,,3.0,visa,87.0,0
396402,226.0,14,1,14.0,0,,1.0,mastercard,87.0,0
396415,65.0,14,1,,0,,5.0,visa,87.0,0
396426,50.0,14,1,,0,,2.0,visa,87.0,0
396436,150.0,14,1,124.0,0,,4.0,mastercard,87.0,0
396451,50.0,14,1,,0,,2.0,visa,87.0,0
396478,25.0,14,1,,0,,1.0,american express,87.0,0
396485,100.0,14,1,,0,,1.0,visa,87.0,0
396516,10.0,14,1,,0,2127.0,8.0,visa,87.0,0
396530,100.0,14,1,2.0,0,,1.0,visa,87.0,0
396556,549.99,14,1,,0,,1.0,visa,87.0,0
396598,140.5,14,1,11.0,0,,1.0,visa,87.0,0
396652,50.0,14,1,,0,,1.0,visa,87.0,0
396656,69.78,14,1,,0,,1.0,mastercard,87.0,0
396658,25.0,14,1,,0,,117.0,visa,87.0,0
396666,31.95,14,1,1.0,0,,2.0,visa,87.0,0
396688,272.0,14,1,2.0,0,,1.0,mastercard,87.0,0
396693,40.0,14,1,,0,,1.0,visa,87.0,0
396717,47.95,14,1,4.0,0,,4.0,visa,87.0,0
396727,25.95,14,1,,0,,2.0,visa,87.0,0
396761,50.0,14,1,,0,,1.0,mastercard,87.0,0
396766,400.0,14,1,,0,,2.0,visa,87.0,0
396794,112.99,14,1,1574.0,0,,7.0,visa,87.0,0
396853,120.0,14,1,,0,,27.0,visa,87.0,0
396860,100.0,14,1,,0,,1.0,mastercard,87.0,0
396874,311.95,14,1,,0,,3.0,visa,87.0,0
396909,26.95,14,1,1.0,0,,117.0,visa,87.0,0
396930,300.0,14,1,,0,,1.0,discover,87.0,0
396959,100.0,14,1,,0,,1.0,american express,87.0,0
397001,112.99,14,1,,0,,7.0,visa,87.0,0
397023,57.95,14,1,,0,,4.0,visa,87.0,0
397042,25.95,14,1,,0,,4.0,visa,87.0,0
397065,50.0,14,1,,0,,1.0,visa,87.0,0
397090,30.95,14,1,9.0,0,,105.0,mastercard,87.0,0
397199,100.0,14,1,,0,,1.0,visa,87.0,0
397201,58.95,14,1,,0,,1.0,visa,87.0,0
397222,154.97,14,1,0.0,0,,1.0,mastercard,87.0,0
397235,15.407,14,0,,0,1813.0,1.0,visa,,0
397244,45.0,14,1,,0,,1.0,mastercard,87.0,0
397246,57.95,14,1,,0,,2.0,visa,87.0,0
397277,380.95,14,1,12.0,0,,3.0,visa,87.0,0
397299,200.0,14,1,,0,,1.0,mastercard,87.0,0
397309,30.0,14,1,,0,,1.0,visa,87.0,0
397334,261.95,14,1,735.0,0,,3.0,visa,87.0,0
397361,100.0,14,1,,0,,1.0,visa,87.0,0
397423,50.0,14,1,,0,,1.0,visa,87.0,0
397479,26.95,14,1,1.0,0,,117.0,visa,87.0,0
397503,107.95,14,1,36.0,0,,1.0,visa,87.0,0
397538,40.0,14,1,13.0,0,,6.0,mastercard,87.0,0
397538,25.0,14,1,,0,,1.0,visa,87.0,0
397566,100.0,14,1,,0,,1.0,mastercard,87.0,0
397569,303.95,14,1,1.0,0,,1.0,visa,87.0,0
397571,67.95,14,1,,0,,2.0,visa,87.0,0
397603,25.0,14,1,,0,,1.0,visa,87.0,0
397606,200.0,14,1,,0,,1.0,mastercard,87.0,0
397686,39.0,14,1,4.0,0,,4.0,visa,87.0,0
397697,21.0,14,1,,0,,2.0,visa,87.0,0
397704,19.214,14,0,,0,,1.0,mastercard,,0
397753,57.95,14,1,3.0,0,,6.0,visa,87.0,0
397762,10.99,14,1,,0,,1.0,mastercard,87.0,0
397786,53.97,14,1,17.0,0,,6.0,mastercard,87.0,0
397811,894.0,14,1,14.0,0,,1.0,visa,87.0,0
397848,35.95,14,1,33.0,0,,3.0,visa,87.0,0
397872,101.76,14,1,1180.0,0,,1.0,mastercard,87.0,0
397879,189.95,14,1,,0,,5.0,discover,87.0,0
397884,884.0,14,1,8.0,0,,2.0,visa,87.0,0
397911,141.0,14,1,29.0,0,,5.0,visa,87.0,0
397916,26.0,14,1,29.0,0,,7.0,mastercard,87.0,0
397923,59.0,14,1,,0,,1.0,visa,87.0,0
398004,125.0,14,1,,0,,1.0,mastercard,87.0,0
398067,82.95,14,1,258.0,0,,9.0,visa,87.0,0
398084,281.95,14,1,3.0,0,,1.0,discover,87.0,0
398095,35.95,14,1,,0,,2.0,mastercard,87.0,0
398103,36.5,14,1,,0,,2.0,visa,87.0,0
398127,29.0,14,1,,0,,1.0,mastercard,87.0,0
398136,25.0,14,1,,0,832.0,2.0,visa,87.0,0
398136,108.5,14,1,,0,,1.0,mastercard,87.0,0
398176,209.95,14,1,,0,,1.0,mastercard,87.0,0
398206,57.95,14,1,52.0,0,,4.0,mastercard,87.0,0
398221,117.0,14,1,,0,,1.0,mastercard,87.0,0
398227,47.95,14,1,2.0,0,,3.0,mastercard,87.0,0
398234,169.0,14,1,6.0,0,,3.0,mastercard,87.0,0
398265,34.0,14,1,18.0,0,,2.0,visa,87.0,0
398305,554.0,14,1,16.0,0,,15.0,visa,87.0,0
398309,87.0,14,1,2.0,0,,1.0,visa,87.0,0
398328,57.95,14,1,,0,,2.0,mastercard,87.0,0
398343,2199.8,14,1,1919.0,0,,1.0,visa,87.0,0
398369,107.95,14,1,24.0,0,,1.0,visa,87.0,0
398392,100.0,14,1,,0,,1.0,visa,87.0,0
398428,117.0,14,1,,0,,1.0,visa,87.0,0
398519,527.0,14,1,,0,,15.0,discover,87.0,0
398529,150.0,14,1,,0,,1.0,american express,87.0,0
398546,50.0,14,1,,0,,1.0,discover,87.0,0
398556,117.0,14,1,6.0,0,,1.0,visa,87.0,0
398575,100.0,14,1,,0,,1.0,american express,87.0,0
398590,25.95,14,1,1.0,0,,3.0,mastercard,87.0,0
398600,108.5,14,1,,0,,2.0,mastercard,87.0,0
398612,105.0,14,1,,0,,2.0,visa,87.0,0
398641,12.507,14,0,,0,,2.0,mastercard,,0
398644,50.0,14,1,,0,,1.0,visa,87.0,0
398668,200.0,14,1,,0,,1.0,visa,87.0,0
398673,59.0,14,1,1.0,0,,1.0,visa,87.0,0
398699,40.0,14,1,,0,,1.0,visa,87.0,0
398709,67.95,14,1,,0,,4.0,visa,87.0,0
398713,156.0,14,1,,0,,1.0,visa,87.0,0
398715,221.99,14,1,16.0,0,,3.0,visa,87.0,0
398726,39.0,14,1,,0,,139.0,visa,87.0,0
398746,2312.87,14,1,,0,,1.0,visa,87.0,0
398747,50.0,14,1,,0,,1.0,visa,87.0,0
398755,29.0,14,1,,0,,4.0,visa,87.0,0
398758,6.042,14,0,,0,,2.0,mastercard,,0
398760,40.0,14,1,,0,,1.0,visa,87.0,0
398838,40.0,14,1,,0,,2.0,visa,87.0,0
398878,159.95,14,1,1.0,0,,3.0,visa,87.0,0
398881,5.982,14,0,,0,,1.0,visa,,0
398896,162.95,14,1,,0,,1.0,visa,87.0,0
398909,10.0,14,1,,0,21.0,6.0,visa,87.0,0
398912,57.95,14,1,115.0,0,,3.0,visa,87.0,0
398916,108.5,14,1,,0,,2.0,visa,87.0,0
398920,52.95,14,1,,0,,1.0,visa,87.0,0
398926,25.0,14,1,,0,,5.0,mastercard,87.0,0
398934,361.95,14,1,20.0,0,,15.0,visa,87.0,0
398961,30.0,14,1,,0,,2.0,mastercard,87.0,0
398962,150.0,14,1,,0,,1.0,american express,87.0,0
398966,29.0,14,1,24.0,0,,1.0,mastercard,87.0,0
398970,82.95,14,1,26.0,0,,1.0,visa,87.0,0
398970,100.0,14,1,,0,,1.0,visa,87.0,0
398972,470.95,14,1,,0,,1.0,visa,87.0,0
399000,52.445,14,0,,0,,1.0,mastercard,,0
399026,30.0,14,1,,0,,4.0,mastercard,87.0,0
399072,21.0,14,1,2.0,0,,1.0,visa,87.0,0
399083,40.0,14,1,,0,,1.0,mastercard,87.0,0
399083,82.95,14,1,,0,,1.0,mastercard,87.0,0
399145,72.95,14,1,,0,,1.0,visa,87.0,0
399165,179.95,14,1,,0,,1.0,visa,87.0,0
399177,117.0,14,1,16.0,0,,2.0,visa,87.0,0
399178,57.95,14,1,,0,,3.0,visa,87.0,0
399192,77.0,14,1,,0,,1.0,visa,87.0,0
399234,105.95,14,1,12.0,0,,2.0,mastercard,87.0,0
399239,50.0,14,1,,0,,1.0,discover,87.0,0
399259,75.0,14,1,,0,,1.0,mastercard,87.0,0
399312,59.0,14,1,,0,,1.0,mastercard,87.0,0
399312,160.5,14,1,11.0,0,,6.0,mastercard,87.0,0
399317,46.5,14,1,12.0,0,,1.0,mastercard,87.0,0
399321,39.0,14,1,6.0,0,,10.0,mastercard,87.0,0
399331,25.0,14,1,,0,,109.0,visa,87.0,0
399341,59.0,14,1,,0,,1.0,visa,87.0,0
399343,51.0,14,1,,0,,1.0,visa,87.0,0
399343,107.95,14,1,2.0,0,,143.0,mastercard,87.0,0
399344,75.0,14,1,,0,,1.0,visa,87.0,1
399346,47.95,14,1,10.0,0,,6.0,visa,87.0,0
399349,50.0,14,1,,0,,1.0,mastercard,87.0,0
399396,200.0,14,1,,0,,1.0,visa,87.0,0
399401,107.95,14,1,25.0,0,,3.0,visa,87.0,0
399411,60.601,14,0,,0,7.0,1.0,mastercard,,0
399436,20.0,14,1,,0,,1.0,mastercard,87.0,0
399438,150.0,14,1,,0,,1.0,visa,87.0,0
399502,107.95,14,1,18.0,0,,6.0,visa,87.0,0
399511,160.5,14,1,,0,,1.0,visa,87.0,0
399573,59.0,14,1,38.0,0,,1.0,mastercard,87.0,0
399585,685.89,14,1,1030.0,0,,1.0,mastercard,87.0,0
399586,20.0,14,1,1.0,0,,4.0,visa,87.0,0
399600,25.95,15,1,1.0,0,,79.0,mastercard,87.0,0
399628,25.0,15,1,,0,,1.0,visa,87.0,0
399643,7.975,15,0,,0,,1.0,visa,,0
399660,445.0,15,1,99.0,0,,6.0,visa,87.0,0
399661,55.45,15,1,,0,,2.0,visa,87.0,0
399666,20.0,15,1,,0,,2.0,visa,87.0,0
399667,35.95,15,1,,0,,4.0,visa,87.0,0
399673,25.0,15,1,,0,,1.0,mastercard,87.0,0
399687,100.0,15,1,,0,,7.0,visa,87.0,0
399687,35.95,15,1,,0,,2.0,visa,87.0,0
399697,117.0,15,1,,0,,1.0,visa,87.0,0
399717,77.95,15,1,1.0,0,,1.0,mastercard,87.0,0
399797,29.0,15,1,,0,,1.0,visa,87.0,0
399817,1651.0,15,1,0.0,0,,2.0,visa,87.0,0
399827,100.0,15,1,,0,,6.0,visa,87.0,0
399844,25.0,15,1,,0,,1.0,visa,87.0,0
399863,26.97,15,1,12.0,0,,11.0,mastercard,87.0,0
399886,495.07,15,1,,0,,1.0,visa,87.0,0
399905,103.97,15,1,,0,,2.0,mastercard,87.0,0
399953,83.5,15,1,,0,,1.0,visa,87.0,1
399962,100.0,15,1,,0,,7.0,mastercard,87.0,0
400007,50.0,15,1,,0,,1.0,visa,87.0,0
400012,82.95,15,1,2.0,0,,16.0,mastercard,87.0,0
400017,117.0,15,1,367.0,0,,6.0,visa,87.0,0
400022,57.95,15,1,,0,,1.0,mastercard,87.0,0
400039,159.0,15,1,,0,,1.0,visa,87.0,0
400039,29.0,15,1,8.0,0,,1.0,mastercard,87.0,0
400064,60.0,15,1,,0,,3.0,visa,87.0,0
400068,25.0,15,1,,0,,1.0,mastercard,87.0,0
400084,1169.76,15,1,0.0,0,,1.0,visa,87.0,0
400086,30.95,15,1,17.0,0,,4.0,visa,87.0,0
400121,65.0,15,1,,0,,7.0,mastercard,87.0,0
400130,117.0,15,1,,0,,1.0,visa,87.0,0
400158,57.95,15,1,,0,,16.0,visa,87.0,0
400165,45.0,15,1,,0,,1.0,visa,87.0,0
400181,10.151,15,0,,0,150.0,1.0,visa,,0
400183,92.95,15,1,,0,,4.0,mastercard,87.0,1
400198,100.0,15,1,,0,,1.0,american express,87.0,0
400237,100.0,15,1,,0,,4.0,mastercard,87.0,0
400238,100.0,15,1,,0,,1.0,visa,87.0,0
400261,120.0,15,1,,0,,4.0,mastercard,87.0,0
400263,72.95,15,1,,0,,3.0,visa,87.0,0
400292,107.95,15,1,49.0,0,,1.0,visa,87.0,0
400298,100.0,15,1,,0,,1.0,mastercard,87.0,0
400299,108.95,15,1,24.0,0,,1.0,visa,87.0,0
400311,1044.95,15,1,32.0,0,,1.0,mastercard,87.0,0
400349,2312.87,15,1,1919.0,0,,1.0,visa,87.0,0
400352,47.95,15,1,,0,,8.0,visa,87.0,0
400387,35.0,15,1,,0,24.0,2.0,mastercard,87.0,0
400413,75.0,15,1,,0,,1.0,visa,87.0,0
400419,107.95,15,1,4.0,0,,3.0,visa,87.0,0
400447,52.95,15,1,3.0,0,,8.0,mastercard,87.0,0
400474,75.0,15,1,,0,,1.0,mastercard,87.0,0
400501,160.95,15,1,36.0,0,,8.0,visa,87.0,0
400621,280.0,15,1,,0,,1.0,mastercard,87.0,0
400633,516.95,15,1,,0,,1.0,mastercard,87.0,0
400668,77.95,15,1,,0,,1.0,mastercard,87.0,0
400680,200.0,15,1,,0,,1.0,mastercard,87.0,0
400682,150.0,15,1,,0,,1.0,mastercard,87.0,0
400684,50.0,15,1,,0,,1.0,mastercard,87.0,0
400737,50.0,15,1,,0,,1.0,mastercard,87.0,0
400739,924.57,15,1,,0,,1.0,mastercard,87.0,0
400740,49.95,15,1,,0,,2.0,mastercard,87.0,0
400742,100.0,15,1,,0,,1.0,visa,87.0,0
400743,50.0,15,1,,0,,1.0,visa,87.0,0
400798,49.0,15,1,,0,,2.0,visa,87.0,0
400837,75.0,15,1,,0,,1.0,mastercard,87.0,0
400851,100.0,15,1,,0,,3.0,visa,87.0,0
400854,300.0,15,1,,0,,2.0,visa,87.0,0
400860,10.0,15,1,,0,,187.0,visa,87.0,0
400860,57.95,15,1,,0,,74.0,mastercard,87.0,0
400889,200.0,15,1,,0,,1.0,mastercard,87.0,0
400901,75.0,15,1,,0,,1.0,visa,87.0,0
400906,100.0,15,1,,0,,89.0,mastercard,87.0,0
400916,50.0,15,1,,0,,1.0,visa,87.0,0
400917,226.0,15,1,,0,,1.0,visa,87.0,0
400990,100.0,15,1,,0,,1.0,mastercard,87.0,0
401000,30.95,15,1,1.0,0,,1.0,visa,87.0,0
401024,120.0,15,1,,0,,1.0,mastercard,87.0,0
401026,52.95,15,1,,0,,1.0,mastercard,87.0,0
401054,200.0,15,1,,0,,1.0,visa,87.0,0
401065,10.0,15,1,,0,23.0,10.0,visa,87.0,0
401068,49.0,15,1,,0,,1.0,discover,87.0,0
401070,25.95,15,1,,0,,4.0,visa,87.0,0
401136,150.0,15,1,1.0,0,,1.0,visa,87.0,0
401142,49.0,15,1,11.0,0,,2.0,mastercard,87.0,0
401152,34.0,15,1,24.0,0,,4.0,mastercard,87.0,0
401155,75.0,15,1,,0,,1.0,mastercard,87.0,0
401172,175.0,15,1,,0,,1.0,visa,87.0,0
401189,199.95,15,1,,0,,4.0,visa,87.0,0
401236,100.0,15,1,,0,20.0,1.0,mastercard,87.0,0
401247,214.95,15,1,,0,,1.0,visa,87.0,0
401249,335.0,15,1,,0,,1.0,visa,87.0,0
401263,75.0,15,1,,0,,1.0,mastercard,87.0,0
401285,25.0,15,1,,0,,2.0,visa,87.0,0
401373,30.95,15,1,,0,,6.0,visa,87.0,0
401382,300.0,15,1,,0,,3.0,visa,87.0,0
401424,75.0,15,1,,0,,111.0,visa,87.0,0
401424,141.0,15,1,2.0,0,,1.0,visa,87.0,0
401450,25.95,15,1,0.0,0,,4.0,visa,87.0,0
401466,600.0,15,1,,0,3.0,1.0,visa,87.0,0
401487,57.95,15,1,,0,,3.0,visa,87.0,0
401491,107.95,15,1,,0,,7.0,visa,87.0,0
401508,100.0,15,1,,0,,1.0,mastercard,87.0,0
401523,38.185,15,0,,0,,1.0,mastercard,,0
401540,50.0,15,1,,0,,2.0,visa,87.0,0
401556,50.0,15,1,,0,,1.0,visa,87.0,0
401570,315.0,15,1,,0,,1.0,visa,87.0,0
401584,311.95,15,1,26.0,0,,1.0,mastercard,87.0,0
401589,311.95,15,1,0.0,0,,180.0,mastercard,87.0,0
401597,75.0,15,1,,0,,1.0,visa,87.0,0
401634,25.0,15,1,,0,,1.0,visa,87.0,0
401641,55.55,15,1,,0,,1.0,visa,87.0,0
401655,100.0,15,1,227.0,0,,1.0,visa,87.0,0
401681,29.0,15,1,,0,,2.0,mastercard,87.0,0
401682,7.069,15,0,,0,,1.0,visa,,0
401685,92.0,15,1,,0,,1.0,visa,87.0,0
401692,226.0,15,1,447.0,0,,1.0,mastercard,87.0,0
401696,70.0,15,1,,0,,2.0,visa,87.0,0
401702,62.897,15,0,,0,,1.0,mastercard,,0
401729,57.95,15,1,,0,,1.0,mastercard,87.0,0
401730,59.0,15,1,17.0,0,,1.0,visa,87.0,0
401733,47.0,15,1,,0,,1.0,visa,87.0,0
401746,15.0,15,1,,0,,2.0,visa,87.0,1
401747,100.0,15,1,,0,,2.0,mastercard,87.0,0
401765,25.0,15,1,,0,,1.0,visa,87.0,0
401775,75.0,15,1,,0,,1.0,visa,87.0,0
401794,317.5,15,1,1.0,0,,1.0,visa,87.0,0
401796,35.95,15,1,,0,,2.0,mastercard,87.0,0
401799,100.0,15,1,,0,,7.0,mastercard,87.0,0
401822,50.0,15,1,,0,,1.0,visa,87.0,0
401833,75.0,15,1,,0,,2.0,visa,87.0,0
401834,34.0,15,1,2.0,0,,1.0,mastercard,87.0,0
401835,15.95,15,1,4.0,0,,1.0,visa,87.0,0
401859,89.603,15,0,,0,,1.0,visa,,0
401867,21.51,15,0,,0,,1.0,mastercard,,0
401908,30.95,15,1,,0,,1.0,mastercard,87.0,0
401922,2693.34,15,1,,0,,1.0,discover,87.0,0
401936,50.0,15,1,,0,,1.0,visa,87.0,0
401964,44.5,15,1,818.0,0,,1.0,visa,87.0,0
401976,120.0,15,1,,0,,1.0,visa,87.0,0
402010,35.0,15,1,9.0,0,,1.0,visa,87.0,0
402013,20.0,15,1,,0,,1.0,visa,87.0,0
402050,100.0,15,1,,0,,4.0,mastercard,87.0,0
402052,37.46,15,0,,0,,1.0,visa,,0
402060,100.0,15,1,,0,,5.0,visa,87.0,0
402085,49.0,15,1,,0,,1.0,visa,87.0,0
402087,311.95,15,1,,0,,2.0,visa,87.0,0
402096,300.0,15,1,,0,,3.0,visa,87.0,0
402107,140.0,15,1,73.0,0,,6.0,mastercard,87.0,0
402112,349.01,15,1,11.0,0,,2.0,mastercard,87.0,0
402122,50.0,15,1,,0,,1.0,visa,87.0,0
402137,25.0,15,1,,0,,1.0,visa,87.0,0
402144,107.95,15,1,14.0,0,,4.0,visa,87.0,0
402145,20.0,15,1,,0,,1.0,visa,87.0,0
402152,744.95,15,1,28.0,0,,1.0,mastercard,87.0,1
402168,209.95,15,1,,0,,5.0,visa,87.0,0
402223,200.0,15,1,,0,,1.0,visa,87.0,0
402231,99.0,15,1,,0,,10.0,visa,87.0,0
402234,100.0,15,1,,0,22.0,1.0,mastercard,87.0,0
402270,50.0,15,1,,0,,1.0,american express,87.0,0
402284,25.0,15,1,,0,,1.0,visa,87.0,0
402329,30.0,15,1,,0,,1.0,visa,87.0,0
402329,171.0,15,1,11.0,0,,1.0,visa,87.0,0
402330,50.0,15,1,,0,,10.0,visa,87.0,0
402332,311.95,15,1,,0,,12.0,visa,87.0,0
402332,80.0,15,1,,0,,1.0,mastercard,87.0,0
402334,53.95,15,1,,0,,5.0,mastercard,87.0,0
402340,30.95,15,1,,0,,1.0,mastercard,87.0,0
402348,15.77,15,0,,0,,1.0,mastercard,,0
402367,159.95,15,1,,0,,6.0,mastercard,87.0,0
402387,511.95,15,1,,0,,1.0,mastercard,87.0,0
402398,6.042,15,0,,0,,2.0,mastercard,,0
402421,10.0,15,1,,0,91.0,4.0,visa,87.0,0
402448,150.95,15,1,,0,,1.0,mastercard,87.0,0
402468,6.042,15,0,,0,,2.0,mastercard,,0
402474,50.0,15,1,,0,,2.0,visa,87.0,0
402530,300.0,15,1,0.0,0,,1.0,mastercard,87.0,0
402533,438.73,15,1,,0,,1.0,discover,87.0,0
402535,50.0,15,1,,0,,2.0,visa,87.0,0
402556,42.596,15,0,,0,,1.0,visa,,0
402564,87.95,15,1,11.0,0,,10.0,visa,87.0,0
402576,226.0,15,1,1935.0,0,,4.0,mastercard,87.0,0
402591,150.0,15,1,,0,,1.0,visa,87.0,0
402605,60.0,15,1,,0,,3.0,visa,87.0,0
402626,100.0,15,1,,0,,1.0,visa,87.0,0
402628,226.0,15,1,5.0,0,,1.0,visa,87.0,0
402650,200.0,15,1,,0,,1.0,mastercard,87.0,0
402657,6.042,15,0,,0,,2.0,mastercard,,0
402672,75.0,15,1,,0,,2.0,visa,87.0,0
402695,87.0,15,1,31.0,0,,2.0,mastercard,87.0,0
402715,100.0,15,1,0.0,0,,1.0,visa,87.0,0
402737,250.0,15,1,,0,3.0,1.0,american express,87.0,0
402744,25.0,15,1,,0,,1.0,mastercard,87.0,0
402760,60.0,15,1,4.0,0,,1.0,visa,87.0,0
402788,54.5,15,1,1.0,0,,1.0,visa,87.0,0
402792,50.0,15,1,,0,,1.0,visa,87.0,0
402812,25.0,15,1,,0,,1.0,visa,87.0,0
402859,75.0,15,1,,0,,1.0,american express,87.0,0
402870,50.0,15,1,,0,,9.0,visa,87.0,0
402893,219.95,15,1,14.0,0,,1.0,mastercard,87.0,0
402894,50.0,15,1,,0,,1.0,visa,87.0,0
402899,100.0,15,1,,0,,1.0,mastercard,87.0,0
402920,35.95,15,1,,0,,5.0,visa,87.0,0
402924,5.0,15,1,,0,21.0,6.0,visa,87.0,0
402933,49.0,15,1,73.0,0,,1.0,mastercard,87.0,0
402941,49.0,15,1,1344.0,0,,1.0,mastercard,87.0,0
402955,40.0,15,1,14.0,0,,3.0,mastercard,87.0,0
402960,159.95,15,1,,0,,1.0,mastercard,87.0,0
402974,34.0,15,1,49.0,0,,1.0,mastercard,87.0,0
402985,49.0,15,1,82.0,0,,1.0,visa,87.0,0
402986,52.747,15,0,,0,,1.0,visa,,0
402991,390.0,15,1,12.0,0,,1.0,mastercard,87.0,0
402995,107.95,15,1,,0,,7.0,visa,87.0,0
402996,2076.95,15,1,413.0,0,,1.0,mastercard,87.0,0
403019,40.0,15,1,0.0,0,,1.0,mastercard,87.0,0
403029,15.0,15,1,,0,,1.0,visa,87.0,0
403037,50.0,15,1,4.0,0,,1.0,visa,87.0,0
403059,46.0,15,1,3.0,0,,4.0,mastercard,87.0,0
403066,1044.95,15,1,6.0,0,,1.0,visa,87.0,0
403072,40.0,15,1,7.0,0,,1.0,mastercard,87.0,0
403091,80.0,15,1,,0,,2.0,mastercard,87.0,0
403092,50.0,15,1,,0,,1.0,visa,87.0,0
403093,600.0,15,1,2.0,0,,2.0,mastercard,87.0,0
403111,300.0,15,1,,0,,2.0,visa,87.0,0
403125,82.95,15,1,618.0,0,,1.0,mastercard,87.0,0
403135,30.0,15,1,,0,,1.0,visa,87.0,0
403157,50.0,15,1,,0,,1.0,visa,87.0,0
403159,39.152,15,0,,0,,1.0,mastercard,,0
403170,150.0,15,1,,0,,1.0,mastercard,87.0,0
403176,150.0,15,1,,0,,1.0,american express,87.0,0
403228,150.0,16,1,,0,,1.0,visa,87.0,0
403230,35.95,16,1,,0,,22.0,mastercard,87.0,0
403239,60.0,16,1,2.0,0,,6.0,visa,87.0,0
403263,150.0,16,1,,0,,1.0,visa,87.0,0
403289,25.0,16,1,,0,,2.0,american express,87.0,0
403308,50.0,16,1,,0,,1.0,visa,87.0,0
403326,47.95,16,1,,0,,135.0,visa,87.0,0
403329,49.0,16,1,0.0,0,,1.0,mastercard,87.0,0
403337,20.0,16,1,,0,,1.0,visa,87.0,0
403342,29.486,16,0,,0,,1.0,mastercard,,0
403351,82.95,16,1,,0,,1.0,visa,87.0,0
403357,100.0,16,1,,0,,1.0,visa,87.0,0
403358,82.95,16,1,,0,,1.0,visa,87.0,0
403371,25.0,16,1,,0,,1.0,visa,87.0,0
403384,82.95,16,1,,0,,1.0,visa,87.0,0
403443,100.0,16,1,,0,,1.0,visa,87.0,0
403449,25.95,16,1,,0,,2.0,mastercard,87.0,0
403452,20.0,16,1,,0,,1.0,visa,87.0,0
403463,25.0,16,1,,0,,1.0,visa,87.0,0
403471,8.882,16,0,,0,,1.0,mastercard,,0
403490,25.0,16,1,,0,,1.0,visa,87.0,0
403491,149.842,16,0,,0,,1.0,visa,,0
403506,100.0,16,1,,0,,1.0,visa,87.0,0
403522,29.0,16,1,102.0,0,,1.0,mastercard,87.0,0
403524,150.0,16,1,,0,,1.0,american express,87.0,0
403552,77.0,16,1,33.0,0,,1.0,mastercard,87.0,0
403560,25.0,16,1,,0,,1.0,visa,87.0,0
403587,30.0,16,1,,0,,1.0,mastercard,87.0,0
403592,390.0,16,1,726.0,0,,7.0,visa,87.0,0
403633,80.0,16,1,,0,,1.0,american express,87.0,0
403640,66.95,16,1,,0,,120.0,visa,87.0,0
403642,17.643,16,0,,0,,1.0,visa,,0
403653,75.0,16,1,,0,,1.0,visa,87.0,0
403674,24.047,16,0,,0,,1.0,mastercard,,0
403691,39.0,16,1,6.0,0,,1.0,visa,87.0,0
403705,100.0,16,1,,0,1883.0,3.0,discover,87.0,0
403746,15.0,16,1,,0,,2.0,visa,87.0,0
403750,150.0,16,1,,0,,2.0,mastercard,87.0,0
403758,57.95,16,1,,0,,1.0,mastercard,87.0,0
403763,59.0,16,1,289.0,0,,1.0,visa,87.0,0
403767,44.5,16,1,,0,,106.0,mastercard,87.0,0
403801,107.95,16,1,,0,,1.0,visa,87.0,0
403812,159.95,16,1,487.0,0,,2.0,visa,87.0,0
403812,101.385,16,0,,0,,1.0,mastercard,,0
403819,150.0,16,1,1.0,0,,1.0,visa,87.0,0
403821,14.199,16,0,,0,,1.0,visa,,0
403863,210.95,16,1,,0,,13.0,mastercard,87.0,0
403865,117.0,16,1,10.0,0,,1.0,visa,87.0,0
403867,119.95,16,1,0.0,0,,3.0,visa,87.0,0
403868,150.0,16,1,,0,1.0,2.0,visa,96.0,0
403875,43.97,16,1,,0,,1.0,mastercard,87.0,0
403877,107.95,16,1,22.0,0,,123.0,visa,87.0,0
403878,675.0,16,1,,0,,1.0,mastercard,87.0,0
403883,100.0,16,1,,0,,4.0,visa,87.0,0
403886,408.9,16,1,12.0,0,,1.0,visa,87.0,0
403895,226.0,16,1,346.0,0,,1.0,mastercard,87.0,0
403899,75.0,16,1,,0,,4.0,visa,87.0,0
403914,1099.99,16,1,,0,,1.0,visa,87.0,0
403942,648.84,16,1,,0,,1.0,visa,87.0,0
403947,25.95,16,1,,0,,1.0,mastercard,87.0,0
403959,139.812,16,0,,0,,1.0,visa,,0
403961,107.95,16,1,,0,,2.0,mastercard,87.0,0
403965,834.0,16,1,,0,,2.0,visa,87.0,0
403967,283.0,16,1,5.0,0,,1.0,mastercard,87.0,0
403992,150.0,16,1,,0,,1.0,american express,87.0,0
404045,29.606,16,0,,0,,1.0,visa,,0
404061,40.0,16,1,,0,,1.0,mastercard,87.0,0
404160,471.44,16,1,,0,,2.0,visa,87.0,0
404164,400.0,16,1,,0,,1.0,visa,87.0,0
404172,150.0,16,1,,0,1.0,2.0,visa,96.0,0
404180,49.0,16,1,0.0,0,,1.0,mastercard,87.0,0
404182,75.0,16,1,,0,,1.0,visa,87.0,0
404188,40.0,16,1,,0,,4.0,visa,87.0,0
404191,34.0,16,1,37.0,0,,2.0,mastercard,87.0,0
404213,47.95,16,1,,0,,2.0,mastercard,87.0,0
404216,30.0,16,1,,0,,1.0,visa,87.0,0
404218,59.0,16,1,85.0,0,,1.0,visa,87.0,0
404234,40.0,16,1,,0,,1.0,visa,87.0,0
404254,107.95,16,1,,0,,1.0,visa,87.0,0
404269,15.0,16,1,,0,,2.0,mastercard,87.0,0
404287,50.0,16,1,,0,,1.0,mastercard,87.0,0
404289,186.0,16,1,0.0,0,,1.0,visa,87.0,0
404293,52.95,16,1,,0,,1.0,visa,87.0,0
404296,107.95,16,1,7.0,0,,5.0,mastercard,87.0,0
404328,585.95,16,1,1.0,0,,1.0,mastercard,87.0,0
404330,834.0,16,1,,0,,3.0,mastercard,87.0,0
404337,125.0,16,1,,0,8.0,1.0,visa,87.0,0
404351,35.0,16,1,,0,,1.0,visa,87.0,0
404358,100.0,16,1,,0,,1.0,mastercard,87.0,0
404362,25.0,16,1,,0,,1.0,visa,87.0,0
404428,67.95,16,1,,0,,1.0,mastercard,87.0,0
404432,93.19,16,1,1.0,0,,7.0,visa,87.0,0
404443,150.0,16,1,,0,,1.0,visa,87.0,0
404454,86.763,16,0,,0,,1.0,visa,,0
404455,7.13,16,0,,0,,1.0,mastercard,,0
404458,100.0,16,1,,0,,2.0,visa,87.0,0
404476,100.0,16,1,,0,,2.0,visa,87.0,0
404485,362.95,16,1,,0,,1.0,visa,87.0,0
404499,109.965,16,0,,0,,1.0,visa,,0
404503,150.0,16,1,,0,,2.0,visa,87.0,0
404503,150.0,16,1,,0,,5.0,mastercard,87.0,0
404507,100.0,16,1,,0,,4.0,visa,87.0,0
404516,29.183,16,0,,0,,1.0,visa,,0
404525,35.95,16,1,,0,,1.0,visa,87.0,0
404536,107.95,16,1,,0,,3.0,mastercard,87.0,0
404538,300.0,16,1,4.0,0,,4.0,visa,87.0,0
404540,29.0,16,1,,0,,2.0,mastercard,87.0,0
404554,29.5,16,1,37.0,0,,3.0,mastercard,87.0,0
404563,258.598,16,0,,0,,1.0,visa,,0
404568,15.0,16,1,,0,,2.0,visa,87.0,0
404606,129.95,16,1,,0,,1.0,visa,87.0,0
404606,108.95,16,1,,0,,1.0,visa,87.0,0
404609,50.0,16,1,,0,,1.0,american express,87.0,0
404615,57.95,16,1,,0,,1.0,mastercard,87.0,0
404616,300.0,16,1,,0,,1.0,mastercard,87.0,0
404617,107.95,16,1,,0,,2.0,mastercard,87.0,0
404618,30.95,16,1,,0,,1.0,visa,87.0,0
404624,30.0,16,1,,0,,3.0,visa,87.0,0
404641,107.95,16,1,121.0,0,,4.0,mastercard,87.0,0
404649,15.0,16,1,,0,,1.0,mastercard,87.0,0
404662,40.0,16,1,,0,,1.0,visa,87.0,0
404662,100.0,16,1,,0,,1.0,mastercard,87.0,0
404663,98.95,16,1,,0,,1.0,visa,87.0,0
404671,50.0,16,1,,0,,2.0,visa,87.0,0
404719,100.0,16,1,,0,,1.0,mastercard,87.0,0
404728,511.95,16,1,0.0,0,,2.0,mastercard,87.0,0
404744,100.0,16,1,,0,,12.0,mastercard,87.0,0
404753,552.65,16,1,,0,,3.0,visa,87.0,0
404761,92.95,16,1,,0,,1.0,visa,87.0,0
404772,25.0,16,1,,0,,4.0,mastercard,87.0,0
404773,50.0,16,1,,0,42.0,10.0,discover,87.0,0
404776,50.0,16,1,,0,,1.0,visa,87.0,0
404785,174.95,16,1,,0,,1.0,mastercard,87.0,0
404790,40.0,16,1,,0,,1.0,mastercard,87.0,0
404791,50.0,16,1,,0,,2.0,visa,87.0,0
404804,139.812,16,0,,0,,1.0,visa,,0
404807,311.95,16,1,,0,,1.0,visa,87.0,0
404811,129.299,16,0,,0,,1.0,visa,,0
404816,59.0,16,1,1.0,0,,2.0,visa,87.0,0
404816,100.0,16,1,,0,,2.0,mastercard,87.0,0
404825,323.0,16,1,8.0,0,,7.0,mastercard,87.0,0
404828,50.0,16,1,38.0,0,,3.0,visa,87.0,0
404832,400.0,16,1,,0,,3.0,visa,87.0,0
404841,50.0,16,1,,0,,4.0,mastercard,87.0,0
404846,200.0,16,1,2.0,0,,2.0,mastercard,87.0,0
404881,100.0,16,1,,0,,3.0,mastercard,87.0,0
404889,41.388,16,0,,0,,1.0,visa,,0
404907,20.0,16,1,,0,,11.0,mastercard,87.0,0
404912,100.0,16,1,,0,,2.0,mastercard,87.0,0
404933,209.95,16,1,7.0,0,,2.0,mastercard,87.0,0
404944,47.95,16,1,,0,,1.0,visa,87.0,0
404946,150.0,16,1,,0,,1.0,visa,87.0,0
404956,449.95,16,1,3.0,0,,1.0,visa,87.0,0
404992,15.0,16,1,,0,,1.0,visa,87.0,0
404994,400.0,16,1,16.0,0,,1.0,mastercard,87.0,0
405015,80.0,16,1,,0,2273.0,1.0,mastercard,87.0,0
405029,33.957,16,0,,0,,1.0,mastercard,,0
405039,34.0,16,1,14.0,0,,4.0,mastercard,87.0,0
405057,75.0,16,1,,0,,2.0,visa,87.0,0
405068,20.0,16,1,,0,,9.0,visa,87.0,0
405084,57.95,16,1,3.0,0,,1.0,visa,87.0,0
405100,50.0,16,1,,0,,130.0,mastercard,87.0,0
405139,15.0,16,1,2136.0,0,,3.0,visa,87.0,0
405208,100.0,16,1,,0,,1.0,visa,87.0,0
405213,437.0,16,1,16.0,0,,1.0,mastercard,87.0,0
405218,23.564,16,0,,0,,5.0,visa,,1
405236,58.95,16,1,,0,,1.0,visa,87.0,0
405249,475.0,16,1,,0,,1.0,visa,87.0,0
405254,59.0,16,1,,0,,1.0,visa,87.0,1
405260,25.0,16,1,,0,,1.0,visa,87.0,0
405291,49.0,16,1,13.0,0,,1.0,visa,87.0,0
405304,59.0,16,1,0.0,0,,1.0,visa,87.0,0
405309,100.0,16,1,,0,,2.0,mastercard,87.0,0
405311,209.95,16,1,4.0,0,,4.0,visa,87.0,0
405318,67.95,16,1,,0,,1.0,mastercard,87.0,0
405322,11.238,16,0,,0,,1.0,mastercard,,0
405325,150.0,16,1,4.0,0,,1.0,visa,87.0,0
405333,312.9,16,1,,0,,1.0,visa,87.0,0
405355,49.0,16,1,292.0,0,,3.0,mastercard,87.0,0
405364,117.0,16,1,37.0,0,,2.0,mastercard,87.0,1
405369,814.52,16,1,,0,,1.0,visa,87.0,0
405371,154.97,16,1,,0,,6.0,mastercard,87.0,0
405373,300.0,16,1,,0,,1.0,mastercard,87.0,0
405393,389.95,16,1,69.0,0,,1.0,visa,87.0,0
405404,39.213,16,0,,0,,1.0,visa,,0
405418,100.0,16,1,7.0,0,,1.0,mastercard,87.0,0
405421,15.0,16,1,3.0,0,,9.0,visa,87.0,0
405424,108.95,16,1,,0,,2.0,visa,87.0,0
405428,59.0,16,1,533.0,0,,2.0,visa,87.0,0
405435,77.217,16,0,,0,,1.0,visa,,0
405439,57.95,16,1,,0,,10.0,visa,87.0,0
405453,60.0,16,1,,0,,1.0,visa,87.0,0
405488,38.669,16,0,,0,,5.0,visa,,1
405497,40.0,16,1,,0,,1.0,visa,87.0,0
405511,20.0,16,1,,0,91.0,4.0,visa,87.0,0
405511,50.0,16,1,,0,,1.0,visa,87.0,0
405515,36.95,16,1,4.0,0,,2.0,visa,87.0,0
405526,209.95,16,1,,0,,2.0,visa,87.0,0
405546,68.95,16,1,9.0,0,,2.0,visa,87.0,0
405551,84.588,16,0,,0,,1.0,mastercard,,0
405551,50.0,16,1,,0,,1.0,visa,87.0,0
405556,107.95,16,1,2.0,0,,2.0,mastercard,87.0,0
405568,100.0,16,1,3.0,0,,16.0,visa,87.0,0
405571,38.669,16,0,,0,,5.0,visa,,1
405583,117.0,16,1,,0,,1.0,visa,87.0,0
405605,50.0,16,1,17.0,0,,4.0,visa,87.0,0
405614,100.0,16,1,5.0,0,,149.0,visa,87.0,0
405636,38.669,16,0,,0,,5.0,visa,,1
405655,169.95,16,1,,0,,2.0,visa,87.0,0
405657,100.0,16,1,,0,,1.0,visa,87.0,0
405697,50.0,16,1,,0,,1.0,mastercard,87.0,0
405723,50.0,16,1,,0,,5.0,visa,87.0,0
405754,292.92,16,1,,0,,1.0,visa,87.0,0
405754,32.325,16,0,,0,,1.0,visa,,0
405757,107.95,16,1,,0,,1.0,visa,87.0,0
405798,107.95,16,1,,0,,2.0,visa,87.0,0
405802,250.0,16,1,,0,,1.0,visa,87.0,0
405803,300.0,16,1,,0,13.0,1.0,visa,87.0,0
405825,25.0,16,1,,0,,1.0,visa,87.0,0
405869,75.0,16,1,,0,,1.0,mastercard,87.0,0
405881,65.0,16,1,,0,,3.0,visa,87.0,0
405906,80.0,16,1,,0,,1.0,visa,87.0,0
405919,25.0,16,1,,0,,4.0,visa,87.0,0
405938,100.0,16,1,,0,,1.0,visa,87.0,0
405959,62.95,16,1,0.0,0,,6.0,visa,87.0,0
405961,24.712,16,0,,0,,1.0,visa,,0
406017,500.0,16,1,,0,909.0,54.0,discover,87.0,0
406023,47.95,16,1,,0,,1.0,visa,87.0,0
406037,643.95,16,1,5.0,0,,1.0,mastercard,87.0,0
406062,672.0,16,1,2.0,0,,2.0,mastercard,87.0,0
406076,55.043,16,0,,0,,1.0,visa,,0
406102,500.0,16,1,,0,909.0,55.0,american express,87.0,0
406122,100.0,16,1,,0,,1.0,visa,87.0,0
406126,220.0,16,1,,0,,12.0,mastercard,87.0,0
406167,75.0,16,1,,0,,1.0,visa,87.0,0
406169,117.0,16,1,7.0,0,,2.0,visa,87.0,0
406175,29.0,16,1,7.0,0,,1.0,mastercard,87.0,0
406198,50.0,16,1,,0,,1.0,american express,87.0,0
406205,50.0,16,1,,0,,1.0,visa,87.0,0
406230,139.0,16,1,,0,,2.0,visa,87.0,0
406234,300.0,16,1,,0,,5.0,visa,87.0,0
406270,117.0,16,1,5.0,0,,1.0,visa,87.0,0
406272,20.0,16,1,,0,,2.0,visa,87.0,0
406288,149.086,16,0,,0,,1.0,mastercard,,0
406316,107.95,16,1,7.0,0,,125.0,visa,87.0,0
406339,77.0,16,1,196.0,0,,3.0,mastercard,87.0,0
406343,92.0,16,1,1561.0,0,,1.0,visa,87.0,0
406348,107.95,16,1,3.0,0,,5.0,visa,87.0,0
406413,100.0,16,1,,0,,1.0,visa,87.0,0
406419,10.0,16,1,,0,316.0,8.0,visa,87.0,0
406450,57.95,16,1,,0,,28.0,mastercard,87.0,0
406456,994.95,16,1,15.0,0,,1.0,discover,87.0,0
406463,200.0,16,1,,0,,1.0,visa,87.0,0
406477,80.0,16,1,,0,,11.0,visa,87.0,0
406488,500.0,16,1,,0,,55.0,discover,87.0,0
406506,175.0,16,1,,0,,1.0,visa,87.0,0
406542,150.0,16,1,2.0,0,,4.0,visa,87.0,0
406548,59.0,16,1,488.0,0,,1.0,visa,87.0,0
406567,250.0,16,1,,0,,1.0,visa,87.0,0
406574,39.0,16,1,12.0,0,,1.0,visa,87.0,0
406577,100.0,16,1,,0,,2.0,visa,87.0,0
406587,305.97,16,1,,0,,6.0,mastercard,87.0,0
406599,226.0,16,1,265.0,0,,1.0,visa,87.0,0
406601,100.0,16,1,,0,,2.0,visa,87.0,0
406621,226.0,16,1,5.0,0,,1.0,mastercard,87.0,1
406634,82.99,16,1,2.0,0,,1.0,visa,87.0,0
406653,50.0,16,1,,0,,2.0,mastercard,87.0,0
406670,108.0,16,1,8.0,0,,1.0,mastercard,87.0,0
406670,59.0,16,1,,0,,2.0,visa,87.0,0
406671,25.0,16,1,,0,,4.0,visa,87.0,0
406674,107.95,16,1,,0,,1.0,mastercard,87.0,0
406676,50.0,16,1,,0,,7.0,visa,87.0,0
406701,57.95,16,1,3.0,0,,9.0,mastercard,87.0,0
406703,115.0,16,1,,0,,1.0,visa,87.0,0
406735,74.95,16,1,,0,,7.0,visa,87.0,0
406741,100.0,16,1,,0,,1.0,visa,87.0,0
406743,54.0,16,1,13.0,0,,3.0,discover,87.0,0
406749,59.0,16,1,,0,,1.0,mastercard,87.0,0
406749,31.418,16,0,,0,,1.0,visa,,0
406763,67.95,16,1,79.0,0,,4.0,visa,87.0,0
406768,57.95,16,1,,0,,1.0,visa,87.0,0
406768,50.0,16,1,,0,,1.0,visa,87.0,0
406772,60.0,16,1,,0,,1.0,mastercard,87.0,0
406813,60.0,17,1,,0,,4.0,visa,87.0,0
406853,117.0,17,1,16.0,0,,2.0,mastercard,87.0,0
406853,100.0,17,1,,0,,3.0,mastercard,87.0,0
406863,100.0,17,1,31.0,0,,112.0,visa,87.0,0
406886,18.489,17,0,,0,,1.0,visa,,0
406903,290.0,17,1,,0,,1.0,visa,87.0,0
406907,50.0,17,1,,0,1567.0,1.0,mastercard,87.0,0
406912,50.0,17,1,,0,,1.0,visa,87.0,0
406914,50.511,17,0,,0,,1.0,visa,,0
406917,49.0,17,1,11.0,0,,2.0,visa,87.0,0
406921,35.95,17,1,336.0,0,,97.0,mastercard,87.0,0
406924,107.95,17,1,,0,,8.0,visa,87.0,0
406933,107.95,17,1,,0,,4.0,visa,87.0,0
406952,107.95,17,1,7.0,0,,1.0,visa,87.0,0
406980,50.0,17,1,,0,,1.0,visa,87.0,0
406983,206.0,17,1,3.0,0,,5.0,visa,87.0,0
406993,29.0,17,1,10.0,0,,1.0,visa,87.0,0
407037,59.0,17,1,2161.0,0,,2.0,visa,87.0,0
407042,35.95,17,1,5.0,0,,152.0,visa,87.0,0
407051,57.95,17,1,20.0,0,,5.0,mastercard,87.0,0
407069,57.95,17,1,9.0,0,,80.0,visa,87.0,0
407089,100.0,17,1,,0,,7.0,mastercard,87.0,0
407097,68.5,17,1,2.0,0,,4.0,visa,87.0,0
407119,70.0,17,1,9.0,0,,4.0,visa,87.0,0
407121,25.0,17,1,3.0,0,,9.0,mastercard,87.0,0
407126,49.0,17,1,21.0,0,,1.0,visa,87.0,0
407148,113.348,17,0,,0,,1.0,mastercard,,1
407184,55.95,17,1,,0,,11.0,visa,87.0,0
407192,58.95,17,1,,0,,2.0,visa,87.0,0
407242,56.95,17,1,,0,,5.0,mastercard,87.0,0
407250,100.0,17,1,,0,,1.0,visa,87.0,0
407267,44.0,17,1,176.0,0,,1.0,mastercard,87.0,0
407291,60.0,17,1,,0,,5.0,visa,87.0,0
407292,25.95,17,1,,0,,6.0,visa,87.0,0
407295,50.0,17,1,,0,,47.0,mastercard,87.0,0
407361,25.95,17,1,4.0,0,,1.0,visa,87.0,0
407361,30.0,17,1,,0,,1.0,mastercard,87.0,0
407368,100.0,17,1,,0,,1.0,visa,87.0,0
407387,50.0,17,1,,0,,2.0,mastercard,87.0,0
407403,20.0,17,1,,0,,8.0,mastercard,87.0,0
407411,100.0,17,1,,0,,1.0,mastercard,87.0,0
407425,70.0,17,1,19.0,0,,148.0,visa,87.0,0
407426,59.0,17,1,1.0,0,,1.0,visa,87.0,0
407443,20.0,17,1,,0,,1.0,visa,87.0,0
407478,107.95,17,1,,0,,1.0,mastercard,87.0,1
407484,148.5,17,1,0.0,0,,1.0,mastercard,87.0,0
407487,200.0,17,1,,0,,2.0,visa,87.0,0
407488,107.95,17,1,,0,,1.0,mastercard,87.0,1
407494,57.95,17,1,9.0,0,,11.0,visa,87.0,0
407508,25.0,17,1,,0,,3.0,mastercard,87.0,0
407511,554.0,17,1,2.0,0,,1.0,mastercard,87.0,0
407526,92.0,17,1,,0,,1.0,mastercard,87.0,0
407529,226.0,17,1,79.0,0,,1.0,visa,87.0,0
407567,50.0,17,1,,0,,1.0,visa,87.0,0
407604,100.0,17,1,,0,,1.0,mastercard,87.0,0
407608,61.28,17,1,,0,,1.0,mastercard,87.0,0
407618,674.0,17,1,,0,,2.0,mastercard,87.0,0
407638,47.95,17,1,24.0,0,,1.0,mastercard,87.0,0
407654,35.0,17,1,,0,,1.0,mastercard,87.0,0
407657,190.0,17,1,,0,,4.0,visa,87.0,0
407664,50.0,17,1,,0,,1.0,visa,87.0,0
407674,554.0,17,1,2.0,0,,2.0,visa,87.0,0
407695,34.0,17,1,22.0,0,,3.0,mastercard,87.0,0
407706,59.0,17,1,2.0,0,,1.0,visa,87.0,0
407709,9.184,17,0,,0,,4.0,mastercard,,0
407788,226.0,17,1,,0,,5.0,visa,87.0,0
407792,30.0,17,1,36.0,0,,2.0,visa,87.0,0
407794,226.0,17,1,7.0,0,,3.0,visa,87.0,0
407796,200.0,17,1,,0,,1.0,visa,87.0,0
407807,110.811,17,0,,0,,1.0,visa,,0
407810,34.0,17,1,22.0,0,,3.0,visa,87.0,0
407819,47.95,17,1,,0,,4.0,visa,87.0,0
407823,200.0,17,1,,0,,1.0,mastercard,87.0,0
407833,150.0,17,1,,0,,2.0,visa,87.0,0
407841,30.0,17,1,,0,,1.0,visa,87.0,0
407850,60.0,17,1,,0,,1.0,mastercard,87.0,0
407852,47.732,17,0,,0,,1.0,mastercard,,1
407892,200.0,17,1,,0,,1.0,american express,87.0,0
407899,674.0,17,1,2.0,0,,2.0,mastercard,87.0,0
407900,35.95,17,1,,0,,99.0,visa,87.0,0
407931,100.0,17,1,,0,,1.0,visa,87.0,0
407950,57.95,17,1,1.0,0,,1.0,mastercard,87.0,0
407955,57.95,17,1,,0,,1.0,mastercard,87.0,0
407966,57.95,17,1,,0,,1.0,mastercard,87.0,0
407968,150.0,17,1,,0,,2.0,visa,87.0,0
407988,235.0,17,1,,0,,2.0,visa,87.0,0
407989,50.0,17,1,,0,,1.0,mastercard,87.0,0
408024,524.95,17,1,,0,,1.0,mastercard,87.0,0
408044,944.95,17,1,,0,,1.0,discover,87.0,0
408071,57.95,17,1,,0,,1.0,mastercard,87.0,0
408086,48.95,17,1,,0,,1.0,visa,87.0,0
408086,108.95,17,1,,0,,6.0,visa,87.0,0
408092,49.0,17,1,7.0,0,,2.0,mastercard,87.0,0
408117,50.0,17,1,,0,,1.0,visa,87.0,0
408124,150.0,17,1,,0,,2.0,mastercard,87.0,0
408128,57.95,17,1,8.0,0,,1.0,visa,87.0,0
408149,117.577,17,0,,0,,1.0,mastercard,,0
408149,100.0,17,1,,0,,1.0,mastercard,87.0,0
408152,150.0,17,1,,0,,1.0,american express,87.0,0
408153,69.78,17,1,5.0,0,,1.0,mastercard,87.0,0
408159,411.95,17,1,,0,,2.0,visa,87.0,0
408170,75.0,17,1,,0,,1.0,visa,96.0,0
408182,100.0,17,1,,0,,1.0,visa,87.0,0
408185,50.0,17,1,,0,,1.0,visa,87.0,0
408186,100.0,17,1,,0,,1.0,visa,87.0,0
408191,52.445,17,0,,0,,1.0,mastercard,,1
408211,299.87,17,1,,0,,1.0,visa,87.0,0
408223,57.95,17,1,10.0,0,,4.0,visa,87.0,0
408228,100.0,17,1,,0,,4.0,mastercard,87.0,0
408245,105.0,17,1,,0,,1.0,mastercard,87.0,0
408263,117.0,17,1,5.0,0,,1.0,visa,87.0,0
408277,11.238,17,0,,0,,1.0,visa,,0
408285,57.95,17,1,3.0,0,,1.0,visa,87.0,0
408293,107.95,17,1,,0,,2.0,mastercard,87.0,0
408316,100.0,17,1,,0,,1.0,mastercard,87.0,0
408320,112.0,17,1,6.0,0,,1.0,visa,87.0,0
408329,114.95,17,1,4.0,0,,1.0,visa,87.0,0
408358,29.0,17,1,0.0,0,,1.0,mastercard,87.0,0
408369,30.0,17,1,,0,,3.0,visa,87.0,0
408379,57.95,17,1,1.0,0,,2.0,mastercard,87.0,0
408397,100.0,17,1,,0,,2.0,mastercard,87.0,0
408398,29.0,17,1,27.0,0,,1.0,visa,87.0,0
408402,312.95,17,1,,0,,2.0,visa,87.0,0
408403,50.0,17,1,,0,,1.0,mastercard,87.0,0
408414,107.95,17,1,,0,,5.0,visa,87.0,0
408422,117.0,17,1,4.0,0,,18.0,visa,87.0,0
408432,67.95,17,1,,0,,1.0,mastercard,87.0,0
408446,43.95,17,1,,0,,12.0,visa,87.0,0
408449,170.384,17,0,,0,,1.0,visa,,0
408454,35.95,17,1,21.0,0,,1.0,visa,87.0,0
408478,100.0,17,1,,0,,1.0,visa,87.0,0
408482,30.0,17,1,,0,,4.0,mastercard,87.0,0
408483,150.0,17,1,,0,,1.0,visa,87.0,0
408489,52.324,17,0,,0,,1.0,visa,,0
408511,108.5,17,1,,0,,3.0,visa,87.0,0
408531,117.0,17,1,4.0,0,,18.0,visa,87.0,0
408535,58.95,17,1,,0,,1.0,visa,87.0,0
408535,30.0,17,1,,0,,1.0,visa,87.0,0
408540,5.0,17,1,,0,316.0,8.0,visa,87.0,0
408555,100.0,17,1,,0,,1.0,mastercard,87.0,0
408570,35.0,17,1,,0,,1.0,visa,87.0,0
408574,110.25,17,1,,0,,1.0,visa,87.0,0
408580,18.851,17,0,,0,,1.0,mastercard,,0
408586,100.0,17,1,,0,,1.0,visa,87.0,0
408588,400.0,17,1,,0,,2.0,visa,87.0,0
408601,39.0,17,1,,0,,1.0,visa,87.0,0
408607,20.0,17,1,,0,,7.0,visa,87.0,0
408616,475.0,17,1,,0,,1.0,mastercard,87.0,0
408620,60.0,17,1,,0,,1.0,visa,87.0,0
408629,37.0,17,1,13.0,0,,3.0,visa,87.0,0
408632,93.5,17,1,27.0,0,,1.0,visa,87.0,0
408649,59.0,17,1,105.0,0,,1.0,mastercard,87.0,0
408666,117.0,17,1,5.0,0,,2.0,mastercard,87.0,0
408689,77.95,17,1,,0,,1.0,mastercard,87.0,0
408690,664.0,17,1,12.0,0,,2.0,visa,87.0,0
408700,59.0,17,1,791.0,0,,3.0,visa,87.0,0
408709,305.665,17,0,,0,,1.0,mastercard,,0
408732,100.0,17,1,,0,,1.0,visa,87.0,0
408749,49.0,17,1,43.0,0,,1.0,visa,87.0,0
408781,82.95,17,1,3.0,0,,13.0,visa,87.0,0
408784,200.0,17,1,,0,,35.0,mastercard,87.0,0
408789,160.5,17,1,,0,,1.0,visa,87.0,1
408823,200.0,17,1,,0,,1.0,visa,87.0,0
408841,113.0,17,1,,0,,103.0,visa,87.0,0
408859,298.95,17,1,3.0,0,,1.0,visa,87.0,0
408870,100.0,17,1,,0,,1.0,visa,87.0,0
408872,350.0,17,1,,0,,6.0,visa,87.0,0
408887,100.0,17,1,,0,,1.0,visa,87.0,0
408891,20.0,17,1,,0,,1.0,visa,87.0,0
408915,117.0,17,1,14.0,0,,1.0,visa,87.0,0
408926,117.0,17,1,14.0,0,,5.0,visa,87.0,0
408934,674.0,17,1,,0,,2.0,mastercard,87.0,0
408935,29.0,17,1,16.0,0,,1.0,visa,87.0,0
408945,78.425,17,0,,0,,3.0,visa,,0
408976,120.0,17,1,,0,,3.0,visa,87.0,0
409006,200.0,17,1,,0,,6.0,visa,87.0,0
409021,108.95,17,1,,0,,3.0,visa,87.0,0
409023,554.0,17,1,14.0,0,,1.0,visa,87.0,0
409039,77.0,17,1,128.0,0,,3.0,visa,87.0,0
409057,50.0,17,1,,0,,1.0,mastercard,87.0,0
409058,50.0,17,1,125.0,0,,12.0,mastercard,87.0,0
409059,57.95,17,1,13.0,0,,2.0,visa,87.0,0
409107,554.0,17,1,14.0,0,,1.0,visa,87.0,0
409107,40.0,17,1,,0,,5.0,visa,87.0,0
409113,100.0,17,1,4.0,0,,1.0,mastercard,87.0,0
409117,100.0,17,1,,0,,1.0,mastercard,87.0,0
409163,100.0,17,1,,0,,1.0,mastercard,87.0,0
409169,100.0,17,1,,0,,1.0,mastercard,87.0,0
409200,24.5,17,1,,0,,1.0,visa,87.0,0
409208,107.95,17,1,2.0,0,,2.0,visa,87.0,0
409215,46.95,17,1,20.0,0,,5.0,mastercard,87.0,0
409230,30.0,17,1,6.0,0,,1.0,visa,87.0,0
409238,48.215,17,0,,0,,1.0,visa,,0
409242,449.45,17,1,,0,,2.0,visa,87.0,0
409243,59.0,17,1,33.0,0,,1.0,mastercard,87.0,0
409261,24.0,17,1,8.0,0,,1.0,visa,87.0,0
409276,15.0,17,1,,0,,1.0,visa,87.0,0
409285,97.0,17,1,13.0,0,,1.0,mastercard,87.0,0
409290,200.0,17,1,,0,,1.0,visa,87.0,0
409294,107.95,17,1,573.0,0,,28.0,visa,87.0,0
409324,35.95,17,1,6.0,0,,6.0,visa,87.0,0
409327,15.0,17,1,,0,,1.0,visa,87.0,0
409337,184.95,17,1,,0,,1.0,visa,87.0,0
409382,49.0,17,1,,0,,1.0,mastercard,87.0,0
409408,47.95,17,1,,0,,3.0,visa,87.0,0
409420,350.0,17,1,1.0,0,,1.0,visa,87.0,0
409430,120.0,17,1,,0,,1.0,visa,87.0,0
409442,117.0,17,1,,0,,2.0,mastercard,87.0,0
409457,57.95,17,1,18.0,0,,1.0,mastercard,87.0,0
409465,35.0,17,1,,0,,1.0,visa,87.0,0
409467,58.44,17,1,0.0,0,,5.0,visa,87.0,0
409476,111.95,17,1,26.0,0,,3.0,visa,87.0,0
409478,33.95,17,1,6.0,0,,107.0,visa,87.0,0
409557,117.0,17,1,,0,,2.0,mastercard,87.0,0
409564,52.95,17,1,,0,,1.0,mastercard,87.0,0
409570,10.0,17,1,,0,,4.0,mastercard,87.0,0
409575,52.95,17,1,,0,,1.0,mastercard,87.0,0
409576,674.0,17,1,,0,,2.0,mastercard,87.0,0
409591,150.0,17,1,,0,,1.0,mastercard,87.0,0
409596,67.95,17,1,13.0,0,,1.0,mastercard,87.0,0
409616,59.0,17,1,,0,,1.0,visa,87.0,0
409628,29.0,17,1,21.0,0,,1.0,visa,87.0,0
409637,100.0,17,1,,0,,1.0,visa,87.0,0
409646,25.0,17,1,,0,,1.0,visa,87.0,0
409672,794.95,17,1,19.0,0,,1.0,visa,87.0,0
409673,10.0,17,1,,0,,1.0,mastercard,87.0,0
409675,30.0,17,1,,0,,2.0,mastercard,87.0,0
409678,226.0,17,1,360.0,0,,1.0,visa,87.0,0
409695,117.0,17,1,2047.0,0,,4.0,discover,87.0,0
409715,337.95,17,1,,0,,1.0,visa,87.0,0
409715,59.0,17,1,,0,,2.0,visa,87.0,0
409742,46.1,17,0,,0,,1.0,mastercard,,0
409760,60.0,17,1,,0,,4.0,visa,87.0,0
409767,30.0,17,1,618.0,0,,2.0,visa,87.0,0
409790,36.95,17,1,2.0,0,,136.0,visa,87.0,0
409801,75.0,17,1,,0,,1.0,visa,87.0,0
409804,57.95,17,1,8.0,0,,1.0,visa,87.0,0
409809,44.0,17,1,2495.0,0,,1.0,visa,87.0,0
409822,50.0,17,1,,0,,1.0,mastercard,87.0,0
409831,79.0,17,1,9.0,0,,1.0,visa,87.0,0
409838,226.0,17,1,731.0,0,,1.0,visa,87.0,0
409839,117.0,17,1,,0,,1.0,mastercard,87.0,0
409841,311.95,17,1,,0,,6.0,mastercard,87.0,0
409845,29.062,17,0,,0,,2.0,visa,,0
409864,117.0,17,1,4.0,0,,1.0,visa,87.0,0
409907,58.95,17,1,,0,,1.0,visa,87.0,0
409908,35.95,17,1,4.0,0,,24.0,visa,87.0,0
409924,361.95,17,1,,0,,3.0,visa,87.0,0
409924,25.95,17,1,5.0,0,,2.0,visa,87.0,0
409925,57.95,17,1,,0,,1.0,visa,87.0,0
409947,75.0,17,1,1304.0,0,,2.0,visa,87.0,0
409953,49.0,17,1,10.0,0,,1.0,visa,87.0,0
409961,25.0,17,1,,0,,1.0,visa,87.0,0
409978,29.364,17,0,,0,,1.0,visa,,0
410036,40.0,17,1,,0,,4.0,mastercard,87.0,0
410046,474.78,17,1,,0,,1.0,visa,87.0,0
410053,40.0,17,1,,0,,4.0,visa,87.0,0
410063,88.5,17,1,0.0,0,,1.0,visa,87.0,0
410074,50.0,17,1,,0,,1.0,visa,87.0,0
410079,189.95,17,1,,0,,5.0,visa,87.0,0
410081,100.0,17,1,,0,,3.0,visa,87.0,0
410083,40.0,17,1,,0,,80.0,visa,87.0,0
410104,445.0,17,1,8.0,0,,1.0,mastercard,87.0,0
410131,50.0,17,1,,0,1038.0,2.0,visa,87.0,0
410153,36.95,17,1,,0,,1.0,visa,87.0,0
410173,31.95,17,1,,0,,1.0,visa,87.0,0
410179,30.0,17,1,,0,,1.0,visa,87.0,0
410181,31.95,17,1,,0,,1.0,visa,87.0,0
410186,297.87,17,1,485.0,0,,1.0,visa,87.0,0
410190,100.0,17,1,,0,,1.0,visa,87.0,0
410192,107.95,17,1,,0,,3.0,visa,87.0,0
410194,221.99,17,1,1424.0,0,,105.0,visa,87.0,0
410239,59.0,17,1,,0,,1.0,visa,87.0,0
410257,86.0,17,1,,0,,1.0,visa,87.0,0
410260,511.95,17,1,,0,,6.0,visa,87.0,0
410274,25.0,17,1,,0,18.0,1.0,visa,87.0,0
410280,92.0,17,1,2.0,0,,1.0,mastercard,87.0,0
410297,30.95,17,1,,0,,1.0,mastercard,87.0,0
410298,77.95,17,1,,0,,1.0,visa,87.0,0
410311,741.95,17,1,2.0,0,,1.0,visa,87.0,0
410340,50.0,17,1,,0,,1.0,visa,87.0,0
410345,171.0,17,1,,0,,2.0,mastercard,87.0,0
410355,75.0,17,1,,0,,1.0,visa,87.0,0
410358,57.95,17,1,20.0,0,,3.0,visa,87.0,0
410393,117.0,17,1,,0,,1.0,mastercard,87.0,0
410406,65.0,18,1,,0,,2.0,visa,87.0,0
410413,59.0,18,1,7.0,0,,1.0,visa,87.0,0
410413,141.0,18,1,13.0,0,,1.0,mastercard,87.0,0
410416,29.0,18,1,58.0,0,,1.0,visa,87.0,0
410430,200.0,18,1,7.0,0,,1.0,visa,87.0,0
410445,57.95,18,1,,0,,1.0,mastercard,87.0,0
410473,102.0,18,1,,0,,1.0,visa,87.0,0
410489,49.0,18,1,11.0,0,,1.0,visa,87.0,0
410509,45.0,18,1,,0,,1.0,visa,87.0,0
410518,50.0,18,1,,0,,1.0,mastercard,87.0,0
410526,117.0,18,1,,0,,1.0,mastercard,87.0,0
410535,1323.95,18,1,9.0,0,,1.0,visa,87.0,0
410540,29.425,18,0,,0,,1.0,mastercard,,0
410545,100.0,18,1,,0,,2.0,mastercard,87.0,0
410548,308.867,18,0,,0,,1.0,visa,,0
410549,300.0,18,1,,0,,1.0,visa,87.0,0
410588,121.263,18,0,,0,,2.0,mastercard,,0
410590,300.0,18,1,,0,,1.0,visa,87.0,0
410592,36.95,18,1,,0,,3.0,visa,87.0,0
410625,20.724,18,0,,0,,1.0,visa,,0
410630,50.0,18,1,4.0,0,,4.0,visa,87.0,0
410661,226.0,18,1,16.0,0,,1.0,visa,87.0,0
410694,150.0,18,1,,0,,1.0,mastercard,87.0,0
410698,150.0,18,1,,0,,1.0,visa,87.0,0
410700,25.95,18,1,,0,,2.0,visa,87.0,0
410711,25.95,18,1,,0,,2.0,visa,87.0,0
410711,30.0,18,1,,0,,124.0,visa,87.0,0
410732,25.0,18,1,,0,1015.0,3.0,visa,87.0,0
410758,209.95,18,1,,0,,1.0,mastercard,87.0,0
410760,527.0,18,1,132.0,0,,1.0,visa,87.0,0
410766,500.0,18,1,,0,,1.0,mastercard,87.0,0
410767,50.0,18,1,,0,,5.0,mastercard,87.0,0
410773,50.0,18,1,,0,,1.0,mastercard,87.0,0
410792,56.0,18,1,,0,,6.0,mastercard,87.0,0
410806,75.0,18,1,,0,,1.0,visa,87.0,0
410807,160.95,18,1,1.0,0,,2.0,visa,87.0,0
410815,77.0,18,1,,0,,1.0,visa,87.0,0
410821,150.0,18,1,,0,,1.0,mastercard,87.0,0
410827,30.0,18,1,,0,,1.0,visa,87.0,0
410827,150.0,18,1,,0,,2.0,visa,87.0,0
410844,70.0,18,1,1.0,0,,1.0,visa,87.0,0
410885,800.0,18,1,,0,,1.0,mastercard,87.0,0
410893,39.0,18,1,7.0,0,,1.0,mastercard,87.0,0
410902,28.76,18,0,,0,,1.0,mastercard,,0
410912,265.0,18,1,27.0,0,,3.0,visa,87.0,0
410916,671.8,18,1,1049.0,0,,1.0,visa,87.0,0
410931,30.0,18,1,,0,,1.0,visa,87.0,0
410938,27.95,18,1,,0,,6.0,mastercard,87.0,0
410951,30.996,18,0,,0,,1.0,visa,,0
410953,52.95,18,1,,0,,1.0,mastercard,87.0,0
410958,50.0,18,1,,0,,1.0,visa,87.0,0
410964,92.0,18,1,849.0,0,,5.0,mastercard,87.0,0
410967,57.0,18,1,7.0,0,,1.0,visa,87.0,0
410991,121.263,18,0,,0,,2.0,mastercard,,0
411012,16.495,18,0,,0,,1.0,mastercard,,0
411024,50.0,18,1,,0,,1.0,visa,87.0,0
411027,300.0,18,1,,0,,1.0,visa,87.0,0
411037,554.0,18,1,9.0,0,,1.0,mastercard,87.0,0
411039,49.0,18,1,2.0,0,,1.0,mastercard,87.0,0
411041,200.0,18,1,,0,,1.0,visa,87.0,0
411080,90.872,18,0,,0,,1.0,visa,,1
411107,280.0,18,1,10.0,0,,189.0,visa,87.0,0
411110,249.42,18,1,,0,,1.0,visa,87.0,0
411137,200.0,18,1,,0,,1.0,mastercard,87.0,0
411160,200.0,18,1,,0,,1.0,mastercard,87.0,0
411189,200.0,18,1,,0,,2.0,mastercard,87.0,0
411190,11.933,18,0,,0,,1.0,mastercard,,0
411196,40.0,18,1,9.0,0,,1.0,visa,87.0,0
411235,59.0,18,1,,0,,1.0,visa,87.0,0
411253,59.0,18,1,,0,,1.0,visa,87.0,0
411257,77.0,18,1,,0,,2.0,visa,87.0,0
411258,25.0,18,1,,0,,1.0,mastercard,87.0,0
411263,352.94,18,1,,0,,3.0,visa,87.0,0
411271,25.0,18,1,,0,,1.0,visa,87.0,0
411272,34.0,18,1,,0,,2.0,visa,87.0,0
411283,100.0,18,1,,0,,3.0,visa,87.0,0
411286,27.915,18,0,,0,,1.0,mastercard,,0
411306,130.95,18,1,24.0,0,,3.0,mastercard,87.0,0
411329,34.0,18,1,,0,,2.0,visa,87.0,0
411330,25.0,18,1,,0,,1.0,visa,87.0,0
411341,100.0,18,1,,0,,1.0,mastercard,87.0,0
411355,26.947,18,0,,0,,1.0,mastercard,,0
411368,28.095,18,0,,0,,1.0,mastercard,,0
411395,40.0,18,1,,0,,13.0,mastercard,87.0,0
411423,50.0,18,1,,0,,8.0,visa,87.0,0
411423,121.263,18,0,,0,,2.0,visa,,0
411426,50.0,18,1,,0,,1.0,visa,87.0,0
411435,386.084,18,0,,0,,1.0,visa,,0
411454,75.0,18,1,,0,,1.0,visa,87.0,0
411464,47.95,18,1,,0,,2.0,visa,87.0,0
411483,17.884,18,0,,0,,1.0,visa,,0
411488,97.95,18,1,4.0,0,,106.0,mastercard,87.0,0
411513,19.334,18,0,,0,,5.0,visa,,1
411526,24.289,18,0,,0,,3.0,visa,,0
411547,120.0,18,1,3.0,0,,4.0,visa,87.0,0
411570,57.95,18,1,1.0,0,,1.0,visa,87.0,0
411571,50.0,18,1,0.0,0,,1.0,visa,87.0,0
411582,85.615,18,0,,0,,1.0,visa,,1
411588,47.95,18,1,,0,,1.0,visa,87.0,0
411595,14.622,18,0,,0,,1.0,visa,,0
411643,19.334,18,0,,0,,5.0,visa,,1
411668,56.95,18,1,,0,,1.0,visa,87.0,0
411676,109.0,18,1,,0,,1.0,mastercard,87.0,0
411695,30.0,18,1,,0,,13.0,mastercard,87.0,0
411701,40.0,18,1,,0,,3.0,mastercard,87.0,0
411725,30.0,18,1,,0,,3.0,visa,87.0,0
411743,100.0,18,1,,0,,1.0,visa,87.0,0
411749,89.0,18,1,0.0,0,,1.0,visa,87.0,0
411764,50.0,18,1,,0,,1.0,mastercard,87.0,0
411764,100.0,18,1,,0,,1.0,discover,87.0,0
411781,109.0,18,1,,0,,1.0,mastercard,87.0,0
411842,60.0,18,1,,0,,2.0,mastercard,87.0,0
411856,36.95,18,1,,0,,5.0,visa,87.0,0
411891,49.0,18,1,,0,,1.0,visa,87.0,0
411896,35.95,18,1,,0,,4.0,mastercard,87.0,0
411961,108.95,18,1,36.0,0,,2.0,visa,87.0,0
411981,311.95,18,1,,0,,1.0,mastercard,87.0,0
411987,100.0,18,1,,0,,1.0,mastercard,87.0,0
412001,108.95,18,1,,0,,1.0,visa,87.0,0
412003,77.0,18,1,12.0,0,,1.0,mastercard,87.0,0
412006,107.95,18,1,6.0,0,,3.0,mastercard,87.0,0
412037,554.0,18,1,1.0,0,,1.0,discover,87.0,0
412059,50.0,18,1,,0,,1.0,visa,87.0,0
412060,117.0,18,1,1.0,0,,1.0,mastercard,87.0,0
412139,213.0,18,1,1452.0,0,,1.0,mastercard,87.0,0
412142,100.0,18,1,,0,55.0,1.0,visa,87.0,0
412143,180.47,18,1,,0,,1.0,visa,87.0,0
412177,34.0,18,1,13.0,0,,3.0,mastercard,87.0,0
412181,628.95,18,1,1670.0,0,,1.0,visa,87.0,0
412189,161.0,18,1,5.0,0,,1.0,visa,87.0,0
412205,100.0,18,1,,0,,1.0,visa,87.0,0
412220,25.0,18,1,,0,,1.0,mastercard,87.0,0
412246,89.663,18,0,,0,,2.0,visa,,0
412282,117.0,18,1,,0,,4.0,visa,87.0,0
412328,226.0,18,1,13.0,0,,1.0,visa,87.0,0
412332,108.5,18,1,30.0,0,,3.0,visa,87.0,0
412338,226.0,18,1,8.0,0,,2.0,visa,87.0,0
412354,183.95,18,1,19.0,0,,2.0,visa,87.0,0
412381,1105.64,18,1,79.0,0,,1.0,mastercard,87.0,0
412436,59.0,18,1,,0,,2.0,mastercard,87.0,0
412439,90.0,18,1,,0,,1.0,visa,87.0,0
412443,25.86,18,0,,0,,1.0,visa,,0
412464,90.0,18,1,,0,,1.0,visa,87.0,0
412478,301.95,18,1,,0,,1.0,visa,87.0,1
412482,59.0,18,1,2.0,0,,1.0,visa,87.0,0
412505,42.596,18,0,,0,,1.0,visa,,0
412514,59.0,18,1,0.0,0,,1.0,visa,87.0,0
412540,80.963,18,0,,0,,1.0,visa,,0
412545,59.0,18,1,6.0,0,,119.0,visa,87.0,0
412546,117.0,18,1,1674.0,0,,2.0,mastercard,87.0,0
412550,20.0,18,1,0.0,0,,2.0,mastercard,87.0,0
412560,279.94,18,1,,0,,2.0,mastercard,87.0,0
412570,226.0,18,1,16.0,0,,2.0,visa,87.0,0
412577,40.0,18,1,,0,,2.0,visa,87.0,0
412586,108.5,18,1,,0,,2.0,visa,87.0,0
412594,50.0,18,1,,0,,1.0,american express,87.0,0
412604,100.0,18,1,,0,,110.0,visa,87.0,0
412615,117.0,18,1,19.0,0,,2.0,mastercard,87.0,0
412616,259.88,18,1,,0,,2.0,visa,87.0,0
412623,17.582,18,0,,0,,1.0,visa,,0
412642,58.95,18,1,,0,,1.0,mastercard,87.0,0
412661,108.394,18,0,,0,,1.0,visa,,0
412675,31.95,18,1,,0,,1.0,mastercard,87.0,0
412694,57.95,18,1,,0,,4.0,visa,87.0,0
412699,444.95,18,1,5.0,0,,2.0,discover,87.0,0
412702,150.0,18,1,,0,,2.0,visa,87.0,0
412704,40.0,18,1,,0,,1.0,visa,87.0,0
412709,40.0,18,1,,0,,1.0,visa,87.0,0
412725,40.0,18,1,,0,,13.0,mastercard,87.0,0
412729,50.0,18,1,,0,,1.0,visa,87.0,0
412737,59.0,18,1,,0,,119.0,visa,87.0,0
412737,50.0,18,1,,0,,1.0,mastercard,87.0,0
412747,739.35,18,1,9.0,0,,1.0,mastercard,87.0,0
412780,59.0,18,1,5.0,0,,3.0,visa,87.0,0
412780,75.0,18,1,,0,,1.0,visa,87.0,0
412787,50.0,18,1,,0,,1.0,american express,87.0,0
412788,420.0,18,1,,0,,1.0,mastercard,87.0,0
412795,34.0,18,1,13.0,0,,3.0,mastercard,87.0,0
412819,30.95,18,1,52.0,0,,120.0,visa,87.0,0
412821,20.0,18,1,,0,,1.0,mastercard,87.0,0
412822,100.0,18,1,,0,,1.0,mastercard,87.0,0
412838,57.95,18,1,,0,,1.0,mastercard,87.0,0
412838,40.0,18,1,,0,,1.0,visa,87.0,0
412841,335.0,18,1,23.0,0,,1.0,visa,87.0,0
412844,15.95,18,1,,0,,1.0,visa,87.0,0
412878,150.0,18,1,,0,,1.0,visa,87.0,0
412894,39.0,18,1,46.0,0,,1.0,mastercard,87.0,0
412896,40.0,18,1,,0,,2.0,visa,87.0,0
412904,50.0,18,1,,0,,7.0,visa,87.0,0
412914,58.95,18,1,,0,,254.0,visa,87.0,0
412919,100.0,18,1,,0,,2.0,visa,87.0,0
412945,50.0,18,1,,0,,1.0,visa,87.0,0
412947,75.0,18,1,,0,,1.0,mastercard,87.0,0
412962,30.0,18,1,,0,,4.0,visa,87.0,0
412973,250.0,18,1,6.0,0,,2.0,mastercard,87.0,0
413011,100.0,18,1,40.0,0,,6.0,mastercard,87.0,0
413027,100.0,18,1,,0,,3.0,mastercard,87.0,0
413041,45.0,18,1,,0,,2.0,visa,87.0,0
413059,68.5,18,1,61.0,0,,1.0,visa,87.0,0
413066,644.95,18,1,,0,,1.0,visa,87.0,0
413079,60.0,18,1,,0,,1.0,visa,87.0,0
413079,50.0,18,1,,0,,1.0,visa,87.0,0
413081,25.0,18,1,,0,,1.0,visa,87.0,0
413088,50.0,18,1,,0,,1.0,visa,87.0,0
413106,57.95,18,1,4.0,0,,9.0,visa,87.0,0
413117,213.0,18,1,4.0,0,,1.0,mastercard,87.0,0
413118,39.031,18,0,,0,,1.0,visa,,0
413118,100.0,18,1,,0,,1.0,visa,87.0,0
413134,226.0,18,1,224.0,0,,7.0,visa,87.0,0
413135,200.0,18,1,,0,,1.0,visa,87.0,0
413138,193.827,18,0,,0,,1.0,mastercard,,0
413142,179.95,18,1,,0,,6.0,visa,87.0,0
413149,75.0,18,1,,0,,1.0,visa,87.0,0
413151,114.95,18,1,,0,,3.0,visa,87.0,0
413152,250.0,18,1,,0,,1.0,visa,87.0,0
413152,50.0,18,1,,0,,1.0,mastercard,87.0,0
413153,179.95,18,1,,0,,6.0,visa,87.0,0
413161,50.0,18,1,,0,,1.0,mastercard,87.0,0
413170,150.0,18,1,,0,,1.0,american express,87.0,0
413173,100.0,18,1,,0,,1.0,visa,87.0,0
413176,59.0,18,1,20.0,0,,2.0,mastercard,87.0,0
413182,49.0,18,1,704.0,0,,1.0,visa,87.0,0
413194,2703.37,18,1,85.0,0,,1.0,visa,87.0,0
413194,25.0,18,1,,0,,1.0,visa,87.0,0
413195,179.95,18,1,,0,,6.0,visa,87.0,0
413207,78.788,18,0,,0,,1.0,mastercard,,0
413218,451.51,18,1,,0,,1.0,visa,87.0,0
413223,226.0,18,1,,0,,6.0,visa,87.0,0
413235,344.33,18,1,499.0,0,,1.0,visa,87.0,0
413240,54.0,18,1,11.0,0,,2.0,visa,87.0,0
413251,100.0,18,1,,0,,2.0,mastercard,87.0,0
413303,200.0,18,1,,0,,1.0,american express,87.0,0
413304,1306.95,18,1,14.0,0,,1.0,visa,87.0,0
413312,108.95,18,1,2.0,0,,2.0,visa,87.0,0
413317,40.0,18,1,,0,,22.0,visa,87.0,0
413325,26.95,18,1,,0,,1.0,visa,87.0,0
413330,30.0,18,1,,0,,1.0,visa,87.0,0
413340,34.0,18,1,626.0,0,,7.0,visa,87.0,0
413347,250.0,18,1,,0,,1.0,mastercard,87.0,0
413365,555.95,18,1,4.0,0,,1.0,visa,87.0,0
413389,50.0,18,1,,0,,3.0,mastercard,87.0,0
413397,21.51,18,0,,0,,1.0,visa,,0
413397,310.25,18,1,,0,,1.0,visa,87.0,0
413399,30.0,18,1,,0,,13.0,mastercard,87.0,0
413415,57.95,18,1,6.0,0,,209.0,visa,87.0,0
413429,674.0,18,1,2.0,0,,2.0,mastercard,87.0,0
413429,57.95,18,1,,0,,1.0,mastercard,87.0,0
413507,107.95,18,1,1556.0,0,,2.0,visa,87.0,0
413525,179.95,18,1,14.0,0,,6.0,mastercard,87.0,0
413547,20.0,18,1,,0,,2.0,visa,87.0,0
413555,100.0,18,1,,0,,2.0,mastercard,87.0,0
413564,25.0,18,1,,0,,4.0,visa,87.0,0
413565,10.0,18,1,,0,,1.0,mastercard,87.0,0
413569,74.437,18,0,,0,,1.0,visa,,0
413581,50.0,18,1,,0,,1.0,american express,87.0,0
413600,200.0,18,1,0.0,0,,51.0,mastercard,87.0,0
413603,59.0,18,1,,0,,7.0,visa,87.0,0
413605,50.0,18,1,,0,,1.0,mastercard,87.0,0
413612,150.0,18,1,,0,,2.0,mastercard,87.0,0
413614,34.0,18,1,2.0,0,,1.0,mastercard,87.0,0
413682,213.0,18,1,,0,,6.0,visa,87.0,0
413689,64.287,18,0,,0,,1.0,visa,,0
413700,117.0,18,1,,0,,2.0,visa,87.0,0
413714,29.0,18,1,1487.0,0,,2.0,mastercard,87.0,0
413722,191.95,18,1,,0,,3.0,visa,87.0,0
413723,49.0,18,1,0.0,0,,13.0,mastercard,87.0,0
413752,25.95,18,1,,0,,3.0,visa,87.0,0
413763,527.0,18,1,1.0,0,,2.0,visa,87.0,0
413779,226.0,18,1,952.0,0,,2.0,mastercard,87.0,0
413783,150.0,18,1,,0,,1.0,visa,87.0,0
413788,59.0,18,1,2.0,0,,1.0,visa,87.0,0
413806,57.95,18,1,,0,,1.0,mastercard,87.0,0
413844,25.0,18,1,,0,,1.0,visa,87.0,0
413869,349.95,18,1,0.0,0,,1.0,visa,87.0,0
413891,45.0,18,1,,0,,1.0,visa,87.0,0
413902,50.0,18,1,,0,,145.0,mastercard,87.0,0
413915,160.475,18,0,,0,,1.0,visa,,1
413942,50.0,18,1,,0,,1.0,visa,87.0,0
413953,700.0,18,1,1.0,0,,1.0,mastercard,87.0,0
413957,50.0,18,1,,0,,1.0,visa,87.0,0
413970,200.0,18,1,,0,,7.0,visa,87.0,0
414029,160.475,19,0,,0,,1.0,visa,,1
414046,103.95,19,1,21.0,0,,3.0,visa,87.0,0
414050,49.0,19,1,,0,,1.0,visa,87.0,0
414060,80.0,19,1,,0,,1.0,visa,87.0,0
414061,57.95,19,1,8.0,0,,4.0,mastercard,87.0,0
414070,117.0,19,1,1.0,0,,1.0,mastercard,87.0,0
414080,39.0,19,1,14.0,0,,1.0,visa,87.0,0
414085,59.0,19,1,23.0,0,,1.0,visa,87.0,0
414089,507.95,19,1,6.0,0,,3.0,visa,87.0,0
414103,100.0,19,1,,0,,1.0,visa,87.0,0
414105,105.95,19,1,999.0,0,,51.0,visa,87.0,0
414113,750.0,19,1,,0,,1.0,visa,87.0,0
414145,107.95,19,1,4.0,0,,18.0,visa,87.0,0
414147,77.0,19,1,5.0,0,,1.0,visa,87.0,0
414160,774.0,19,1,1.0,0,,1.0,mastercard,87.0,0
414171,2760.95,19,1,8.0,0,,1.0,visa,87.0,0
414174,35.95,19,1,,0,,1.0,mastercard,87.0,0
414198,300.0,19,1,,0,,1.0,mastercard,87.0,0
414209,226.0,19,1,28.0,0,,1.0,mastercard,87.0,0
414211,25.0,19,1,,0,,1.0,mastercard,87.0,0
414212,50.0,19,1,,0,,2.0,mastercard,87.0,0
414230,21.147,19,0,,0,,1.0,visa,,0
414236,100.0,19,1,0.0,0,,2.0,visa,87.0,0
414265,59.0,19,1,0.0,0,,3.0,visa,87.0,0
414274,424.95,19,1,,0,,1.0,visa,87.0,0
414289,30.0,19,1,,0,,1.0,visa,87.0,0
414289,100.0,19,1,,0,,1.0,visa,87.0,0
414294,50.0,19,1,,0,,1.0,mastercard,87.0,0
414326,31.95,19,1,,0,,1.0,visa,87.0,0
414330,150.0,19,1,,0,,1.0,visa,87.0,0
414331,209.95,19,1,636.0,0,,3.0,visa,87.0,0
414333,21.57,19,0,,0,,1.0,visa,,0
414343,200.0,19,1,,0,,114.0,mastercard,87.0,0
414345,47.95,19,1,,0,,1.0,mastercard,87.0,0
414350,80.238,19,0,,0,,1.0,visa,,1
414356,60.0,19,1,,0,,1.0,visa,87.0,0
414386,50.0,19,1,,0,,1.0,visa,87.0,0
414388,161.0,19,1,22.0,0,,1.0,visa,87.0,0
414396,317.24,19,1,,0,,1.0,visa,87.0,0
414398,20.0,19,1,,0,,2.0,visa,87.0,0
414413,117.0,19,1,21.0,0,,2.0,visa,87.0,0
414445,364.95,19,1,0.0,0,,1.0,visa,87.0,0
414457,108.95,19,1,5.0,0,,1.0,mastercard,87.0,0
414459,150.95,19,1,,0,,1.0,visa,87.0,0
414474,117.0,19,1,2.0,0,,1.0,visa,87.0,0
414486,75.0,19,1,,0,,1.0,visa,87.0,0
414515,57.95,19,1,,0,,1.0,mastercard,87.0,0
414515,274.95,19,1,760.0,0,,1.0,visa,87.0,0
414515,50.0,19,1,,0,,2.0,visa,87.0,0
414523,57.95,19,1,,0,,1.0,mastercard,87.0,0
414545,75.0,19,1,,0,,1.0,visa,87.0,0
414582,200.0,19,1,,0,,1.0,mastercard,87.0,0
414586,100.0,19,1,,0,,1.0,visa,87.0,0
414591,108.5,19,1,,0,,1.0,visa,87.0,0
414596,100.0,19,1,,0,,2.0,visa,87.0,0
414621,637.0,19,1,2.0,0,,2.0,mastercard,87.0,0
414628,117.0,19,1,421.0,0,,1.0,mastercard,87.0,0
414647,151.0,19,1,8.0,0,,9.0,visa,87.0,0
414650,77.0,19,1,,0,,1.0,visa,87.0,0
414653,117.0,19,1,10.0,0,,15.0,visa,87.0,0
414660,134.857,19,0,,0,,1.0,visa,,0
414675,10.03,19,0,,0,,1.0,visa,,0
414708,59.0,19,1,75.0,0,,2.0,visa,87.0,0
414719,41.99,19,1,27.0,0,,2.0,visa,87.0,0
414731,60.0,19,1,23.0,0,,1.0,visa,87.0,0
414742,25.0,19,1,,0,,3.0,visa,87.0,0
414770,34.95,19,1,5.0,0,,1.0,visa,87.0,0
414771,77.0,19,1,,0,,2.0,visa,87.0,0
414791,161.0,19,1,,0,,1.0,mastercard,87.0,0
414795,179.95,19,1,43.0,0,,1.0,visa,87.0,0
414807,25.95,19,1,,0,,1.0,visa,87.0,0
414819,25.95,19,1,0.0,0,,1.0,visa,87.0,0
414824,57.95,19,1,7.0,0,,3.0,visa,87.0,0
414848,364.95,19,1,,0,,3.0,mastercard,87.0,0
414866,150.0,19,1,,0,,1.0,american express,87.0,0
414873,250.0,19,1,,0,,740.0,american express,87.0,0
414884,30.0,19,1,,0,,135.0,mastercard,87.0,0
414886,92.0,19,1,8.0,0,,1.0,visa,87.0,0
414899,57.95,19,1,3.0,0,,1.0,visa,87.0,0
414915,103.5,19,1,,0,,1.0,visa,87.0,0
414931,59.31,19,1,,0,,1.0,mastercard,87.0,0
414960,711.0,19,1,2.0,0,,2.0,mastercard,87.0,0
414968,50.0,19,1,,0,,1.0,mastercard,87.0,0
414969,77.95,19,1,,0,,5.0,visa,87.0,0
414969,20.0,19,1,,0,,2.0,visa,87.0,0
414975,2715.95,19,1,1318.0,0,,1.0,visa,87.0,0
415008,60.0,19,1,,0,,1.0,mastercard,87.0,0
415016,141.0,19,1,,0,,1.0,visa,87.0,0
415032,75.0,19,1,,0,,1.0,visa,87.0,0
415042,193.0,19,1,,0,,3.0,visa,87.0,0
415046,250.0,19,1,,0,,2.0,visa,87.0,0
415068,335.0,19,1,,0,,6.0,visa,87.0,0
415100,50.0,19,1,,0,,1.0,visa,87.0,0
415108,47.732,19,0,,0,,1.0,mastercard,,1
415150,75.0,19,1,,0,,1.0,visa,87.0,0
415168,154.97,19,1,,0,,1.0,visa,87.0,0
415187,47.732,19,0,,0,,1.0,mastercard,,1
415190,335.0,19,1,6.0,0,,1.0,mastercard,87.0,0
415195,100.0,19,1,,0,,2.0,mastercard,87.0,1
415201,150.0,19,1,,0,,2.0,mastercard,87.0,0
415216,47.95,19,1,,0,,1.0,mastercard,87.0,0
415217,65.0,19,1,,0,,1.0,visa,87.0,0
415229,524.95,19,1,,0,,1.0,mastercard,87.0,0
415229,77.0,19,1,,0,,1.0,mastercard,87.0,0
415245,862.79,19,1,128.0,0,,1.0,visa,87.0,0
415247,28.47,19,1,,0,,1.0,visa,87.0,0
415282,39.0,19,1,3.0,0,,1.0,visa,87.0,0
415321,34.5,19,1,6.0,0,,1.0,visa,87.0,0
415345,411.95,19,1,9.0,0,,1.0,visa,87.0,0
415347,117.0,19,1,1427.0,0,,1.0,mastercard,87.0,0
415349,70.0,19,1,,0,,1.0,mastercard,87.0,0
415386,25.0,19,1,,0,,1.0,visa,87.0,0
415402,135.5,19,1,,0,,2.0,mastercard,87.0,0
415412,117.0,19,1,6.0,0,,1.0,visa,87.0,0
415420,494.95,19,1,,0,,1.0,mastercard,87.0,0
415425,100.0,19,1,,0,,3.0,visa,87.0,0
415433,107.95,19,1,,0,,3.0,visa,87.0,0
415435,171.0,19,1,10.0,0,,2.0,mastercard,87.0,0
415444,107.95,19,1,,0,,3.0,visa,87.0,0
415444,100.0,19,1,,0,,1.0,visa,87.0,0
415455,125.0,19,1,,0,,1.0,mastercard,87.0,0
415462,200.0,19,1,,0,,1.0,mastercard,87.0,0
415472,107.95,19,1,,0,,3.0,visa,87.0,0
415524,33.95,19,1,,0,,3.0,mastercard,87.0,0
415529,200.0,19,1,,0,,1.0,mastercard,87.0,0
415543,130.0,19,1,,0,,3.0,visa,87.0,0
415552,2.802,19,0,,0,,3.0,visa,,0
415556,250.0,19,1,,0,,2.0,visa,87.0,0
415575,25.0,19,1,,0,,1.0,visa,87.0,0
415579,60.0,19,1,5.0,0,,2.0,mastercard,87.0,0
415582,59.0,19,1,,0,,3.0,visa,87.0,0
415586,44.469,19,0,,0,,1.0,mastercard,,0
415591,197.65,19,1,31.0,0,,1.0,visa,87.0,0
415593,117.0,19,1,,0,,1.0,mastercard,87.0,0
415601,31.95,19,1,,0,,1.0,visa,87.0,0
415601,200.0,19,1,,0,,2.0,mastercard,87.0,0
415604,20.0,19,1,,0,,1.0,visa,87.0,0
415621,50.0,19,1,,0,,1.0,mastercard,87.0,0
415623,25.0,19,1,,0,,2.0,visa,87.0,0
415626,200.0,19,1,,0,,1.0,visa,87.0,0
415635,90.0,19,1,,0,,1.0,mastercard,87.0,0
415649,21.95,19,1,9.0,0,,2.0,mastercard,87.0,0
415678,25.95,19,1,1207.0,0,,4.0,mastercard,87.0,0
415689,2.802,19,0,,0,,3.0,visa,,0
415696,75.0,19,1,,0,,1.0,visa,87.0,0
415700,226.0,19,1,40.0,0,,2.0,visa,87.0,0
415707,44.469,19,0,,0,,1.0,mastercard,,0
415718,30.0,19,1,,0,,2.0,mastercard,87.0,0
415735,200.0,19,1,,0,,2.0,visa,87.0,0
415754,250.0,19,1,,0,,1.0,visa,87.0,0
415755,100.0,19,1,,0,4098.0,1.0,visa,87.0,0
415775,300.0,19,1,,0,,1.0,visa,87.0,0
415777,29.0,19,1,418.0,0,,1.0,visa,87.0,0
415796,159.95,19,1,,0,,1.0,visa,87.0,0
415832,150.0,19,1,,0,,1.0,mastercard,87.0,0
415844,50.0,19,1,,0,,1.0,visa,87.0,0
415849,58.51,19,1,1.0,0,,4.0,mastercard,87.0,0
415860,171.0,19,1,2374.0,0,,1.0,mastercard,87.0,0
415860,59.0,19,1,0.0,0,,1.0,mastercard,87.0,0
415886,20.0,19,1,,0,,1.0,mastercard,87.0,0
415905,1109.95,19,1,349.0,0,,2.0,visa,87.0,0
415917,20.0,19,1,,0,,5.0,visa,87.0,0
415918,25.0,19,1,5.0,0,,5.0,mastercard,87.0,0
415920,2760.95,19,1,8.0,0,,1.0,visa,87.0,0
415935,40.0,19,1,,0,,1.0,visa,87.0,0
415940,280.0,19,1,35.0,0,,1.0,mastercard,87.0,0
415961,130.0,19,1,,0,,1.0,mastercard,87.0,0
415974,117.0,19,1,14.0,0,,5.0,visa,87.0,0
415980,100.0,19,1,,0,,1.0,visa,87.0,0
415984,280.0,19,1,0.0,0,,2.0,visa,87.0,0
415997,107.95,19,1,1.0,0,,7.0,visa,87.0,0
416039,36.5,19,1,,0,,1.0,visa,87.0,0
416042,25.0,19,1,,0,,1.0,mastercard,87.0,0
416052,100.0,19,1,,0,,1.0,mastercard,87.0,0
416054,51.0,19,1,8.0,0,,2.0,visa,87.0,0
416055,25.0,19,1,,0,,1.0,mastercard,87.0,0
416067,59.0,19,1,4.0,0,,1.0,visa,87.0,0
416069,50.0,19,1,,0,,1.0,visa,87.0,0
416082,36.95,19,1,,0,,4.0,mastercard,87.0,0
416086,83.95,19,1,0.0,0,,1.0,visa,87.0,0
416088,200.0,19,1,,0,,1.0,mastercard,87.0,0
416099,25.0,19,1,,0,,1.0,visa,87.0,0
416104,85.95,19,1,1194.0,0,,6.0,visa,87.0,0
416131,22.597,19,0,,0,1.0,1.0,visa,,0
416159,25.014,19,0,,0,7.0,1.0,mastercard,,0
416165,40.0,19,1,,0,,1.0,mastercard,87.0,0
416180,59.0,19,1,0.0,0,,2.0,visa,87.0,0
416187,100.0,19,1,,0,,1.0,mastercard,87.0,0
416194,196.0,19,1,1001.0,0,,1.0,visa,87.0,0
416218,60.0,19,1,,0,,9.0,visa,87.0,0
416229,25.0,19,1,,0,,1.0,visa,87.0,0
416230,200.0,19,1,,0,,2.0,visa,87.0,0
416252,120.0,19,1,,0,,1.0,mastercard,87.0,0
416303,10.0,19,1,,0,,85.0,visa,87.0,0
416313,50.0,19,1,,0,,2.0,mastercard,87.0,0
416320,300.0,19,1,,0,,3.0,mastercard,87.0,0
416329,50.0,19,1,,0,,1.0,mastercard,87.0,0
416345,26.5,19,1,25.0,0,,1.0,visa,87.0,0
416362,107.95,19,1,87.0,0,,1.0,mastercard,87.0,0
416367,100.0,19,1,,0,,1.0,visa,87.0,0
416394,652.14,19,1,45.0,0,,1.0,mastercard,87.0,0
416441,57.95,19,1,2.0,0,,2.0,visa,87.0,0
416485,49.95,19,1,6.0,0,,1.0,mastercard,87.0,0
416509,25.0,19,1,,0,,1.0,mastercard,87.0,0
416521,59.0,19,1,20.0,0,,1.0,mastercard,87.0,0
416522,25.95,19,1,336.0,0,,97.0,mastercard,87.0,0
416539,150.0,19,1,,0,,1.0,mastercard,87.0,0
416545,48.95,19,1,0.0,0,,1.0,visa,87.0,0
416551,667.0,19,1,2.0,0,,2.0,mastercard,87.0,0
416562,92.0,19,1,272.0,0,,1.0,visa,87.0,1
416563,43.95,19,1,3.0,0,,1.0,visa,87.0,0
416564,57.95,19,1,,0,,1.0,visa,87.0,0
416572,100.0,19,1,,0,,1.0,american express,87.0,0
416575,250.0,19,1,,0,,1.0,visa,87.0,0
416579,250.0,19,1,,0,,2.0,visa,87.0,0
416591,50.0,19,1,,0,,2.0,mastercard,87.0,0
416596,400.83,19,1,791.0,0,,1.0,mastercard,87.0,0
416633,400.0,19,1,,0,,2.0,visa,87.0,0
416635,30.95,19,1,2.0,0,,1.0,visa,87.0,0
416638,280.0,19,1,16.0,0,,84.0,visa,87.0,0
416647,100.0,19,1,,0,,1.0,american express,87.0,0
416663,44.469,19,0,,0,,1.0,mastercard,,0
416663,175.0,19,1,,0,,1.0,discover,87.0,0
416670,50.0,19,1,,0,,2.0,mastercard,87.0,0
416678,60.0,19,1,,0,20.0,1.0,visa,87.0,0
416687,25.0,19,1,,0,,5.0,visa,87.0,0
416688,25.0,19,1,,0,,1.0,visa,87.0,0
416692,75.0,19,1,,0,,1.0,visa,87.0,0
416694,39.0,19,1,9.0,0,,1.0,mastercard,87.0,0
416705,45.0,19,1,2.0,0,,2.0,visa,87.0,0
416707,20.0,19,1,,0,,4.0,visa,87.0,0
416720,200.0,19,1,,0,,1.0,mastercard,87.0,0
416759,58.95,19,1,17.0,0,,2.0,visa,87.0,0
416762,82.95,19,1,2.0,0,,4.0,visa,87.0,0
416765,261.95,19,1,,0,,1.0,visa,87.0,0
416773,25.95,19,1,10.0,0,,1.0,mastercard,87.0,0
416775,117.0,19,1,9.0,0,,1.0,visa,87.0,0
416777,150.0,19,1,,0,15.0,1.0,visa,87.0,0
416780,171.0,19,1,0.0,0,,1.0,visa,87.0,0
416781,140.0,19,1,236.0,0,,1.0,mastercard,87.0,0
416797,280.0,19,1,35.0,0,,1.0,mastercard,87.0,0
416799,80.0,19,1,,0,,4.0,visa,87.0,0
416801,200.0,19,1,,0,,2.0,mastercard,87.0,0
416805,250.0,19,1,,0,,1.0,american express,87.0,0
416816,50.0,19,1,,0,,1.0,visa,87.0,0
416817,40.0,19,1,,0,,3.0,mastercard,87.0,0
416851,53.95,19,1,0.0,0,,2.0,mastercard,87.0,0
416860,250.0,19,1,,0,,1.0,american express,87.0,0
416863,150.0,19,1,,0,,1.0,visa,87.0,0
416867,50.0,19,1,,0,,3.0,visa,87.0,0
416896,60.0,19,1,,0,,4.0,visa,87.0,0
416911,160.5,19,1,1.0,0,,3.0,visa,87.0,0
416932,150.0,19,1,,0,,1.0,visa,87.0,0
416953,50.0,19,1,,0,,1.0,visa,87.0,0
416961,44.469,19,0,,0,,1.0,mastercard,,0
417030,265.0,19,1,0.0,0,,2.0,visa,87.0,0
417031,335.0,19,1,132.0,0,,1.0,mastercard,87.0,0
417032,75.0,19,1,,0,,2.0,visa,87.0,0
417036,57.95,19,1,6.0,0,,2.0,mastercard,87.0,0
417054,107.95,19,1,1.0,0,,99.0,visa,87.0,0
417061,297.5,19,1,9.0,0,,1.0,visa,87.0,0
417066,335.0,19,1,,0,,6.0,visa,87.0,0
417101,60.0,19,1,,0,,3.0,mastercard,87.0,0
417110,59.0,19,1,521.0,0,,1.0,mastercard,87.0,0
417142,60.0,19,1,,0,,3.0,visa,87.0,0
417155,46.282,19,0,,0,,40.0,mastercard,,1
417157,50.0,19,1,,0,,1.0,visa,87.0,0
417168,40.0,19,1,,0,,1.0,mastercard,87.0,0
417176,32.99,19,0,,0,,1.0,mastercard,,0
417182,117.0,19,1,4.0,0,,2.0,visa,87.0,0
417200,200.0,19,1,,0,,2.0,mastercard,87.0,0
417207,45.0,19,1,,0,,2.0,mastercard,87.0,0
417215,69.5,19,1,,0,,2.0,visa,87.0,0
417233,245.76,19,1,1.0,0,,1.0,visa,87.0,0
417236,28.579,19,0,,0,,1.0,visa,,0
417237,100.0,19,1,,0,,199.0,visa,87.0,0
417259,285.26,19,1,,0,,1.0,visa,87.0,0
417261,134.97,19,1,1.0,0,,2.0,visa,87.0,0
417286,189.96,19,1,,0,,2.0,visa,87.0,0
417315,57.95,19,1,12.0,0,,1.0,visa,87.0,0
417365,75.0,19,1,,0,,1.0,visa,87.0,0
417374,221.99,19,1,25.0,0,,2.0,visa,87.0,0
417380,50.0,19,1,,0,,1.0,mastercard,87.0,0
417392,46.282,19,0,,0,,41.0,mastercard,,1
417429,50.0,19,1,,0,,1.0,visa,87.0,0
417436,50.0,19,1,2.0,0,,2.0,visa,87.0,0
417441,50.0,19,1,,0,,7.0,visa,87.0,0
417442,200.0,19,1,,0,,1.0,visa,87.0,0
417446,46.282,19,0,,0,,42.0,mastercard,,1
417448,309.95,19,1,,0,,1.0,visa,87.0,0
417458,35.95,19,1,11.0,0,,10.0,visa,87.0,0
417478,68.5,19,1,,0,,3.0,mastercard,87.0,0
417489,29.0,19,1,418.0,0,,1.0,visa,87.0,0
417495,694.95,19,1,1159.0,0,,1.0,visa,87.0,0
417504,90.0,19,1,,0,,2.0,mastercard,87.0,0
417528,1044.95,19,1,,0,,2.0,visa,87.0,0
417528,30.0,19,1,,0,,1.0,visa,87.0,0
417562,57.95,19,1,4.0,0,,7.0,mastercard,87.0,0
417564,105.0,19,1,,0,,2.0,visa,87.0,0
417578,117.0,19,1,7.0,0,,1.0,visa,87.0,0
417599,57.95,19,1,43.0,0,,5.0,mastercard,87.0,0
417614,117.0,20,1,675.0,0,,1.0,mastercard,87.0,0
417634,55.95,20,1,,0,,3.0,mastercard,87.0,0
417662,59.0,20,1,,0,,2.0,visa,87.0,0
417686,44.0,20,1,9.0,0,,1.0,visa,87.0,0
417692,50.0,20,1,,0,,5.0,mastercard,87.0,0
417694,58.95,20,1,,0,,1.0,visa,87.0,0
417695,134.95,20,1,1.0,0,,1.0,mastercard,87.0,0
417729,60.0,20,1,,0,,3.0,mastercard,87.0,0
417738,161.0,20,1,,0,,1.0,visa,87.0,0
417750,113.0,20,1,,0,,2.0,mastercard,87.0,0
417755,500.0,20,1,,0,,2.0,visa,87.0,0
417767,108.95,20,1,,0,,18.0,visa,87.0,0
417834,117.0,20,1,529.0,0,,2.0,visa,87.0,0
417849,100.0,20,1,,0,,3.0,visa,87.0,0
417864,493.95,20,1,2.0,0,,1.0,visa,87.0,0
417868,524.95,20,1,,0,,1.0,visa,87.0,0
417874,117.0,20,1,16.0,0,,1.0,visa,87.0,0
417882,100.0,20,1,,0,,25.0,visa,87.0,0
417891,300.0,20,1,,0,,1.0,visa,87.0,0
417909,40.0,20,1,5.0,0,,4.0,visa,87.0,0
417984,29.0,20,1,0.0,0,,1.0,visa,87.0,0
418018,25.0,20,1,,0,,1.0,american express,87.0,0
418079,200.0,20,1,,0,,1.0,visa,87.0,0
418089,50.0,20,1,,0,,1.0,visa,87.0,0
418121,344.05,20,1,,0,,2.0,visa,87.0,0
418126,117.0,20,1,,0,,5.0,visa,87.0,0
418148,85.555,20,0,,0,,1.0,visa,,0
418154,226.0,20,1,1331.0,0,,1.0,visa,87.0,0
418154,39.0,20,1,,0,,1.0,visa,87.0,0
418183,254.95,20,1,202.0,0,,1.0,visa,87.0,0
418199,44.0,20,1,2.0,0,,4.0,mastercard,87.0,0
418206,554.0,20,1,1.0,0,,3.0,visa,87.0,0
418223,52.95,20,1,1499.0,0,,2.0,mastercard,87.0,0
418231,117.0,20,1,74.0,0,,8.0,visa,87.0,0
418235,8.398,20,0,,0,0.0,1.0,mastercard,,0
418257,57.0,20,1,,0,,5.0,visa,87.0,0
418264,50.0,20,1,,0,,2.0,visa,87.0,0
418268,302.46,20,1,,0,,1.0,visa,87.0,0
418270,200.0,20,1,,0,,1.0,visa,87.0,0
418297,25.95,20,1,3.0,0,,3.0,visa,87.0,0
418308,75.0,20,1,,0,,1.0,american express,87.0,0
418318,49.0,20,1,5.0,0,,4.0,visa,87.0,0
418328,100.0,20,1,,0,,1.0,visa,87.0,0
418343,694.95,20,1,,0,,1.0,visa,87.0,0
418347,158.49,20,1,33.0,0,,1.0,visa,87.0,0
418347,120.95,20,1,24.0,0,,1.0,mastercard,87.0,0
418353,68.95,20,1,,0,,1.0,visa,87.0,0
418359,42.95,20,1,,0,,1.0,visa,87.0,0
418381,125.0,20,1,,0,,6.0,mastercard,87.0,0
418395,150.0,20,1,,0,,1.0,visa,87.0,0
418407,70.0,20,1,,0,,3.0,visa,87.0,0
418416,125.0,20,1,,0,,1.0,visa,87.0,0
418423,38.95,20,1,14.0,0,,1.0,mastercard,87.0,0
418427,58.95,20,1,20.0,0,,2.0,visa,87.0,0
418433,50.0,20,1,,0,,1.0,mastercard,87.0,0
418449,100.0,20,1,,0,,1.0,visa,87.0,0
418478,75.0,20,1,,0,,1.0,mastercard,87.0,0
418495,102.0,20,1,18.0,0,,1.0,visa,87.0,0
418531,108.5,20,1,20.0,0,,4.0,visa,87.0,0
418534,1524.75,20,1,,0,,1.0,visa,87.0,0
418542,47.95,20,1,10.0,0,,101.0,visa,87.0,0
418559,280.0,20,1,,0,,2.0,visa,87.0,0
418605,226.0,20,1,16.0,0,,1.0,visa,87.0,0
418638,129.5,20,1,,0,,1.0,mastercard,87.0,0
418667,25.0,20,1,,0,,1.0,visa,87.0,0
418680,50.0,20,1,,0,,1.0,mastercard,87.0,0
418697,60.0,20,1,,0,,1.0,mastercard,87.0,0
418703,65.0,20,1,12.0,0,,1.0,mastercard,87.0,0
418706,30.0,20,1,,0,,5.0,visa,87.0,0
418730,25.0,20,1,,0,,1.0,visa,87.0,0
418748,117.0,20,1,1880.0,0,,1.0,mastercard,87.0,0
418755,117.0,20,1,6.0,0,,1.0,visa,87.0,0
418809,54.0,20,1,,0,,1.0,visa,87.0,0
418811,370.0,20,1,15.0,0,,1.0,visa,87.0,0
418813,345.39,20,1,2390.0,0,,1.0,visa,87.0,0
418813,200.0,20,1,,0,,13.0,mastercard,87.0,0
418847,49.0,20,1,2.0,0,,2.0,mastercard,87.0,0
418850,30.0,20,1,,0,,1.0,visa,87.0,0
418885,25.0,20,1,,0,,1.0,mastercard,87.0,0
418887,34.379,20,0,,0,18.0,1.0,visa,,0
418888,226.0,20,1,,0,,2.0,visa,87.0,0
418890,24.954,20,0,,0,177.0,1.0,visa,,0
418892,1511.28,20,1,,0,,1.0,mastercard,87.0,0
418893,60.0,20,1,5.0,0,,1.0,visa,87.0,0
418903,60.722,20,0,,0,,1.0,mastercard,,1
418915,25.0,20,1,,0,,1.0,visa,87.0,0
418936,40.0,20,1,,0,,1.0,visa,87.0,0
418942,25.0,20,1,,0,14.0,4.0,visa,87.0,0
418948,210.0,20,1,,0,,2.0,visa,87.0,0
419011,50.0,20,1,,0,,16.0,mastercard,87.0,0
419023,141.0,20,1,2414.0,0,,1.0,visa,87.0,0
419025,50.0,20,1,,0,,1.0,visa,87.0,0
419032,75.0,20,0,,0,,1.0,visa,,0
419038,226.0,20,1,,0,,13.0,mastercard,87.0,0
419061,54.5,20,1,,0,,3.0,visa,87.0,0
419061,100.0,20,1,,0,,99.0,mastercard,87.0,0
419082,107.95,20,1,7.0,0,,2.0,mastercard,87.0,0
419092,100.0,20,1,,0,,1.0,visa,87.0,0
419097,108.95,20,1,,0,,1.0,visa,87.0,0
419099,59.0,20,1,1.0,0,,1.0,visa,87.0,0
419101,226.0,20,1,3.0,0,,2.0,visa,87.0,0
419103,115.0,20,1,0.0,0,,2.0,visa,87.0,0
419110,43.925,20,0,,0,177.0,1.0,visa,,0
419136,100.0,20,1,,0,,1.0,visa,87.0,0
419140,117.0,20,1,,0,,1.0,visa,87.0,0
419140,40.0,20,1,,0,,3.0,visa,87.0,1
419148,33.714,20,0,,0,18.0,1.0,visa,,0
419189,59.0,20,1,2.0,0,,1.0,mastercard,87.0,0
419191,59.0,20,1,3.0,0,,4.0,visa,87.0,0
419200,43.925,20,0,,0,177.0,1.0,visa,,0
419204,57.95,20,1,16.0,0,,4.0,visa,87.0,0
419239,33.714,20,0,,0,18.0,1.0,visa,,0
419246,75.0,20,1,,0,,3.0,visa,87.0,0
419254,150.0,20,1,,0,,3.0,mastercard,87.0,0
419255,59.0,20,1,203.0,0,,4.0,mastercard,87.0,0
419278,65.0,20,1,,0,,2.0,mastercard,87.0,0
419281,213.0,20,1,820.0,0,,2.0,visa,87.0,0
419281,107.95,20,1,43.0,0,,17.0,visa,87.0,0
419282,150.0,20,1,,0,,1.0,visa,87.0,0
419301,150.0,20,1,,0,,3.0,mastercard,87.0,0
419301,43.925,20,0,,0,177.0,1.0,visa,,0
419330,21.5,20,1,,0,,1.0,visa,87.0,0
419356,171.0,20,1,,0,,1.0,visa,87.0,1
419365,50.0,20,1,,0,,2.0,mastercard,87.0,0
419371,31.0,20,1,2.0,0,,1.0,visa,87.0,0
419411,200.0,20,1,,0,,13.0,visa,87.0,0
419430,54.5,20,1,10.0,0,,1.0,mastercard,87.0,0
419435,650.0,20,1,,0,,2.0,discover,87.0,0
419449,5.0,20,1,,0,,2.0,visa,87.0,0
419454,53.97,20,1,,0,,1.0,visa,87.0,0
419456,30.0,20,1,,0,,1.0,mastercard,87.0,0
419462,25.0,20,1,,0,,1.0,visa,87.0,0
419466,40.0,20,1,0.0,0,,4.0,mastercard,87.0,0
419488,34.0,20,1,26.0,0,,1.0,visa,87.0,0
419495,59.0,20,1,5.0,0,,1.0,mastercard,87.0,0
419499,100.0,20,1,,0,,1.0,visa,87.0,0
419501,134.97,20,1,1.0,0,,2.0,visa,87.0,0
419508,226.0,20,1,1013.0,0,,1.0,visa,87.0,0
419510,527.0,20,1,,0,,2.0,visa,87.0,0
419519,75.0,20,1,,0,,1.0,mastercard,87.0,0
419528,250.0,20,1,,0,,1.0,visa,87.0,0
419540,31.95,20,1,12.0,0,,1.0,visa,87.0,0
419543,25.95,20,1,,0,,2.0,visa,87.0,0
419554,100.0,20,1,2.0,0,,2.0,visa,87.0,0
419556,63.894,20,0,,0,,1.0,mastercard,,0
419572,25.0,20,1,,0,,1.0,visa,87.0,0
419601,200.0,20,1,,0,12.0,1.0,mastercard,87.0,0
419614,1264.95,20,1,2.0,0,,1.0,visa,87.0,0
419635,31.95,20,1,1.0,0,,2.0,visa,87.0,0
419640,72.927,20,0,,0,8.0,1.0,mastercard,,0
419650,25.95,20,1,,0,,3.0,visa,87.0,0
419655,59.0,20,1,26.0,0,,2.0,mastercard,87.0,0
419656,115.0,20,1,11.0,0,,2.0,visa,87.0,0
419673,75.0,20,1,4.0,0,,1.0,visa,87.0,0
419673,87.0,20,1,,0,,2.0,mastercard,87.0,0
419689,108.95,20,1,,0,,2.0,visa,87.0,0
419699,30.0,20,1,,0,,5.0,visa,87.0,0
419723,25.0,20,1,,0,,1.0,visa,87.0,0
419755,107.95,20,1,8.0,0,,6.0,discover,87.0,0
419762,25.0,20,1,,0,,1.0,american express,87.0,0
419774,10.0,20,1,,0,,1.0,visa,87.0,0
419777,57.95,20,1,,0,,119.0,visa,87.0,0
419778,15.0,20,1,,0,,1.0,visa,87.0,0
419780,50.0,20,1,,0,,1.0,mastercard,87.0,0
419781,100.0,20,1,,0,,1.0,visa,87.0,0
419793,500.0,20,1,,0,7.0,1.0,visa,87.0,0
419797,49.0,20,1,834.0,0,,3.0,visa,87.0,0
419810,250.0,20,1,,0,,1.0,visa,87.0,0
419810,20.0,20,1,,0,,1.0,visa,87.0,0
419816,50.0,20,1,,0,,1.0,mastercard,87.0,0
419838,60.722,20,0,,0,,2.0,mastercard,,1
419840,75.0,20,1,,0,,1.0,visa,87.0,0
419850,54.95,20,1,4.0,0,,2.0,visa,87.0,0
419878,250.0,20,1,,0,,2.0,mastercard,87.0,0
419879,75.0,20,1,,0,,2.0,visa,87.0,0
419887,218.0,20,1,0.0,0,,13.0,visa,87.0,0
419916,100.0,20,1,,0,,1.0,visa,87.0,0
419916,724.0,20,1,61.0,0,,2.0,discover,87.0,0
419939,47.95,20,1,,0,,1.0,visa,87.0,0
419963,40.0,20,1,,0,,1.0,visa,87.0,0
419999,50.0,20,1,,0,,1.0,visa,87.0,0
420039,30.0,20,1,,0,,3.0,mastercard,87.0,0
420039,107.95,20,1,1.0,0,,1.0,mastercard,87.0,0
420057,117.0,20,1,,0,,5.0,mastercard,87.0,0
420074,50.0,20,1,16.0,0,,2.0,mastercard,87.0,0
420084,150.0,20,1,,0,,1.0,mastercard,87.0,0
420084,9.788,20,0,,0,7.0,2.0,visa,,0
420085,600.28,20,1,,0,,3.0,mastercard,87.0,0
420087,20.0,20,1,,0,,2.0,visa,87.0,0
420097,78.788,20,0,,0,7.0,1.0,mastercard,,0
420097,50.0,20,1,,0,,4.0,visa,87.0,0
420103,29.0,20,1,0.0,0,,1.0,visa,87.0,0
420118,50.0,20,1,,0,,1.0,visa,87.0,0
420130,40.0,20,1,13.0,0,,1.0,mastercard,87.0,1
420140,97.0,20,1,21.0,0,,3.0,mastercard,87.0,0
420160,150.0,20,1,,0,,4.0,mastercard,87.0,0
420162,125.0,20,1,,0,,1.0,american express,87.0,0
420176,1257.67,20,1,,0,,1.0,mastercard,87.0,0
420207,140.0,20,1,,0,,2.0,visa,87.0,0
420210,20.0,20,1,6.0,0,,1.0,visa,87.0,0
420240,210.95,20,1,,0,,3.0,visa,87.0,0
420266,112.99,20,1,567.0,0,,1.0,mastercard,87.0,0
420276,50.0,20,1,,0,,1.0,mastercard,87.0,0
420282,85.192,20,0,,0,,1.0,mastercard,,0
420284,50.0,20,1,,0,,1.0,mastercard,87.0,0
420329,35.0,20,1,,0,,1.0,american express,87.0,0
420331,261.95,20,1,,0,,1.0,visa,87.0,0
420335,40.0,20,1,,0,,1.0,visa,87.0,0
420358,57.95,20,1,33.0,0,,2.0,visa,87.0,0
420369,85.192,20,0,,0,,2.0,mastercard,,0
420371,335.0,20,1,,0,,1.0,visa,87.0,0
420372,105.95,20,1,,0,,3.0,visa,87.0,0
420373,31.418,20,0,,0,0.0,1.0,mastercard,,0
420386,25.0,20,1,,0,,1.0,discover,87.0,0
420393,50.0,20,1,,0,,2.0,mastercard,35.0,0
420393,464.95,20,1,,0,,1.0,mastercard,87.0,0
420393,39.0,20,1,47.0,0,,6.0,mastercard,87.0,0
420401,59.0,20,1,8.0,0,,1.0,visa,87.0,0
420412,60.0,20,1,,0,,2.0,mastercard,87.0,0
420427,50.0,20,1,,0,,1.0,discover,87.0,0
420428,108.5,20,1,,0,,2.0,visa,87.0,0
420432,72.95,20,1,29.0,0,,3.0,mastercard,87.0,0
420454,209.95,20,1,1.0,0,,135.0,visa,87.0,0
420499,50.0,20,1,1.0,0,,2.0,visa,87.0,0
420528,59.0,20,1,9.0,0,,2.0,visa,87.0,0
420546,25.0,20,1,,0,,1.0,visa,87.0,0
420555,226.0,20,1,9.0,0,,1.0,visa,87.0,0
420567,70.0,20,1,,0,,2.0,visa,87.0,0
420568,50.0,20,1,,0,,1.0,visa,87.0,0
420587,25.0,20,1,,0,,1.0,visa,87.0,0
420588,47.95,20,1,,0,,2.0,mastercard,87.0,0
420591,14.622,20,0,,0,0.0,1.0,mastercard,,0
420601,80.0,20,1,,0,,1.0,visa,87.0,0
420628,335.0,20,1,24.0,0,,1.0,visa,87.0,0
420635,40.0,20,1,,0,,1.0,visa,87.0,0
420660,50.0,20,1,,0,,1.0,mastercard,87.0,0
420663,100.0,20,1,,0,,6.0,visa,87.0,0
420669,50.0,20,1,,0,175.0,2.0,visa,87.0,0
420686,150.0,20,1,,0,,1.0,visa,87.0,0
420711,30.95,20,1,12.0,0,,6.0,visa,87.0,0
420715,59.0,20,1,1.0,0,,1.0,visa,87.0,0
420749,25.0,20,1,,0,,6.0,visa,87.0,0
420793,55.0,20,1,,0,6.0,4.0,discover,87.0,0
420795,100.0,20,1,,0,,1.0,visa,87.0,0
420801,406.47,20,1,13.0,0,,5.0,mastercard,87.0,0
420812,49.0,20,1,17.0,0,,1.0,mastercard,87.0,0
420824,77.0,20,1,0.0,0,,1.0,visa,87.0,0
420827,57.95,20,1,,0,,1.0,visa,87.0,0
420830,311.95,20,1,0.0,0,,4.0,visa,87.0,0
420840,213.0,20,1,342.0,0,,1.0,mastercard,87.0,0
420886,100.0,20,1,,0,,4.0,visa,87.0,0
420917,67.95,20,1,104.0,0,,2.0,visa,87.0,0
420935,36.95,20,1,2.0,0,,1.0,mastercard,87.0,0
420959,49.95,20,1,13.0,0,,6.0,visa,87.0,0
420961,1152.95,20,1,33.0,0,,1.0,visa,87.0,0
420970,141.0,20,1,,0,,1.0,visa,87.0,0
420973,34.0,20,1,,0,,2.0,visa,87.0,0
420976,78.788,20,0,,0,,122.0,visa,,1
420990,59.0,20,1,,0,,2.0,mastercard,87.0,0
421006,112.99,20,1,143.0,0,,1.0,visa,87.0,0
421019,25.95,20,1,6.0,0,,1.0,visa,87.0,0
421025,20.0,20,1,,0,,2.0,visa,87.0,0
421030,47.95,20,1,8.0,0,,28.0,visa,87.0,0
421046,118.0,20,1,0.0,0,,1.0,visa,87.0,0
421064,226.0,20,1,41.0,0,,1.0,mastercard,87.0,0
421069,117.0,20,1,0.0,0,,6.0,visa,87.0,0
421074,500.0,20,1,21.0,0,,1.0,visa,87.0,0
421079,5.74,20,0,,0,,4.0,visa,,0
421079,28.337,20,0,,0,733.0,1.0,mastercard,,0
421080,724.0,20,1,3.0,0,,4.0,visa,87.0,0
421083,475.0,20,1,14.0,0,,1.0,visa,87.0,1
421089,350.47,20,1,,0,,3.0,visa,87.0,0
421097,117.0,20,1,6.0,0,,1.0,visa,87.0,0
421100,40.0,20,1,23.0,0,,6.0,visa,87.0,0
421131,50.0,20,1,,0,,1.0,visa,87.0,0
421134,25.0,20,1,,0,,1.0,visa,87.0,0
421151,31.0,20,1,22.0,0,,3.0,visa,87.0,0
421154,100.0,20,1,,0,,1.0,mastercard,87.0,0
421164,30.0,20,1,,0,,7.0,mastercard,87.0,0
421200,83.95,21,1,,0,,1.0,visa,87.0,0
421202,311.95,21,1,3.0,0,,1.0,visa,87.0,0
421210,29.0,21,1,13.0,0,,5.0,mastercard,87.0,0
421237,554.0,21,1,,0,,1.0,visa,87.0,0
421252,25.0,21,1,,0,,5.0,visa,87.0,0
421268,48.92,21,1,771.0,0,,1.0,mastercard,87.0,0
421271,30.0,21,1,,0,,3.0,mastercard,87.0,0
421273,125.0,21,1,67.0,0,,3.0,visa,87.0,0
421297,29.787,21,0,,0,2.0,1.0,mastercard,,0
421321,132.561,21,0,,0,0.0,1.0,visa,,0
421329,60.0,21,1,,0,,2.0,visa,87.0,0
421332,48.95,21,1,1.0,0,,2.0,visa,87.0,0
421334,25.0,21,1,,0,,1.0,visa,87.0,0
421365,50.0,21,1,1.0,0,,7.0,visa,87.0,0
421372,25.0,21,1,,0,,1.0,mastercard,87.0,0
421387,100.0,21,1,,0,,1.0,mastercard,87.0,0
421435,50.0,21,1,,0,,2.0,mastercard,87.0,0
421439,31.177,21,0,,0,,2.0,visa,,0
421450,107.95,21,1,,0,,1.0,mastercard,87.0,0
421463,34.0,21,1,7.0,0,,1.0,visa,87.0,0
421467,1691.95,21,1,1.0,0,,1.0,visa,87.0,0
421495,101.0,21,1,,0,,1.0,mastercard,87.0,0
421507,146.0,21,1,6.0,0,,1.0,mastercard,87.0,0
421509,44.0,21,1,2.0,0,,1.0,visa,87.0,0
421532,25.0,21,1,,0,,2.0,american express,87.0,0
421539,75.0,21,1,,0,,12.0,mastercard,87.0,0
421546,30.0,21,1,,0,,1.0,visa,87.0,0
421582,50.0,21,1,,0,,1.0,visa,87.0,0
421590,130.0,21,1,,0,,1.0,visa,87.0,0
421592,60.0,21,1,,0,,6.0,visa,87.0,0
421622,150.0,21,1,,0,,2.0,visa,87.0,0
421637,604.0,21,1,2.0,0,,1.0,visa,87.0,0
421658,47.95,21,1,,0,,3.0,visa,87.0,0
421658,125.0,21,1,,0,,1.0,mastercard,87.0,0
421662,61.95,21,1,1.0,0,,1.0,visa,87.0,0
421702,50.0,21,1,,0,,1.0,visa,87.0,0
421751,150.0,21,1,,0,,1.0,visa,87.0,0
421771,100.0,21,1,,0,,741.0,visa,87.0,0
421773,25.0,21,1,,0,,1.0,visa,87.0,0
421785,57.95,21,1,,0,,1.0,mastercard,87.0,0
421803,159.95,21,1,,0,,2.0,visa,87.0,0
421841,127.305,21,0,,0,,2.0,visa,,0
421854,59.0,21,1,145.0,0,,1.0,mastercard,87.0,0
421863,350.0,21,1,,0,1.0,1.0,american express,87.0,0
421864,100.0,21,1,,0,4.0,741.0,visa,87.0,0
421865,24.5,21,1,,0,,2.0,visa,87.0,0
421867,979.95,21,1,18.0,0,,1.0,visa,87.0,0
421902,400.0,21,1,,0,,1.0,american express,87.0,0
421906,29.0,21,1,76.0,0,,1.0,visa,87.0,0
421912,24.0,21,1,,0,,1.0,mastercard,87.0,0
421913,35.95,21,1,3.0,0,,7.0,mastercard,87.0,0
421914,57.95,21,1,65.0,0,,4.0,visa,87.0,0
421923,209.95,21,1,,0,,1.0,mastercard,87.0,0
421928,21.5,21,1,296.0,0,,1.0,visa,87.0,0
421937,78.788,21,0,,0,1.0,123.0,visa,,1
421938,350.0,21,1,,0,1.0,1.0,american express,87.0,0
421958,108.95,21,1,4.0,0,,2.0,mastercard,87.0,0
421960,67.95,21,1,4.0,0,,1.0,visa,87.0,0
421979,36.95,21,1,,0,,2.0,mastercard,87.0,0
421983,50.0,21,1,,0,,143.0,mastercard,87.0,0
421996,150.0,21,1,,0,,1.0,visa,87.0,0
422036,186.275,21,0,,0,0.0,1.0,visa,,0
422045,59.0,21,1,0.0,0,,1.0,visa,87.0,0
422048,151.0,21,1,0.0,0,,1.0,visa,87.0,0
422068,80.0,21,1,,0,,1.0,visa,87.0,0
422074,222.0,21,1,24.0,0,,2.0,visa,87.0,0
422084,24.0,21,1,76.0,0,,1.0,visa,87.0,0
422106,78.788,21,0,,0,1.0,124.0,mastercard,,1
422107,98.0,21,1,,0,,4.0,mastercard,87.0,0
422140,44.0,21,1,2.0,0,,4.0,mastercard,87.0,0
422147,49.0,21,1,,0,,1.0,mastercard,87.0,0
422168,650.0,21,1,,0,,4.0,visa,87.0,0
422174,50.0,21,1,,0,,1.0,visa,87.0,0
422177,30.0,21,1,,0,,1.0,visa,87.0,1
422182,50.0,21,1,,0,,1.0,visa,87.0,0
422183,84.0,21,1,5.0,0,,1.0,visa,87.0,0
422197,171.0,21,1,0.0,0,,2.0,visa,87.0,0
422202,48.95,21,1,8.0,0,,1.0,mastercard,87.0,0
422234,20.95,21,1,1.0,0,,3.0,visa,87.0,0
422240,79.452,21,0,,0,7.0,1.0,visa,,0
422245,50.0,21,1,,0,,2.0,mastercard,87.0,0
422247,78.788,21,0,,0,1.0,125.0,visa,,1
422260,50.0,21,1,,0,,1.0,visa,87.0,0
422262,100.0,21,1,16.0,0,,4.0,visa,87.0,0
422272,100.0,21,1,,0,,1.0,mastercard,87.0,0
422275,312.95,21,1,1.0,0,,1.0,discover,87.0,0
422276,7.794,21,0,,0,,2.0,visa,,0
422285,56.5,21,1,1.0,0,,3.0,visa,87.0,0
422338,49.0,21,1,6.0,0,,1.0,visa,87.0,0
422344,1646.0,21,1,1183.0,0,,1.0,mastercard,87.0,0
422359,113.0,21,1,,0,,2.0,visa,87.0,0
422368,11.601,21,0,,0,,1.0,visa,,0
422374,107.47,21,1,36.0,0,,1.0,mastercard,87.0,0
422377,200.0,21,1,,0,,1.0,american express,87.0,0
422404,80.0,21,1,44.0,0,,1.0,visa,87.0,0
422411,43.97,21,1,20.0,0,,1.0,mastercard,87.0,0
422416,48.95,21,1,3.0,0,,1.0,visa,87.0,0
422419,226.0,21,1,,0,,1.0,visa,87.0,0
422419,47.95,21,1,4.0,0,,6.0,visa,87.0,0
422425,100.0,21,1,,0,,7.0,mastercard,87.0,0
422426,724.0,21,1,3.0,0,,4.0,visa,87.0,0
422431,29.0,21,1,13.0,0,,1.0,mastercard,87.0,0
422436,50.0,21,1,,0,,2.0,visa,87.0,0
422437,106.95,21,1,63.0,0,,111.0,visa,87.0,0
422472,100.0,21,1,,0,,1.0,visa,87.0,0
422475,545.07,21,1,,0,,3.0,mastercard,87.0,0
422488,100.0,21,1,,0,,2.0,mastercard,87.0,0
422495,50.0,21,1,,0,,1.0,mastercard,87.0,0
422502,200.0,21,1,7.0,0,,2.0,mastercard,87.0,0
422523,59.0,21,1,1249.0,0,,2.0,visa,87.0,0
422541,150.0,21,1,,0,,2.0,visa,87.0,0
422549,20.0,21,1,,0,,1.0,visa,87.0,0
422586,117.0,21,1,2.0,0,,3.0,mastercard,87.0,1
422596,107.95,21,1,,0,,7.0,visa,87.0,0
422598,20.0,21,1,,0,,1.0,mastercard,87.0,0
422600,52.324,21,0,,0,705.0,1.0,mastercard,,0
422609,100.0,21,1,,0,,1.0,american express,87.0,0
422630,120.0,21,1,,0,,5.0,visa,87.0,0
422630,445.0,21,1,9.0,0,,1.0,mastercard,87.0,0
422632,105.0,21,1,,0,,3.0,visa,87.0,0
422632,60.0,21,1,,0,,2.0,visa,87.0,0
422637,156.95,21,1,,0,,3.0,visa,87.0,0
422641,59.0,21,1,4.0,0,,2.0,visa,87.0,0
422644,500.0,21,1,3.0,0,,4.0,visa,87.0,0
422654,107.95,21,1,0.0,0,,1.0,mastercard,87.0,0
422657,139.95,21,1,6.0,0,,2.0,visa,87.0,0
422661,49.0,21,1,10.0,0,,3.0,mastercard,87.0,0
422712,49.0,21,1,0.0,0,,1.0,visa,87.0,0
422755,100.0,21,1,,0,,2.0,mastercard,87.0,0
422765,50.0,21,1,,0,,1.0,visa,87.0,0
422769,100.0,21,1,,0,,5.0,visa,87.0,0
422773,209.95,21,1,,0,,75.0,mastercard,87.0,0
422812,97.95,21,1,0.0,0,,102.0,visa,87.0,1
422816,201.0,21,1,,0,,2.0,visa,87.0,0
422818,136.99,21,1,15.0,0,,7.0,mastercard,87.0,0
422819,100.0,21,1,,0,,2.0,visa,87.0,0
422839,60.0,21,1,,0,,1.0,visa,87.0,0
422859,25.0,21,1,,0,,1.0,mastercard,87.0,0
422868,39.0,21,1,3.0,0,,1.0,visa,87.0,0
422869,150.0,21,1,,0,,14.0,american express,87.0,1
422873,24.5,21,1,948.0,0,,1.0,visa,87.0,0
422877,112.99,21,1,21.0,0,,4.0,visa,87.0,0
422899,107.95,21,1,1335.0,0,,1.0,visa,87.0,0
422900,100.0,21,1,,0,,1.0,visa,87.0,0
422910,35.95,21,1,3.0,0,,7.0,mastercard,87.0,0
422912,60.0,21,1,,0,,2.0,discover,87.0,0
422914,25.0,21,1,,0,,1.0,mastercard,87.0,0
422929,30.0,21,1,0.0,0,,2.0,mastercard,87.0,0
422934,30.0,21,1,,0,,2.0,mastercard,87.0,0
422954,100.0,21,1,,0,,1.0,visa,87.0,0
422978,100.0,21,1,,0,,1.0,american express,87.0,0
422978,209.95,21,1,1.0,0,,2.0,visa,87.0,0
422998,100.0,21,1,,0,,1.0,mastercard,87.0,0
423015,40.0,21,1,,0,,1.0,visa,87.0,0
423026,117.0,21,1,,0,,5.0,visa,87.0,0
423027,141.0,21,1,1.0,0,,5.0,visa,87.0,0
423038,209.95,21,1,,0,,75.0,mastercard,87.0,0
423042,25.0,21,1,,0,,1.0,mastercard,87.0,0
423056,250.0,21,1,1140.0,0,,2.0,mastercard,87.0,0
423058,272.0,21,1,,0,,4.0,mastercard,87.0,0
423070,107.95,21,1,3.0,0,,1.0,visa,87.0,0
423072,48.95,21,1,941.0,0,,202.0,visa,87.0,0
423082,41.327,21,0,,0,7.0,1.0,visa,,0
423089,75.223,21,0,,0,,1.0,mastercard,,0
423093,25.0,21,1,,0,,1.0,mastercard,87.0,0
423100,59.0,21,1,40.0,0,,1.0,visa,87.0,0
423108,57.95,21,1,9.0,0,,3.0,visa,87.0,0
423115,55.0,21,1,2.0,0,,1.0,mastercard,87.0,0
423121,97.0,21,1,3.0,0,,1.0,mastercard,87.0,0
423122,199.95,21,1,,0,,1.0,visa,87.0,0
423124,34.0,21,1,4.0,0,,3.0,visa,87.0,0
423134,77.0,21,1,8.0,0,,2.0,discover,87.0,0
423137,159.95,21,1,0.0,0,,2.0,visa,87.0,0
423152,554.0,21,1,21.0,0,,1.0,visa,87.0,0
423167,75.0,21,1,,0,,1.0,american express,87.0,0
423169,59.95,21,1,,0,,1.0,mastercard,87.0,0
423173,59.0,21,1,632.0,0,,1.0,mastercard,87.0,0
423176,44.0,21,1,,0,,1.0,mastercard,87.0,0
423179,117.0,21,1,6.0,0,,2.0,visa,87.0,0
423186,39.0,21,1,0.0,0,,2.0,mastercard,87.0,0
423188,26.95,21,1,11.0,0,,1.0,visa,87.0,0
423198,57.95,21,1,2.0,0,,3.0,visa,87.0,0
423200,58.95,21,1,,0,,1.0,visa,87.0,0
423204,131.0,21,1,,0,,3.0,mastercard,87.0,0
423204,117.0,21,1,591.0,0,,1.0,mastercard,87.0,0
423232,24.5,21,1,7.0,0,,1.0,mastercard,87.0,0
423237,52.95,21,1,6.0,0,,1.0,visa,87.0,0
423258,117.0,21,1,12.0,0,,1.0,mastercard,87.0,0
423270,125.0,21,1,,0,,1.0,visa,87.0,0
423273,1925.1,21,1,2.0,0,,1.0,mastercard,87.0,0
423284,75.0,21,1,,0,,2.0,visa,87.0,0
423305,50.0,21,1,,0,,5.0,visa,87.0,0
423305,25.0,21,1,1053.0,0,,1.0,visa,87.0,0
423319,312.95,21,1,2.0,0,,1.0,visa,87.0,0
423341,48.95,21,1,3.0,0,,125.0,visa,87.0,0
423341,59.0,21,1,7.0,0,,1.0,visa,87.0,0
423354,25.95,21,1,,0,,6.0,visa,87.0,0
423355,29.0,21,1,21.0,0,,1.0,visa,87.0,0
423360,50.0,21,1,,0,,1.0,visa,87.0,0
423384,50.0,21,1,0.0,0,,1.0,visa,87.0,0
423393,125.0,21,1,,0,,1.0,visa,87.0,0
423410,52.203,21,0,,0,,1.0,visa,,0
423423,130.0,21,1,12.0,0,,1.0,visa,87.0,0
423439,50.0,21,1,,0,,3.0,visa,87.0,0
423482,1925.1,21,1,1.0,0,,1.0,mastercard,87.0,0
423503,40.0,21,1,,0,,4.0,visa,87.0,0
423514,39.0,21,1,8.0,0,,1.0,mastercard,87.0,0
423523,55.0,21,1,0.0,0,,3.0,visa,87.0,0
423525,57.95,21,1,30.0,0,,3.0,visa,87.0,0
423531,422.5,21,1,22.0,0,,2.0,visa,87.0,0
423552,150.0,21,1,,0,393.0,2.0,visa,87.0,0
423562,59.0,21,1,,0,,1.0,visa,87.0,0
423592,120.0,21,1,,0,,5.0,visa,87.0,0
423623,171.0,21,1,7.0,0,,1.0,visa,87.0,0
423638,24.531,21,0,,0,,2.0,visa,,0
423650,100.0,21,1,,0,,1.0,mastercard,87.0,1
423670,59.0,21,1,2.0,0,,1.0,mastercard,87.0,0
423680,59.0,21,1,,0,,1.0,mastercard,87.0,0
423712,48.95,21,1,9.0,0,,2.0,visa,87.0,0
423722,50.0,21,1,,0,,1.0,mastercard,87.0,0
423722,29.0,21,1,122.0,0,,2.0,mastercard,87.0,0
423745,125.0,21,1,,0,,2.0,visa,87.0,0
423754,40.0,21,1,,0,,13.0,mastercard,87.0,0
423761,60.0,21,1,2.0,0,,2.0,visa,87.0,0
423815,40.0,21,1,,0,,1.0,visa,87.0,0
423826,59.0,21,1,,0,,1.0,visa,87.0,0
423831,125.0,21,1,,0,,2.0,visa,87.0,0
423832,100.0,21,1,,0,,1.0,visa,87.0,0
423846,39.258,21,0,,0,188.0,1.0,visa,,0
423877,117.0,21,1,8.0,0,,1.0,visa,87.0,0
423878,50.0,21,1,,0,,2.0,mastercard,87.0,0
423881,107.0,21,1,167.0,0,,4.0,visa,87.0,0
423885,60.0,21,1,,0,,1.0,visa,87.0,0
423892,59.0,21,1,0.0,0,,2.0,visa,87.0,0
423917,214.95,21,1,,0,,3.0,visa,87.0,0
423917,59.0,21,1,1.0,0,,3.0,visa,87.0,0
423918,57.95,21,1,,0,,1.0,visa,87.0,0
423920,117.0,21,1,85.0,0,,1.0,visa,87.0,0
423945,300.0,21,1,,0,,1.0,mastercard,87.0,0
423955,30.95,21,1,,0,,1.0,mastercard,87.0,0
423958,343.41,21,1,45.0,0,,1.0,visa,87.0,0
423979,200.0,21,1,,0,,1.0,american express,87.0,0
423982,209.95,21,1,14.0,0,,1.0,visa,87.0,0
423982,70.0,21,1,,0,,225.0,visa,87.0,0
424022,97.95,21,1,134.0,0,,1.0,mastercard,87.0,0
424030,250.0,21,1,,0,,14.0,visa,87.0,0
424040,300.0,21,1,,0,,2.0,visa,87.0,0
424051,209.95,21,1,0.0,0,,1.0,visa,87.0,0
424058,159.95,21,1,9.0,0,,6.0,visa,87.0,0
424060,49.0,21,1,122.0,0,,1.0,visa,87.0,0
424061,45.45,21,1,2.0,0,,2.0,visa,87.0,0
424070,100.0,21,1,,0,,1.0,visa,87.0,0
424089,26.95,21,1,,0,,2.0,visa,87.0,0
424091,1248.79,21,1,,0,,1.0,mastercard,87.0,0
424110,49.0,21,1,0.0,0,,1.0,visa,87.0,0
424114,209.95,21,1,0.0,0,,1.0,visa,87.0,0
424125,107.95,21,1,0.0,0,,3.0,visa,87.0,0
424196,209.95,21,1,,0,,3.0,visa,87.0,0
424212,50.0,21,1,,0,,2.0,visa,87.0,0
424213,40.0,21,1,,0,,2.0,visa,87.0,0
424227,80.661,21,0,,0,19.0,1.0,visa,,0
424234,200.0,21,1,,0,,1.0,mastercard,87.0,0
424245,159.95,21,1,3.0,0,,2.0,mastercard,87.0,0
424250,25.0,21,1,,0,,1.0,visa,87.0,0
424252,57.95,21,1,,0,,146.0,visa,87.0,0
424280,108.95,21,1,53.0,0,,4.0,mastercard,87.0,0
424289,92.0,21,1,7.0,0,,1.0,visa,87.0,0
424328,57.95,21,1,1.0,0,,98.0,visa,87.0,0
424337,29.0,21,1,14.0,0,,2.0,visa,87.0,0
424343,40.0,21,1,,0,,4.0,visa,87.0,0
424345,190.95,21,1,,0,,1.0,mastercard,87.0,0
424370,24.531,21,0,,0,,2.0,visa,,0
424377,30.0,21,1,,0,,13.0,mastercard,87.0,0
424404,527.0,21,1,10.0,0,,1.0,mastercard,87.0,0
424405,100.0,21,1,,0,,1.0,visa,87.0,0
424422,49.0,21,1,,0,,2.0,visa,87.0,0
424428,25.95,21,1,,0,,2.0,visa,87.0,0
424448,180.0,21,1,,0,,3.0,mastercard,87.0,0
424449,97.0,21,1,3.0,0,,1.0,mastercard,87.0,0
424486,50.0,21,1,,0,,2.0,visa,87.0,0
424486,226.0,21,1,88.0,0,,1.0,visa,87.0,1
424488,57.95,21,1,2.0,0,,3.0,visa,87.0,0
424501,57.0,21,1,11.0,0,,1.0,visa,87.0,0
424514,65.0,21,1,,0,,4.0,visa,87.0,0
424519,108.5,21,1,,0,,1.0,visa,87.0,0
424542,100.0,21,1,1.0,0,,4.0,mastercard,87.0,0
424547,464.95,21,1,,0,,1.0,mastercard,87.0,0
424556,250.0,21,1,234.0,0,,4.0,visa,87.0,0
424575,200.0,21,1,,0,,1.0,visa,87.0,0
424579,25.0,21,1,,0,,1.0,visa,87.0,0
424591,1724.95,21,1,,0,,1.0,visa,87.0,0
424594,884.02,21,1,,0,,1.0,mastercard,87.0,0
424597,50.0,21,1,,0,,1.0,visa,87.0,0
424609,100.0,21,1,,0,,1.0,discover,87.0,0
424624,23.806,21,0,,0,,1.0,visa,,0
424655,117.0,21,1,131.0,0,,1.0,visa,87.0,0
424660,1524.5,21,1,,0,,1.0,visa,87.0,0
424676,209.95,21,1,50.0,0,,75.0,visa,87.0,0
424682,80.0,21,1,,0,,1.0,mastercard,87.0,0
424698,335.0,21,1,,0,,1.0,mastercard,87.0,0
424700,100.0,21,1,,0,,1.0,visa,87.0,0
424704,59.0,21,1,51.0,0,,3.0,mastercard,87.0,0
424718,42.596,21,0,,0,7.0,1.0,visa,,0
424741,21.51,21,0,,0,421.0,1.0,visa,,0
424752,171.0,21,1,5.0,0,,1.0,visa,87.0,0
424766,67.95,21,1,,0,,5.0,mastercard,87.0,0
424775,186.0,21,1,45.0,0,,3.0,mastercard,87.0,0
424779,17.97,21,1,18.0,0,,9.0,visa,87.0,0
424781,445.0,21,1,0.0,0,,3.0,mastercard,87.0,0
424792,50.0,21,1,,0,,1.0,visa,87.0,0
424804,107.95,22,1,949.0,0,,144.0,mastercard,87.0,0
424807,35.95,22,1,,0,,1.0,visa,87.0,0
424822,945.95,22,1,169.0,0,,1.0,visa,87.0,0
424828,15.709,22,0,,0,,1.0,mastercard,,0
424831,35.95,22,1,,0,,1.0,visa,87.0,0
424836,300.0,22,1,,0,,1.0,visa,87.0,0
424849,54.5,22,1,6.0,0,,1.0,visa,87.0,0
424903,47.95,22,1,,0,,5.0,mastercard,87.0,0
424933,107.95,22,1,0.0,0,,6.0,visa,87.0,0
424935,30.0,22,1,,0,,3.0,visa,87.0,0
424951,265.74,22,1,4145.0,0,,1.0,mastercard,87.0,0
424963,140.5,22,1,514.0,0,,1.0,mastercard,87.0,0
424981,30.95,22,1,,0,,1.0,visa,87.0,0
424982,36.95,22,1,44.0,0,,2.0,visa,87.0,0
425002,47.95,22,1,15.0,0,,2.0,visa,87.0,0
425006,57.95,22,1,,0,,2.0,visa,87.0,0
425010,50.0,22,1,,0,,4.0,visa,87.0,0
425042,70.0,22,1,,0,,1.0,mastercard,87.0,0
425072,50.0,22,1,,0,,1.0,visa,87.0,0
425093,211.25,22,1,2.0,0,,2.0,visa,87.0,0
425111,100.0,22,1,,0,,1.0,visa,87.0,0
425132,100.0,22,1,1.0,0,,152.0,visa,87.0,0
425148,28.95,22,1,2465.0,0,,1.0,visa,87.0,0
425149,29.0,22,1,3.0,0,,4.0,visa,87.0,0
425155,56.5,22,1,28.0,0,,1.0,visa,87.0,0
425156,72.95,22,1,,0,,1.0,visa,87.0,0
425209,40.0,22,1,4.0,0,,1.0,visa,87.0,0
425211,107.95,22,1,,0,,4.0,visa,87.0,0
425250,87.99,22,1,26.0,0,,1.0,visa,87.0,0
425345,554.0,22,1,,0,,2.0,visa,87.0,0
425357,100.0,22,1,,0,,2.0,visa,87.0,0
425373,50.0,22,1,,0,,1.0,mastercard,87.0,0
425376,100.0,22,1,,0,,1.0,visa,87.0,0
425380,20.0,22,1,,0,,1.0,visa,87.0,0
425422,83.319,22,0,,0,0.0,1.0,visa,,0
425423,23.806,22,0,,0,125.0,1.0,mastercard,,0
425453,24.5,22,1,10.0,0,,1.0,visa,87.0,0
425465,150.0,22,1,,0,,1.0,mastercard,87.0,0
425501,50.0,22,1,,0,,1.0,mastercard,87.0,0
425512,40.0,22,1,,0,,1.0,mastercard,87.0,0
425517,10.0,22,1,,0,,8.0,mastercard,87.0,0
425518,50.0,22,1,,0,,1.0,mastercard,87.0,0
425527,250.0,22,1,,0,,2.0,visa,87.0,0
425530,30.0,22,1,,0,,1.0,visa,87.0,0
425547,100.0,22,1,,0,,1.0,visa,87.0,0
425563,100.0,22,1,,0,,1.0,mastercard,87.0,0
425564,30.0,22,1,,0,,1.0,visa,87.0,0
425565,39.0,22,1,9.0,0,,1.0,visa,87.0,0
425590,200.0,22,1,,0,,1.0,discover,87.0,0
425607,50.0,22,1,,0,,1.0,visa,87.0,0
425632,40.0,22,1,2.0,0,,3.0,mastercard,87.0,0
425634,20.0,22,1,0.0,0,,2.0,mastercard,87.0,0
425646,54.5,22,1,,0,,3.0,visa,87.0,0
425650,100.0,22,1,,0,,1.0,american express,87.0,0
425652,25.0,22,1,,0,,6.0,visa,87.0,1
425681,75.0,22,1,,0,,3.0,visa,87.0,0
425682,100.0,22,1,,0,,1.0,american express,87.0,0
425684,1104.0,22,1,337.0,0,,4.0,visa,87.0,0
425721,103.97,22,1,,0,,7.0,visa,87.0,0
425732,59.0,22,1,4.0,0,,1.0,visa,87.0,0
425753,59.0,22,1,4.0,0,,1.0,mastercard,87.0,0
425758,45.315,22,0,,0,,1.0,mastercard,,0
425826,65.0,22,1,,0,,1.0,mastercard,87.0,0
425826,634.0,22,1,,0,,2.0,mastercard,87.0,0
425835,100.0,22,1,,0,,2.0,visa,87.0,0
425860,25.0,22,1,1087.0,0,,1.0,mastercard,87.0,0
425868,50.0,22,1,,0,,1.0,visa,87.0,0
425869,108.95,22,1,,0,,3.0,mastercard,87.0,0
425875,30.0,22,1,,0,,1.0,mastercard,87.0,0
425892,49.0,22,1,33.0,0,,1.0,mastercard,87.0,0
425896,76.0,22,1,,0,,5.0,visa,87.0,0
425903,200.0,22,1,,0,,3.0,mastercard,87.0,0
425931,209.95,22,1,424.0,0,,23.0,visa,87.0,0
425945,6.948,22,0,,0,,4.0,visa,,0
425951,40.0,22,1,,0,,2.0,mastercard,87.0,0
425982,112.96,22,1,7.0,0,,1.0,visa,87.0,0
426002,47.95,22,1,2.0,0,,3.0,mastercard,87.0,0
426014,25.0,22,1,,0,,1.0,visa,87.0,0
426045,312.49,22,1,,0,,1.0,mastercard,87.0,0
426057,100.0,22,1,,0,,2.0,visa,87.0,0
426073,226.0,22,1,22.0,0,,1.0,visa,87.0,0
426076,100.0,22,1,,0,,1.0,visa,87.0,0
426121,100.0,22,1,,0,,192.0,mastercard,87.0,0
426123,500.0,22,1,,0,,2.0,mastercard,87.0,0
426147,125.0,22,1,,0,,2.0,visa,87.0,0
426152,20.0,22,1,,0,,6.0,mastercard,87.0,0
426154,100.0,22,1,,0,,5.0,visa,87.0,0
426159,49.0,22,1,,0,,3.0,visa,87.0,0
426192,209.95,22,1,,0,,23.0,visa,87.0,0
426230,100.0,22,1,,0,,1.0,visa,87.0,0
426233,117.0,22,1,,0,,1.0,mastercard,87.0,1
426234,99.95,22,1,,0,,1.0,visa,87.0,0
426248,48.95,22,1,,0,,1.0,visa,87.0,0
426264,412.47,22,1,,0,,1.0,mastercard,87.0,0
426266,87.0,22,1,,0,,1.0,mastercard,87.0,0
426299,214.95,22,1,,0,,3.0,visa,87.0,0
426316,97.95,22,1,,0,,1.0,visa,87.0,0
426339,554.0,22,1,,0,,1.0,visa,87.0,0
426340,87.0,22,1,76.0,0,,1.0,visa,87.0,0
426373,210.95,22,1,10.0,0,,2.0,visa,87.0,0
426401,32.325,22,0,,0,,1.0,mastercard,,0
426402,179.95,22,1,,0,,1.0,visa,87.0,0
426409,209.95,22,1,424.0,0,,23.0,visa,87.0,0
426425,150.0,22,1,,0,7.0,1.0,visa,87.0,0
426476,78.95,22,1,9.0,0,,1.0,visa,87.0,0
426491,117.0,22,1,43.0,0,,1.0,visa,87.0,0
426497,50.0,22,1,,0,,2.0,visa,87.0,0
426507,117.0,22,1,12.0,0,,1.0,visa,87.0,0
426548,45.0,22,1,2.0,0,,6.0,visa,87.0,0
426565,15.0,22,1,,0,,3.0,visa,87.0,0
426567,54.5,22,1,,0,,6.0,visa,87.0,0
426577,58.95,22,1,0.0,0,,5.0,mastercard,87.0,0
426578,25.0,22,1,,0,,5.0,visa,87.0,0
426587,25.0,22,1,,0,,1.0,visa,87.0,0
426590,48.95,22,1,,0,,1.0,visa,87.0,0
426606,40.0,22,1,2.0,0,,3.0,mastercard,87.0,0
426607,59.95,22,1,,0,,1.0,mastercard,87.0,0
426632,107.95,22,1,6.0,0,,1.0,visa,87.0,0
426642,100.0,22,1,,0,,2.0,visa,87.0,0
426646,356.95,22,1,,0,,1.0,visa,87.0,0
426650,49.0,22,1,,0,,1.0,visa,87.0,0
426659,20.0,22,1,5.0,0,,2.0,mastercard,87.0,0
426666,445.0,22,1,,0,,3.0,visa,87.0,0
426671,59.0,22,1,4.0,0,,3.0,visa,87.0,0
426680,47.95,22,1,,0,,1.0,visa,87.0,0
426690,150.0,22,1,,0,,1.0,visa,87.0,0
426695,133.0,22,1,,0,,2.0,mastercard,87.0,0
426696,311.95,22,1,2.0,0,,2.0,visa,87.0,0
426700,171.0,22,1,5.0,0,,1.0,visa,87.0,0
426706,107.95,22,1,7.0,0,,4.0,visa,87.0,0
426719,150.0,22,1,,0,,3.0,visa,87.0,0
426737,37.0,22,1,20.0,0,,118.0,visa,87.0,0
426742,39.0,22,1,563.0,0,,1.0,mastercard,87.0,0
426760,50.0,22,1,,0,,1.0,visa,87.0,0
426767,29.0,22,1,14.0,0,,1.0,visa,87.0,0
426773,20.0,22,1,,0,,1.0,visa,87.0,0
426779,117.0,22,1,0.0,0,,1.0,visa,87.0,0
426783,107.95,22,1,7.0,0,,4.0,mastercard,87.0,0
426800,65.0,22,1,,0,,3.0,visa,87.0,0
426804,100.0,22,1,,0,2.0,1.0,mastercard,87.0,0
426807,117.0,22,1,,0,,2.0,visa,87.0,0
426818,30.0,22,1,,0,,3.0,visa,87.0,0
426823,14.26,22,0,,0,0.0,1.0,mastercard,,0
426828,30.0,22,1,,0,,1.0,visa,87.0,0
426834,107.95,22,1,,0,,12.0,visa,87.0,0
426853,60.0,22,1,,0,,2.0,visa,87.0,0
426856,100.0,22,1,,0,2.0,1.0,mastercard,87.0,0
426871,50.0,22,1,,0,,11.0,mastercard,87.0,0
426878,445.0,22,1,,0,,3.0,mastercard,87.0,0
426886,62.95,22,1,5.0,0,,1.0,visa,87.0,0
426913,100.0,22,1,15.0,0,,4.0,visa,87.0,0
426917,87.0,22,1,76.0,0,,1.0,visa,87.0,0
426917,25.0,22,1,,0,,1.0,visa,87.0,0
426972,25.95,22,1,,0,,1.0,discover,87.0,0
426975,40.0,22,1,,0,,2.0,visa,87.0,0
426999,133.0,22,1,2.0,0,,2.0,mastercard,87.0,0
427025,45.0,22,1,,0,,1.0,visa,87.0,0
427034,100.0,22,1,,0,,1.0,mastercard,87.0,0
427044,125.0,22,1,,0,,1.0,mastercard,87.0,0
427059,100.0,22,1,,0,,1.0,visa,87.0,0
427061,39.0,22,1,1.0,0,,1.0,visa,87.0,0
427066,200.0,22,1,,0,,1.0,visa,87.0,0
427073,39.0,22,1,20.0,0,,1.0,mastercard,87.0,0
427075,269.95,22,1,55.0,0,,1.0,visa,87.0,0
427075,59.0,22,1,33.0,0,,2.0,visa,87.0,0
427162,88.5,22,1,3.0,0,,1.0,visa,87.0,0
427180,209.95,22,1,7.0,0,,1.0,visa,87.0,0
427188,100.0,22,1,,0,,744.0,visa,87.0,0
427199,219.95,22,1,,0,,1.0,visa,87.0,0
427201,108.5,22,1,69.0,0,,1.0,mastercard,87.0,0
427216,100.0,22,1,,0,,3.0,visa,87.0,0
427225,600.0,22,1,,0,,2.0,visa,87.0,0
427231,57.95,22,1,,0,,5.0,mastercard,87.0,0
427236,30.95,22,1,,0,,3.0,visa,87.0,0
427246,87.95,22,1,35.0,0,,49.0,mastercard,87.0,0
427247,117.0,22,1,5.0,0,,1.0,mastercard,87.0,0
427251,59.63,22,1,75.0,0,,10.0,visa,87.0,0
427252,100.0,22,1,,0,,1.0,visa,87.0,0
427300,88.5,22,1,3.0,0,,2.0,visa,87.0,0
427314,100.0,22,1,,0,,744.0,visa,87.0,0
427318,171.0,22,1,21.0,0,,1.0,visa,87.0,0
427344,200.0,22,1,,0,,1.0,visa,87.0,0
427358,25.0,22,1,,0,,4.0,mastercard,87.0,0
427372,30.0,22,1,,0,,1.0,visa,87.0,0
427374,88.455,22,0,,0,,1.0,mastercard,,0
427413,23.25,22,1,,0,,2.0,visa,87.0,1
427420,117.0,22,1,5.0,0,,1.0,mastercard,87.0,0
427456,2003.97,22,1,23.0,0,,1.0,visa,87.0,0
427467,200.0,22,1,,0,,1.0,visa,87.0,0
427468,160.0,22,1,,0,,4.0,visa,87.0,0
427468,120.0,22,1,,0,,3.0,visa,87.0,0
427504,35.95,22,1,10.0,0,,1.0,mastercard,87.0,0
427510,40.0,22,1,,0,,1.0,visa,87.0,0
427520,49.0,22,1,11.0,0,,1.0,visa,87.0,0
427566,50.0,22,1,,0,,1.0,visa,87.0,0
427572,226.0,22,1,227.0,0,,1.0,visa,87.0,0
427575,75.0,22,1,,0,,120.0,mastercard,87.0,0
427577,26.95,22,1,2.0,0,,1.0,visa,87.0,0
427584,25.0,22,1,,0,12.0,1.0,visa,87.0,0
427603,30.95,22,1,10.0,0,,1.0,mastercard,87.0,0
427604,44.167,22,0,,0,,1.0,mastercard,,0
427614,1116.95,22,1,3.0,0,,1.0,visa,87.0,0
427618,34.319,22,0,,0,0.0,2.0,visa,,0
427623,24.5,22,1,10.0,0,,1.0,mastercard,87.0,0
427634,48.95,22,1,8.0,0,,1.0,visa,87.0,0
427670,26.95,22,1,,0,,3.0,mastercard,87.0,0
427677,19.032,22,0,,0,,1.0,mastercard,,0
427681,50.0,22,1,,0,,1.0,visa,87.0,0
427707,209.95,22,1,3.0,0,,2.0,mastercard,87.0,0
427749,44.167,22,0,,0,,2.0,visa,,0
427760,7.673,22,0,,0,,1.0,visa,,0
427776,275.97,22,1,,0,,1.0,visa,87.0,0
427783,13.716,22,0,,0,483.0,1.0,visa,,0
427791,117.0,22,1,11.0,0,,2.0,mastercard,87.0,0
427796,147.95,22,1,8.0,0,,1.0,mastercard,87.0,0
427802,40.0,22,1,17.0,0,,1.0,mastercard,87.0,0
427826,13.25,22,1,,0,,2.0,visa,87.0,1
427850,364.95,22,1,18.0,0,,1.0,visa,87.0,0
427856,30.0,22,1,,0,,1.0,visa,87.0,0
427869,225.0,22,1,,0,,1.0,visa,87.0,0
427877,60.0,22,1,,0,,5.0,visa,87.0,0
427892,1004.47,22,1,,0,,1.0,visa,87.0,0
427895,554.0,22,1,,0,,2.0,mastercard,87.0,0
427906,15.0,22,1,,0,,1.0,visa,87.0,0
427914,40.0,22,1,,0,,1.0,discover,87.0,0
427918,25.0,22,1,,0,,1.0,visa,87.0,0
427923,226.0,22,1,1.0,0,,1.0,visa,87.0,0
427938,44.952,22,0,,0,,2.0,visa,,0
428000,335.0,22,1,241.0,0,,2.0,mastercard,87.0,0
428005,54.5,22,1,31.0,0,,3.0,mastercard,87.0,0
428025,44.952,22,0,,0,,3.0,visa,,0
428028,250.0,22,1,,0,,2.0,visa,87.0,0
428037,80.0,22,1,,0,,1.0,mastercard,87.0,0
428061,59.0,22,1,,0,,1.0,visa,87.0,0
428078,167.0,22,1,,0,,123.0,visa,87.0,0
428082,100.0,22,1,,0,,1.0,visa,87.0,0
428112,93.893,22,0,,0,7.0,3.0,mastercard,,0
428131,331.0,22,1,1.0,0,,1.0,visa,87.0,0
428132,108.95,22,1,7.0,0,,3.0,visa,87.0,0
428146,67.95,22,1,,0,,1.0,visa,87.0,0
428152,28.866,22,0,,0,421.0,1.0,visa,,1
428201,175.0,22,1,,0,,5.0,visa,87.0,0
428206,225.0,22,1,91.0,0,,3.0,visa,87.0,0
428217,150.0,22,1,,0,,1.0,mastercard,87.0,0
428230,12.5,22,1,,0,,1.0,visa,87.0,0
428237,28.866,22,0,,0,421.0,2.0,visa,,1
428243,40.0,22,1,,0,,4.0,mastercard,87.0,0
428250,36.95,22,1,,0,,1.0,visa,87.0,0
428253,59.0,22,1,17.0,0,,1.0,visa,87.0,0
428272,150.0,22,1,,0,,2.0,visa,87.0,0
428287,193.0,22,1,2.0,0,,123.0,visa,87.0,0
428298,125.0,22,1,,0,2.0,2.0,american express,87.0,0
428301,117.0,22,1,,0,,5.0,visa,87.0,0
428302,107.95,22,1,,0,,2.0,visa,87.0,0
428306,107.95,22,1,,0,,21.0,mastercard,87.0,0
428318,57.95,22,1,7.0,0,,30.0,visa,87.0,0
428334,100.0,22,1,,0,,3.0,visa,87.0,0
428367,100.0,22,1,,0,,3.0,mastercard,87.0,0
428393,39.0,22,1,0.0,0,,1.0,visa,87.0,0
428405,112.99,23,1,19.0,0,,4.0,visa,87.0,0
428417,25.86,23,0,,0,,2.0,mastercard,,0
428423,56.95,23,1,38.0,0,,2.0,mastercard,87.0,0
428425,28.519,23,0,,0,,1.0,visa,,0
428425,392.02,23,1,,0,,1.0,mastercard,87.0,0
428432,50.0,23,1,,0,,1.0,mastercard,87.0,0
428470,117.0,23,1,,0,,5.0,visa,87.0,0
428486,130.0,23,1,,0,,1.0,mastercard,87.0,0
428530,100.0,23,1,,0,,1.0,mastercard,87.0,0
428536,100.0,23,1,,0,,2.0,visa,87.0,0
428542,15.0,23,1,343.0,0,,1.0,mastercard,87.0,0
428543,30.0,23,1,,0,,3.0,visa,87.0,0
428550,210.95,23,1,5.0,0,,1.0,visa,87.0,0
428553,8.95,23,1,,0,,1.0,mastercard,87.0,0
428560,1553.31,23,1,234.0,0,,1.0,visa,87.0,0
428562,37.0,23,1,,0,,3.0,mastercard,87.0,0
428564,100.0,23,1,,0,,1.0,mastercard,87.0,0
428579,15.0,23,1,,0,,1.0,mastercard,87.0,0
428589,27.612,23,0,,0,0.0,1.0,visa,,0
428609,31.95,23,1,,0,,1.0,mastercard,87.0,0
428609,100.0,23,1,,0,,1.0,mastercard,87.0,0
428610,48.487,23,0,,0,7.0,3.0,visa,,0
428624,33.47,23,1,,0,,2.0,visa,87.0,0
428628,300.0,23,1,,0,,1.0,visa,87.0,0
428663,97.0,23,1,1.0,0,,1.0,visa,87.0,0
428666,94.0,23,1,11.0,0,,1.0,visa,87.0,0
428674,160.5,23,1,1.0,0,,254.0,visa,87.0,0
428731,167.0,23,1,2.0,0,,123.0,visa,87.0,0
428735,150.0,23,1,29.0,0,,157.0,mastercard,87.0,0
428745,75.0,23,1,,0,,1.0,visa,87.0,0
428751,87.95,23,1,,0,,3.0,mastercard,87.0,0
428751,350.0,23,1,1166.0,0,,5.0,mastercard,87.0,0
428768,50.0,23,1,,0,,1.0,american express,87.0,0
428771,100.0,23,1,5.0,0,,122.0,visa,87.0,0
428805,10.0,23,1,,0,,2.0,mastercard,87.0,0
428815,35.0,23,1,,0,,1.0,visa,87.0,0
428816,50.0,23,1,,0,,2.0,mastercard,87.0,0
428830,39.998,23,0,,0,,1.0,mastercard,,0
428832,250.0,23,1,,0,,1.0,visa,87.0,1
428841,107.95,23,1,1809.0,0,,2.0,visa,87.0,0
428857,117.0,23,1,11.0,0,,2.0,mastercard,87.0,0
428858,117.0,23,1,0.0,0,,2.0,visa,87.0,0
428866,150.0,23,1,,0,,3.0,mastercard,87.0,0
428868,54.99,23,1,16.0,0,,2.0,visa,87.0,0
428876,20.95,23,1,14.0,0,,4.0,visa,87.0,0
428899,4.531,23,0,,0,196.0,1.0,mastercard,,0
428901,54.5,23,1,,0,,1.0,visa,87.0,0
428906,107.95,23,1,,0,,3.0,visa,87.0,0
428907,39.031,23,0,,0,,1.0,visa,,0
428918,100.0,23,1,,0,,5.0,visa,87.0,0
428920,59.0,23,1,1.0,0,,1.0,visa,87.0,0
428937,29.0,23,1,5.0,0,,1.0,mastercard,87.0,1
428972,175.0,23,1,,0,,1.0,visa,87.0,0
428980,117.0,23,1,5.0,0,,1.0,mastercard,87.0,0
428981,33.05,23,0,,0,165.0,2.0,visa,,0
428983,67.95,23,1,27.0,0,,51.0,mastercard,87.0,0
428990,128.0,23,1,2.0,0,,2.0,mastercard,87.0,0
429024,75.0,23,1,,0,,1.0,visa,87.0,0
429031,100.0,23,1,,0,,1.0,visa,87.0,0
429065,100.0,23,1,,0,,1.0,visa,87.0,0
429085,281.8,23,1,,0,,1.0,visa,87.0,1
429119,140.5,23,1,14.0,0,,1.0,mastercard,87.0,0
429122,159.96,23,1,,0,,2.0,mastercard,87.0,0
429129,581.95,23,1,,0,,1.0,visa,87.0,0
429133,59.0,23,1,1.0,0,,1.0,mastercard,87.0,0
429151,400.0,23,1,,0,,1.0,visa,87.0,0
429161,49.0,23,1,22.0,0,,3.0,visa,87.0,0
429170,100.0,23,1,,0,,2.0,mastercard,87.0,0
429172,157.575,23,0,,0,7.0,1.0,visa,,0
429191,100.0,23,1,,0,,1.0,visa,87.0,0
429194,11.558,23,0,,0,7.0,6.0,mastercard,,0
429205,400.0,23,1,4.0,0,,1.0,mastercard,87.0,0
429219,779.95,23,1,542.0,0,,1.0,visa,87.0,0
429228,57.95,23,1,16.0,0,,115.0,visa,87.0,0
429240,39.0,23,1,11.0,0,,2.0,visa,87.0,0
429247,80.0,23,1,,0,,3.0,mastercard,87.0,0
429295,226.0,23,1,17.0,0,,1.0,mastercard,87.0,0
429305,15.0,23,1,14.0,0,,2.0,mastercard,87.0,0
429322,55.0,23,1,85.0,0,,4.0,visa,87.0,0
429360,100.0,23,1,,0,,1.0,visa,87.0,0
429365,45.919,23,0,,0,0.0,126.0,visa,,1
429371,26.95,23,1,5.0,0,,1.0,mastercard,87.0,0
429378,29.97,23,1,,0,,1.0,mastercard,87.0,0
429386,299.32,23,1,0.0,0,,2.0,mastercard,87.0,0
429393,59.0,23,1,1166.0,0,,5.0,mastercard,87.0,0
429434,300.0,23,1,,0,,1.0,visa,87.0,0
429468,67.95,23,1,6.0,0,,2.0,mastercard,87.0,0
429472,50.0,23,1,,0,,4.0,visa,87.0,0
429488,29.0,23,1,5.0,0,,1.0,mastercard,87.0,0
429492,193.0,23,1,2.0,0,,123.0,visa,87.0,0
429494,34.5,23,1,9.0,0,,1.0,mastercard,87.0,0
429499,55.0,23,1,,0,,1.0,visa,87.0,0
429506,40.0,23,1,,0,,11.0,mastercard,87.0,0
429518,117.0,23,1,23.0,0,,1.0,visa,87.0,0
429527,2268.89,23,1,,0,,1.0,visa,87.0,0
429533,50.0,23,1,,0,,1.0,mastercard,87.0,0
429558,67.95,23,1,,0,,2.0,visa,87.0,0
429572,29.0,23,1,4.0,0,,1.0,visa,87.0,0
429594,40.0,23,1,,0,,1.0,visa,87.0,0
429596,110.0,23,1,,0,,2.0,visa,87.0,0
429597,130.0,23,1,,0,,5.0,mastercard,87.0,0
429621,59.0,23,1,,0,,7.0,visa,87.0,0
429632,57.95,23,1,5.0,0,,7.0,visa,87.0,0
429646,54.5,23,1,28.0,0,,1.0,visa,87.0,0
429686,75.0,23,1,10.0,0,,2.0,mastercard,87.0,0
429698,250.0,23,1,,0,,3.0,visa,87.0,0
429716,58.95,23,1,2382.0,0,,1.0,mastercard,87.0,0
429735,100.0,23,1,,0,,4.0,visa,87.0,0
429741,117.0,23,1,22.0,0,,2.0,visa,87.0,0
429747,39.0,23,1,981.0,0,,1.0,visa,87.0,0
429781,25.95,23,1,,0,,5.0,visa,87.0,0
429782,100.0,23,1,,0,,1.0,visa,87.0,0
429784,117.0,23,1,3.0,0,,3.0,visa,87.0,0
429813,75.0,23,1,,0,,1.0,visa,87.0,0
429816,226.0,23,1,2079.0,0,,2.0,visa,87.0,1
429832,10.0,23,1,,0,,1.0,mastercard,87.0,0
429869,40.0,23,1,,0,,3.0,mastercard,87.0,0
429889,59.0,23,1,13.0,0,,1.0,visa,87.0,0
429896,100.0,23,1,,0,,1.0,mastercard,87.0,0
429938,59.0,23,1,7.0,0,,2.0,mastercard,87.0,0
429963,54.5,23,1,,0,,1.0,mastercard,87.0,0
429978,40.0,23,1,,0,,12.0,mastercard,87.0,0
429993,200.0,23,1,,0,,1.0,visa,87.0,0
430006,50.0,23,1,,0,,1.0,visa,87.0,0
430011,226.0,23,1,,0,,1.0,visa,87.0,0
430018,117.0,23,1,7.0,0,,1.0,visa,87.0,0
430031,42.95,23,1,60.0,0,,98.0,mastercard,87.0,0
430059,39.5,23,1,,0,,1.0,visa,87.0,0
430064,30.95,23,1,1.0,0,,4.0,visa,87.0,0
430076,107.95,23,1,2.0,0,,1.0,mastercard,87.0,0
430086,49.0,23,1,,0,,1.0,mastercard,87.0,0
430101,25.0,23,1,,0,,1.0,visa,87.0,0
430103,317.5,23,1,,0,,1.0,mastercard,87.0,0
430109,175.0,23,1,,0,,4.0,discover,87.0,1
430116,117.0,23,1,14.0,0,,1.0,visa,87.0,0
430123,40.0,23,1,,0,,1.0,mastercard,87.0,0
430153,100.0,23,1,,0,,123.0,visa,87.0,0
430155,120.0,23,1,,0,,5.0,visa,87.0,0
430167,58.95,23,1,38.0,0,,1.0,mastercard,87.0,0
430173,117.0,23,1,18.0,0,,1.0,mastercard,87.0,0
430181,25.95,23,1,4.0,0,,4.0,visa,87.0,0
430192,25.99,23,1,,0,,1.0,visa,87.0,0
430194,10.0,23,1,,0,,1.0,mastercard,87.0,0
430203,100.0,23,1,,0,,2.0,mastercard,87.0,0
430210,35.0,23,1,,0,,5.0,visa,87.0,0
430235,20.0,23,1,,0,,2.0,mastercard,87.0,0
430239,157.95,23,1,,0,,1.0,visa,87.0,0
430267,50.0,23,1,,0,,6.0,mastercard,87.0,0
430308,209.95,23,1,,0,,4.0,visa,87.0,0
430309,24.5,23,1,,0,,1.0,visa,87.0,0
430324,718.95,23,1,296.0,0,,1.0,visa,87.0,0
430328,226.0,23,1,1937.0,0,,2.0,visa,87.0,1
430331,117.0,23,1,180.0,0,,1.0,mastercard,87.0,0
430333,75.0,23,1,,0,,3.0,visa,87.0,0
430336,30.0,23,1,,0,,2.0,visa,87.0,0
430343,115.0,23,1,11.0,0,,1.0,visa,87.0,0
430344,120.0,23,1,,0,,1.0,visa,87.0,1
430348,77.0,23,1,,0,,1.0,mastercard,87.0,0
430362,50.0,23,1,,0,,3.0,visa,87.0,0
430368,40.0,23,1,,0,,1.0,mastercard,87.0,0
430381,100.0,23,1,,0,,8.0,mastercard,87.0,0
430389,280.0,23,1,5.0,0,,1.0,visa,87.0,0
430399,77.95,23,1,,0,,1.0,visa,87.0,0
430399,210.95,23,1,18.0,0,,4.0,visa,87.0,0
430434,30.0,23,1,,0,,1.0,visa,87.0,0
430441,29.0,23,1,0.0,0,,2.0,mastercard,87.0,0
430448,20.0,23,1,,0,,4.0,visa,87.0,0
430452,50.0,23,1,,0,,2.0,visa,87.0,0
430458,25.0,23,1,,0,,5.0,mastercard,87.0,0
430464,35.95,23,1,16.0,0,,4.0,visa,87.0,0
430474,50.0,23,1,,0,,1.0,visa,87.0,0
430475,175.0,23,1,,0,,4.0,discover,87.0,1
430482,161.0,23,1,1557.0,0,,1.0,visa,87.0,0
430487,55.0,23,1,,0,,1.0,visa,87.0,0
430501,100.0,23,1,,0,,1.0,visa,87.0,0
430515,50.0,23,1,,0,,1.0,visa,87.0,0
430529,57.95,23,1,2.0,0,,1.0,visa,87.0,0
430560,29.0,23,1,14.0,0,,1.0,visa,87.0,0
430566,57.95,23,1,4.0,0,,6.0,mastercard,87.0,0
430568,697.69,23,1,,0,,2.0,visa,87.0,0
430569,50.0,23,1,,0,,2.0,visa,87.0,0
430570,205.95,23,1,,0,,1.0,visa,87.0,0
430586,117.0,23,1,2.0,0,,123.0,visa,87.0,0
430590,25.0,23,1,,0,,1.0,visa,87.0,0
430596,7.311,23,1,,0,18.0,1.0,visa,60.0,0
430617,171.0,23,1,6.0,0,,1.0,visa,87.0,0
430636,50.0,23,1,,0,47.0,1.0,visa,87.0,0
430638,141.0,23,1,828.0,0,,1.0,visa,87.0,1
430638,50.0,23,1,,0,,1.0,visa,87.0,0
430644,141.0,23,1,1.0,0,,2.0,visa,87.0,0
430648,117.0,23,1,,0,,7.0,visa,87.0,0
430662,9.0,23,1,,0,,0.0,visa,87.0,0
430667,39.0,23,1,6.0,0,,1.0,visa,87.0,0
430677,25.95,23,1,34.0,0,,1.0,visa,87.0,0
430680,64.47,23,1,754.0,0,,1.0,visa,87.0,0
430696,40.0,23,1,,0,,2.0,visa,87.0,0
430701,99.95,23,1,4.0,0,,5.0,mastercard,87.0,0
430727,107.95,23,1,,0,,1.0,visa,87.0,0
430763,97.0,23,1,857.0,0,,1.0,mastercard,87.0,0
430780,25.0,23,1,,0,,1.0,mastercard,87.0,0
430782,1104.0,23,1,593.0,0,,1.0,mastercard,87.0,0
430815,100.0,23,1,,0,,2.0,mastercard,87.0,0
430820,57.95,23,1,,0,,7.0,visa,87.0,0
430824,57.95,23,1,342.0,0,,2.0,mastercard,87.0,0
430828,161.4,23,1,2.0,0,,1.0,visa,87.0,0
430831,15.0,23,1,,0,,1.0,mastercard,87.0,0
430866,107.95,23,1,5.0,0,,2.0,visa,87.0,0
430886,39.998,23,1,,0,,1.0,mastercard,98.0,0
430888,29.0,23,1,,0,,1.0,visa,87.0,0
430897,100.0,23,1,,0,,115.0,visa,87.0,0
430908,97.95,23,1,134.0,0,,1.0,mastercard,87.0,0
430982,24.113,23,1,,0,,1.0,mastercard,43.0,0
431016,74.8,23,0,,0,,1.0,visa,,0
431018,25.0,23,1,,0,,3.0,mastercard,87.0,0
431036,49.0,23,1,16.0,0,,2.0,visa,87.0,0
431037,261.95,23,1,0.0,0,,1.0,mastercard,87.0,0
431068,20.0,23,1,,0,,1.0,visa,87.0,0
431076,171.0,23,1,0.0,0,,1.0,visa,87.0,0
431078,97.95,23,1,,0,,3.0,visa,87.0,0
431097,15.709,23,0,,0,7.0,1.0,mastercard,,0
431103,29.0,23,1,,0,,1.0,visa,87.0,0
431120,60.0,23,1,,0,,1.0,visa,87.0,0
431141,445.0,23,1,2038.0,0,,1.0,mastercard,87.0,0
431145,59.0,23,1,1528.0,0,,1.0,mastercard,87.0,0
431147,70.0,23,1,,0,,1.0,visa,87.0,0
431147,30.0,23,1,5.0,0,,3.0,visa,87.0,0
431151,280.01,23,1,,0,,3.0,visa,87.0,0
431161,40.0,23,1,,0,,1.0,visa,87.0,0
431187,100.0,23,1,,0,,1.0,visa,87.0,0
431191,59.0,23,1,66.0,0,,1.0,visa,87.0,0
431191,39.0,23,1,,0,,1.0,visa,87.0,0
431198,12.628,23,1,,0,,1.0,visa,60.0,0
431200,58.95,23,1,15.0,0,,15.0,visa,87.0,0
431215,200.0,23,1,,0,,3.0,visa,87.0,0
431225,750.0,23,1,,0,,1.0,mastercard,87.0,0
431232,75.0,23,1,,0,,1.0,visa,87.0,0
431271,25.0,23,1,,0,,1.0,mastercard,87.0,0
431272,75.0,23,1,,0,,2.0,mastercard,87.0,0
431292,49.544,23,1,,0,0.0,127.0,mastercard,60.0,1
431315,209.97,23,1,0.0,0,,2.0,mastercard,87.0,0
431318,874.95,23,1,,0,,3.0,visa,87.0,0
431333,30.0,23,1,,0,,1.0,visa,87.0,0
431346,100.0,23,1,,0,,1.0,mastercard,87.0,0
431368,50.0,23,1,25.0,0,,4.0,visa,87.0,0
431371,59.0,23,1,3.0,0,,1.0,visa,87.0,0
431437,39.0,23,1,4.0,0,,1.0,visa,87.0,0
431439,25.0,23,1,,0,,1.0,visa,87.0,0
431460,29.0,23,1,31.0,0,,1.0,mastercard,87.0,0
431481,62.5,23,1,75.0,0,,10.0,visa,87.0,0
431485,394.95,23,1,39.0,0,,5.0,visa,87.0,0
431487,25.0,23,1,,0,,10.0,visa,87.0,0
431498,8.942,23,0,,0,,1.0,mastercard,,0
431507,100.0,23,1,,0,,18.0,visa,87.0,0
431520,335.0,23,1,40.0,0,,1.0,mastercard,87.0,0
431536,39.0,23,1,7.0,0,,2.0,mastercard,87.0,0
431541,500.0,23,1,,0,,1.0,visa,87.0,0
431545,44.5,23,1,10.0,0,,1.0,visa,87.0,0
431578,50.0,23,1,,0,,1.0,mastercard,87.0,0
431593,280.0,23,1,2128.0,0,,1.0,mastercard,87.0,1
431630,44.0,23,1,1.0,0,,1.0,mastercard,87.0,0
431637,67.95,23,1,2.0,0,,1.0,mastercard,87.0,0
431641,30.0,23,1,,0,,2.0,visa,87.0,0
431690,226.0,23,1,,0,,2.0,mastercard,87.0,0
431731,106.49,23,1,2.0,0,,1.0,mastercard,87.0,0
431748,54.076,23,1,,0,,1.0,visa,65.0,0
431768,280.0,23,1,34.0,0,,10.0,visa,87.0,0
431779,200.0,23,1,,0,,2.0,mastercard,87.0,0
431793,250.0,23,1,,0,,2.0,visa,87.0,0
431802,1052.0,23,1,,0,,1.0,visa,87.0,0
431826,112.0,23,1,,0,,1.0,visa,87.0,0
431830,119.0,23,1,1.0,0,,5.0,visa,87.0,0
431845,100.0,23,1,,0,,18.0,visa,87.0,0
431878,8.821,23,1,,0,,2.0,visa,60.0,0
431886,100.0,23,1,,0,1.0,3.0,mastercard,87.0,0
431890,17.159,23,1,,0,7.0,1.0,mastercard,60.0,0
431894,63.079,23,1,,0,,1.0,visa,32.0,0
431895,37.0,23,1,2.0,0,,2.0,visa,87.0,0
431900,34.0,23,1,,0,,1.0,visa,87.0,0
431908,280.0,23,1,34.0,0,,10.0,visa,87.0,0
431962,17.159,23,0,,0,7.0,1.0,mastercard,,0
431965,280.0,23,1,34.0,0,,10.0,visa,87.0,0
431969,120.0,23,1,,0,,1.0,mastercard,87.0,0
431969,50.0,23,1,,0,,1.0,visa,87.0,0
431972,50.0,23,1,,0,,3.0,mastercard,87.0,0
431993,77.338,23,1,,0,,1.0,visa,60.0,0
431997,70.0,23,1,1.0,0,,40.0,mastercard,87.0,0
432021,25.0,0,1,,0,,1.0,visa,87.0,0
432022,59.41,0,1,,0,,1.0,mastercard,87.0,0
432030,219.95,0,1,,0,,1.0,visa,87.0,0
432034,35.0,0,1,,0,,68.0,visa,87.0,0
432035,50.0,0,1,,0,,1.0,visa,87.0,0
432045,100.0,0,1,,0,,1.0,visa,87.0,0
432085,50.0,0,1,,0,,1.0,visa,87.0,0
432091,10.0,0,1,,0,4.0,10.0,visa,87.0,0
432093,50.0,0,1,,0,,1.0,visa,87.0,0
432105,108.95,0,1,,0,,1.0,visa,87.0,0
432111,17.038,0,1,,0,7.0,1.0,visa,60.0,0
432127,250.0,0,1,,0,1.0,3.0,mastercard,87.0,0
432148,250.0,0,1,,0,,1.0,visa,87.0,0
432192,75.0,0,1,,0,,4.0,visa,87.0,0
432210,350.0,0,1,,0,,9.0,mastercard,87.0,0
432225,205.83,0,1,0.0,0,,1.0,visa,87.0,0
432236,25.0,0,1,,0,,3.0,mastercard,87.0,0
432245,57.95,0,1,,0,,1.0,visa,87.0,0
432268,100.0,0,1,,0,,11.0,visa,87.0,0
432286,100.0,0,1,,0,,1.0,visa,87.0,0
432320,107.95,0,1,14.0,0,,9.0,mastercard,87.0,0
432321,57.95,0,1,22.0,0,,4.0,mastercard,87.0,0
432323,20.0,0,1,,0,,1.0,visa,87.0,0
432325,70.0,0,1,,0,,1.0,visa,87.0,0
432328,49.907,0,0,,0,0.0,1.0,mastercard,,0
432358,35.0,0,1,,0,,1.0,mastercard,87.0,0
432385,54.5,0,1,,0,,2.0,visa,87.0,0
432401,200.0,0,1,,0,,3.0,mastercard,87.0,0
432404,97.95,0,1,5.0,0,,3.0,mastercard,87.0,0
432422,206.0,0,1,2.0,0,,1.0,visa,87.0,0
432429,60.0,0,1,,0,,2.0,visa,87.0,0
432431,919.95,0,1,,0,,5.0,visa,87.0,0
432433,500.0,0,1,8.0,0,,3.0,mastercard,87.0,0
432438,50.0,0,1,,0,,1.0,visa,87.0,0
432464,77.0,0,1,5.0,0,,1.0,visa,87.0,0
432470,82.95,0,1,0.0,0,,1.0,visa,87.0,0
432470,75.0,0,1,,0,,1.0,visa,87.0,0
432479,117.0,0,1,14.0,0,,5.0,visa,87.0,0
432485,193.0,0,1,,0,,1.0,mastercard,87.0,0
432502,319.21,0,1,,0,,1.0,visa,87.0,0
432504,291.95,0,1,5.0,0,,2.0,mastercard,87.0,0
432542,44.0,0,1,,0,,68.0,visa,87.0,0
432545,49.907,0,1,,0,,1.0,mastercard,13.0,0
432554,8.519,0,0,,0,,2.0,visa,,0
432571,261.95,0,1,,0,,17.0,mastercard,87.0,0
432576,87.95,0,1,,0,,2.0,visa,87.0,0
432577,75.0,0,1,,0,,1.0,mastercard,87.0,0
432580,36.95,0,1,7.0,0,,3.0,visa,87.0,0
432589,34.258,0,1,,0,18.0,1.0,visa,60.0,0
432610,30.95,0,1,2.0,0,,9.0,visa,87.0,0
432630,1004.99,0,1,15.0,0,,1.0,visa,87.0,0
432652,200.0,0,1,,0,,3.0,visa,87.0,0
432660,117.0,0,1,4.0,0,,1.0,visa,87.0,0
432675,390.0,0,1,,0,,9.0,mastercard,87.0,0
432677,10.0,0,1,,0,,1.0,visa,87.0,0
432682,82.95,0,1,,0,,1.0,visa,87.0,0
432683,97.95,0,1,,0,,2.0,visa,87.0,0
432692,100.0,0,1,,0,,1.0,visa,87.0,0
432695,20.0,0,1,,0,,2.0,mastercard,87.0,0
432700,107.95,0,1,,0,,1.0,mastercard,87.0,0
432701,100.0,0,1,15.0,0,,10.0,visa,87.0,0
432702,20.0,0,1,,0,,2.0,mastercard,87.0,0
432716,650.0,0,1,,0,,1.0,mastercard,87.0,0
432753,8.519,0,1,,0,,2.0,visa,60.0,0
432761,25.0,0,1,,0,,12.0,visa,87.0,0
432807,30.0,0,1,,0,,1.0,visa,87.0,0
432817,50.0,0,1,,0,,14.0,visa,87.0,0
432850,200.0,0,1,,0,,1.0,visa,87.0,0
432864,8.519,0,1,,0,,3.0,mastercard,60.0,0
432874,54.5,0,1,10.0,0,,3.0,visa,87.0,0
432887,293.95,0,1,7.0,0,,1.0,visa,87.0,0
432893,25.0,0,1,,0,,1.0,visa,87.0,0
432899,25.95,0,1,2.0,0,,149.0,mastercard,87.0,0
432900,200.0,0,1,,0,,1.0,visa,87.0,0
432924,43.95,0,1,,0,,5.0,visa,87.0,0
432943,107.95,0,1,3.0,0,,1.0,mastercard,87.0,0
432955,65.0,0,1,10.0,0,,1.0,mastercard,87.0,0
432964,57.95,0,1,,0,,4.0,visa,87.0,0
432964,68.5,0,1,10.0,0,,2.0,visa,87.0,0
432965,18.912,0,1,,0,,1.0,visa,31.0,0
432970,47.128,0,1,,0,0.0,128.0,visa,60.0,1
432987,200.0,0,1,,0,,2.0,american express,87.0,0
432992,200.0,0,1,,0,,2.0,american express,87.0,0
432997,49.0,0,1,6.0,0,,2.0,mastercard,87.0,0
432999,1052.0,0,1,4.0,0,,1.0,visa,87.0,0
433000,25.0,0,1,,0,,1.0,mastercard,87.0,0
433012,36.95,0,1,3.0,0,,3.0,visa,87.0,0
433040,58.95,0,1,5.0,0,,1.0,visa,87.0,0
433042,26.95,0,1,11.0,0,,1.0,visa,87.0,0
433065,100.0,0,1,,0,,2.0,american express,87.0,0
433066,117.0,0,1,2.0,0,,1.0,visa,87.0,0
433082,120.0,0,1,,0,,5.0,visa,87.0,0
433090,300.0,0,1,,0,,2.0,mastercard,87.0,0
433091,280.0,0,1,,0,,2.0,visa,87.0,0
433102,205.95,0,1,4.0,0,,2.0,visa,87.0,0
433124,50.0,0,1,,0,,1.0,visa,87.0,0
433132,49.0,0,1,,0,,1.0,visa,87.0,0
433134,97.95,0,1,,0,,1.0,mastercard,87.0,0
433141,1264.95,0,1,17.0,0,,4.0,visa,87.0,0
433149,226.0,0,1,21.0,0,,1.0,visa,87.0,0
433151,25.0,0,1,20.0,0,,1.0,mastercard,87.0,0
433153,495.95,0,1,2.0,0,,3.0,visa,87.0,0
433175,87.95,0,1,336.0,0,,1.0,visa,87.0,0
433184,50.0,0,1,,0,29.0,1.0,visa,87.0,0
433201,35.95,0,1,2.0,0,,2.0,mastercard,87.0,0
433216,25.0,0,1,,0,,1.0,visa,87.0,0
433217,17.159,0,0,,0,7.0,1.0,mastercard,,0
433218,117.0,0,1,1.0,0,,1.0,visa,87.0,0
433221,25.0,0,1,3.0,0,,5.0,visa,87.0,0
433242,1044.95,0,1,17.0,0,,4.0,visa,87.0,0
433243,34.0,0,1,4.0,0,,1.0,mastercard,87.0,0
433304,205.95,0,1,,0,,2.0,visa,87.0,0
433308,50.0,0,1,,0,,3.0,mastercard,87.0,0
433335,49.0,0,1,6.0,0,,1.0,mastercard,87.0,0
433344,50.0,0,1,,0,,1.0,discover,87.0,0
433385,209.95,0,1,0.0,0,,122.0,mastercard,87.0,0
433403,125.0,0,1,,0,,1.0,american express,87.0,0
433418,87.95,0,1,,0,,2.0,visa,87.0,0
433418,25.0,0,1,2.0,0,,3.0,visa,87.0,0
433432,31.95,0,1,,0,,71.0,visa,87.0,0
433432,88.213,0,0,,0,,1.0,visa,,0
433442,200.0,0,1,,0,,2.0,visa,87.0,0
433453,500.0,0,1,,0,,1.0,visa,87.0,0
433453,50.0,0,1,,0,,2.0,visa,87.0,0
433465,83.97,0,1,17.0,0,,3.0,visa,87.0,0
433477,29.0,0,1,669.0,0,,3.0,visa,87.0,0
433501,200.0,0,1,,0,,2.0,visa,87.0,0
433504,50.0,0,1,,0,,1.0,mastercard,87.0,0
433509,120.0,0,1,,0,,5.0,visa,87.0,0
433514,50.0,0,1,8.0,0,,1.0,mastercard,87.0,0
433537,504.95,0,1,0.0,0,,1.0,visa,87.0,0
433546,83.5,0,1,40.0,0,,1.0,visa,87.0,0
433548,171.0,0,1,,0,,1.0,visa,87.0,0
433563,40.0,0,1,4.0,0,,4.0,visa,87.0,0
433580,100.0,0,1,4.0,0,,7.0,mastercard,87.0,0
433588,85.192,0,1,,0,7.0,1.0,mastercard,60.0,0
433616,100.0,0,1,,0,,2.0,visa,87.0,0
433627,309.95,0,1,7.0,0,,107.0,visa,87.0,0
433645,77.95,0,1,173.0,0,,3.0,visa,87.0,0
433659,50.0,0,1,,0,,1.0,visa,87.0,0
433668,70.0,0,1,20.0,0,,2.0,visa,87.0,0
433675,49.0,0,1,14.0,0,,5.0,visa,87.0,0
433694,97.0,0,1,63.0,0,,1.0,mastercard,87.0,0
433738,57.95,0,1,15.0,0,,2.0,mastercard,87.0,0
433739,49.0,0,1,14.0,0,,5.0,visa,87.0,0
433753,58.95,0,1,,0,,2.0,visa,87.0,0
433757,186.0,0,1,986.0,0,,1.0,visa,87.0,0
433770,100.0,0,1,,0,,5.0,visa,87.0,0
433781,554.0,0,1,2.0,0,,1.0,visa,87.0,0
433785,20.0,0,1,,0,,1.0,visa,87.0,0
433785,42.0,0,1,45.0,0,,1.0,visa,87.0,0
433807,25.95,0,1,11.0,0,,95.0,visa,87.0,0
433815,114.798,0,1,,0,32.0,1.0,mastercard,60.0,0
433827,44.0,0,1,14.0,0,,5.0,visa,87.0,0
433827,59.0,0,1,46.0,0,,2.0,visa,87.0,0
433831,59.0,0,1,1.0,0,,3.0,mastercard,87.0,0
433838,100.0,0,1,,0,,1.0,visa,87.0,0
433841,50.0,0,1,,0,,1.0,visa,87.0,0
433881,85.192,0,1,,0,10.0,1.0,visa,60.0,0
433887,20.0,0,1,,0,,1.0,visa,87.0,0
433913,30.0,0,1,,0,,1.0,visa,87.0,0
433915,100.599,0,0,,0,7.0,1.0,visa,,0
433921,100.0,0,1,3.0,0,,10.0,visa,87.0,0
433955,190.0,0,1,5.0,0,,11.0,visa,87.0,0
433984,50.0,0,1,,0,,3.0,visa,87.0,0
433993,919.95,0,1,,0,,5.0,visa,87.0,0
433997,300.0,0,1,23.0,0,,2.0,visa,87.0,0
434002,200.0,0,1,,0,,2.0,mastercard,87.0,0
434016,511.95,0,1,17.0,0,,3.0,discover,87.0,0
434029,30.0,0,1,19.0,0,,2.0,visa,87.0,0
434034,21.95,0,1,6.0,0,,1.0,visa,87.0,0
434050,19.274,0,0,,0,,1.0,mastercard,,0
434064,200.0,0,1,,0,,1.0,visa,87.0,0
434105,210.95,0,1,,0,,37.0,mastercard,87.0,0
434105,25.0,0,1,,0,,2.0,visa,87.0,0
434107,35.0,0,1,,0,,68.0,visa,87.0,0
434112,150.0,0,1,,0,,1.0,american express,87.0,0
434114,88.95,0,1,,0,,1.0,visa,87.0,0
434130,75.0,0,1,,0,,1.0,visa,87.0,0
434134,117.0,0,1,,0,,2.0,mastercard,87.0,0
434139,107.95,0,1,26.0,0,,1.0,mastercard,87.0,0
434162,57.95,0,1,4.0,0,,1.0,mastercard,87.0,0
434167,25.0,0,1,,0,,1.0,visa,87.0,0
434174,47.95,0,1,4.0,0,,4.0,visa,87.0,0
434185,80.0,0,1,,0,,1.0,visa,87.0,0
434191,141.0,0,1,5.0,0,,1.0,visa,87.0,0
434216,347.95,0,1,,0,,1.0,visa,87.0,0
434217,28.699,0,1,,0,32.0,2.0,mastercard,60.0,0
434280,94.98,0,1,,0,0.0,2.0,visa,60.0,0
434283,30.0,0,1,,0,,1.0,visa,87.0,0
434288,125.47,0,1,,0,,7.0,visa,87.0,0
434306,28.699,0,0,,0,32.0,2.0,mastercard,,0
434312,109.0,0,1,,0,,2.0,visa,87.0,0
434325,49.0,0,1,5.0,0,,1.0,mastercard,87.0,0
434335,65.0,0,1,,0,,2.0,visa,87.0,0
434360,335.0,0,1,7.0,0,,2.0,visa,87.0,0
434366,77.95,0,1,,0,,2.0,mastercard,87.0,0
434374,250.0,0,1,,0,7.0,2.0,american express,87.0,0
434381,30.0,0,1,,0,,6.0,visa,87.0,0
434387,108.5,0,1,,0,,2.0,visa,87.0,0
434403,50.0,0,1,,0,2.0,1.0,discover,87.0,0
434404,50.0,0,1,10.0,0,,1.0,mastercard,87.0,0
434441,57.95,0,1,3813.0,0,,4.0,visa,87.0,0
434464,25.0,0,1,,0,,1.0,visa,87.0,0
434479,34.5,0,1,,0,,1.0,visa,87.0,0
434502,38.669,0,1,,0,7.0,5.0,visa,60.0,1
434521,117.0,0,1,,0,,1.0,visa,87.0,0
434524,32.325,0,0,,0,0.0,1.0,mastercard,,1
434534,44.0,0,1,2.0,0,,68.0,visa,87.0,0
434542,30.0,0,1,,0,,6.0,visa,87.0,0
434560,107.95,0,1,,0,,4.0,mastercard,87.0,0
434564,100.0,0,1,,0,,2.0,visa,87.0,0
434574,100.0,0,1,1.0,0,,9.0,visa,87.0,0
434584,25.0,0,1,,0,,1.0,visa,87.0,0
434585,37.0,0,1,91.0,0,,1.0,visa,87.0,0
434587,13.232,0,0,,0,,1.0,visa,,0
434589,107.729,0,0,,0,631.0,1.0,visa,,0
434592,204.97,0,1,,0,,1.0,visa,87.0,0
434608,32.325,0,0,,0,0.0,2.0,mastercard,,1
434651,15.0,0,1,,0,,2.0,mastercard,87.0,0
434673,105.372,0,0,,0,7.0,1.0,visa,,0
434680,117.0,0,1,,0,,1.0,visa,87.0,0
434695,335.0,0,1,16.0,0,,3.0,visa,87.0,0
434710,50.0,0,1,,0,,5.0,mastercard,87.0,0
434711,50.0,0,1,,0,,1.0,visa,87.0,0
434718,58.95,0,1,,0,,11.0,mastercard,87.0,0
434718,69.51,0,1,,0,,1.0,mastercard,87.0,0
434720,78.788,0,0,,0,1.0,129.0,mastercard,,1
434723,100.0,0,1,,0,,1.0,mastercard,87.0,0
434732,32.325,0,0,,0,0.0,282.0,visa,,1
434763,54.47,0,1,1.0,0,,188.0,mastercard,87.0,0
434770,100.0,0,1,,0,,2.0,visa,87.0,0
434772,29.0,0,1,,0,,1.0,visa,87.0,0
434786,47.95,0,1,,0,,4.0,visa,87.0,0
434820,20.0,0,1,3.0,0,,6.0,visa,87.0,0
434834,18.95,0,1,58.0,0,,148.0,visa,87.0,0
434862,108.95,0,1,,0,,2.0,visa,87.0,0
434897,47.95,0,1,,0,,70.0,mastercard,87.0,0
434899,200.0,0,1,,0,,1.0,mastercard,87.0,0
434905,35.0,0,1,,0,37.0,1.0,visa,87.0,0
434927,59.0,0,1,,0,,1.0,visa,87.0,0
434949,205.95,0,1,,0,,2.0,visa,87.0,0
434950,29.304,0,1,,0,0.0,2.0,visa,60.0,0
434955,12.809,0,1,,0,,1.0,visa,60.0,0
434961,47.95,0,1,3.0,0,,1.0,mastercard,87.0,0
434965,280.0,0,1,10.0,0,,1.0,mastercard,87.0,0
434965,98.364,0,0,,0,7.0,1.0,visa,,0
434965,100.0,0,1,,0,,10.0,mastercard,87.0,0
434978,20.0,0,1,,0,,2.0,visa,87.0,0
434983,34.0,0,1,18.0,0,,1.0,visa,87.0,0
434998,49.0,0,1,13.0,0,,1.0,visa,87.0,0
435012,40.0,0,1,6.0,0,,3.0,visa,87.0,0
435034,130.0,0,1,,0,,1.0,visa,87.0,0
435087,6.75,0,1,8.0,0,,166.0,mastercard,87.0,0
435187,58.95,0,1,,0,,1.0,visa,87.0,0
435254,25.95,0,1,,0,,5.0,mastercard,87.0,0
435255,31.95,0,1,321.0,0,,2.0,mastercard,87.0,0
435263,25.0,0,1,,0,,1.0,visa,87.0,0
435270,72.564,0,1,,0,7.0,1.0,visa,60.0,0
435280,200.0,0,1,,0,,3.0,visa,87.0,0
435320,226.0,0,1,,0,,1.0,mastercard,87.0,0
435347,20.0,0,1,,0,,2.0,visa,87.0,0
435372,117.0,0,1,30.0,0,,6.0,mastercard,87.0,0
435374,25.0,0,1,,0,,1.0,visa,87.0,0
435379,34.5,0,1,4.0,0,,1.0,visa,87.0,0
435387,54.5,0,1,,0,,1.0,visa,87.0,0
435388,29.0,0,1,37.0,0,,1.0,visa,87.0,0
435393,92.0,0,1,7.0,0,,2.0,visa,87.0,0
435415,100.0,0,1,,0,,1.0,visa,87.0,1
435419,644.95,0,1,,0,,1.0,visa,87.0,0
435425,59.0,0,1,1.0,0,,1.0,mastercard,87.0,0
435428,25.0,0,1,,0,,1.0,visa,87.0,0
435437,100.0,0,1,15.0,0,,3.0,visa,87.0,0
435441,100.0,0,1,,0,,1.0,visa,87.0,0
435445,336.0,0,1,0.0,0,,1.0,visa,87.0,0
435445,57.95,0,1,7.0,0,,15.0,mastercard,87.0,0
435454,200.0,0,1,,0,,1.0,mastercard,87.0,0
435459,159.95,0,1,,0,,3.0,mastercard,87.0,0
435494,200.0,0,1,,0,,6.0,visa,87.0,0
435569,58.51,0,1,,0,,1.0,mastercard,87.0,0
435578,107.95,0,1,13.0,0,,118.0,visa,87.0,0
435583,78.788,0,0,,0,1.0,129.0,visa,,1
435588,25.0,0,1,,0,,1.0,visa,87.0,0
435597,300.0,0,1,9.0,0,,1.0,visa,87.0,0
435602,844.95,1,1,23.0,0,,1.0,visa,87.0,0
435615,59.0,1,1,2.0,0,,4.0,visa,87.0,0
435617,78.95,1,1,,0,,1.0,visa,87.0,0
435619,47.95,1,1,0.0,0,,4.0,visa,87.0,0
435621,100.0,1,1,,0,,1.0,mastercard,87.0,0
435624,46.5,1,1,,0,,1.0,visa,87.0,0
435633,29.0,1,1,,0,,1.0,visa,87.0,0
435634,78.788,1,0,,0,1.0,129.0,visa,,1
435638,11.604,1,1,,0,353.0,5.0,visa,60.0,0
435668,29.304,1,1,,0,0.0,2.0,visa,60.0,0
435669,474.95,1,1,,0,,2.0,visa,87.0,0
435676,200.0,1,1,,0,,1.0,american express,87.0,0
435685,29.0,1,1,,0,,1.0,visa,87.0,0
435704,50.0,1,1,14.0,0,,2.0,mastercard,87.0,0
435704,117.0,1,1,,0,,3.0,visa,87.0,0
435726,171.0,1,1,,0,,1.0,visa,87.0,0
435740,150.0,1,1,6.0,0,,2.0,visa,87.0,0
435755,213.0,1,1,2.0,0,,6.0,visa,87.0,0
435778,107.95,1,1,8.0,0,,120.0,visa,87.0,0
435786,117.0,1,1,7.0,0,,1.0,mastercard,87.0,0
435787,78.788,1,0,,0,1.0,129.0,mastercard,,1
435811,47.95,1,1,8.0,0,,6.0,visa,87.0,1
435830,59.0,1,1,8.0,0,,2.0,mastercard,87.0,0
435860,311.95,1,1,9.0,0,,1.0,visa,87.0,0
435867,278.0,1,1,3.0,0,,1.0,visa,87.0,0
435910,15.95,1,1,118.0,0,,3.0,visa,87.0,0
435921,47.732,1,0,,0,,42.0,mastercard,,1
435933,30.0,1,1,8.0,0,,1.0,visa,87.0,0
435947,57.95,1,1,1.0,0,,98.0,visa,87.0,0
435954,47.732,1,0,,0,,42.0,mastercard,,1
435962,29.0,1,1,,0,,1.0,visa,87.0,0
435982,100.0,1,1,,0,,1.0,visa,87.0,0
435986,35.95,1,1,0.0,0,,8.0,mastercard,87.0,0
435986,55.0,1,1,,0,,14.0,mastercard,87.0,0
436001,47.732,1,0,,0,,43.0,mastercard,,1
436006,24.047,1,1,,0,1.0,1.0,visa,60.0,0
436012,25.0,1,1,,0,,1.0,visa,87.0,0
436049,49.0,1,1,108.0,0,,1.0,visa,87.0,0
436101,100.0,1,0,,0,,1.0,visa,,0
436109,100.0,1,1,,0,,1.0,mastercard,87.0,0
436123,54.0,1,1,5.0,0,,1.0,visa,87.0,0
436146,80.0,1,1,7.0,0,,1.0,visa,87.0,0
436153,16.072,1,1,,0,744.0,1.0,mastercard,60.0,0
436161,117.0,1,1,15.0,0,,2.0,mastercard,87.0,0
436170,117.0,1,1,9.0,0,,2.0,mastercard,87.0,0
436172,48.95,1,1,4.0,0,,1.0,visa,87.0,0
436181,130.95,1,1,,0,,1.0,visa,87.0,0
436206,300.0,1,1,,0,,2.0,visa,87.0,0
436220,100.0,1,1,,0,,1.0,visa,87.0,0
436232,57.95,1,1,27.0,0,,3.0,mastercard,87.0,0
436238,62.474,1,0,,0,391.0,1.0,mastercard,,0
436289,50.0,1,1,,0,,1.0,visa,87.0,0
436309,67.95,1,1,,0,,5.0,visa,87.0,0
436342,10.0,1,1,,0,,1.0,visa,87.0,0
436346,22.97,1,1,54.0,0,,5.0,visa,87.0,0
436349,47.95,1,1,,0,,7.0,visa,87.0,0
436448,226.0,1,1,,0,,4.0,visa,87.0,0
436475,59.0,1,1,4.0,0,,1.0,mastercard,87.0,0
436481,107.95,1,1,,0,,2.0,visa,87.0,0
436509,300.0,1,1,12.0,0,,2.0,visa,87.0,0
436517,30.0,1,1,,0,,1.0,mastercard,87.0,0
436520,171.0,1,1,,0,,1.0,visa,87.0,0
436531,42.95,1,1,4.0,0,,12.0,visa,87.0,0
436535,5.0,1,1,,0,,1.0,visa,87.0,0
436571,41.0,1,1,,0,,1.0,visa,87.0,0
436598,107.95,1,1,,0,,2.0,visa,87.0,0
436639,50.0,1,1,,0,,6.0,visa,87.0,0
436644,50.0,1,1,,0,,1.0,american express,87.0,0
436667,47.95,1,1,5.0,0,,15.0,visa,87.0,0
436699,221.99,1,1,13.0,0,,1.0,visa,87.0,0
436723,22.97,1,1,54.0,0,,5.0,visa,87.0,0
436743,260.0,1,1,,0,,5.0,visa,87.0,1
436753,120.0,1,1,,0,,1.0,mastercard,87.0,0
436784,100.0,1,1,17.0,0,,1.0,mastercard,87.0,0
436787,25.0,1,1,10.0,0,,33.0,visa,87.0,0
436813,25.256,1,0,,0,521.0,1.0,visa,,1
436820,154.97,1,1,9.0,0,,1.0,visa,87.0,0
436828,20.0,1,1,,0,,1.0,mastercard,87.0,0
436846,10.95,1,1,,0,,16.0,visa,87.0,0
436851,43.502,1,0,,0,,1.0,mastercard,,0
436860,36.95,1,1,5.0,0,,2.0,visa,87.0,0
436862,50.0,1,1,,0,,1.0,american express,87.0,0
436873,226.0,1,1,0.0,0,,1.0,mastercard,87.0,0
436880,50.0,1,1,,0,,1.0,american express,87.0,0
436900,46.5,1,1,2.0,0,,1.0,visa,87.0,0
436901,25.0,1,1,,0,,1.0,visa,87.0,0
436930,35.95,1,1,1173.0,0,,2.0,mastercard,87.0,0
436936,35.0,1,1,,0,,1.0,visa,87.0,0
436949,120.0,1,1,,0,,5.0,mastercard,87.0,0
436972,150.0,1,1,,0,,4.0,visa,87.0,0
436992,50.0,1,1,,0,,1.0,visa,87.0,0
436992,30.936,1,1,,0,,1.0,visa,13.0,0
436995,40.0,1,1,,0,,3.0,mastercard,87.0,0
437006,52.95,1,1,189.0,0,,2.0,mastercard,87.0,0
437024,342.06,1,1,16.0,0,,2.0,visa,87.0,0
437043,12.567,1,1,,0,712.0,2.0,visa,60.0,0
437060,312.72,1,1,12.0,0,,2.0,visa,87.0,0
437079,35.95,1,1,24.0,0,,1.0,mastercard,87.0,0
437185,67.95,1,1,104.0,0,,2.0,visa,87.0,0
437201,100.0,1,1,,0,,4.0,mastercard,87.0,0
437207,250.0,1,1,,0,53.0,1.0,visa,87.0,0
437211,50.0,1,1,,0,,1.0,visa,87.0,0
437219,45.0,1,1,,0,,1.0,mastercard,87.0,0
437223,59.0,1,1,14.0,0,,5.0,mastercard,87.0,0
437235,60.0,1,1,,0,,1.0,visa,87.0,0
437244,210.99,1,1,,0,,2.0,mastercard,87.0,0
437248,171.0,1,1,8.0,0,,2.0,visa,87.0,0
437271,50.0,1,1,,0,,1.0,visa,87.0,0
437285,77.0,1,1,59.0,0,,11.0,visa,87.0,0
437285,49.0,1,1,,0,,1.0,visa,87.0,0
437303,171.0,1,1,14.0,0,,4.0,visa,87.0,0
437327,154.97,1,1,,0,,1.0,visa,87.0,0
437328,20.0,1,1,,0,,4.0,visa,87.0,0
437368,29.0,1,1,33.0,0,,1.0,visa,87.0,0
437372,49.0,1,1,32.0,0,,1.0,visa,87.0,0
437372,196.0,1,1,1.0,0,,7.0,visa,87.0,1
437374,47.95,1,1,116.0,0,,8.0,mastercard,87.0,0
437377,57.95,1,1,,0,,1.0,visa,87.0,0
437382,35.95,1,1,1181.0,0,,1.0,visa,87.0,0
437389,200.0,1,1,,0,,3.0,mastercard,87.0,0
437401,59.0,1,1,18.0,0,,1.0,visa,87.0,0
437404,75.0,1,1,,0,,1.0,mastercard,87.0,0
437425,48.95,1,1,,0,,4.0,visa,87.0,0
437434,39.0,1,1,12.0,0,,1.0,mastercard,87.0,0
437441,226.0,1,1,,0,,6.0,visa,87.0,0
437449,117.0,1,1,14.0,0,,5.0,visa,87.0,0
437468,40.0,1,1,,0,,1.0,visa,87.0,0
437478,35.406,1,1,,0,626.0,1.0,visa,60.0,0
437481,25.0,1,1,,0,,1.0,visa,87.0,0
437486,48.95,1,1,7.0,0,,2.0,visa,87.0,0
437493,25.0,1,1,,0,,1.0,visa,87.0,0
437496,35.648,1,1,,0,,1.0,mastercard,101.0,0
437528,70.0,1,1,,0,,1.0,visa,87.0,0
437536,200.0,1,1,,0,,1.0,visa,87.0,0
437537,150.0,1,1,,0,,1.0,american express,87.0,0
437542,47.95,1,1,314.0,0,,2.0,mastercard,87.0,0
437597,59.0,1,1,6.0,0,,1.0,visa,87.0,0
437616,82.95,1,1,9.0,0,,1.0,mastercard,87.0,0
437620,57.95,1,1,0.0,0,,4.0,mastercard,87.0,0
437652,59.0,1,1,5.0,0,,2.0,visa,87.0,0
437680,100.0,1,1,,0,,1.0,visa,87.0,0
437690,44.5,1,1,,0,,2.0,mastercard,87.0,0
437697,219.17,1,1,,0,,1.0,mastercard,87.0,0
437713,50.0,1,1,,0,,1.0,mastercard,87.0,0
437722,29.0,1,1,2502.0,0,,1.0,visa,87.0,0
437724,80.0,1,1,,0,,1.0,visa,87.0,0
437742,226.0,1,1,0.0,0,,1.0,mastercard,87.0,0
437772,70.691,1,1,,0,7.0,1.0,mastercard,60.0,0
437774,198.95,1,1,12.0,0,,1.0,mastercard,87.0,0
437788,226.0,1,1,13.0,0,,1.0,visa,87.0,0
437825,35.95,1,1,8.0,0,,1.0,mastercard,87.0,0
437847,80.0,1,1,60.0,0,,2.0,visa,87.0,0
437850,57.95,1,1,27.0,0,,9.0,visa,87.0,0
437862,226.0,1,1,,0,,7.0,visa,87.0,0
437891,1007.88,1,1,,0,,1.0,visa,87.0,0
437900,39.0,1,1,4.0,0,,2.0,visa,87.0,0
437907,554.0,1,1,926.0,0,,1.0,visa,87.0,0
437916,128.695,1,0,,0,20.0,1.0,visa,,0
437954,422.5,1,1,,0,,1.0,visa,87.0,0
437957,75.0,1,1,,0,,1.0,visa,87.0,0
437958,59.0,1,1,6.0,0,,1.0,mastercard,87.0,0
437992,50.0,1,1,,0,,1.0,visa,87.0,0
437993,75.0,1,1,,0,,1.0,visa,87.0,0
438004,159.95,1,1,,0,,15.0,visa,87.0,0
438029,128.695,1,1,,0,20.0,1.0,visa,60.0,0
438063,25.95,1,1,5.0,0,,200.0,visa,87.0,0
438077,21.95,1,1,1.0,0,,1.0,visa,87.0,0
438081,50.0,1,1,,0,,2.0,mastercard,87.0,0
438081,107.95,1,1,2335.0,0,,2.0,visa,87.0,0
438083,85.0,1,1,6.0,0,,10.0,visa,87.0,0
438086,106.95,1,1,13.0,0,,1.0,visa,87.0,0
438092,57.95,1,1,4.0,0,,9.0,visa,87.0,0
438115,100.0,1,1,,0,,3.0,visa,87.0,0
438121,36.95,1,1,,0,,1.0,mastercard,87.0,0
438129,35.0,1,1,,0,0.0,3.0,visa,87.0,0
438134,21.95,1,1,20.0,0,,1.0,mastercard,87.0,0
438137,100.0,1,1,,0,,1.0,american express,87.0,0
438168,50.0,1,1,,0,,80.0,mastercard,87.0,0
438169,159.95,1,1,6.0,0,,15.0,visa,87.0,0
438170,35.95,1,1,2.0,0,,2.0,visa,87.0,0
438176,50.0,1,1,,0,,1.0,mastercard,87.0,0
438197,25.0,1,1,,0,,1.0,visa,87.0,0
438209,74.8,1,1,,0,,1.0,visa,65.0,0
438214,50.0,1,1,,0,,1.0,visa,87.0,0
438217,50.0,1,1,,0,,1.0,visa,87.0,0
438235,29.0,1,1,19.0,0,,1.0,visa,87.0,0
438242,107.95,1,1,7.0,0,,1.0,visa,87.0,0
438267,348.28,1,1,,0,,1.0,visa,87.0,0
438284,54.47,1,1,,0,,5.0,mastercard,87.0,0
438296,74.8,1,0,,0,,1.0,visa,,0
438343,128.695,1,0,,0,20.0,1.0,visa,,0
438354,59.0,1,1,,0,,7.0,visa,87.0,0
438394,74.8,1,1,,0,,2.0,visa,65.0,0
438396,50.0,1,1,,0,,3.0,visa,87.0,0
438403,245.0,1,1,7.0,0,,2.0,visa,87.0,0
438412,50.0,1,1,,0,,3.0,visa,87.0,0
438416,50.0,1,1,,0,,17.0,mastercard,87.0,0
438435,280.0,1,1,516.0,0,,1.0,mastercard,87.0,0
438446,159.95,1,1,,0,,15.0,visa,87.0,0
438470,304.49,1,1,9.0,0,,1.0,mastercard,87.0,0
438473,317.5,1,1,19.0,0,,1.0,visa,87.0,0
438484,59.0,1,1,81.0,0,,1.0,mastercard,87.0,0
438506,108.5,1,1,23.0,0,,1.0,visa,87.0,0
438507,59.0,1,1,61.0,0,,1.0,visa,87.0,0
438513,300.0,1,1,,0,,1.0,visa,87.0,0
438547,100.0,1,1,,0,,1.0,visa,87.0,0
438593,554.0,1,1,,0,,7.0,visa,87.0,0
438598,77.0,1,1,6.0,0,,1.0,visa,87.0,0
438619,59.0,1,1,0.0,0,,2.0,mastercard,87.0,0
438621,57.95,1,1,0.0,0,,2.0,visa,87.0,0
438637,100.0,1,1,,0,,9.0,visa,87.0,0
438644,30.95,1,1,,0,,4.0,mastercard,87.0,0
438651,59.0,1,1,8.0,0,,5.0,visa,87.0,0
438671,54.0,1,1,2502.0,0,,1.0,visa,87.0,0
438682,80.0,1,1,40.0,0,,2.0,mastercard,87.0,0
438684,409.95,1,1,5.0,0,,1.0,visa,87.0,0
438701,160.5,1,1,,0,,1.0,visa,87.0,0
438704,56.5,1,1,,0,,1.0,visa,87.0,0
438747,60.239,1,0,,0,104.0,1.0,mastercard,,0
438765,57.0,1,1,9.0,0,,1.0,mastercard,87.0,0
438788,75.95,1,1,7.0,0,,147.0,visa,87.0,0
438826,200.0,1,1,11.0,0,,1.0,visa,87.0,0
438847,24.0,1,1,,0,,1.0,visa,87.0,0
438854,92.0,1,1,717.0,0,,3.0,visa,87.0,0
438876,226.0,1,1,19.0,0,,3.0,mastercard,87.0,0
438882,40.0,1,1,573.0,0,,5.0,visa,87.0,0
438889,56.5,1,1,,0,,2.0,visa,87.0,0
438891,107.95,1,1,9.0,0,,1.0,visa,87.0,0
438914,50.0,1,1,,0,,1.0,mastercard,87.0,0
438916,57.95,1,1,11.0,0,,1.0,visa,87.0,0
438926,25.0,1,1,,0,,1.0,visa,87.0,0
438927,59.0,1,1,24.0,0,,1.0,mastercard,87.0,0
438928,107.95,1,1,,0,,3.0,mastercard,87.0,0
438954,39.0,1,1,36.0,0,,1.0,visa,87.0,0
438967,325.0,1,1,1.0,0,,1.0,mastercard,87.0,0
438997,107.95,1,1,2.0,0,,6.0,visa,87.0,0
439026,50.0,1,1,,0,,2.0,visa,87.0,0
439029,59.937,1,0,,0,517.0,1.0,visa,,0
439077,40.0,1,1,,0,,5.0,visa,87.0,0
439090,83.97,1,1,5.0,0,,3.0,visa,87.0,0
439110,107.95,1,1,2.0,0,,1.0,mastercard,87.0,0
439113,201.0,1,1,,0,,148.0,visa,87.0,0
439140,174.95,1,1,371.0,0,,1.0,visa,87.0,0
439144,49.5,1,1,8.0,0,,5.0,visa,87.0,0
439148,65.0,1,1,,0,,11.0,mastercard,87.0,0
439173,226.0,1,1,,0,,1.0,visa,87.0,0
439289,40.0,2,1,,0,,1.0,mastercard,87.0,0
439315,50.0,2,1,2.0,0,,2.0,visa,87.0,0
439323,50.0,2,1,,0,,1.0,mastercard,87.0,0
439338,40.0,2,1,,0,,2.0,visa,87.0,0
439370,58.95,2,1,869.0,0,,1.0,mastercard,87.0,0
439370,15.0,2,1,,0,,1.0,mastercard,87.0,0
439390,382.61,2,1,,0,,2.0,visa,87.0,0
439400,59.0,2,1,,0,,1.0,mastercard,87.0,0
439410,92.0,2,1,9.0,0,,5.0,visa,87.0,0
439424,171.0,2,1,,0,,4.0,visa,87.0,0
439452,20.0,2,1,7.0,0,,2.0,mastercard,87.0,0
439467,250.0,2,1,,0,14.0,2.0,mastercard,87.0,0
439493,59.0,2,1,46.0,0,,1.0,visa,87.0,0
439513,68.95,2,1,,0,,2.0,visa,87.0,0
439519,257.95,2,1,,0,,99.0,visa,87.0,0
439522,33.593,2,1,,0,421.0,1.0,mastercard,60.0,0
439524,180.172,2,1,,0,20.0,1.0,visa,60.0,0
439535,70.0,2,1,,0,,1.0,visa,87.0,0
439545,59.0,2,1,36.0,0,,1.0,mastercard,87.0,0
439549,57.95,2,1,7.0,0,,1.0,visa,87.0,0
439552,103.95,2,1,10.0,0,,2.0,mastercard,87.0,0
439554,120.95,2,1,9.0,0,,282.0,visa,87.0,0
439571,25.0,2,1,,0,,1.0,mastercard,87.0,0
439596,80.0,2,1,,0,,3.0,mastercard,87.0,0
439597,25.0,2,1,,0,0.0,2.0,visa,87.0,0
439598,108.95,2,1,12.0,0,,2.0,visa,87.0,0
439600,180.172,2,0,,0,20.0,1.0,visa,,0
439607,20.0,2,1,,0,,2.0,visa,87.0,0
439624,34.0,2,1,394.0,0,,1.0,visa,87.0,0
439655,159.95,2,1,365.0,0,,11.0,visa,87.0,0
439667,77.0,2,1,153.0,0,,1.0,mastercard,87.0,0
439679,50.0,2,1,,0,,1.0,visa,87.0,0
439691,250.0,2,1,,0,,1.0,visa,87.0,0
439692,209.95,2,1,1095.0,0,,4.0,visa,87.0,0
439692,39.0,2,1,,0,,1.0,mastercard,87.0,0
439752,59.0,2,1,10.0,0,,1.0,visa,87.0,0
439814,30.0,2,1,,0,,173.0,mastercard,87.0,0
439860,25.0,2,1,,0,,1.0,visa,87.0,0
439869,150.0,2,1,,0,,1.0,visa,87.0,0
439870,16.012,2,0,,0,0.0,1.0,mastercard,,0
439884,100.0,2,1,,0,,1.0,visa,87.0,0
439910,716.88,2,1,,0,,1.0,mastercard,87.0,0
439920,100.0,2,1,,0,,1.0,mastercard,87.0,0
439925,47.95,2,1,9.0,0,,11.0,visa,87.0,0
439927,200.0,2,1,2.0,0,,2.0,visa,87.0,0
439947,25.0,2,1,11.0,0,,2.0,visa,87.0,0
439949,16.012,2,0,,0,0.0,2.0,mastercard,,0
439952,77.458,2,1,,0,544.0,1.0,mastercard,60.0,0
439958,70.0,2,1,,0,,2.0,visa,87.0,0
439986,68.5,2,1,,0,,2.0,visa,87.0,0
439987,884.0,2,1,6.0,0,,2.0,visa,87.0,0
439993,107.95,2,1,19.0,0,,91.0,mastercard,87.0,0
440027,107.95,2,1,145.0,0,,4.0,mastercard,87.0,0
440033,226.0,2,1,5.0,0,,2.0,mastercard,87.0,0
440045,57.95,2,1,,0,,10.0,visa,87.0,0
440048,47.95,2,1,9.0,0,,11.0,visa,87.0,0
440050,39.5,2,1,,0,,2.0,visa,87.0,0
440055,16.012,2,1,,0,0.0,3.0,mastercard,60.0,0
440070,46.403,2,1,,0,7.0,1.0,mastercard,60.0,0
440074,31.0,2,1,2.0,0,,173.0,mastercard,87.0,0
440082,190.323,2,0,,0,20.0,1.0,visa,,0
440139,30.0,2,1,,0,,1.0,mastercard,87.0,0
440148,190.323,2,0,,0,20.0,2.0,visa,,0
440174,50.0,2,1,,0,,1.0,visa,87.0,0
440188,57.95,2,1,117.0,0,,2.0,visa,87.0,0
440204,107.95,2,1,5.0,0,,6.0,mastercard,87.0,0
440212,30.95,2,1,22.0,0,,1.0,visa,87.0,0
440213,42.95,2,1,4.0,0,,3.0,visa,87.0,0
440214,47.95,2,1,,0,,7.0,visa,87.0,0
440216,107.95,2,1,913.0,0,,1.0,visa,87.0,0
440222,50.0,2,1,,0,,1.0,visa,87.0,0
440239,100.0,2,1,,0,,1.0,visa,87.0,0
440253,171.0,2,1,0.0,0,,1.0,visa,87.0,0
440254,150.0,2,1,,0,,1.0,mastercard,87.0,0
440265,150.0,2,1,22.0,0,,4.0,visa,87.0,0
440269,12.87,2,0,,0,104.0,1.0,visa,,0
440296,70.0,2,1,,0,,1.0,visa,87.0,0
440305,125.0,2,1,,0,,2.0,visa,87.0,0
440313,50.0,2,1,,0,,1.0,visa,87.0,0
440334,107.95,2,1,7.0,0,,1.0,mastercard,87.0,0
440334,44.107,2,0,,0,134.0,1.0,visa,,0
440336,36.95,2,1,8.0,0,,7.0,mastercard,87.0,0
440339,31.95,2,1,3.0,0,,5.0,visa,87.0,0
440361,25.0,2,1,,0,,1.0,visa,87.0,0
440362,100.0,2,1,,0,,1.0,visa,87.0,0
440439,108.5,2,1,2587.0,0,,1.0,visa,87.0,0
440441,107.95,2,1,32.0,0,,3.0,visa,87.0,0
440464,107.95,2,1,,0,,2.0,mastercard,87.0,0
440468,9.305,2,0,,0,74.0,1.0,mastercard,,0
440481,30.95,2,1,3.0,0,,1.0,mastercard,87.0,0
440485,39.0,2,1,6.0,0,,1.0,mastercard,87.0,0
440492,28.76,2,0,,0,1.0,1.0,visa,,0
440505,8.157,2,1,,0,443.0,1.0,mastercard,60.0,0
440514,200.0,2,1,,0,,3.0,visa,87.0,0
440529,190.323,2,0,,0,20.0,2.0,visa,,0
440537,230.0,2,1,,0,,3.0,visa,87.0,0
440580,48.97,2,1,,0,,10.0,visa,87.0,0
440581,97.95,2,1,7.0,0,,13.0,visa,87.0,0
440596,70.0,2,1,,0,,8.0,visa,87.0,0
440597,25.0,2,1,,0,,1.0,visa,87.0,0
440608,20.0,2,1,,0,,1.0,mastercard,87.0,0
440644,311.95,2,1,7.0,0,,2.0,visa,87.0,0
440650,57.95,2,1,13.0,0,,2.0,mastercard,87.0,0
440722,57.95,2,1,,0,,2.0,mastercard,87.0,0
440734,100.0,2,1,,0,,1.0,mastercard,87.0,0
440780,54.21,2,1,14.0,0,,22.0,visa,87.0,0
440815,60.0,2,1,,0,,1.0,mastercard,87.0,0
440840,50.0,2,1,,0,,1.0,visa,87.0,0
440849,35.95,2,1,,0,,1.0,visa,87.0,0
440872,57.95,2,1,271.0,0,,3.0,visa,87.0,0
440927,91.718,2,1,,0,7.0,2.0,mastercard,60.0,0
440955,103.95,2,1,,0,,14.0,discover,87.0,0
440978,221.99,2,1,2.0,0,,1.0,visa,87.0,0
441027,10.936,2,1,,0,340.0,2.0,visa,60.0,0
441053,45.0,2,1,,0,,1.0,mastercard,87.0,0
441058,57.95,2,1,,0,,2.0,mastercard,87.0,0
441059,260.0,2,1,,0,,5.0,visa,87.0,1
441065,59.0,2,1,10.0,0,,1.0,visa,87.0,0
441098,311.95,2,1,199.0,0,,3.0,mastercard,87.0,0
441151,40.0,2,1,3.0,0,,1.0,visa,87.0,0
441164,15.0,2,1,,0,,1.0,visa,87.0,0
441179,78.95,2,1,1.0,0,,9.0,visa,87.0,0
441208,35.95,2,1,4.0,0,,22.0,mastercard,87.0,0
441211,82.95,2,1,,0,,1.0,visa,87.0,0
441212,1953.53,2,1,3.0,0,,1.0,visa,87.0,0
441235,12.205,2,1,,0,46.0,1.0,mastercard,60.0,0
441246,30.0,2,1,,0,,1.0,mastercard,87.0,0
441254,151.654,2,1,,0,,1.0,mastercard,24.0,0
441264,40.0,2,1,,0,,1.0,discover,87.0,0
441266,59.0,2,1,,0,,2.0,mastercard,87.0,0
441269,25.0,2,1,,0,,1.0,visa,87.0,0
441291,30.0,2,1,844.0,0,,1.0,visa,87.0,0
441293,100.0,2,1,,0,,3.0,visa,87.0,0
441349,140.0,2,1,,0,,5.0,visa,87.0,1
441354,114.19,2,1,32.0,0,,51.0,visa,87.0,0
441370,54.0,2,1,6.0,0,,1.0,mastercard,87.0,0
441377,30.0,2,1,,0,,3.0,visa,87.0,0
441386,49.0,2,1,2.0,0,,1.0,visa,87.0,0
441404,100.0,2,1,,0,,11.0,discover,87.0,0
441411,584.0,2,1,182.0,0,,2.0,mastercard,87.0,0
441413,108.95,2,1,,0,,1.0,visa,87.0,0
441430,150.0,2,1,,0,,1.0,discover,87.0,0
441453,171.0,2,1,,0,,1.0,visa,87.0,0
441470,49.0,2,1,0.0,0,,2.0,visa,87.0,0
441477,47.95,2,1,8.0,0,,10.0,mastercard,87.0,0
441497,150.0,2,1,,0,,1.0,visa,87.0,0
441511,450.0,2,1,,0,,7.0,mastercard,87.0,0
441515,122.0,2,1,45.0,0,,1.0,mastercard,87.0,0
441517,209.95,2,1,0.0,0,,4.0,visa,87.0,0
441522,25.0,2,1,,0,,1.0,visa,87.0,0
441545,100.0,2,1,,0,,1.0,visa,87.0,0
441548,39.0,2,1,8.0,0,,2.0,mastercard,87.0,0
441548,29.0,2,1,7.0,0,,1.0,visa,87.0,0
441556,141.0,2,1,12.0,0,,5.0,visa,87.0,1
441559,50.0,2,1,,0,,1.0,visa,87.0,0
441571,25.95,2,1,31.0,0,,3.0,visa,87.0,0
441580,40.0,2,1,,0,,1.0,visa,87.0,0
441599,213.16,2,1,,0,,1.0,visa,87.0,0
441608,50.0,2,1,,0,,1.0,visa,87.0,0
441645,59.0,2,1,8.0,0,,1.0,mastercard,87.0,0
441655,19.334,2,1,,0,7.0,5.0,visa,60.0,1
441669,50.0,2,1,,0,,1.0,mastercard,87.0,0
441673,35.0,2,1,2.0,0,,2.0,mastercard,87.0,0
441676,312.95,2,1,7.0,0,,2.0,visa,87.0,0
441692,25.95,2,1,,0,,11.0,visa,87.0,0
441708,150.0,2,1,16.0,0,,4.0,visa,87.0,0
441724,49.0,2,1,6.0,0,,1.0,visa,87.0,0
441739,108.5,2,1,3.0,0,,5.0,visa,87.0,1
441849,32.627,2,1,,0,29.0,1.0,visa,60.0,0
441865,30.95,2,1,,0,,2.0,visa,87.0,0
441871,40.0,2,1,,0,,1.0,visa,87.0,0
441895,67.95,2,1,5.0,0,,121.0,mastercard,87.0,0
441934,100.0,2,1,2.0,0,,1.0,visa,87.0,0
441967,160.95,2,1,,0,,1.0,visa,87.0,0
442022,100.0,2,1,,0,,1.0,mastercard,87.0,0
442033,150.0,2,1,,0,34.0,1.0,visa,87.0,0
442053,209.95,2,1,,0,,101.0,visa,87.0,0
442053,15.0,2,1,,0,,1.0,visa,87.0,0
442069,50.0,2,1,,0,,1.0,discover,87.0,0
442070,40.0,2,1,,0,,1.0,visa,87.0,0
442098,68.95,2,1,9.0,0,,1.0,visa,87.0,0
442166,107.95,2,1,6.0,0,,4.0,mastercard,87.0,0
442175,60.0,2,1,,0,,2.0,visa,87.0,0
442202,100.0,2,1,,0,,1.0,visa,87.0,0
442218,40.0,2,1,,0,263.0,1.0,visa,87.0,0
442219,36.95,2,1,12.0,0,,1.0,visa,87.0,0
442225,34.0,2,1,1.0,0,,3.0,visa,87.0,0
442226,1953.53,2,1,3.0,0,,1.0,visa,87.0,0
442263,49.0,2,1,167.0,0,,1.0,visa,87.0,0
442283,68.95,2,1,,0,,1.0,visa,87.0,0
442308,77.0,2,1,844.0,0,,1.0,visa,87.0,0
442322,75.0,2,1,,0,,1.0,visa,87.0,0
442326,34.0,2,1,,0,,1.0,visa,87.0,0
442330,50.0,2,1,,0,,1.0,visa,87.0,0
442349,80.0,2,1,4.0,0,,3.0,visa,87.0,0
442366,664.0,2,1,5.0,0,,101.0,visa,87.0,0
442369,59.0,2,1,10.0,0,,3.0,visa,87.0,0
442372,47.95,2,1,3.0,0,,3.0,visa,87.0,0
442374,50.0,2,1,,0,,1.0,visa,87.0,0
442420,150.0,2,1,,0,,1.0,visa,87.0,0
442423,29.0,2,1,7.0,0,,1.0,visa,87.0,0
442480,77.95,2,1,1.0,0,,2.0,mastercard,87.0,0
442497,35.95,2,1,13.0,0,,3.0,visa,87.0,0
442498,26.0,2,1,33.0,0,,1.0,visa,87.0,0
442525,77.0,2,1,0.0,0,,2.0,visa,87.0,0
442554,112.99,2,1,1.0,0,,3.0,visa,87.0,0
442563,227.56,2,1,0.0,0,,4.0,visa,87.0,0
442607,994.95,2,1,3.0,0,,1.0,visa,87.0,0
442630,140.0,2,1,,0,,5.0,visa,87.0,1
442634,92.141,2,0,,0,20.0,2.0,visa,,0
442637,48.95,2,1,,0,,1.0,visa,87.0,0
442639,20.241,2,0,,0,2065.0,2.0,mastercard,,0
442647,51.115,2,0,,0,127.0,1.0,mastercard,,0
442671,178.83,2,1,,0,,1.0,mastercard,87.0,0
442685,77.95,2,1,1.0,0,,2.0,mastercard,87.0,0
442691,694.95,2,1,1.0,0,,2.0,mastercard,87.0,0
442692,50.0,2,1,,0,,1.0,mastercard,87.0,0
442699,16.797,2,1,,0,61.0,1.0,visa,60.0,0
442718,75.465,2,0,,0,6.0,3.0,visa,,0
442725,35.95,2,1,1.0,0,,1.0,visa,87.0,0
442727,107.95,2,1,11.0,0,,81.0,visa,87.0,0
442737,22.355,2,1,,0,7.0,1.0,visa,60.0,0
442748,60.0,2,1,,0,,3.0,visa,87.0,0
442761,45.0,2,1,,0,,1.0,mastercard,87.0,0
442763,227.56,2,1,,0,,5.0,visa,87.0,0
442778,88.95,2,1,47.0,0,,1.0,mastercard,87.0,0
442812,171.0,3,1,2.0,0,,1.0,visa,87.0,0
442832,35.527,3,1,,0,652.0,1.0,visa,60.0,0
442869,100.0,3,1,1.0,0,,2.0,visa,87.0,0
442869,39.63,3,1,,0,,2.0,visa,87.0,0
442896,40.0,3,1,,0,,1.0,visa,87.0,0
442906,1094.0,3,1,,0,,1.0,mastercard,87.0,0
442963,12.97,3,1,,0,,2.0,visa,87.0,0
442964,15.0,3,1,7.0,0,,1.0,mastercard,87.0,0
443021,63.97,3,1,6.0,0,,9.0,mastercard,87.0,0
443029,317.5,3,1,,0,,1.0,visa,87.0,0
443106,171.0,3,1,16.0,0,,2.0,visa,87.0,0
443136,47.95,3,1,3.0,0,,3.0,visa,87.0,0
443141,49.0,3,1,,0,,4.0,visa,87.0,0
443163,64.649,3,1,,0,237.0,1.0,visa,60.0,0
443191,104.46,3,1,,0,,1.0,visa,87.0,0
443199,25.0,3,1,8.0,0,,3.0,visa,87.0,0
443254,100.0,3,1,,0,,2.0,visa,87.0,0
443303,57.95,3,1,,0,,103.0,visa,87.0,0
443309,20.0,3,1,,0,,3.0,mastercard,87.0,0
443353,35.527,3,0,,0,652.0,1.0,visa,,0
443355,44.0,3,1,5.0,0,,5.0,visa,87.0,0
443370,50.0,3,1,,0,,1.0,mastercard,87.0,0
443379,50.0,3,1,,0,,1.0,visa,87.0,0
443395,117.0,3,1,29.0,0,,5.0,mastercard,87.0,0
443414,45.859,3,1,,0,127.0,1.0,mastercard,60.0,0
443423,554.0,3,1,30.0,0,,1.0,visa,87.0,0
443424,664.0,3,1,,0,,1.0,mastercard,87.0,0
443456,664.0,3,1,5.0,0,,101.0,visa,87.0,0
443468,117.0,3,1,15.0,0,,2.0,visa,87.0,0
443490,38.91,3,0,,0,990.0,1.0,visa,,0
443495,107.95,3,1,687.0,0,,4.0,visa,87.0,0
443510,120.95,3,1,,0,,2.0,mastercard,87.0,0
443518,97.0,3,1,,0,,93.0,mastercard,87.0,0
443520,35.527,3,0,,0,652.0,1.0,visa,,0
443553,48.95,3,1,4.0,0,,4.0,visa,87.0,0
443573,45.859,3,1,,0,127.0,1.0,mastercard,60.0,0
443601,226.0,3,1,12.0,0,,1.0,visa,87.0,0
443634,28.47,3,1,2.0,0,,4.0,mastercard,87.0,0
443636,85.0,3,1,,0,,1.0,visa,87.0,0
443650,59.0,3,1,5.0,0,,4.0,visa,87.0,0
443668,38.427,3,1,,0,,1.0,mastercard,16.0,0
443693,70.691,3,0,,0,196.0,1.0,visa,,0
443718,107.95,3,1,29.0,0,,107.0,visa,87.0,0
443748,200.0,3,1,,0,,1.0,visa,87.0,0
443758,139.95,3,1,,0,,2.0,visa,87.0,0
443772,335.0,3,1,0.0,0,,2.0,visa,87.0,0
443790,171.0,3,1,44.0,0,,1.0,visa,87.0,0
443802,25.95,3,1,,0,,6.0,visa,87.0,0
443835,100.0,3,1,,0,,2.0,visa,87.0,0
443846,300.0,3,1,,0,,2.0,visa,87.0,0
443850,50.0,3,1,,0,,1.0,visa,87.0,0
443868,107.95,3,1,31.0,0,,2.0,visa,87.0,0
443881,57.95,3,1,11.0,0,,1.0,visa,87.0,0
443884,50.0,3,1,,0,,3.0,mastercard,87.0,0
443893,500.0,3,1,9.0,0,,1.0,visa,87.0,0
443907,50.0,3,1,,0,,1.0,visa,87.0,0
443909,50.0,3,1,,0,,1.0,visa,87.0,0
443925,106.49,3,1,13.0,0,,1.0,mastercard,87.0,0
443939,47.95,3,1,,0,,3.0,mastercard,87.0,0
443953,35.527,3,0,,0,652.0,1.0,visa,,0
443975,49.0,3,1,71.0,0,,1.0,visa,87.0,0
443984,57.95,3,1,1.0,0,,1.0,mastercard,87.0,0
444015,104.47,3,1,,0,,1.0,visa,87.0,0
444030,40.0,3,1,,0,,2.0,visa,87.0,0
444048,21.0,3,1,0.0,0,,1.0,visa,87.0,0
444049,52.95,3,1,9.0,0,,5.0,visa,87.0,0
444073,60.0,3,1,,0,,3.0,visa,87.0,0
444077,47.95,3,1,0.0,0,,13.0,mastercard,87.0,0
444096,100.0,3,1,,0,,2.0,visa,87.0,0
444187,100.0,3,1,,0,,3.0,mastercard,87.0,0
444239,50.0,3,1,,0,,2.0,mastercard,87.0,0
444246,57.95,3,1,11.0,0,,164.0,visa,87.0,0
444307,107.95,3,1,3.0,0,,1.0,visa,87.0,0
444321,50.0,3,1,,0,,1.0,mastercard,87.0,0
444329,57.95,3,1,151.0,0,,3.0,mastercard,87.0,0
444381,31.298,3,1,,0,631.0,1.0,mastercard,60.0,0
444409,35.527,3,0,,0,652.0,1.0,visa,,0
444452,59.0,3,1,669.0,0,,2.0,mastercard,87.0,0
444467,31.298,3,1,,0,631.0,1.0,mastercard,60.0,0
444469,150.0,3,1,,0,,1.0,mastercard,87.0,0
444470,445.0,3,1,2100.0,0,,1.0,visa,87.0,0
444517,75.0,3,1,,0,,1.0,visa,87.0,0
444538,35.527,3,1,,0,652.0,2.0,visa,60.0,0
444547,200.0,3,1,,0,,1.0,visa,87.0,0
444551,75.0,3,1,,0,,1.0,visa,87.0,0
444589,200.0,3,1,,0,,1.0,visa,87.0,0
444592,311.95,3,1,12.0,0,,2.0,mastercard,87.0,0
444602,26.5,3,1,129.0,0,,1.0,mastercard,87.0,0
444608,45.859,3,1,,0,127.0,1.0,mastercard,60.0,0
444635,25.0,3,1,,0,,1.0,visa,87.0,0
444654,159.95,3,1,2.0,0,,4.0,visa,87.0,0
444704,20.0,3,1,,0,,1.0,mastercard,87.0,0
444722,45.859,3,1,,0,127.0,2.0,visa,60.0,0
444750,100.0,3,1,,0,,1.0,mastercard,87.0,0
444761,65.0,3,1,,0,,1.0,visa,87.0,0
444772,100.0,3,1,,0,,8.0,visa,87.0,1
444783,43.95,3,1,7.0,0,,2.0,visa,87.0,0
444795,30.0,3,1,,0,,7.0,mastercard,87.0,0
444801,15.0,3,1,,0,,1.0,visa,87.0,0
444818,25.135,3,1,,0,7.0,1.0,visa,60.0,0
444822,100.0,3,1,,0,,1.0,mastercard,87.0,0
444824,159.95,3,1,0.0,0,,1.0,mastercard,87.0,0
444838,425.0,3,1,5.0,0,,2.0,visa,87.0,0
444845,45.0,3,1,,0,,4.0,visa,87.0,0
444884,25.135,3,1,,0,7.0,2.0,visa,60.0,0
444884,424.95,3,1,,0,,2.0,visa,87.0,0
444886,31.95,3,1,241.0,0,,4.0,mastercard,87.0,0
444891,20.0,3,1,,0,,1.0,visa,87.0,0
444927,31.298,3,0,,0,631.0,2.0,visa,,0
444933,152.742,3,0,,0,23.0,1.0,mastercard,,0
444949,48.95,3,1,,0,,1.0,visa,87.0,0
444951,35.527,3,1,,0,652.0,2.0,visa,60.0,0
444964,107.95,3,1,12.0,0,,1.0,mastercard,87.0,0
444965,35.95,3,1,2.0,0,,2.0,visa,87.0,0
444971,40.0,3,1,,0,,1.0,visa,87.0,0
444987,200.0,3,1,,0,,1.0,visa,87.0,0
444988,40.0,3,1,,0,,1.0,visa,87.0,0
445000,75.162,3,0,,0,7.0,1.0,visa,,0
445029,31.298,3,1,,0,631.0,2.0,visa,60.0,0
445041,100.0,3,1,,0,,9.0,visa,87.0,1
445116,100.0,3,1,,0,,2.0,visa,87.0,0
445122,44.5,3,1,10.0,0,,1.0,visa,87.0,0
445219,139.95,3,1,6.0,0,,44.0,visa,87.0,0
445277,59.634,3,1,,0,104.0,1.0,mastercard,60.0,0
445292,473.0,3,1,2.0,0,,1.0,visa,87.0,1
445292,50.0,3,1,,0,,1.0,visa,87.0,0
445373,261.95,3,1,10.0,0,,94.0,mastercard,87.0,0
445389,59.634,3,0,,0,104.0,1.0,mastercard,,0
445403,58.95,3,1,,0,,2.0,visa,87.0,0
445403,213.0,3,1,78.0,0,,1.0,visa,87.0,0
445408,169.95,3,1,5.0,0,,2.0,visa,87.0,0
445429,35.527,3,0,,0,652.0,2.0,visa,,0
445504,149.95,3,1,,0,,3.0,visa,87.0,0
445516,67.067,3,0,,0,7.0,1.0,visa,,0
445557,100.0,3,1,,0,,2.0,mastercard,87.0,0
445593,35.527,3,0,,0,652.0,2.0,visa,,0
445595,117.0,3,1,5.0,0,,1.0,visa,87.0,0
445599,15.0,3,1,12.0,0,,1.0,visa,87.0,0
445602,48.95,3,1,,0,,3.0,visa,87.0,0
445647,67.067,3,0,,0,7.0,2.0,mastercard,,0
445654,87.95,3,1,,0,,2.0,visa,87.0,0
445675,59.634,3,0,,0,104.0,1.0,mastercard,,0
445689,59.0,3,1,20.0,0,,2.0,visa,87.0,0
445695,200.0,3,1,,0,,1.0,visa,87.0,0
445755,59.634,3,0,,0,104.0,1.0,mastercard,,0
445769,50.0,3,1,,0,,1.0,mastercard,87.0,0
445785,40.95,3,1,,0,,3.0,visa,87.0,0
445792,70.0,3,1,,0,,3.0,visa,87.0,0
445805,250.0,3,1,,0,,1.0,visa,87.0,0
445811,100.0,3,1,,0,,1.0,mastercard,87.0,0
445816,40.0,3,1,,0,,1.0,visa,87.0,0
445830,844.95,3,1,585.0,0,,1.0,visa,87.0,0
445833,57.0,3,1,29.0,0,,4.0,visa,87.0,0
445850,600.0,3,1,,0,,1.0,american express,87.0,0
445852,59.634,3,0,,0,104.0,2.0,mastercard,,0
445895,100.0,3,1,,0,,1.0,visa,87.0,0
445913,25.95,3,1,,0,,4.0,visa,87.0,0
445924,600.0,3,1,,0,,1.0,american express,87.0,0
445929,44.0,3,1,,0,,1.0,mastercard,87.0,0
445960,200.0,3,1,,0,,3.0,mastercard,87.0,0
445974,59.634,3,1,,0,105.0,2.0,mastercard,60.0,0
445988,159.95,3,1,8.0,0,,10.0,visa,87.0,0
445995,600.0,3,1,,0,,1.0,american express,87.0,0
446032,400.0,3,1,,0,,2.0,visa,87.0,0
446118,11.963,3,0,,0,42.0,1.0,visa,,0
446143,50.0,3,1,,0,,1.0,discover,87.0,0
446176,59.634,3,0,,0,104.0,2.0,mastercard,,0
446215,50.0,3,1,,0,,1.0,mastercard,87.0,0
446219,36.25,3,1,4.0,0,,3.0,visa,87.0,0
446236,59.634,3,0,,0,104.0,2.0,mastercard,,0
446238,27.31,3,1,,0,258.0,1.0,visa,60.0,0
446245,100.0,3,1,0.0,0,,1.0,visa,87.0,0
446272,100.0,3,1,,0,,1.0,american express,87.0,0
446283,50.0,3,1,,0,,1.0,mastercard,87.0,0
446287,100.0,3,1,,0,,1.0,american express,87.0,0
446344,75.0,3,1,,0,,1.0,visa,87.0,0
446344,47.95,3,1,0.0,0,,1.0,visa,87.0,0
446386,49.0,3,1,,0,,1.0,visa,87.0,0
446396,160.95,3,1,5.0,0,,108.0,mastercard,87.0,0
446437,92.0,4,1,4.0,0,,1.0,visa,87.0,0
446440,60.0,4,1,,0,,1.0,mastercard,87.0,0
446450,200.0,4,1,,0,,1.0,visa,87.0,0
446458,107.95,4,1,,0,,4.0,visa,87.0,0
446465,200.0,4,1,,0,,1.0,visa,87.0,0
446466,53.95,4,1,,0,,103.0,visa,87.0,0
446471,1575.5,4,1,,0,,1.0,mastercard,87.0,0
446516,100.0,4,1,,0,,2.0,mastercard,87.0,0
446546,59.634,4,0,,0,104.0,2.0,mastercard,,0
446548,100.0,4,1,,0,4.0,2.0,mastercard,87.0,0
446566,107.95,4,1,,0,,2.0,visa,87.0,0
446594,107.95,4,1,,0,,1.0,visa,87.0,0
446622,50.0,4,1,,0,,1.0,visa,87.0,0
446676,59.634,4,0,,0,104.0,2.0,mastercard,,0
446677,100.0,4,1,,0,,4.0,mastercard,87.0,0
446680,107.95,4,1,,0,,6.0,visa,87.0,0
446692,308.5,4,1,19.0,0,,1.0,visa,87.0,0
446730,150.0,4,1,,0,,2.0,mastercard,87.0,0
446743,59.634,4,0,,0,104.0,2.0,mastercard,,0
446754,83.97,4,1,8.0,0,,163.0,mastercard,87.0,0
446777,40.0,4,1,5.0,0,,4.0,discover,87.0,0
446809,335.0,4,1,17.0,0,,1.0,mastercard,87.0,0
446829,50.0,4,1,,0,,1.0,visa,87.0,0
446846,102.0,4,1,0.0,0,,2.0,mastercard,87.0,0
446850,15.95,4,1,16.0,0,,1.0,mastercard,87.0,0
446875,59.634,4,0,,0,104.0,2.0,mastercard,,0
446891,269.95,4,1,4.0,0,,1.0,mastercard,87.0,0
446907,250.0,4,1,,0,,1.0,visa,87.0,0
446932,35.527,4,0,,0,225.0,2.0,visa,,0
447002,25.95,4,1,,0,,1.0,mastercard,87.0,0
447011,237.85,4,1,18.0,0,,1.0,discover,87.0,0
447016,37.098,4,1,,0,,1.0,visa,16.0,0
447076,125.0,4,1,,0,,1.0,visa,87.0,0
447086,59.634,4,1,,0,105.0,2.0,mastercard,60.0,0
447155,445.0,4,1,2100.0,0,,1.0,visa,87.0,0
447155,125.0,4,1,,0,,1.0,visa,87.0,0
447213,75.0,4,1,,0,,1.0,visa,87.0,0
447245,117.0,4,1,60.0,0,,1.0,visa,87.0,0
447284,50.0,4,1,,0,,5.0,visa,87.0,0
447344,20.0,4,1,,0,,1.0,mastercard,87.0,0
447350,15.0,4,1,,0,,1.0,mastercard,87.0,0
447360,97.95,4,1,4.0,0,,5.0,visa,87.0,0
447362,107.95,4,1,5.0,0,,14.0,mastercard,87.0,0
447372,317.5,4,1,30.0,0,,2.0,visa,87.0,0
447376,59.634,4,1,,0,105.0,2.0,mastercard,60.0,0
447378,25.0,4,1,7.0,0,,2.0,visa,87.0,0
447379,300.0,4,1,,0,,2.0,visa,87.0,0
447408,491.95,4,1,1.0,0,,1.0,mastercard,87.0,0
447429,29.0,4,1,5.0,0,,1.0,mastercard,87.0,0
447438,48.95,4,1,,0,,5.0,visa,87.0,0
447456,72.95,4,1,3.0,0,,4.0,mastercard,87.0,0
447484,45.0,4,1,114.0,0,,5.0,visa,87.0,0
447506,57.95,4,1,,0,,6.0,visa,87.0,0
447516,49.242,4,1,,0,7.0,1.0,visa,60.0,0
447551,445.0,4,1,0.0,0,,2.0,visa,87.0,0
447576,317.5,4,1,,0,,2.0,visa,87.0,0
447582,27.44,4,1,18.0,0,,1.0,visa,87.0,0
447598,59.634,4,0,,0,105.0,2.0,mastercard,,0
447671,25.0,4,1,,0,,1.0,visa,87.0,0
447697,226.0,4,1,1127.0,0,,1.0,visa,87.0,0
447722,171.0,4,1,5.0,0,,5.0,mastercard,87.0,0
447759,300.0,4,1,,0,,2.0,visa,87.0,0
447834,317.5,4,1,1486.0,0,,3.0,visa,87.0,0
447853,27.189,4,1,,0,,1.0,mastercard,15.0,0
447996,600.0,4,1,,0,275.0,1.0,mastercard,87.0,0
448001,10.634,4,1,,0,7.0,1.0,visa,60.0,0
448004,114.194,4,0,,0,,1.0,mastercard,,0
448004,82.95,4,1,3.0,0,,1.0,visa,87.0,0
448009,57.95,4,1,4.0,0,,5.0,visa,87.0,0
448016,30.0,4,1,,0,,1.0,american express,87.0,0
448055,467.95,4,1,,0,,1.0,mastercard,87.0,0
448103,67.95,4,1,2.0,0,,3.0,visa,87.0,0
448147,35.346,4,1,,0,7.0,1.0,visa,60.0,0
448201,97.95,4,1,1.0,0,,6.0,visa,87.0,0
448246,57.95,4,1,,0,,1.0,mastercard,87.0,0
448248,57.95,4,1,2.0,0,,3.0,visa,87.0,0
448257,141.638,4,1,,0,127.0,1.0,visa,60.0,0
448258,35.95,4,1,,0,,2.0,visa,87.0,0
448276,107.95,4,1,,0,,1.0,visa,87.0,0
448290,200.0,4,1,,0,,1.0,american express,87.0,0
448304,524.95,4,1,,0,,1.0,visa,87.0,0
448321,94.95,4,1,7.0,0,,2.0,visa,87.0,0
448342,141.638,4,0,,0,127.0,1.0,visa,,0
448354,35.346,4,0,,0,,1.0,visa,,0
448356,25.0,4,1,,0,,1.0,mastercard,87.0,0
448494,35.95,4,1,141.0,0,,6.0,visa,87.0,0
448502,77.0,4,1,5.0,0,,2.0,visa,87.0,0
448528,94.95,4,1,,0,,2.0,visa,87.0,0
448585,11.963,4,0,,0,2.0,1.0,visa,,0
448696,107.95,4,1,,0,,2.0,visa,87.0,0
448724,65.0,4,1,,0,,1.0,mastercard,87.0,0
448742,58.95,4,1,9.0,0,,1.0,mastercard,87.0,0
449009,87.0,4,1,,0,,1.0,mastercard,87.0,0
449024,57.95,4,1,5.0,0,,69.0,mastercard,87.0,0
449026,50.0,4,1,,0,,1.0,visa,87.0,0
449138,58.95,4,1,9.0,0,,1.0,mastercard,87.0,0
449154,115.0,4,1,,0,,1.0,visa,87.0,0
449207,139.95,4,1,,0,,2.0,mastercard,87.0,0
449228,48.95,4,1,17.0,0,,33.0,visa,87.0,0
449270,83.95,4,1,9.0,0,,1.0,visa,87.0,0
449315,125.0,4,1,,0,,1.0,visa,87.0,0
449381,329.99,4,1,,0,,1.0,visa,87.0,0
449401,50.0,4,1,7.0,0,,5.0,mastercard,87.0,0
449410,27.97,4,1,4.0,0,,3.0,mastercard,87.0,0
449473,209.95,4,1,12.0,0,,2.0,visa,87.0,0
449493,261.95,4,1,22.0,0,,2.0,visa,87.0,0
449503,58.95,4,1,,0,,4.0,visa,87.0,0
449567,125.0,4,1,,0,,1.0,visa,87.0,0
449595,46.765,4,1,,0,,1.0,mastercard,60.0,0
449598,125.0,4,1,,0,,1.0,visa,87.0,0
449601,58.95,4,1,6.0,0,,1.0,mastercard,87.0,0
449620,49.303,4,0,,0,2.0,1.0,visa,,0
449691,25.0,4,1,,0,,1.0,visa,87.0,0
449708,49.303,4,1,,0,2.0,1.0,visa,87.0,0
449773,49.303,4,1,,0,2.0,2.0,visa,87.0,0
449802,93.228,4,0,,0,7.0,1.0,visa,,0
449803,26.95,4,1,,0,,3.0,visa,87.0,0
449844,30.0,4,1,,0,,1.0,visa,87.0,0
449870,63.97,4,1,1.0,0,,2.0,visa,87.0,0
449919,75.0,4,1,,0,,1.0,discover,87.0,0
449961,125.0,4,1,,0,,1.0,visa,87.0,0
450014,150.95,5,1,2.0,0,,3.0,mastercard,87.0,0
450070,35.95,5,1,13.0,0,,2.0,visa,87.0,0
450113,29.0,5,1,7.0,0,,1.0,mastercard,87.0,0
450132,306.95,5,1,33.0,0,,144.0,visa,87.0,1
450133,100.0,5,1,,0,,1.0,visa,87.0,0
450135,100.0,5,1,29.0,0,,1.0,visa,87.0,0
450172,100.0,5,1,2.0,0,,5.0,visa,87.0,0
450215,12.205,5,0,,0,1.0,1.0,mastercard,,0
450361,59.0,5,1,0.0,0,,1.0,visa,87.0,0
450365,280.0,5,1,,0,,6.0,visa,87.0,0
450412,108.95,5,1,21.0,0,,5.0,visa,87.0,0
450526,75.0,5,1,,0,,1.0,visa,87.0,0
450583,40.0,5,1,,0,,1.0,visa,87.0,0
450599,200.0,5,1,8.0,0,,2.0,visa,87.0,0
450668,549.99,5,1,,0,,1.0,visa,87.0,0
450668,206.0,5,1,96.0,0,,3.0,mastercard,87.0,0
450698,75.0,5,1,,0,,2.0,mastercard,87.0,0
450710,107.95,5,1,,0,,213.0,visa,87.0,0
450755,59.0,5,1,,0,,2.0,visa,87.0,0
450799,46.886,5,1,,0,1001.0,1.0,visa,60.0,0
450913,30.0,5,1,,0,,3.0,mastercard,87.0,0
450915,57.95,5,1,,0,,11.0,visa,87.0,0
450959,445.0,5,1,18.0,0,,2.0,mastercard,87.0,0
451037,106.5,5,1,16.0,0,,6.0,visa,87.0,0
451049,32.325,5,1,,0,7.0,1.0,mastercard,60.0,0
451132,57.95,5,1,,0,,12.0,visa,87.0,0
451166,16.797,5,1,,0,87.0,2.0,visa,60.0,0
451172,108.5,5,1,,0,,10.0,visa,87.0,0
451187,25.0,5,1,,0,,1.0,mastercard,87.0,0
451229,15.105,5,1,,0,125.0,1.0,visa,60.0,0
451317,128.49,5,1,9.0,0,,1.0,mastercard,87.0,0
451321,50.0,5,1,,0,,3.0,mastercard,87.0,0
451368,15.95,5,1,16.0,0,,3.0,mastercard,87.0,0
451384,108.5,5,1,,0,,11.0,visa,87.0,0
451416,15.95,5,1,20.0,0,,2.0,mastercard,87.0,0
451531,117.0,5,1,,0,,106.0,visa,87.0,0
451665,3.164,5,0,,0,7.0,2.0,visa,,0
451698,130.5,5,1,,0,,2.0,discover,87.0,0
451767,107.95,5,1,,0,,21.0,mastercard,87.0,0
451847,60.0,5,1,,0,,2.0,mastercard,87.0,0
451866,159.95,5,1,0.0,0,,5.0,visa,87.0,0
451917,21.268,5,1,,0,13.0,1.0,visa,60.0,0
451924,106.0,5,1,,0,,135.0,visa,87.0,0
452128,335.0,5,1,13.0,0,,1.0,visa,87.0,0
452273,107.95,5,1,,0,,21.0,mastercard,87.0,0
452287,68.5,5,1,,0,,2.0,mastercard,87.0,0
452314,15.105,5,0,,0,125.0,1.0,visa,,0
452344,130.5,5,1,,0,,1.0,visa,87.0,0
452377,3.164,5,0,,0,7.0,2.0,visa,,0
452383,50.0,5,1,,0,,1.0,mastercard,87.0,0
452458,15.105,5,1,,0,125.0,1.0,visa,60.0,0
452576,20.0,5,1,,0,,1.0,visa,87.0,0
452765,107.95,5,1,6.0,0,,21.0,mastercard,87.0,0
452770,57.95,5,1,,0,,42.0,visa,87.0,0
452850,250.0,5,1,,0,83.0,1.0,american express,87.0,0
452863,100.0,5,1,,0,,11.0,visa,87.0,0
452884,50.0,5,1,,0,,2.0,visa,87.0,0
452966,60.0,5,1,,0,,2.0,mastercard,87.0,0
453015,300.0,5,1,,0,,5.0,visa,87.0,0
453085,554.0,5,1,2338.0,0,,1.0,visa,87.0,0
453197,103.25,5,1,8.0,0,,4.0,visa,87.0,0
453228,67.95,5,1,6.0,0,,4.0,visa,87.0,0
453258,104.889,5,1,,0,0.0,1.0,visa,60.0,0
453275,2.137,5,0,,0,7.0,2.0,visa,,0
453416,2.137,5,0,,0,7.0,2.0,visa,,0
453445,25.0,5,1,,0,,1.0,discover,87.0,0
453478,50.0,5,1,,0,,1.0,visa,87.0,0
453498,75.0,5,1,,0,,2.0,mastercard,87.0,0
453517,445.0,5,1,96.0,0,,1.0,visa,87.0,0
453526,50.0,5,1,,0,,1.0,visa,87.0,0
453591,58.95,5,1,,0,,6.0,visa,87.0,0
453718,67.95,6,1,3.0,0,,2.0,mastercard,87.0,0
453832,511.02,6,1,,0,,3.0,visa,87.0,0
453843,100.0,6,1,,0,,1.0,visa,87.0,0
453891,49.0,6,1,15.0,0,,1.0,visa,87.0,0
454017,85.494,6,0,,0,2.0,4.0,mastercard,,1
454062,150.0,6,1,,0,,1.0,visa,87.0,0
454091,85.494,6,1,,0,2.0,2.0,mastercard,60.0,1
454189,57.95,6,1,2.0,0,,137.0,visa,87.0,0
454352,146.0,6,1,1786.0,0,,5.0,visa,87.0,0
454620,280.0,6,1,197.0,0,,5.0,visa,87.0,0
454699,76.95,6,1,5.0,0,,6.0,visa,87.0,0
454724,31.95,6,1,14.0,0,,5.0,visa,87.0,0
454789,59.0,6,1,15.0,0,,1.0,visa,87.0,0
454806,57.95,6,1,20.0,0,,5.0,visa,87.0,0
454822,58.95,6,1,,0,,6.0,visa,87.0,0
455015,120.0,6,1,,0,,2.0,mastercard,87.0,0
455069,59.0,6,1,,0,,1.0,visa,87.0,0
455134,159.95,6,1,6.0,0,,12.0,visa,87.0,0
455241,160.0,6,1,,0,,2.0,visa,87.0,0
455309,100.0,6,1,,0,,1.0,mastercard,87.0,0
455401,30.0,6,1,,0,,1.0,mastercard,87.0,0
455500,47.95,6,1,50.0,0,,4.0,visa,87.0,0
455507,200.0,6,1,,0,,13.0,mastercard,87.0,0
455563,159.95,6,1,,0,,13.0,visa,87.0,0
455707,150.0,6,1,,0,,1.0,visa,87.0,0
455770,50.0,6,1,2.0,0,,9.0,mastercard,87.0,0
455775,226.0,6,1,,0,,13.0,mastercard,87.0,0
455924,100.0,6,1,,0,,1.0,visa,87.0,0
456110,107.95,6,1,,0,,13.0,visa,87.0,0
456288,200.0,6,1,,0,,13.0,visa,87.0,0
456408,63.97,6,1,,0,,3.0,mastercard,87.0,0
456478,218.0,6,1,0.0,0,,13.0,visa,87.0,0
456644,48.95,6,1,5.0,0,,1.0,visa,87.0,0
456906,80.0,6,1,,0,,1.0,visa,87.0,0
456939,107.95,6,1,,0,,1.0,visa,87.0,0
457044,30.0,6,1,4.0,0,,3.0,visa,87.0,0
457295,52.95,7,1,10.0,0,,5.0,visa,87.0,0
457500,311.95,7,1,8.0,0,,6.0,visa,87.0,0
457907,30.95,7,1,9.0,0,,4.0,visa,87.0,0
458306,209.95,7,1,,0,,3.0,visa,87.0,0
458363,47.95,7,1,898.0,0,,5.0,visa,87.0,0
458448,39.0,7,1,3.0,0,,1.0,visa,87.0,0
458573,317.5,7,1,,0,,1.0,visa,87.0,0
458897,77.0,7,1,20.0,0,,1.0,visa,87.0,0
459080,141.0,7,1,5.0,0,,1.0,mastercard,87.0,0
459096,360.47,7,1,581.0,0,,1.0,mastercard,87.0,0
459150,117.0,7,1,,0,,1.0,visa,87.0,0
459155,47.95,7,1,237.0,0,,1.0,visa,87.0,0
459329,50.0,7,1,,0,,1.0,american express,87.0,0
459744,67.95,7,1,,0,,5.0,visa,87.0,0
459793,335.0,7,1,,0,,2.0,visa,87.0,0
459818,2000.97,7,1,,0,,1.0,visa,87.0,0
459836,77.0,7,1,9.0,0,,1.0,visa,87.0,0
459907,35.95,7,1,3.0,0,,75.0,visa,87.0,0
459942,50.0,7,1,,0,,2.0,mastercard,87.0,0
460030,57.95,7,1,,0,,1.0,visa,87.0,0
460091,35.95,7,1,,0,,75.0,visa,87.0,0
460395,30.0,7,1,,0,,1.0,visa,87.0,0
460411,50.0,7,1,,0,,1.0,discover,87.0,0
460623,53.0,7,1,,0,,2.0,visa,87.0,0
460745,30.0,7,1,,0,,1.0,visa,87.0,0
460855,50.0,8,1,,0,,3.0,visa,87.0,0
461355,30.95,8,1,20.0,0,,4.0,mastercard,87.0,0
461512,85.0,8,1,,0,,1.0,visa,87.0,0
461807,30.0,8,1,,0,,1.0,mastercard,87.0,0
462107,142.95,8,1,,0,,15.0,visa,87.0,0
462145,55.0,8,1,,0,,1.0,visa,87.0,0
462350,137.95,8,1,9.0,0,,15.0,visa,87.0,0
462397,72.0,8,1,20.0,0,,1.0,visa,87.0,0
462594,59.0,8,1,,0,,1.0,visa,87.0,0
463558,40.0,8,1,,0,,2.0,visa,87.0,0
464413,39.0,9,1,,0,,68.0,visa,87.0,0
464680,100.0,9,1,,0,,1.0,mastercard,87.0,0
465397,39.0,9,1,2.0,0,,59.0,visa,87.0,0
465480,26.5,9,1,4.0,0,,1.0,visa,87.0,0
465664,57.95,9,1,11.0,0,,2.0,visa,87.0,0
465794,70.0,9,1,,0,,3.0,visa,87.0,0
466542,108.5,9,1,,0,,1.0,visa,87.0,0
466686,102.95,9,1,2.0,0,,5.0,mastercard,87.0,0
467257,55.95,9,1,12.0,0,,80.0,mastercard,87.0,0
468016,50.0,10,1,,0,,1.0,visa,87.0,0
468190,30.95,10,1,2.0,0,,1.0,mastercard,87.0,0
468434,507.95,10,1,,0,,1.0,visa,87.0,0
468557,200.0,10,1,,0,,1.0,american express,87.0,1
468591,32.97,10,1,,0,,5.0,visa,87.0,0
468812,108.5,10,1,2095.0,0,,1.0,visa,87.0,0
468930,1559.0,10,1,,0,,1.0,mastercard,87.0,0
469164,150.0,10,1,,0,,1.0,visa,87.0,0
469486,30.95,10,1,3.0,0,,112.0,visa,87.0,0
469703,29.5,10,1,259.0,0,,1.0,mastercard,87.0,0
470112,77.0,10,1,13.0,0,,1.0,visa,87.0,0
470198,50.0,10,1,,0,,1.0,mastercard,87.0,0
470595,1559.0,10,1,,0,,1.0,mastercard,87.0,0
470657,50.0,10,1,,0,7.0,1.0,visa,87.0,0
470810,100.0,10,1,,0,,1.0,visa,87.0,0
472365,50.0,11,1,,0,,1.0,mastercard,87.0,0
472367,51.72,11,0,,0,,7.0,mastercard,,0
472393,33.95,11,1,4.0,0,,1.0,visa,87.0,0
472448,117.0,11,1,0.0,0,,1.0,mastercard,87.0,0
472528,226.0,11,1,10.0,0,,156.0,mastercard,87.0,0
472639,51.72,11,1,,0,,7.0,mastercard,87.0,0
472858,50.0,11,1,,0,,1.0,mastercard,87.0,0
472938,100.0,11,1,,0,,1.0,mastercard,87.0,0
472986,25.0,11,1,,0,,1.0,visa,87.0,0
473037,108.5,11,1,739.0,0,,102.0,visa,87.0,0
473113,57.95,11,1,,0,,52.0,visa,87.0,0
473152,50.0,11,1,,0,,1.0,mastercard,87.0,0
473186,151.0,11,1,2.0,0,,5.0,visa,87.0,0
473488,80.0,11,1,,0,,4.0,visa,87.0,0
473556,50.0,11,1,,0,,1.0,mastercard,87.0,0
473652,554.0,11,1,131.0,0,,1.0,visa,87.0,0
473696,50.0,11,1,,0,,1.0,visa,87.0,0
473749,30.0,11,1,,0,,1.0,visa,87.0,0
473846,204.97,11,1,4.0,0,,2.0,visa,87.0,0
473857,30.95,11,1,539.0,0,,2.0,visa,87.0,0
474147,155.95,11,1,,0,,160.0,visa,87.0,0
474198,57.95,11,1,3.0,0,,1.0,mastercard,87.0,0
474269,100.0,11,1,,0,,1.0,visa,87.0,0
474381,50.0,11,1,,0,,1.0,mastercard,87.0,0
474395,25.0,11,1,,0,,2.0,visa,87.0,0
474397,57.95,11,1,,0,,1.0,mastercard,87.0,0
474651,80.0,11,1,,0,,7.0,mastercard,87.0,0
474712,60.0,11,1,,0,,5.0,visa,87.0,0
474845,40.0,11,1,,0,,1.0,mastercard,87.0,0
474878,85.95,11,1,7.0,0,,7.0,mastercard,87.0,0
475237,40.0,12,1,,0,,1.0,visa,87.0,0
475267,57.95,12,1,3.0,0,,151.0,visa,87.0,0
475287,200.0,12,1,,0,,3.0,visa,87.0,0
475462,25.0,12,1,,0,,1.0,visa,87.0,0
475482,50.0,12,1,,0,,7.0,visa,87.0,0
475490,25.0,12,1,,0,,1.0,visa,87.0,0
475572,50.0,12,1,,0,,19.0,visa,87.0,0
475679,57.95,12,1,0.0,0,,7.0,visa,87.0,0
475724,125.0,12,1,,0,,1.0,visa,87.0,0
475872,300.0,12,1,1.0,0,,1.0,visa,87.0,0
475933,50.0,12,1,11.0,0,,7.0,visa,87.0,0
476008,75.0,12,1,,0,,1.0,visa,87.0,0
476074,117.0,12,1,,0,,3.0,visa,87.0,0
476419,994.0,12,1,7.0,0,,1.0,mastercard,87.0,0
476422,150.0,12,1,,0,,4.0,visa,87.0,0
476479,47.95,12,1,6.0,0,,2.0,visa,87.0,0
476499,500.0,12,1,24.0,0,,71.0,visa,87.0,0
476503,107.95,12,1,13.0,0,,3.0,visa,87.0,0
476505,50.0,12,1,,0,,3.0,visa,87.0,0
476547,100.0,12,1,2.0,0,,2.0,visa,87.0,0
476568,77.0,12,1,16.0,0,,1.0,visa,87.0,0
476633,40.0,12,1,,0,,2.0,visa,87.0,0
476637,59.0,12,1,,0,,1.0,mastercard,87.0,0
476672,250.0,12,1,,0,,1.0,visa,87.0,0
476689,303.97,12,1,,0,,1.0,visa,87.0,0
476715,57.95,12,1,1.0,0,,166.0,visa,87.0,0
476750,44.5,12,1,14.0,0,,1.0,visa,87.0,0
476751,200.0,12,1,,0,,2.0,visa,87.0,0
476955,57.95,12,1,,0,,70.0,visa,87.0,0
477137,11.48,12,0,,0,,2.0,visa,,0
477207,300.0,12,1,,0,,1.0,american express,87.0,0
477265,20.0,12,1,,0,,1.0,visa,87.0,0
477286,50.0,12,1,,0,,1.0,visa,87.0,0
477482,40.0,12,1,,0,14.0,5.0,mastercard,87.0,0
477519,50.0,12,1,,0,,1.0,visa,87.0,0
477618,25.0,12,1,,0,,1.0,visa,87.0,0
477689,50.0,12,1,,0,,4.0,visa,87.0,0
477758,300.0,12,1,,0,,1.0,mastercard,87.0,1
477796,57.95,12,1,4.0,0,,181.0,visa,87.0,0
477827,42.95,12,1,13.0,0,,152.0,mastercard,87.0,0
477847,65.0,12,1,,0,,12.0,mastercard,87.0,0
477913,39.95,12,1,760.0,0,,2.0,visa,87.0,1
477983,300.0,12,1,,0,,2.0,mastercard,87.0,1
477984,25.95,12,1,4.0,0,,5.0,visa,87.0,0
478038,75.0,12,1,,0,,1.0,visa,87.0,0
478055,117.0,12,1,54.0,0,,2.0,mastercard,87.0,1
478090,30.95,12,1,0.0,0,,3.0,visa,87.0,0
478138,300.0,12,1,,0,,3.0,mastercard,87.0,1
478173,40.0,12,1,,0,,2.0,visa,87.0,0
478219,209.95,12,1,0.0,0,,83.0,visa,87.0,0
478255,100.0,12,1,,0,,2.0,visa,87.0,0
478284,300.0,12,1,,0,,4.0,mastercard,87.0,1
478293,10.0,12,1,,0,,3.0,visa,87.0,0
478298,100.0,12,1,,0,,12.0,discover,87.0,0
478349,107.95,12,1,,0,,7.0,visa,87.0,0
478360,57.95,12,1,9.0,0,,119.0,visa,87.0,0
478407,30.0,12,1,,0,,1.0,visa,87.0,0
478414,47.95,12,1,24.0,0,,1.0,mastercard,87.0,0
478438,200.0,12,1,,0,,1.0,visa,87.0,0
478474,117.0,12,1,5.0,0,,2.0,visa,87.0,0
478560,100.0,12,1,,0,,1.0,visa,87.0,0
478615,500.0,12,1,,0,,1.0,american express,87.0,0
478691,1104.0,12,1,0.0,0,,1.0,visa,87.0,0
478694,500.0,12,1,,0,,1.0,american express,87.0,0
478745,100.0,12,1,,0,,1.0,mastercard,16.0,0
478750,50.0,12,1,,0,,1.0,visa,87.0,0
478760,200.0,12,1,,0,,12.0,visa,87.0,0
478794,29.0,12,1,268.0,0,,3.0,visa,87.0,0
478877,40.0,13,1,,0,,76.0,mastercard,87.0,0
478901,25.95,13,1,16.0,0,,3.0,mastercard,87.0,0
478902,44.0,13,1,929.0,0,,2.0,visa,87.0,1
478996,29.0,13,1,33.0,0,,1.0,mastercard,87.0,0
479032,100.0,13,1,,0,,2.0,visa,87.0,0
479087,75.0,13,1,,0,,1.0,visa,87.0,0
479091,100.0,13,1,125.0,0,,2.0,visa,87.0,0
479143,75.0,13,1,,0,4.0,1.0,american express,87.0,0
479178,57.95,13,1,14.0,0,,15.0,visa,87.0,0
479244,54.5,13,1,9.0,0,,1.0,mastercard,87.0,0
479308,200.0,13,1,,0,,4.0,visa,87.0,0
479348,49.0,13,1,,0,,1.0,visa,87.0,0
479448,107.95,13,1,53.0,0,,129.0,visa,87.0,0
479597,25.0,13,1,,0,,1.0,visa,87.0,0
479625,117.0,13,1,6.0,0,,1.0,visa,87.0,0
479664,150.0,13,1,,0,,1.0,mastercard,87.0,0
479706,75.0,13,1,,0,,1.0,mastercard,87.0,0
479708,184.95,13,1,,0,,3.0,visa,87.0,0
479710,50.0,13,1,,0,,1.0,mastercard,87.0,0
479717,20.0,13,1,,0,,3.0,visa,87.0,0
479755,1380.45,13,1,,0,,1.0,mastercard,87.0,0
479808,335.0,13,1,1029.0,0,,1.0,visa,87.0,0
479840,47.95,13,1,49.0,0,,9.0,mastercard,87.0,0
479849,40.0,13,1,,0,,13.0,visa,87.0,0
479896,213.0,13,1,,0,,1.0,visa,87.0,0
479902,1575.5,13,1,6.0,0,,1.0,mastercard,87.0,0
479918,140.95,13,1,6.0,0,,2.0,visa,87.0,0
479940,67.95,13,1,292.0,0,,21.0,visa,87.0,0
479955,34.5,13,1,,0,,1.0,visa,87.0,0
480005,29.0,13,1,268.0,0,,3.0,visa,87.0,0
480016,400.0,13,1,,0,,1.0,mastercard,87.0,0
480044,60.36,13,1,,0,6050.0,1.0,visa,16.0,0
480064,226.0,13,1,1.0,0,,4.0,mastercard,87.0,0
480100,13.292,13,1,,0,0.0,1.0,visa,60.0,0
480118,100.0,13,1,,0,,1.0,discover,87.0,0
480163,67.95,13,1,4.0,0,,4.0,mastercard,87.0,0
480177,57.95,13,1,2.0,0,,1.0,visa,87.0,0
480264,31.0,13,1,2.0,0,,174.0,visa,87.0,0
480265,39.0,13,1,7.0,0,,1.0,mastercard,87.0,0
480284,59.0,13,1,0.0,0,,1.0,visa,87.0,0
480287,50.0,13,1,,0,,2.0,visa,87.0,0
480326,300.0,13,1,,0,,2.0,visa,87.0,0
480351,44.0,13,1,15.0,0,,1.0,visa,87.0,0
480354,117.0,13,1,11.0,0,,2.0,mastercard,87.0,0
480373,100.0,13,1,,0,,1.0,visa,87.0,0
480387,207.95,13,1,2.0,0,,105.0,visa,87.0,0
480436,43.079,13,1,,0,1.0,3.0,mastercard,60.0,0
480483,200.0,13,1,,0,,1.0,visa,87.0,0
480521,20.95,13,1,10.0,0,,1.0,mastercard,87.0,0
480649,43.079,13,1,,0,1.0,3.0,mastercard,60.0,0
480690,100.0,13,1,,0,,16.0,visa,87.0,0
480691,82.0,13,1,,0,,3.0,visa,87.0,0
480746,280.0,13,1,1.0,0,,3.0,visa,87.0,0
480750,40.0,13,1,,0,,126.0,visa,87.0,0
480803,1380.45,13,1,278.0,0,,1.0,mastercard,87.0,0
480808,82.95,13,1,16.0,0,,137.0,visa,87.0,0
480851,50.0,13,1,,0,,4.0,visa,87.0,0
480982,171.0,13,1,14.0,0,,3.0,visa,87.0,0
480987,42.95,13,1,1.0,0,,17.0,mastercard,87.0,0
481003,250.0,13,1,22.0,0,,3.0,visa,87.0,0
481004,57.95,13,1,12.0,0,,81.0,visa,87.0,0
481010,200.0,13,1,,0,,52.0,visa,87.0,0
481073,250.0,13,1,,0,,2.0,visa,87.0,0
481152,39.95,13,1,,0,,6.0,visa,87.0,0
481169,22.116,13,1,,0,,1.0,visa,60.0,0
481228,1400.0,13,1,0.0,0,,1.0,mastercard,87.0,0
481248,274.2,13,1,9.0,0,,2.0,mastercard,87.0,0
481263,22.116,13,1,,0,,1.0,visa,60.0,0
481274,50.0,13,1,,0,,2.0,mastercard,87.0,0
481279,100.0,13,1,,0,,2.0,mastercard,87.0,0
481288,50.0,13,1,,0,,15.0,mastercard,87.0,0
481291,50.0,13,1,,0,,1.0,mastercard,87.0,0
481336,150.5,13,1,739.0,0,,102.0,visa,87.0,0
481369,75.0,13,1,,0,,1.0,visa,87.0,0
481378,200.0,13,1,,0,,4.0,visa,87.0,0
481386,41.99,13,1,,0,,1.0,visa,87.0,0
481404,22.116,13,1,,0,,1.0,visa,60.0,0
481410,87.95,13,1,11.0,0,,10.0,visa,87.0,0
481428,10.0,13,1,,0,,1.0,visa,87.0,0
481432,97.0,13,1,626.0,0,,7.0,visa,87.0,0
481455,25.0,13,1,,0,,1.0,mastercard,87.0,0
481461,10.0,13,1,,0,,1.0,visa,87.0,0
481479,200.0,13,1,,0,,52.0,visa,87.0,0
481486,22.116,13,0,,0,,1.0,visa,,0
481499,347.95,13,1,,0,,2.0,mastercard,87.0,0
481588,24.0,13,1,5.0,0,,2.0,visa,87.0,0
481680,347.95,13,1,0.0,0,,2.0,mastercard,87.0,0
481713,42.95,13,1,7.0,0,,119.0,visa,87.0,0
481726,15.0,13,1,3.0,0,,1.0,mastercard,87.0,0
481759,59.0,13,1,11.0,0,,9.0,visa,87.0,0
481816,226.0,13,1,8.0,0,,52.0,visa,87.0,0
481825,77.0,13,1,,0,,1.0,mastercard,87.0,0
481844,25.0,13,1,,0,,1.0,mastercard,87.0,0
481850,59.0,13,1,2.0,0,,1.0,mastercard,87.0,0
481893,40.0,13,1,1.0,0,,3.0,visa,87.0,0
481930,75.0,13,1,,0,,1.0,mastercard,87.0,0
481942,71.95,13,1,,0,,1.0,visa,87.0,0
481961,100.0,13,1,,0,,2.0,visa,87.0,0
481982,75.0,13,1,,0,,1.0,visa,87.0,0
481993,200.0,13,1,,0,,13.0,mastercard,87.0,0
482046,25.0,13,1,,0,,1.0,visa,87.0,0
482052,120.0,13,1,,0,,4.0,visa,87.0,0
482125,226.0,13,1,1.0,0,,2.0,visa,87.0,0
482133,20.0,13,1,,0,,3.0,visa,87.0,0
482161,25.0,13,1,,0,,2.0,mastercard,87.0,0
482168,100.0,13,1,,0,,1.0,mastercard,87.0,0
482172,64.77,13,1,,0,322.0,1.0,visa,60.0,0
482186,20.95,13,1,,0,,2.0,mastercard,87.0,0
482187,75.0,13,1,,0,,5.0,visa,87.0,0
482231,92.0,13,1,8.0,0,,1.0,visa,87.0,0
482233,140.5,13,1,0.0,0,,1.0,mastercard,87.0,0
482304,100.0,13,1,,0,,1.0,visa,87.0,0
482357,39.394,13,1,,0,,1.0,visa,32.0,0
482414,190.0,14,1,,0,,1.0,mastercard,87.0,0
482553,50.0,14,1,,0,,1.0,mastercard,87.0,0
482559,29.0,14,1,268.0,0,,3.0,visa,87.0,0
482564,200.0,14,1,,0,,13.0,mastercard,87.0,0
482567,77.95,14,1,,0,,2.0,visa,87.0,0
482573,60.0,14,1,,0,,3.0,visa,87.0,0
482614,20.0,14,1,,0,,1.0,visa,87.0,0
482618,150.0,14,1,,0,,1.0,mastercard,87.0,0
482645,347.95,14,1,0.0,0,,3.0,visa,87.0,0
482676,34.137,14,1,,0,,1.0,visa,32.0,0
482727,100.0,14,1,,0,142.0,2.0,mastercard,87.0,0
482756,47.95,14,1,,0,,1.0,mastercard,87.0,0
482782,49.0,14,1,0.0,0,,1.0,visa,87.0,0
482808,34.137,14,0,,0,,1.0,visa,,0
482821,120.0,14,1,,0,,4.0,visa,87.0,0
482834,100.0,14,1,,0,142.0,2.0,mastercard,87.0,0
482855,554.0,14,1,47.0,0,,1.0,visa,87.0,0
482883,50.0,14,1,,0,,1.0,american express,87.0,0
482891,50.0,14,1,,0,,2.0,visa,87.0,0
482893,87.0,14,1,24.0,0,,1.0,mastercard,87.0,0
482901,108.95,14,1,0.0,0,,2.0,visa,87.0,0
482902,216.0,14,1,17.0,0,,1.0,mastercard,87.0,0
482927,100.0,14,1,,0,,1.0,visa,87.0,0
482935,107.95,14,1,1027.0,0,,6.0,mastercard,87.0,0
482936,218.0,14,1,0.0,0,,13.0,mastercard,87.0,0
483023,48.95,14,1,9.0,0,,2.0,mastercard,87.0,0
483030,150.0,14,1,,0,,1.0,mastercard,87.0,0
483047,16.979,14,1,,0,,1.0,visa,32.0,0
483053,141.0,14,1,269.0,0,,1.0,visa,87.0,0
483062,117.0,14,1,2.0,0,,4.0,visa,87.0,0
483069,50.0,14,1,,0,,1.0,discover,87.0,0
483076,50.0,14,1,,0,,3.0,mastercard,87.0,0
483081,311.95,14,1,,0,,116.0,visa,87.0,0
483083,57.95,14,1,10.0,0,,1.0,mastercard,87.0,0
483110,60.0,14,1,,0,,3.0,visa,87.0,0
483128,149.95,14,1,6.0,0,,2.0,mastercard,87.0,0
483157,425.84,14,1,10.0,0,,1.0,visa,87.0,0
483178,218.0,14,1,,0,,13.0,visa,87.0,0
483206,31.95,14,1,55.0,0,,1.0,visa,87.0,0
483212,50.0,14,1,,0,,1.0,visa,87.0,0
483275,159.95,14,1,3.0,0,,4.0,visa,87.0,0
483296,67.95,14,1,0.0,0,,3.0,mastercard,87.0,0
483296,15.0,14,1,,0,,3.0,visa,87.0,0
483305,300.0,14,1,,0,,4.0,mastercard,87.0,0
483305,445.0,14,1,1.0,0,,1.0,visa,87.0,0
483317,40.965,14,0,,0,,1.0,visa,,0
483356,75.0,14,1,,0,,1.0,visa,87.0,0
483408,58.95,14,1,,0,,1.0,visa,87.0,0
483411,39.0,14,1,,0,,4.0,discover,87.0,1
483428,300.0,14,1,14.0,0,,2.0,visa,87.0,0
483436,40.965,14,0,,0,,1.0,visa,,0
483452,25.0,14,1,,0,,1.0,mastercard,87.0,0
483454,75.0,14,1,,0,,3.0,visa,87.0,0
483478,100.0,14,1,,0,,1.0,mastercard,87.0,0
483496,12.97,14,1,,0,,2.0,visa,87.0,0
483520,25.0,14,1,,0,,1.0,visa,87.0,0
483524,117.0,14,1,3.0,0,,1.0,mastercard,87.0,0
483532,185.0,14,1,,0,,2.0,visa,87.0,0
483543,40.0,14,1,,0,13.0,1.0,discover,87.0,0
483556,40.0,14,1,,0,,3.0,visa,87.0,0
483566,39.0,14,1,9.0,0,,4.0,mastercard,87.0,1
483576,40.965,14,1,,0,,1.0,visa,32.0,0
483589,100.0,14,1,,0,,1.0,mastercard,87.0,0
483597,20.0,14,1,,0,,11.0,visa,87.0,0
483693,39.0,14,1,,0,,4.0,visa,87.0,1
483704,30.95,14,1,31.0,0,,2.0,visa,87.0,0
483717,57.95,14,1,11.0,0,,3.0,visa,87.0,0
483726,71.296,14,0,,0,,1.0,mastercard,,0
483729,50.0,14,1,,0,,1.0,mastercard,87.0,0
483745,14.138,14,0,,0,7.0,1.0,mastercard,,0
483749,24.0,14,1,268.0,0,,3.0,visa,87.0,0
483758,100.0,14,1,,0,,1.0,mastercard,87.0,0
483795,100.0,14,1,,0,,2.0,visa,87.0,0
483799,171.0,14,1,124.0,0,,2.0,visa,87.0,0
483838,44.5,14,1,1.0,0,,3.0,visa,87.0,0
483842,29.0,14,1,9.0,0,,4.0,visa,87.0,1
483847,52.95,14,1,,0,,4.0,visa,87.0,1
483894,100.0,14,1,,0,,1.0,american express,87.0,0
484010,108.5,14,1,,0,,1.0,visa,87.0,0
484023,34.0,14,1,,0,,1.0,visa,87.0,0
484049,50.0,14,1,165.0,0,,1.0,visa,87.0,0
484162,100.0,14,1,,0,,1.0,visa,87.0,0
484166,59.0,14,1,56.0,0,,1.0,visa,87.0,0
484182,38.669,14,1,,0,4.0,5.0,visa,60.0,1
484195,50.0,14,1,,0,,1.0,visa,87.0,0
484215,75.0,14,1,,0,,3.0,visa,87.0,0
484229,38.669,14,1,,0,4.0,5.0,visa,60.0,1
484231,365.0,14,1,782.0,0,,1.0,visa,87.0,0
484254,30.0,14,1,,0,,1.0,visa,87.0,0
484254,100.0,14,1,,0,,1.0,mastercard,87.0,0
484259,100.0,14,1,,0,,1.0,visa,87.0,0
484268,150.0,14,1,,0,,1.0,visa,87.0,0
484285,117.0,14,1,25.0,0,,1.0,visa,87.0,0
484291,25.0,14,1,,0,,2.0,mastercard,87.0,0
484292,57.95,14,1,9.0,0,,1.0,visa,87.0,0
484324,554.0,14,1,1984.0,0,,1.0,visa,87.0,0
484331,35.708,14,0,,0,20.0,2.0,visa,,0
484342,335.0,14,1,62.0,0,,1.0,visa,87.0,0
484405,216.0,14,1,17.0,0,,1.0,mastercard,87.0,0
484425,25.0,14,1,,0,,1.0,visa,87.0,0
484444,107.95,14,1,4.0,0,,1.0,mastercard,87.0,0
484464,11.359,14,1,,0,622.0,1.0,visa,87.0,0
484489,100.0,14,1,,0,,1.0,visa,87.0,0
484508,37.0,14,1,,0,,11.0,mastercard,87.0,0
484519,57.95,14,1,8.0,0,,5.0,mastercard,87.0,0
484526,365.0,14,1,,0,,2.0,mastercard,87.0,0
484532,701.95,14,1,,0,,1.0,visa,87.0,0
484581,1380.45,14,1,278.0,0,,1.0,mastercard,87.0,0
484603,300.0,14,1,,0,,1.0,american express,87.0,0
484638,30.95,14,1,3.0,0,,6.0,mastercard,87.0,0
484649,50.0,14,1,,0,,3.0,visa,87.0,0
484655,35.95,14,1,,0,,38.0,visa,87.0,0
484666,317.5,14,1,,0,,1.0,visa,87.0,0
484698,67.95,14,1,1150.0,0,,1.0,visa,87.0,0
484716,19.334,14,0,,0,4.0,5.0,visa,,1
484718,100.0,14,1,,0,,1.0,visa,87.0,0
484722,41.5,14,1,,0,,1.0,visa,87.0,0
484722,107.95,14,1,,0,,1.0,mastercard,87.0,0
484744,107.95,14,1,,0,,1.0,visa,87.0,0
484745,50.0,14,1,,0,,6.0,mastercard,87.0,0
484746,1958.0,14,1,76.0,0,,1.0,mastercard,87.0,0
484746,39.0,14,1,9.0,0,,4.0,mastercard,87.0,0
484754,19.334,14,1,,0,4.0,5.0,visa,60.0,1
484856,50.0,14,1,,0,,1.0,mastercard,87.0,0
484880,150.0,14,1,,0,,1.0,american express,87.0,0
484912,50.0,14,1,,0,,1.0,visa,87.0,0
484915,125.0,14,1,,0,,2.0,visa,87.0,0
484940,67.278,14,1,,0,229.0,1.0,mastercard,60.0,0
484952,200.0,14,1,,0,,1.0,visa,87.0,0
484954,75.0,14,1,,0,,4.0,mastercard,87.0,0
484957,29.002,14,0,,0,631.0,1.0,mastercard,,0
484958,884.0,14,1,1050.0,0,,1.0,discover,87.0,0
485016,59.0,14,1,20.0,0,,3.0,visa,87.0,0
485025,200.0,14,1,,0,,1.0,visa,87.0,0
485050,20.0,14,1,,0,,3.0,visa,87.0,0
485057,131.0,14,1,3.0,0,,1.0,mastercard,87.0,0
485073,100.0,14,1,,0,,1.0,visa,87.0,0
485091,129.97,14,1,,0,,4.0,visa,87.0,0
485092,160.5,14,1,,0,,6.0,visa,87.0,0
485100,67.95,14,1,15.0,0,,173.0,visa,87.0,0
485105,300.0,14,1,,0,,1.0,american express,87.0,0
485106,20.0,14,1,,0,,1.0,visa,87.0,0
485110,75.0,14,1,,0,,1.0,visa,87.0,0
485115,50.0,14,1,,0,,1.0,visa,87.0,0
485122,34.0,14,1,2.0,0,,1.0,mastercard,87.0,0
485141,524.95,14,1,2.0,0,,2.0,mastercard,87.0,0
485189,25.95,14,1,4.0,0,,2.0,visa,87.0,0
485197,171.0,14,1,,0,,6.0,visa,87.0,0
485223,67.95,14,1,1815.0,0,,2.0,mastercard,87.0,0
485227,108.5,14,1,,0,,1.0,mastercard,87.0,0
485232,82.95,14,1,,0,,3.0,visa,87.0,0
485232,125.0,14,1,,0,,1.0,visa,87.0,0
485271,54.5,14,1,202.0,0,,10.0,visa,87.0,0
485283,100.0,14,1,,0,,1.0,visa,87.0,0
485285,57.95,14,1,6.0,0,,2.0,visa,87.0,0
485299,100.0,14,1,,0,,2.0,american express,87.0,0
485311,280.0,14,1,,0,,2.0,visa,87.0,0
485311,75.0,14,1,,0,,1.0,mastercard,87.0,0
485317,47.732,14,1,,0,,43.0,mastercard,60.0,1
485325,50.0,14,1,,0,,2.0,visa,87.0,0
485350,50.0,14,1,,0,,1.0,visa,87.0,0
485350,108.95,14,1,4.0,0,,2.0,visa,87.0,0
485364,60.0,14,1,,0,,1.0,visa,87.0,0
485365,47.732,14,1,,0,,44.0,mastercard,60.0,1
485369,100.0,14,1,,0,,1.0,mastercard,87.0,0
485382,500.0,14,1,,0,,1.0,american express,87.0,0
485387,465.0,14,1,1.0,0,,1.0,mastercard,87.0,0
485390,25.0,14,1,,0,,1.0,visa,87.0,0
485401,47.732,14,1,,0,,45.0,mastercard,60.0,1
485403,57.95,14,1,5.0,0,,4.0,visa,87.0,0
485413,174.95,14,1,,0,,3.0,mastercard,87.0,0
485443,365.93,14,1,,0,,1.0,mastercard,87.0,0
485454,59.0,14,1,202.0,0,,10.0,visa,87.0,0
485474,39.0,14,1,66.0,0,,8.0,visa,87.0,0
485494,107.95,14,1,3.0,0,,4.0,visa,87.0,0
485497,117.0,14,1,1.0,0,,43.0,visa,87.0,0
485511,50.0,14,1,,0,,1.0,visa,87.0,0
485512,35.95,14,1,1.0,0,,3.0,visa,87.0,0
485532,15.0,14,1,,0,,1.0,mastercard,87.0,0
485553,150.0,14,1,,0,,1.0,visa,87.0,0
485559,50.0,14,1,,0,,1.0,visa,87.0,0
485602,95.0,14,1,,0,,4.0,visa,87.0,0
485615,139.95,14,1,9.0,0,,174.0,mastercard,87.0,0
485618,87.95,14,1,5.0,0,,7.0,visa,87.0,0
485643,59.0,14,1,73.0,0,,1.0,mastercard,87.0,0
485650,77.0,14,1,55.0,0,,1.0,visa,87.0,0
485670,60.0,14,1,,0,,3.0,visa,87.0,0
485680,24.0,14,1,171.0,0,,1.0,visa,87.0,0
485689,50.0,14,1,,0,,1.0,visa,87.0,0
485708,54.5,14,1,225.0,0,,1.0,mastercard,87.0,0
485761,226.0,14,1,25.0,0,,1.0,visa,87.0,0
485766,50.0,14,1,,0,,1.0,visa,87.0,0
485767,50.0,14,1,,0,,1.0,visa,87.0,0
485779,30.95,14,1,5.0,0,,2.0,visa,87.0,0
485792,50.0,14,1,,0,1.0,2.0,mastercard,87.0,0
485809,52.445,14,1,,0,124.0,1.0,visa,60.0,0
485824,20.0,14,1,,0,35.0,3.0,visa,87.0,0
485826,300.0,14,1,,0,,1.0,visa,87.0,0
485831,54.5,14,1,6.0,0,,88.0,visa,87.0,0
485831,36.977,14,1,,0,619.0,1.0,mastercard,19.0,0
485842,26.5,14,1,1.0,0,,2.0,visa,87.0,0
485844,226.0,14,1,,0,,2.0,mastercard,87.0,0
485866,34.0,14,1,2.0,0,,1.0,visa,87.0,0
485873,171.0,14,1,7.0,0,,1.0,visa,87.0,0
485886,50.0,14,1,,0,,1.0,visa,87.0,0
485908,121.95,14,1,,0,,6.0,visa,87.0,0
485911,59.0,14,1,18.0,0,,1.0,visa,87.0,0
485914,25.0,14,1,,0,,2.0,mastercard,87.0,0
485937,50.0,14,1,,0,,1.0,mastercard,87.0,0
485939,75.0,14,1,,0,,1.0,visa,87.0,0
485965,39.0,14,1,8.0,0,,1.0,visa,87.0,0
485966,231.95,14,1,470.0,0,,137.0,visa,87.0,0
485978,54.5,14,1,,0,,1.0,mastercard,87.0,0
485985,25.0,14,1,,0,,1.0,visa,87.0,0
485995,43.97,14,1,9.0,0,,66.0,visa,87.0,0
486001,200.0,15,1,,0,,1.0,visa,87.0,0
486033,25.981,15,0,,0,7.0,1.0,visa,,0
486061,39.0,15,1,4.0,0,,1.0,visa,87.0,0
486072,57.95,15,1,4.0,0,,4.0,mastercard,87.0,0
486087,25.0,15,1,,0,,1.0,visa,87.0,0
486093,25.0,15,1,,0,,1.0,mastercard,87.0,0
486142,40.0,15,1,,0,,1.0,visa,87.0,0
486157,50.0,15,1,,0,,1.0,mastercard,87.0,0
486247,607.78,15,1,,0,,1.0,discover,87.0,0
486262,34.0,15,1,17.0,0,,5.0,mastercard,87.0,0
486289,75.0,15,1,10.0,0,,3.0,visa,87.0,0
486299,50.0,15,1,,0,,1.0,visa,87.0,0
486336,92.0,15,1,6.0,0,,1.0,mastercard,87.0,0
486339,25.0,15,1,,0,,1.0,visa,87.0,0
486342,50.0,15,1,,0,,2.0,visa,87.0,0
486353,140.0,15,1,,0,,3.0,mastercard,87.0,0
486379,50.0,15,1,,0,,2.0,visa,87.0,0
486397,117.0,15,1,2.0,0,,1.0,mastercard,87.0,0
486412,24.0,15,1,1.0,0,,1.0,visa,87.0,0
486436,65.0,15,1,23.0,0,,5.0,mastercard,87.0,0
486438,200.0,15,1,,0,,3.0,visa,87.0,0
486440,100.0,15,1,,0,,1.0,visa,87.0,0
486474,39.0,15,1,393.0,0,,1.0,mastercard,87.0,0
486484,250.0,15,1,,0,,1.0,visa,87.0,0
486509,2745.65,15,1,0.0,0,,1.0,visa,87.0,0
486524,32.97,15,1,1.0,0,,13.0,mastercard,87.0,0
486544,25.0,15,1,,0,,1.0,visa,87.0,0
486582,161.0,15,1,24.0,0,,3.0,mastercard,87.0,0
486585,35.0,15,1,,0,,1.0,visa,87.0,0
486585,36.95,15,1,6.0,0,,1.0,visa,87.0,0
486585,112.99,15,1,,0,,1.0,visa,87.0,0
486673,100.0,15,1,,0,,1.0,visa,87.0,0
486677,88.95,15,1,9.0,0,,2.0,visa,87.0,0
486680,100.0,15,1,,0,,1.0,visa,87.0,0
486688,25.0,15,1,,0,,1.0,visa,87.0,0
486706,68.5,15,1,9.0,0,,1.0,mastercard,87.0,0
486737,100.0,15,1,,0,,2.0,visa,87.0,0
486761,50.0,15,1,,0,,1.0,american express,87.0,0
486776,20.0,15,1,,0,,3.0,mastercard,87.0,0
486791,200.0,15,1,,0,,2.0,visa,87.0,0
486839,40.0,15,1,,0,,5.0,mastercard,87.0,0
486845,210.0,15,1,,0,,5.0,visa,87.0,0
486860,103.97,15,1,,0,,4.0,visa,87.0,0
486865,107.95,15,1,8.0,0,,2.0,mastercard,87.0,0
486874,20.0,15,1,,0,,2.0,visa,87.0,0
486922,50.0,15,1,,0,,4.0,visa,87.0,0
486954,100.0,15,1,,0,,1.0,visa,87.0,0
486958,837.09,15,1,,0,,1.0,visa,87.0,0
486969,130.95,15,1,7.0,0,,190.0,visa,87.0,0
486985,100.0,15,1,,0,17.0,1.0,visa,87.0,0
486995,97.0,15,1,1472.0,0,,3.0,visa,87.0,0
487002,100.0,15,1,,0,,1.0,mastercard,87.0,0
487003,90.0,15,1,,0,,4.0,visa,87.0,0
487016,100.0,15,1,,0,,1.0,mastercard,87.0,0
487032,60.0,15,1,,0,,3.0,visa,87.0,0
487082,18.8,15,1,2.0,0,,3.0,visa,87.0,0
487117,500.0,15,1,,0,1111.0,1.0,american express,87.0,0
487117,29.0,15,1,4.0,0,,1.0,visa,87.0,0
487133,200.0,15,1,,0,,1.0,visa,87.0,0
487156,57.95,15,1,5.0,0,,4.0,visa,87.0,0
487170,50.0,15,1,,0,,1.0,visa,87.0,0
487175,150.0,15,1,,0,,1.0,visa,87.0,0
487206,154.95,15,1,7.0,0,,2.0,visa,87.0,0
487234,35.95,15,1,780.0,0,,1.0,visa,87.0,0
487254,226.0,15,1,1.0,0,,1.0,mastercard,87.0,0
487312,100.0,15,1,,0,,2.0,mastercard,87.0,0
487331,50.0,15,1,,0,,1.0,visa,87.0,0
487381,100.0,15,1,,0,,1.0,american express,87.0,0
487391,500.0,15,1,,0,,1.0,visa,87.0,0
487394,204.97,15,1,5.0,0,,3.0,visa,87.0,0
487400,29.5,15,1,77.0,0,,5.0,visa,87.0,0
487401,34.0,15,1,,0,,1.0,mastercard,87.0,0
487410,444.95,15,1,,0,,2.0,mastercard,87.0,0
487440,25.95,15,1,9.0,0,,3.0,visa,87.0,0
487442,100.0,15,1,,0,,2.0,mastercard,87.0,0
487443,57.95,15,1,7.0,0,,6.0,visa,87.0,0
487483,200.0,15,1,10.0,0,,1.0,visa,87.0,0
487498,100.0,15,1,,0,,2.0,mastercard,87.0,0
487530,40.0,15,1,,0,,1.0,visa,87.0,0
487536,107.95,15,1,15.0,0,,4.0,visa,87.0,0
487568,53.97,15,1,62.0,0,,8.0,mastercard,87.0,0
487681,20.0,15,1,,0,,2.0,visa,87.0,1
487690,10.936,15,0,,0,7.0,1.0,mastercard,,0
487702,190.323,15,1,,0,20.0,2.0,visa,60.0,0
487709,107.95,15,1,2.0,0,,5.0,visa,87.0,0
487724,100.0,15,1,33.0,0,,7.0,mastercard,87.0,0
487725,15.0,15,1,,0,,1.0,visa,87.0,0
487732,25.0,15,1,,0,,12.0,mastercard,87.0,0
487743,200.0,15,1,,0,,1.0,visa,87.0,0
487753,57.95,15,1,284.0,0,,3.0,visa,87.0,0
487779,190.323,15,0,,0,20.0,2.0,visa,,0
487785,226.0,15,1,705.0,0,,2.0,visa,87.0,0
487785,1104.0,15,1,1182.0,0,,1.0,mastercard,87.0,0
487813,125.0,15,1,,0,,1.0,visa,87.0,0
487818,200.0,15,1,,0,19.0,1.0,mastercard,87.0,0
487828,29.5,15,1,7.0,0,,2.0,visa,87.0,0
487862,250.0,15,1,,0,,1.0,mastercard,87.0,0
487881,120.0,15,1,,0,,1.0,mastercard,87.0,0
487884,554.0,15,1,47.0,0,,2.0,visa,87.0,0
487887,20.0,15,1,,0,,1.0,visa,87.0,0
487888,25.0,15,1,,0,,1.0,mastercard,87.0,0
487902,20.0,15,1,,0,,128.0,mastercard,87.0,0
487921,300.0,15,1,,0,,2.0,mastercard,87.0,0
487923,213.0,15,1,60.0,0,,2.0,visa,87.0,0
487927,60.0,15,1,,0,,15.0,visa,87.0,0
487934,29.0,15,1,60.0,0,,8.0,visa,87.0,0
487946,1307.07,15,1,8.0,0,,1.0,visa,87.0,0
487947,50.0,15,1,,0,,5.0,visa,87.0,0
487948,100.0,15,1,,0,,1.0,mastercard,87.0,0
487953,141.0,15,1,3.0,0,,1.0,visa,87.0,0
487985,1661.6,15,1,,0,,2.0,mastercard,87.0,0
488016,219.95,15,1,,0,,1.0,mastercard,87.0,0
488020,47.95,15,1,,0,,4.0,mastercard,87.0,0
488025,90.0,15,1,,0,,2.0,mastercard,87.0,0
488039,1331.0,15,1,4.0,0,,1.0,visa,87.0,0
488055,40.0,15,1,,0,,2.0,visa,87.0,0
488064,59.36,15,1,1.0,0,,2.0,visa,87.0,0
488088,650.0,15,1,,0,25.0,2.0,visa,87.0,0
488101,129.95,15,1,,0,,6.0,visa,87.0,0
488103,49.0,15,1,13.0,0,,1.0,visa,87.0,0
488108,29.606,15,1,,0,75.0,1.0,mastercard,60.0,0
488117,7.734,15,1,,0,,1.0,visa,60.0,0
488119,15.0,15,1,19.0,0,,1.0,visa,87.0,0
488122,75.0,15,1,,0,,2.0,visa,87.0,0
488134,650.0,15,1,,0,25.0,2.0,visa,87.0,0
488139,25.0,15,1,,0,,1.0,visa,87.0,0
488147,141.0,15,1,3.0,0,,1.0,mastercard,87.0,0
488175,1974.95,15,1,3.0,0,,1.0,visa,87.0,0
488188,188.752,15,0,,0,276.0,1.0,visa,,0
488227,29.0,15,1,,0,,1.0,mastercard,87.0,0
488250,100.0,15,1,,0,,2.0,visa,87.0,0
488284,50.0,15,1,,0,,1.0,visa,87.0,0
488286,35.95,15,1,5.0,0,,3.0,visa,87.0,0
488294,380.0,15,1,42.0,0,,1.0,visa,87.0,0
488299,311.95,15,1,0.0,0,,2.0,visa,87.0,0
488318,75.0,15,1,,0,,3.0,mastercard,87.0,0
488350,27.31,15,1,,0,0.0,2.0,visa,60.0,0
488363,47.95,15,1,3.0,0,,8.0,visa,87.0,0
488363,25.0,15,1,,0,,2.0,visa,87.0,0
488375,97.0,15,1,1.0,0,,1.0,visa,87.0,0
488380,25.0,15,1,,0,,1.0,mastercard,87.0,0
488395,112.99,15,1,,0,,2.0,visa,87.0,0
488404,206.0,15,1,,0,,1.0,visa,87.0,0
488413,115.281,15,1,,0,,1.0,visa,60.0,0
488426,27.31,15,1,,0,0.0,3.0,visa,60.0,0
488452,209.95,15,1,0.0,0,,2.0,visa,87.0,0
488466,100.0,15,1,,0,,2.0,american express,87.0,0
488513,45.315,15,0,,0,276.0,2.0,mastercard,,0
488527,88.5,15,1,,0,,2.0,visa,87.0,0
488539,92.0,15,1,264.0,0,,1.0,mastercard,87.0,0
488540,112.0,15,1,,0,,2.0,visa,87.0,0
488564,15.0,15,1,,0,,1.0,mastercard,87.0,0
488571,209.95,15,1,0.0,0,,2.0,mastercard,87.0,0
488577,280.0,15,1,6.0,0,,2.0,visa,87.0,0
488599,100.0,15,1,,0,,2.0,visa,87.0,0
488600,39.0,15,1,29.0,0,,1.0,visa,87.0,0
488612,226.0,15,1,294.0,0,,4.0,visa,87.0,0
488630,107.95,15,1,38.0,0,,3.0,mastercard,87.0,0
488676,112.99,15,1,1.0,0,,2.0,visa,87.0,0
488684,390.0,15,1,24.0,0,,3.0,visa,87.0,0
488702,50.0,15,1,,0,,1.0,mastercard,87.0,0
488726,107.95,15,1,,0,,1.0,mastercard,87.0,0
488750,30.95,15,1,7.0,0,,11.0,mastercard,87.0,0
488769,67.0,15,1,,0,,2.0,visa,87.0,0
488796,40.0,15,1,,0,,8.0,visa,87.0,0
488814,108.5,15,1,,0,,2.0,visa,87.0,0
488821,100.0,15,1,,0,,1.0,mastercard,87.0,0
488830,25.0,15,1,,0,,1.0,mastercard,87.0,0
488840,72.95,15,1,,0,,4.0,mastercard,87.0,0
488849,10.0,15,1,,0,,2.0,visa,87.0,0
488855,388.93,15,1,14.0,0,,1.0,visa,87.0,0
488857,367.7,15,1,,0,,1.0,visa,87.0,0
488874,25.0,15,1,,0,,1.0,mastercard,87.0,0
488877,108.95,15,1,21.0,0,,1.0,mastercard,87.0,0
488885,33.95,15,1,30.0,0,,11.0,visa,87.0,0
488901,88.5,15,1,,0,,1.0,mastercard,87.0,0
488904,100.0,15,1,,0,,1.0,mastercard,87.0,0
488915,28.95,15,1,13.0,0,,3.0,visa,87.0,0
488927,77.0,15,1,9.0,0,,1.0,mastercard,87.0,0
488931,100.0,15,1,1.0,0,,2.0,mastercard,87.0,0
488937,77.0,15,1,1.0,0,,4.0,mastercard,87.0,0
488949,65.0,15,1,,0,,1.0,mastercard,87.0,0
488952,30.0,15,1,,0,,3.0,visa,87.0,0
488968,38.427,15,0,,0,,1.0,visa,,0
488984,400.0,15,1,,0,,2.0,visa,87.0,0
488989,100.0,15,1,,0,,1.0,american express,87.0,0
489015,50.0,15,1,,0,,1.0,mastercard,87.0,0
489034,20.0,15,1,87.0,0,,4.0,visa,87.0,0
489082,48.95,15,1,,0,,7.0,visa,87.0,0
489112,50.0,15,1,,0,,1.0,visa,87.0,0
489142,100.0,15,1,,0,,1.0,mastercard,87.0,0
489145,82.0,15,1,42.0,0,,12.0,mastercard,87.0,0
489154,50.0,15,1,,0,1.0,1.0,visa,87.0,0
489171,15.0,15,1,954.0,0,,2.0,visa,87.0,0
489184,80.0,15,1,,0,,1.0,visa,87.0,0
489261,59.0,15,1,9.0,0,,1.0,mastercard,87.0,0
489281,50.0,15,1,,0,,1.0,visa,87.0,0
489317,100.0,15,1,,0,,1.0,mastercard,87.0,0
489368,50.0,15,1,,0,,1.0,mastercard,87.0,0
489397,47.95,15,1,0.0,0,,5.0,mastercard,87.0,0
489412,100.0,15,1,,0,,1.0,visa,87.0,0
489435,200.0,15,1,,0,,2.0,visa,87.0,0
489518,100.0,15,1,,0,11.0,1.0,visa,87.0,0
489540,250.0,15,1,,0,,2.0,visa,87.0,0
489541,50.0,15,1,8.0,0,,7.0,visa,87.0,0
489565,44.0,15,1,1366.0,0,,2.0,visa,87.0,0
489606,50.0,16,1,,0,,1.0,visa,87.0,0
489614,159.95,16,1,19.0,0,,2.0,visa,87.0,0
489614,117.0,16,1,1112.0,0,,4.0,mastercard,87.0,0
489628,39.998,16,0,,0,49.0,1.0,visa,,0
489638,57.95,16,1,7.0,0,,3.0,visa,87.0,0
489638,260.0,16,1,,0,,11.0,visa,87.0,0
489639,200.0,16,1,37.0,0,,3.0,mastercard,87.0,0
489681,141.0,16,1,9.0,0,,1.0,visa,87.0,0
489710,25.0,16,1,,0,,1.0,visa,87.0,0
489743,60.0,16,1,,0,,3.0,visa,87.0,0
489759,226.0,16,1,1.0,0,,4.0,visa,87.0,0
489784,42.596,16,0,,0,7.0,1.0,visa,,0
489791,50.0,16,1,,0,,2.0,mastercard,87.0,0
489814,100.0,16,1,,0,,1.0,visa,87.0,0
489853,57.95,16,1,13.0,0,,128.0,mastercard,87.0,0
489876,20.0,16,1,,0,,1.0,discover,87.0,0
489899,75.0,16,1,,0,,2.0,mastercard,87.0,0
489902,118.19,16,1,4.0,0,,2.0,visa,87.0,0
489903,139.95,16,1,1.0,0,,1.0,visa,87.0,0
489908,59.54,16,1,5.0,0,,1.0,visa,87.0,0
489909,17.281,16,0,,0,464.0,1.0,visa,,0
489954,50.0,16,1,,0,,9.0,mastercard,87.0,0
489963,30.95,16,1,583.0,0,,4.0,mastercard,87.0,0
489969,49.0,16,1,,0,,2.0,visa,87.0,0
489982,311.95,16,1,,0,,6.0,visa,87.0,0
489991,50.0,16,1,,0,,1.0,mastercard,87.0,0
490021,60.0,16,1,,0,,1.0,visa,87.0,0
490023,411.95,16,1,31.0,0,,3.0,visa,87.0,0
490033,100.0,16,1,,0,,1.0,visa,87.0,0
490046,145.854,16,1,,0,7.0,1.0,mastercard,60.0,0
490049,169.95,16,1,10.0,0,,5.0,visa,87.0,0
490052,35.95,16,1,3.0,0,,2.0,visa,87.0,0
490060,107.95,16,1,22.0,0,,3.0,mastercard,87.0,0
490073,48.95,16,1,4.0,0,,2.0,mastercard,87.0,0
490080,50.0,16,1,,0,,1.0,mastercard,87.0,0
490081,107.95,16,1,482.0,0,,1.0,mastercard,87.0,0
490104,25.135,16,1,,0,800.0,1.0,mastercard,60.0,0
490133,20.0,16,1,,0,,1.0,visa,87.0,0
490146,100.0,16,1,,0,,1.0,visa,87.0,0
490148,50.0,16,1,,0,,1.0,visa,87.0,0
490169,30.0,16,1,,0,,4.0,visa,87.0,0
490171,112.99,16,1,0.0,0,,1.0,visa,87.0,0
490182,50.0,16,1,,0,,2.0,visa,87.0,0
490196,220.0,16,1,3.0,0,,2.0,visa,87.0,0
490196,57.95,16,1,,0,,3.0,visa,87.0,0
490198,75.0,16,1,,0,,1.0,american express,87.0,0
490218,34.95,16,1,,0,,2.0,visa,87.0,0
490251,50.0,16,1,,0,,1.0,visa,87.0,0
490256,30.0,16,1,,0,,12.0,visa,87.0,0
490256,50.0,16,1,,0,,1.0,visa,87.0,0
490258,335.0,16,1,14.0,0,,2.0,visa,87.0,0
490283,150.0,16,1,,0,,1.0,visa,87.0,0
490305,219.95,16,1,,0,,1.0,mastercard,87.0,0
490313,150.0,16,1,,0,,1.0,mastercard,87.0,0
490325,35.95,16,1,2.0,0,,141.0,visa,87.0,0
490332,206.0,16,1,16.0,0,,2.0,visa,87.0,0
490333,50.0,16,1,,0,,2.0,mastercard,87.0,0
490345,175.0,16,1,,0,835.0,1.0,visa,87.0,0
490354,117.0,16,1,5.0,0,,1.0,visa,87.0,0
490358,40.0,16,1,,0,,13.0,visa,87.0,0
490361,250.0,16,1,,0,,2.0,visa,87.0,0
490370,445.0,16,1,547.0,0,,2.0,visa,87.0,0
490373,108.31,16,1,4.0,0,,4.0,mastercard,87.0,0
490388,50.0,16,1,,0,,1.0,visa,87.0,0
490390,47.671,16,1,,0,541.0,1.0,mastercard,60.0,0
490392,226.0,16,1,6.0,0,,3.0,visa,87.0,0
490399,200.0,16,1,,0,,1.0,visa,87.0,0
490456,3.164,16,1,,0,7.0,2.0,visa,60.0,0
490458,49.0,16,1,,0,,1.0,mastercard,87.0,1
490478,30.95,16,1,,0,,4.0,visa,87.0,0
490498,90.0,16,1,,0,,31.0,visa,87.0,0
490501,50.0,16,1,,0,,1.0,visa,87.0,0
490507,100.0,16,1,17.0,0,,1.0,visa,87.0,0
490515,50.0,16,1,,0,,101.0,visa,87.0,0
490524,3.164,16,1,,0,7.0,2.0,visa,60.0,0
490559,20.0,16,1,,0,,1.0,visa,87.0,0
490572,50.0,16,1,,0,,1.0,visa,87.0,0
490576,445.0,16,1,11.0,0,,4.0,mastercard,87.0,0
490602,281.8,16,1,21.0,0,,3.0,visa,87.0,0
490624,100.0,16,1,,0,,1.0,visa,87.0,0
490632,171.0,16,1,7.0,0,,1.0,mastercard,87.0,0
490640,554.0,16,1,,0,,1.0,visa,87.0,0
490649,50.0,16,1,,0,,1.0,visa,87.0,0
490665,500.0,16,1,,0,,1.0,visa,87.0,0
490665,20.0,16,1,,0,,4.0,visa,87.0,0
490704,15.0,16,1,,0,,2.0,mastercard,87.0,0
490711,100.0,16,1,,0,,1.0,visa,87.0,0
490725,100.0,16,1,,0,,1.0,mastercard,87.0,0
490728,107.0,16,1,494.0,0,,31.0,visa,87.0,0
490750,30.95,16,1,2.0,0,,5.0,mastercard,87.0,0
490771,30.0,16,1,102.0,0,,1.0,mastercard,87.0,0
490806,209.95,16,1,,0,,1.0,mastercard,87.0,0
490808,42.95,16,1,44.0,0,,2.0,visa,87.0,0
490810,300.0,16,1,,0,,1.0,visa,87.0,0
490821,25.0,16,1,,0,,1.0,visa,87.0,0
490828,117.0,16,1,1061.0,0,,2.0,mastercard,87.0,0
490842,100.0,16,1,,0,,1.0,visa,87.0,0
490857,100.0,16,1,,0,,2.0,visa,87.0,0
490869,59.0,16,1,3.0,0,,1.0,visa,87.0,0
490884,10.0,16,1,,0,,2.0,visa,87.0,0
490919,107.95,16,1,15.0,0,,142.0,visa,87.0,0
490931,554.0,16,1,,0,,3.0,visa,87.0,0
490949,149.95,16,1,19.0,0,,1.0,visa,87.0,0
490954,57.95,16,1,18.0,0,,2.0,mastercard,87.0,0
490992,57.52,16,1,,0,154.0,6.0,visa,60.0,0
491013,59.0,16,1,21.0,0,,2.0,visa,87.0,0
491030,117.0,16,1,,0,,1.0,visa,87.0,0
491036,4039.96,16,1,,0,,1.0,visa,87.0,0
491050,445.0,16,1,222.0,0,,1.0,visa,87.0,0
491059,384.95,16,1,1.0,0,,2.0,mastercard,87.0,0
491066,50.0,16,1,,0,,1.0,visa,87.0,0
491137,20.0,16,1,,0,,1.0,visa,87.0,0
491161,30.0,16,1,,0,,1.0,discover,87.0,0
491200,150.0,16,1,,0,,1.0,visa,87.0,0
491205,98.95,16,1,9.0,0,,1.0,visa,87.0,0
491208,400.0,16,1,,0,,3.0,mastercard,87.0,1
491218,59.0,16,1,33.0,0,,1.0,mastercard,87.0,0
491226,75.0,16,1,,0,,3.0,visa,87.0,0
491236,17.0,16,1,,0,,3.0,visa,87.0,0
491252,280.0,16,1,,0,,2.0,visa,87.0,0
491295,226.0,16,1,20.0,0,,1.0,visa,87.0,0
491297,213.0,16,1,1.0,0,,4.0,visa,87.0,0
491365,300.0,16,1,18.0,0,,3.0,mastercard,87.0,0
491376,54.5,16,1,4.0,0,,1.0,mastercard,87.0,0
491421,283.97,16,1,,0,,4.0,mastercard,87.0,0
491426,50.0,16,1,3.0,0,,1.0,visa,87.0,0
491429,40.0,16,1,,0,13.0,2.0,mastercard,87.0,0
491430,77.0,16,1,3.0,0,,1.0,visa,87.0,0
491431,53.95,16,1,12.0,0,,15.0,visa,87.0,0
491434,50.0,16,1,,0,,1.0,visa,87.0,0
491439,50.0,16,1,,0,,1.0,mastercard,87.0,0
491480,15.0,16,1,195.0,0,,1.0,visa,87.0,0
491482,150.0,16,1,,0,,1.0,mastercard,87.0,0
491485,411.95,16,1,19.0,0,,2.0,visa,87.0,0
491485,134.95,16,1,91.0,0,,1.0,visa,87.0,0
491486,25.95,16,1,,0,,5.0,visa,87.0,0
491509,50.0,16,1,,0,,1.0,visa,87.0,0
491530,44.469,16,1,,0,422.0,1.0,mastercard,19.0,0
491542,978.59,16,1,,0,,1.0,visa,87.0,0
491547,20.0,16,1,,0,,1.0,visa,87.0,0
491549,117.0,16,1,12.0,0,,3.0,visa,87.0,0
491557,300.0,16,1,,0,,2.0,mastercard,87.0,0
491576,30.0,16,1,,0,,1.0,mastercard,87.0,0
491589,146.0,16,1,5.0,0,,2.0,mastercard,87.0,0
491590,171.0,16,1,54.0,0,,4.0,mastercard,87.0,1
491614,48.95,16,1,4.0,0,,1.0,mastercard,87.0,0
491624,44.469,16,1,,0,422.0,1.0,mastercard,19.0,0
491669,50.95,16,1,,0,,173.0,visa,87.0,0
491683,419.12,16,1,4.0,0,,2.0,visa,87.0,0
491691,77.0,16,1,,0,,1.0,visa,87.0,0
491721,107.95,16,1,10.0,0,,1.0,mastercard,87.0,0
491749,159.95,16,1,43.0,0,,1.0,mastercard,87.0,0
491772,47.95,16,1,4.0,0,,31.0,visa,87.0,0
491813,10.0,16,1,,0,23.0,10.0,visa,87.0,0
491819,100.0,16,1,,0,7.0,1.0,visa,87.0,0
491825,12.5,16,1,,0,,3.0,visa,87.0,0
491881,29.5,16,1,,0,,5.0,mastercard,87.0,0
491888,108.95,16,1,167.0,0,,6.0,visa,87.0,0
491902,40.0,16,1,,0,,3.0,visa,87.0,0
491928,83.5,16,1,13.0,0,,6.0,mastercard,87.0,0
491953,108.95,16,1,,0,,2.0,visa,87.0,0
491966,360.89,16,1,0.0,0,,1.0,mastercard,87.0,0
491967,49.0,16,1,1454.0,0,,1.0,mastercard,87.0,0
491967,50.0,16,1,3.0,0,,3.0,visa,87.0,0
491975,123.438,16,1,,0,,1.0,visa,60.0,1
491977,50.0,16,1,,0,,3.0,visa,87.0,0
491977,57.95,16,1,1.0,0,,25.0,mastercard,87.0,0
491985,150.5,16,1,,0,,102.0,visa,87.0,0
492001,34.0,16,1,4.0,0,,4.0,visa,87.0,0
492023,95.0,16,1,,0,,3.0,visa,87.0,0
492027,92.95,16,1,13.0,0,,152.0,visa,87.0,0
492031,32.0,16,1,,0,,1.0,visa,87.0,0
492058,47.95,16,1,12.0,0,,1.0,mastercard,87.0,0
492086,125.0,16,1,,0,,1.0,visa,87.0,0
492089,47.95,16,1,207.0,0,,3.0,visa,87.0,0
492107,60.0,16,1,,0,,1.0,visa,87.0,0
492122,470.95,16,1,65.0,0,,1.0,visa,87.0,0
492127,125.0,16,1,,0,,1.0,visa,87.0,0
492143,107.95,16,1,144.0,0,,5.0,visa,87.0,0
492148,15.226,16,1,,0,,1.0,visa,60.0,0
492182,150.0,16,1,,0,,1.0,visa,87.0,0
492184,107.95,16,1,6.0,0,,4.0,visa,87.0,0
492214,57.95,16,1,6.0,0,,118.0,visa,87.0,0
492252,117.0,16,1,2.0,0,,2.0,visa,87.0,0
492256,571.6,16,1,,0,,1.0,mastercard,87.0,0
492285,53.97,16,1,,0,,2.0,visa,87.0,0
492307,10.0,16,1,,0,,1.0,visa,87.0,0
492352,77.0,16,1,6.0,0,,1.0,visa,87.0,0
492355,40.0,16,1,12.0,0,,1.0,visa,87.0,0
492432,30.0,16,1,,0,,1.0,visa,87.0,0
492433,20.0,16,1,,0,,1.0,visa,87.0,0
492434,54.0,16,1,5.0,0,,2.0,mastercard,87.0,0
492452,64.287,16,1,,0,,2.0,visa,60.0,0
492459,300.0,16,1,,0,,3.0,visa,87.0,0
492475,53.0,16,1,2111.0,0,,2.0,visa,87.0,0
492476,107.95,16,1,,0,,118.0,visa,87.0,0
492495,103.97,16,1,,0,,4.0,mastercard,87.0,0
492505,49.786,16,1,,0,,2.0,mastercard,60.0,0
492536,266.0,16,1,19.0,0,,1.0,visa,87.0,0
492566,54.5,16,1,14.0,0,,1.0,mastercard,87.0,0
492572,100.0,16,1,,0,,1.0,mastercard,87.0,0
492583,50.0,16,1,,0,,1.0,visa,87.0,0
492585,120.0,16,1,,0,,1.0,visa,87.0,0
492598,35.95,16,1,3.0,0,,6.0,mastercard,87.0,0
492617,759.82,16,1,5.0,0,,1.0,visa,87.0,0
492617,70.0,16,1,,0,,1.0,mastercard,87.0,0
492642,77.0,16,1,3.0,0,,1.0,visa,87.0,0
492660,83.5,16,1,13.0,0,,6.0,visa,87.0,0
492683,301.29,16,1,2.0,0,,1.0,mastercard,87.0,0
492700,15.0,16,1,11.0,0,,6.0,visa,87.0,0
492727,49.786,16,0,,0,,3.0,visa,,0
492749,319.94,16,1,,0,,2.0,visa,87.0,0
492755,25.0,16,1,,0,,1.0,visa,87.0,0
492784,226.0,16,1,,0,,1.0,visa,87.0,0
492790,30.0,16,1,,0,,5.0,visa,87.0,0
492821,42.657,16,1,,0,7.0,1.0,visa,60.0,0
492855,54.983,16,1,,0,414.0,1.0,visa,60.0,0
492859,80.0,16,1,3.0,0,,1.0,visa,87.0,0
492866,25.95,16,1,,0,,22.0,mastercard,87.0,0
492881,141.0,16,1,5.0,0,,159.0,mastercard,87.0,0
492895,100.0,16,1,,0,,1.0,visa,87.0,0
492901,117.0,16,1,5.0,0,,1.0,visa,87.0,0
492917,103.97,16,1,12.0,0,,110.0,visa,87.0,0
492928,65.0,16,1,,0,,14.0,visa,87.0,0
492930,100.0,16,1,,0,,1.0,mastercard,87.0,0
492958,65.0,16,1,,0,,1.0,visa,87.0,0
492959,45.95,16,1,9.0,0,,2.0,mastercard,87.0,0
492979,226.0,16,1,,0,,12.0,visa,87.0,0
493009,100.0,16,1,,0,,2.0,visa,87.0,0
493014,160.0,16,1,2.0,0,,1.0,visa,87.0,0
493046,100.0,16,1,696.0,0,,1.0,mastercard,87.0,0
493125,125.0,16,1,,0,,1.0,mastercard,87.0,0
493126,34.0,16,1,14.0,0,,3.0,mastercard,87.0,0
493127,171.0,16,1,,0,,1.0,visa,87.0,0
493150,226.0,16,1,,0,,1.0,visa,87.0,0
493155,6.586,16,0,,0,,1.0,mastercard,,0
493167,100.0,16,1,,0,,1.0,mastercard,87.0,0
493170,6.586,16,0,,0,,1.0,mastercard,,0
493170,55.0,16,1,3.0,0,,1.0,visa,87.0,0
493172,75.0,16,1,,0,,1.0,visa,87.0,0
493176,34.0,16,1,2.0,0,,1.0,visa,87.0,0
493181,85.0,16,1,,0,,1.0,visa,87.0,0
493186,130.0,16,1,9.0,0,,5.0,visa,87.0,0
493194,475.0,16,1,14.0,0,,1.0,visa,87.0,0
493195,50.0,16,1,,0,,1.0,american express,87.0,0
493222,100.0,17,1,,0,,1.0,visa,87.0,0
493235,100.0,17,1,,0,,2.0,visa,87.0,0
493240,300.0,17,1,,0,,1.0,visa,87.0,1
493242,57.95,17,1,3.0,0,,1.0,visa,87.0,0
493243,554.0,17,1,6.0,0,,1.0,mastercard,87.0,0
493263,53.97,17,1,331.0,0,,12.0,visa,87.0,0
493263,100.0,17,1,,0,,1.0,discover,87.0,0
493263,117.0,17,1,11.0,0,,1.0,mastercard,87.0,0
493265,171.0,17,1,34.0,0,,3.0,visa,87.0,0
493271,108.95,17,1,,0,,82.0,visa,87.0,0
493287,146.0,17,1,129.0,0,,3.0,mastercard,87.0,0
493300,54.5,17,1,,0,,1.0,visa,87.0,0
493303,50.0,17,1,,0,,1.0,visa,87.0,0
493304,100.0,17,1,,0,,2.0,visa,87.0,0
493358,300.0,17,1,,0,,2.0,visa,87.0,0
493389,60.0,17,1,24.0,0,,7.0,mastercard,87.0,0
493464,50.0,17,1,,0,,1.0,visa,87.0,0
493473,100.0,17,1,,0,,2.0,visa,87.0,0
493475,50.0,17,1,,0,,1.0,visa,87.0,0
493484,15.0,17,1,2.0,0,,1.0,mastercard,87.0,0
493525,82.0,17,1,434.0,0,,1.0,visa,87.0,0
493534,100.0,17,1,,0,,1.0,visa,87.0,0
493538,200.0,17,1,,0,,1.0,mastercard,87.0,0
493540,100.0,17,1,,0,,1.0,visa,87.0,0
493574,150.0,17,1,,0,,1.0,visa,87.0,0
493591,100.0,17,1,,0,,1.0,visa,87.0,0
493635,57.95,17,1,32.0,0,,12.0,visa,87.0,0
493662,107.6,17,1,61.0,0,,1.0,visa,87.0,0
493745,150.0,17,1,,0,,1.0,mastercard,87.0,0
493768,100.0,17,1,,0,,1.0,visa,87.0,0
493774,25.0,17,1,,0,,126.0,mastercard,87.0,0
493797,40.0,17,1,,0,,1.0,visa,87.0,0
493832,100.0,17,1,7.0,0,,1.0,visa,87.0,0
493836,22.97,17,1,0.0,0,,2.0,visa,87.0,0
493875,53.95,17,1,38.0,0,,6.0,mastercard,87.0,0
493885,100.0,17,1,,0,,1.0,visa,87.0,0
493919,100.0,17,1,,0,,1.0,mastercard,87.0,0
493923,117.0,17,1,696.0,0,,1.0,mastercard,87.0,0
493937,100.0,17,1,,0,,2.0,mastercard,87.0,0
493959,50.0,17,1,,0,,1.0,visa,87.0,0
493967,150.0,17,1,,0,,1.0,american express,87.0,0
493978,209.95,17,1,4.0,0,,2.0,visa,87.0,0
493992,400.0,17,1,,0,,1.0,visa,87.0,0
494024,20.724,17,0,,0,7.0,1.0,mastercard,,0
494028,150.0,17,1,,0,,1.0,american express,87.0,0
494029,554.0,17,1,,0,,2.0,visa,87.0,0
494041,42.657,17,0,,0,7.0,2.0,mastercard,,0
494048,118.544,17,0,,0,,1.0,mastercard,,0
494059,50.0,17,1,,0,,1.0,visa,87.0,0
494069,100.0,17,1,,0,,1.0,mastercard,87.0,0
494070,235.7,17,1,0.0,0,,1.0,discover,87.0,0
494124,31.95,17,1,,0,,5.0,visa,87.0,0
494137,400.0,17,1,,0,,1.0,visa,87.0,0
494148,47.95,17,1,9.0,0,,1.0,visa,87.0,0
494199,25.0,17,1,,0,,1.0,visa,87.0,0
494254,250.0,17,1,,0,2416.0,2.0,visa,87.0,0
494266,280.0,17,1,21.0,0,,1.0,visa,87.0,0
494282,150.0,17,1,,0,,1.0,visa,87.0,0
494292,150.0,17,1,,0,,3.0,visa,87.0,0
494340,280.0,17,1,,0,,1.0,visa,87.0,0
494354,20.0,17,1,,0,,4.0,mastercard,87.0,0
494368,29.0,17,1,,0,,1.0,visa,87.0,0
494403,84.105,17,0,,0,,1.0,mastercard,,0
494412,107.0,17,1,21.0,0,,1.0,mastercard,87.0,0
494414,117.0,17,1,1.0,0,,1.0,visa,87.0,0
494415,27.17,17,1,52.0,0,,1.0,visa,87.0,0
494427,250.0,17,1,,0,,1.0,discover,87.0,0
494435,117.0,17,1,14.0,0,,1.0,visa,87.0,0
494438,250.0,17,1,,0,,1.0,mastercard,87.0,0
494438,30.0,17,1,,0,,4.0,mastercard,87.0,0
494438,50.0,17,1,,0,,1.0,mastercard,87.0,0
494445,60.0,17,1,,0,,1.0,visa,87.0,0
494449,107.95,17,1,18.0,0,,146.0,visa,87.0,0
494456,200.0,17,1,,0,,1.0,mastercard,87.0,0
494463,317.5,17,1,,0,,2.0,visa,87.0,0
494471,49.0,17,1,,0,,1.0,visa,87.0,0
494474,97.0,17,1,626.0,0,,7.0,visa,87.0,0
494506,422.5,17,1,307.0,0,,2.0,visa,87.0,0
494510,75.0,17,1,,0,,1.0,american express,87.0,0
494549,59.0,17,1,225.0,0,,1.0,mastercard,87.0,0
494581,40.0,17,1,,0,,2.0,visa,87.0,0
494590,80.0,17,1,,0,,1.0,visa,87.0,0
494592,35.0,17,1,,0,,1.0,visa,87.0,0
494600,159.95,17,1,12.0,0,,3.0,mastercard,87.0,0
494618,317.5,17,1,2.0,0,,2.0,visa,87.0,0
494624,75.0,17,1,,0,6.0,4.0,mastercard,87.0,0
494635,75.0,17,1,,0,,2.0,visa,87.0,0
494641,160.5,17,1,,0,,4.0,mastercard,87.0,1
494659,100.0,17,1,,0,,3.0,visa,87.0,0
494671,100.0,17,1,,0,,1.0,visa,87.0,0
494683,20.0,17,1,,0,,1.0,american express,87.0,0
494685,500.0,17,1,,0,,1.0,mastercard,87.0,0
494689,107.95,17,1,9.0,0,,2.0,mastercard,87.0,0
494729,90.0,17,1,,0,,1.0,visa,87.0,0
494737,20.0,17,1,,0,,2.0,mastercard,87.0,0
494744,100.0,17,1,,0,,1.0,visa,87.0,0
494747,103.97,17,1,,0,,3.0,mastercard,96.0,0
494752,171.0,17,1,,0,,1.0,visa,87.0,0
494757,219.95,17,1,,0,,3.0,mastercard,87.0,0
494774,97.0,17,1,269.0,0,,1.0,visa,87.0,0
494786,100.0,17,1,5.0,0,,2.0,visa,87.0,0
494787,107.95,17,1,6.0,0,,3.0,visa,87.0,0
494804,80.0,17,1,,0,,1.0,visa,87.0,0
494807,117.0,17,1,,0,,1.0,visa,87.0,0
494841,50.0,17,1,,0,,1.0,mastercard,87.0,0
494858,57.95,17,1,16.0,0,,4.0,mastercard,87.0,0
494874,171.0,17,1,15.0,0,,2.0,mastercard,87.0,0
494896,554.0,17,1,1744.0,0,,1.0,mastercard,87.0,0
494899,89.422,17,1,,0,,1.0,visa,60.0,0
494923,406.66,17,1,9.0,0,,1.0,mastercard,87.0,0
494955,551.95,17,1,,0,,2.0,visa,87.0,0
494976,10.99,17,1,,0,,2.0,visa,87.0,0
494981,15.0,17,1,,0,,3.0,visa,87.0,0
494988,100.0,17,1,,0,,1.0,visa,87.0,0
495010,65.0,17,1,,0,,2.0,visa,87.0,0
495026,107.95,17,1,2.0,0,,2.0,visa,87.0,0
495028,29.0,17,1,1002.0,0,,4.0,mastercard,87.0,0
495037,117.0,17,1,,0,,2.0,visa,87.0,0
495052,15.0,17,1,,0,,4.0,mastercard,87.0,0
495054,35.0,17,1,,0,7.0,2.0,mastercard,87.0,0
495081,100.0,17,1,,0,,1.0,visa,87.0,0
495092,150.0,17,1,,0,,1.0,visa,87.0,0
495108,350.0,17,1,,0,,1.0,visa,87.0,0
495117,59.0,17,1,0.0,0,,136.0,visa,87.0,0
495124,57.95,17,1,0.0,0,,2.0,mastercard,87.0,0
495162,58.95,17,1,1.0,0,,1.0,visa,87.0,0
495171,600.0,17,1,,0,,5.0,visa,87.0,0
495173,51.72,17,0,,0,85.0,1.0,visa,,0
495173,57.95,17,1,1.0,0,,3.0,visa,87.0,0
495198,50.0,17,1,,0,,6.0,mastercard,87.0,0
495207,87.0,17,1,9.0,0,,1.0,mastercard,87.0,0
495216,200.0,17,1,,0,,1.0,mastercard,87.0,0
495232,156.0,17,1,1.0,0,,1.0,visa,87.0,0
495235,117.0,17,1,5.0,0,,1.0,visa,87.0,0
495238,25.0,17,1,,0,,4.0,visa,87.0,0
495244,100.0,17,1,,0,,8.0,mastercard,87.0,0
495308,56.5,17,1,4.0,0,,2.0,visa,87.0,0
495331,50.0,17,1,,0,,139.0,mastercard,87.0,0
495344,30.95,17,1,0.0,0,,4.0,mastercard,87.0,0
495350,102.0,17,1,5.0,0,,1.0,visa,87.0,0
495353,100.0,17,1,,0,,1.0,mastercard,87.0,0
495366,220.0,17,1,,0,,1.0,mastercard,87.0,0
495372,58.95,17,1,,0,,5.0,mastercard,87.0,0
495406,120.0,17,1,,0,,4.0,visa,87.0,0
495427,527.0,17,1,6.0,0,,14.0,visa,87.0,0
495431,30.089,17,1,,0,139.0,1.0,visa,60.0,1
495445,59.0,17,1,7.0,0,,1.0,visa,87.0,0
495450,141.0,17,1,3.0,0,,4.0,visa,87.0,1
495451,25.0,17,1,,0,,3.0,mastercard,87.0,0
495484,50.0,17,1,,0,,2.0,visa,87.0,0
495489,29.0,17,1,33.0,0,,1.0,visa,87.0,0
495503,100.0,17,1,,0,,4.0,mastercard,87.0,0
495514,25.95,17,1,12.0,0,,4.0,visa,87.0,0
495522,70.0,17,1,,0,,1.0,visa,87.0,0
495529,30.089,17,1,,0,139.0,1.0,visa,60.0,1
495545,49.0,17,1,9.0,0,,1.0,visa,87.0,0
495563,60.0,17,1,,0,,200.0,visa,87.0,0
495577,141.95,17,1,,0,,2.0,mastercard,87.0,0
495579,54.5,17,1,2.0,0,,1.0,visa,87.0,0
495632,311.95,17,1,,0,,152.0,visa,87.0,0
495636,77.95,17,1,11.0,0,,2.0,mastercard,87.0,0
495659,30.089,17,0,,0,139.0,2.0,mastercard,,1
495667,150.0,17,1,,0,,1.0,visa,87.0,0
495690,100.0,17,1,,0,,1.0,visa,87.0,0
495708,125.0,17,1,,0,,1.0,visa,87.0,0
495745,25.95,17,1,,0,,2.0,mastercard,87.0,0
495749,50.0,17,1,,0,,5.0,mastercard,87.0,0
495759,53.95,17,1,7.0,0,,10.0,visa,87.0,0
495804,107.0,17,1,10.0,0,,3.0,visa,87.0,0
495810,200.0,17,1,,0,,1.0,visa,87.0,0
495863,30.0,17,1,,0,17.0,6.0,visa,87.0,0
495863,117.0,17,1,229.0,0,,2.0,visa,87.0,0
495863,19.0,17,1,1.0,0,,1.0,mastercard,87.0,0
495865,25.0,17,1,,0,,1.0,mastercard,87.0,0
495866,75.0,17,1,,0,,1.0,visa,87.0,0
495868,250.0,17,1,,0,,1.0,mastercard,87.0,0
495877,70.0,17,1,,0,,187.0,visa,87.0,0
495880,35.0,17,1,,0,,6.0,visa,87.0,0
495890,25.0,17,1,,0,,5.0,visa,87.0,0
495920,171.0,17,1,29.0,0,,1.0,visa,87.0,0
495927,154.641,17,1,,0,,1.0,visa,87.0,0
495939,40.0,17,1,,0,,1.0,visa,87.0,0
495972,100.0,17,1,,0,,1.0,mastercard,87.0,0
495982,12.567,17,0,,0,,30.0,visa,,1
495986,891.95,17,1,,0,,1.0,visa,87.0,0
495990,171.0,17,1,29.0,0,,1.0,visa,87.0,0
495999,49.0,17,1,38.0,0,,1.0,mastercard,87.0,0
496005,25.0,17,1,,0,,4.0,visa,87.0,0
496045,12.567,17,0,,0,,30.0,visa,,1
496058,40.0,17,1,,0,,4.0,visa,87.0,0
496064,31.95,17,1,2.0,0,,1.0,visa,87.0,0
496069,200.0,17,1,,0,,1.0,visa,87.0,0
496072,117.94,17,1,,0,924.0,1.0,mastercard,96.0,0
496100,50.0,17,1,,0,,1.0,visa,87.0,0
496100,12.567,17,0,,0,,30.0,visa,,1
496100,41.811,17,1,,0,150.0,1.0,mastercard,60.0,0
496114,171.0,17,1,6.0,0,,1.0,visa,87.0,0
496129,47.95,17,1,,0,,3.0,visa,87.0,0
496152,14.95,17,1,4.0,0,,2.0,visa,87.0,0
496173,764.95,17,1,1454.0,0,,1.0,visa,87.0,0
496176,1366.0,17,1,21.0,0,,7.0,visa,87.0,0
496177,50.0,17,1,10.0,0,,89.0,mastercard,87.0,0
496179,50.0,17,1,,0,,5.0,mastercard,87.0,0
496184,19.0,17,1,,0,,4.0,visa,87.0,0
496193,100.0,17,1,,0,,8.0,visa,87.0,0
496207,319.95,17,1,2062.0,0,,2.0,visa,87.0,0
496207,226.0,17,1,,0,,3.0,visa,87.0,0
496214,250.0,17,1,,0,,1.0,mastercard,87.0,0
496216,226.0,17,1,,0,,1.0,mastercard,87.0,0
496217,77.0,17,1,1.0,0,,1.0,visa,87.0,0
496221,83.37,17,1,,0,,2.0,visa,87.0,0
496221,117.0,17,1,9.0,0,,1.0,visa,87.0,0
496251,35.0,17,1,,0,,2.0,mastercard,87.0,0
496314,50.0,17,1,,0,,1.0,visa,87.0,1
496316,77.0,17,1,10.0,0,,2.0,visa,87.0,0
496319,20.0,17,1,,0,91.0,4.0,visa,87.0,0
496323,29.0,17,1,984.0,0,,1.0,mastercard,87.0,0
496333,48.95,17,1,15.0,0,,1.0,visa,87.0,0
496335,117.0,17,1,10.0,0,,3.0,visa,87.0,0
496341,335.0,17,1,547.0,0,,2.0,visa,87.0,0
496342,59.0,17,1,15.0,0,,1.0,mastercard,87.0,0
496384,59.0,17,1,18.0,0,,1.0,visa,87.0,0
496392,21.0,17,1,4.0,0,,1.0,visa,87.0,0
496400,190.0,17,1,94.0,0,,1.0,mastercard,87.0,0
496422,117.0,17,1,1.0,0,,2.0,visa,87.0,0
496433,44.5,17,1,95.0,0,,1.0,mastercard,87.0,0
496462,150.0,17,1,,0,,1.0,visa,87.0,0
496462,107.95,17,1,10.0,0,,11.0,visa,87.0,0
496465,100.0,17,1,,0,,1.0,mastercard,87.0,0
496479,300.0,17,1,,0,,1.0,mastercard,87.0,0
496484,57.95,17,1,0.0,0,,4.0,mastercard,87.0,0
496487,57.95,17,1,10.0,0,,89.0,mastercard,87.0,0
496491,42.95,17,1,2.0,0,,2.0,mastercard,87.0,0
496496,20.0,17,1,,0,91.0,4.0,visa,87.0,0
496524,226.0,17,1,6.0,0,,2.0,mastercard,87.0,0
496533,75.0,17,1,,0,,1.0,visa,87.0,0
496536,175.0,17,1,,0,,1.0,visa,87.0,0
496548,107.95,17,1,,0,,2.0,visa,87.0,0
496557,64.529,17,0,,0,764.0,1.0,mastercard,,0
496565,24.5,17,1,3.0,0,,2.0,visa,87.0,0
496572,100.0,17,1,,0,,1.0,visa,87.0,0
496584,29.0,17,1,2136.0,0,,3.0,visa,87.0,0
496589,30.0,17,1,,0,,1.0,mastercard,87.0,0
496604,30.0,17,1,,0,,9.0,mastercard,87.0,0
496627,4.713,17,1,,0,746.0,1.0,visa,16.0,0
496635,40.0,17,1,,0,,4.0,visa,87.0,0
496639,59.0,17,1,12.0,0,,2.0,visa,87.0,0
496644,100.0,17,1,,0,,1.0,visa,87.0,0
496651,2470.95,17,1,,0,,1.0,visa,87.0,0
496664,50.0,17,1,,0,,1.0,mastercard,87.0,0
496679,57.95,17,1,1247.0,0,,1.0,mastercard,87.0,0
496689,335.0,17,1,,0,,1.0,mastercard,87.0,0
496690,200.0,17,1,,0,,2.0,visa,87.0,0
496692,50.0,17,1,,0,,1.0,visa,87.0,0
496712,48.95,17,1,,0,,2.0,mastercard,87.0,0
496713,592.95,17,1,10.0,0,,1.0,visa,87.0,0
496720,50.0,17,1,,0,,1.0,visa,87.0,0
496726,500.0,17,1,1.0,0,,1.0,mastercard,87.0,0
496730,25.0,17,1,,0,,1.0,visa,87.0,0
496734,300.0,17,1,,0,,4.0,mastercard,87.0,0
496737,8.0,17,1,,0,,1.0,visa,87.0,0
496760,68.95,17,1,15.0,0,,1.0,visa,87.0,0
496762,50.0,17,1,,0,,1.0,visa,87.0,0
496779,75.0,17,1,,0,,1.0,mastercard,87.0,0
496785,100.0,17,1,,0,,19.0,visa,87.0,0
496806,35.0,18,1,8.0,0,,30.0,visa,87.0,0
496808,327.0,18,1,9.0,0,,1.0,mastercard,87.0,0
496814,25.0,18,1,,0,,3.0,mastercard,87.0,0
496824,15.77,18,0,,0,0.0,2.0,visa,,0
496834,42.95,18,1,6.0,0,,4.0,visa,87.0,0
496848,57.95,18,1,1247.0,0,,2.0,mastercard,87.0,0
496878,25.95,18,1,,0,,1.0,mastercard,87.0,0
496931,628.99,18,1,1854.0,0,,1.0,mastercard,87.0,0
496944,3162.95,18,1,42.0,0,,1.0,discover,87.0,0
496960,87.95,18,1,4.0,0,,2.0,visa,87.0,0
496962,424.95,18,1,30.0,0,,1.0,visa,87.0,0
496986,54.5,18,1,3.0,0,,3.0,visa,87.0,0
496994,117.0,18,1,17.0,0,,1.0,visa,87.0,0
497023,226.0,18,1,33.0,0,,7.0,visa,87.0,0
497049,50.0,18,1,,0,,2.0,visa,87.0,0
497052,50.0,18,1,,0,,1.0,visa,87.0,0
497104,34.0,18,1,4.0,0,,2.0,visa,87.0,0
497105,581.95,18,1,3.0,0,,2.0,mastercard,87.0,0
497117,117.0,18,1,24.0,0,,1.0,visa,87.0,0
497126,58.5,18,1,2.0,0,,1.0,mastercard,87.0,0
497129,21.751,18,0,,0,0.0,1.0,mastercard,,0
497142,150.0,18,1,,0,,2.0,visa,87.0,0
497165,300.0,18,1,16.0,0,,1.0,mastercard,87.0,0
497176,100.0,18,1,,0,,1.0,visa,87.0,0
497216,75.0,18,1,,0,,1.0,visa,87.0,0
497224,1204.34,18,1,,0,,1.0,discover,87.0,0
497234,226.0,18,1,,0,,1.0,visa,87.0,0
497249,30.95,18,1,,0,,1.0,mastercard,87.0,0
497250,400.0,18,1,,0,,1.0,mastercard,87.0,0
497270,90.388,18,0,,0,1.0,1.0,visa,,0
497272,209.95,18,1,17.0,0,,2.0,visa,87.0,0
497277,226.0,18,1,,0,,2.0,visa,87.0,0
497283,150.0,18,1,,0,,1.0,visa,87.0,0
497292,59.63,18,1,0.0,0,,2.0,visa,87.0,0
497293,50.0,18,1,,0,,1.0,visa,87.0,0
497299,87.0,18,1,5.0,0,,2.0,visa,87.0,0
497305,117.0,18,1,,0,,1.0,visa,87.0,1
497307,554.0,18,1,,0,,1.0,visa,87.0,1
497314,39.5,18,1,84.0,0,,1.0,mastercard,87.0,0
497324,40.0,18,1,,0,,1.0,visa,87.0,0
497330,100.0,18,1,,0,,1.0,visa,87.0,0
497337,90.388,18,0,,0,1.0,2.0,visa,,0
497380,49.0,18,1,3.0,0,,1.0,visa,87.0,0
497382,103.95,18,1,2.0,0,,239.0,visa,87.0,0
497383,90.388,18,0,,0,1.0,3.0,mastercard,,0
497391,70.0,18,1,,0,,2.0,mastercard,87.0,0
497393,59.0,18,1,8.0,0,,10.0,mastercard,87.0,0
497403,54.5,18,1,,0,,3.0,visa,87.0,0
497437,90.388,18,0,,0,1.0,4.0,mastercard,,0
497445,100.0,18,1,0.0,0,,3.0,visa,87.0,0
497447,59.0,18,1,,0,,1.0,visa,87.0,0
497458,27.97,18,1,4.0,0,,2.0,visa,87.0,0
497466,200.0,18,1,,0,,4.0,mastercard,87.0,0
497494,86.95,18,1,1102.0,0,,1.0,mastercard,87.0,0
497501,26.464,18,0,,0,,2.0,mastercard,,0
497516,280.0,18,1,9.0,0,,1.0,mastercard,87.0,0
497519,57.95,18,1,1.0,0,,99.0,visa,87.0,0
497538,40.0,18,1,,0,,3.0,visa,87.0,0
497552,28.95,18,1,,0,,2.0,mastercard,87.0,0
497583,20.0,18,1,,0,,1.0,visa,87.0,0
497586,9.0,18,1,,0,,3.0,visa,87.0,0
497588,87.0,18,1,18.0,0,,2.0,mastercard,87.0,0
497601,94.013,18,0,,0,9.0,2.0,visa,,0
497615,50.0,18,1,,0,,1.0,visa,87.0,0
497692,69.483,18,0,,0,,1.0,mastercard,,0
497697,42.294,18,0,,0,,1.0,visa,,0
497719,25.95,18,1,0.0,0,,2.0,visa,87.0,0
497726,75.0,18,1,,0,,1.0,visa,87.0,0
497731,188.0,18,1,,0,,1.0,visa,87.0,0
497777,24.5,18,1,1.0,0,,1.0,mastercard,87.0,0
497789,30.0,18,1,,0,,3.0,visa,87.0,0
497803,25.95,18,1,28.0,0,,3.0,visa,87.0,0
497804,67.95,18,1,14.0,0,,5.0,visa,87.0,0
497807,44.0,18,1,275.0,0,,1.0,visa,87.0,0
497809,312.95,18,1,10.0,0,,5.0,visa,87.0,0
497840,50.0,18,1,,0,,1.0,visa,87.0,0
497843,351.95,18,1,,0,,1.0,mastercard,87.0,0
497853,1679.95,18,1,17.0,0,,4.0,visa,87.0,0
497860,422.5,18,1,28.0,0,,1.0,mastercard,87.0,0
497863,47.95,18,1,4.0,0,,1.0,mastercard,87.0,0
497911,399.95,18,1,,0,,1.0,visa,87.0,0
497931,28.95,18,1,0.0,0,,3.0,visa,87.0,0
498011,209.95,18,1,1.0,0,,5.0,visa,87.0,0
498015,59.0,18,1,18.0,0,,2.0,mastercard,87.0,0
498023,100.0,18,1,,0,4.0,2.0,visa,87.0,0
498033,730.5,18,1,556.0,0,,1.0,visa,87.0,0
498040,171.0,18,1,14.0,0,,3.0,visa,87.0,0
498046,63.95,18,1,15.0,0,,10.0,mastercard,87.0,0
498060,30.0,18,1,,0,,2.0,visa,87.0,0
498070,50.0,18,1,,0,,1.0,visa,87.0,0
498071,108.95,18,1,19.0,0,,1.0,visa,87.0,0
498081,74.0,18,1,7.0,0,,1.0,mastercard,87.0,0
498085,39.54,18,1,0.0,0,,4.0,mastercard,87.0,0
498105,49.0,18,1,0.0,0,,1.0,mastercard,87.0,0
498110,50.0,18,1,,0,,1.0,mastercard,87.0,0
498114,200.0,18,1,,0,,3.0,visa,87.0,0
498125,26.95,18,1,,0,,2.0,visa,87.0,0
498144,87.95,18,1,4.0,0,,2.0,visa,87.0,0
498144,107.95,18,1,,0,,1.0,mastercard,87.0,0
498151,26.95,18,1,23.0,0,,5.0,visa,87.0,0
498178,75.0,18,1,,0,,1.0,visa,87.0,0
498215,50.0,18,1,,0,,2.0,visa,87.0,0
498231,49.56,18,1,,0,,1.0,visa,87.0,0
498232,59.0,18,1,95.0,0,,1.0,mastercard,87.0,0
498235,107.95,18,1,4.0,0,,135.0,mastercard,87.0,0
498237,49.0,18,1,8.0,0,,1.0,visa,87.0,0
498244,57.95,18,1,24.0,0,,1.0,mastercard,87.0,0
498261,39.0,18,1,,0,,1.0,visa,87.0,1
498264,159.95,18,1,3.0,0,,5.0,mastercard,87.0,0
498267,100.0,18,1,,0,,1.0,mastercard,87.0,0
498279,107.95,18,1,,0,,1.0,visa,87.0,0
498281,49.0,18,1,1388.0,0,,4.0,visa,87.0,0
498361,400.0,18,1,,0,,1.0,mastercard,87.0,0
498363,75.0,18,1,,0,,7.0,visa,87.0,0
498365,34.0,18,1,1.0,0,,3.0,visa,87.0,0
498368,50.0,18,1,,0,,1.0,visa,87.0,0
498377,20.0,18,1,,0,,1.0,visa,87.0,0
498411,39.54,18,1,0.0,0,,4.0,visa,87.0,0
498413,40.0,18,1,,0,,4.0,mastercard,87.0,0
498419,30.95,18,1,,0,,215.0,mastercard,87.0,0
498429,75.0,18,1,,0,,1.0,visa,87.0,0
498444,68.5,18,1,24.0,0,,1.0,visa,87.0,0
498459,78.788,18,0,,0,1.0,129.0,visa,,1
498488,300.0,18,1,,0,,2.0,visa,87.0,0
498501,179.95,18,1,,0,,1.0,visa,87.0,0
498516,100.0,18,1,,0,,1.0,visa,87.0,0
498525,612.95,18,1,78.0,0,,1.0,mastercard,87.0,0
498552,57.95,18,1,,0,,1.0,mastercard,87.0,0
498567,117.0,18,1,40.0,0,,1.0,mastercard,87.0,0
498569,100.0,18,1,,0,,1.0,visa,87.0,0
498577,78.788,18,0,,0,1.0,130.0,visa,,1
498582,10.0,18,1,,0,,1.0,visa,87.0,0
498583,117.0,18,1,6.0,0,,5.0,visa,87.0,0
498583,45.194,18,1,,0,0.0,1.0,mastercard,60.0,0
498604,117.0,18,1,35.0,0,,1.0,visa,87.0,0
498617,11.238,18,1,,0,,1.0,visa,60.0,0
498620,117.0,18,1,20.0,0,,1.0,mastercard,87.0,0
498621,29.95,18,1,,0,,5.0,mastercard,87.0,0
498633,100.0,18,1,,0,,8.0,visa,87.0,0
498640,25.0,18,1,,0,,1.0,visa,87.0,0
498644,1002.71,18,1,12.0,0,,1.0,visa,87.0,0
498648,21.95,18,1,11.0,0,,1.0,visa,87.0,0
498665,100.0,18,1,,0,,1.0,american express,87.0,0
498675,57.95,18,1,,0,,1.0,visa,87.0,0
498680,155.95,18,1,1.0,0,,3.0,visa,87.0,0
498682,1283.95,18,1,0.0,0,,1.0,visa,87.0,0
498711,105.95,18,1,1.0,0,,105.0,visa,87.0,0
498720,422.5,18,1,28.0,0,,1.0,mastercard,87.0,0
498742,19.818,18,0,,0,718.0,1.0,mastercard,,0
498751,59.0,18,1,1935.0,0,,4.0,visa,87.0,0
498751,135.95,18,1,,0,,2.0,mastercard,87.0,0
498754,47.95,18,1,5.0,0,,4.0,visa,87.0,0
498754,47.95,18,1,362.0,0,,1.0,visa,87.0,0
498756,57.95,18,1,,0,,1.0,visa,87.0,0
498811,40.0,18,1,,0,,1.0,visa,87.0,0
498881,61.387,18,0,,0,,1.0,visa,,0
498883,317.5,18,1,9.0,0,,1.0,visa,87.0,0
498902,150.0,18,1,,0,,1.0,visa,87.0,0
498938,404.95,18,1,,0,,1.0,visa,87.0,0
498942,75.0,18,1,,0,,1.0,american express,87.0,0
498945,82.0,18,1,0.0,0,,1.0,mastercard,87.0,0
498951,59.0,18,1,4.0,0,,1.0,visa,87.0,0
498965,107.95,18,1,1.0,0,,1.0,mastercard,87.0,0
498973,59.0,18,1,2.0,0,,8.0,visa,87.0,0
498976,39.0,18,1,,0,,1.0,mastercard,87.0,0
499010,300.0,18,1,,0,7.0,2.0,visa,87.0,0
499013,136.5,18,1,,0,,1.0,mastercard,87.0,0
499050,50.0,18,1,,0,,1.0,mastercard,87.0,0
499067,39.0,18,1,3.0,0,,1.0,visa,87.0,1
499105,300.0,18,1,,0,,1.0,mastercard,87.0,0
499111,57.95,18,1,2.0,0,,6.0,visa,87.0,0
499128,31.95,18,1,3.0,0,,2.0,visa,87.0,0
499130,226.0,18,1,244.0,0,,1.0,visa,87.0,0
499132,117.0,18,1,30.0,0,,2.0,visa,87.0,0
499145,58.004,18,0,,0,,2.0,mastercard,,0
499147,20.0,18,1,,0,,1.0,mastercard,87.0,0
499214,12.205,18,0,,0,718.0,1.0,mastercard,,0
499232,57.95,18,1,,0,,2.0,visa,87.0,0
499253,25.0,18,1,,0,,1.0,visa,87.0,0
499256,150.0,18,1,,0,,1.0,mastercard,87.0,0
499267,92.443,18,0,,0,1931.0,1.0,visa,,0
499275,100.0,18,1,,0,,1.0,mastercard,87.0,0
499286,50.0,18,1,,0,,1.0,visa,87.0,0
499306,300.0,18,1,,0,,1.0,mastercard,87.0,0
499308,98.95,18,1,2.0,0,,2.0,visa,87.0,0
499315,40.0,18,1,,0,,1.0,mastercard,87.0,0
499337,75.0,18,1,,0,,1.0,mastercard,87.0,0
499391,52.695,18,0,,0,,1.0,visa,,0
499416,59.0,18,1,4.0,0,,3.0,visa,87.0,0
499431,300.0,18,1,,0,,2.0,visa,87.0,0
499434,75.0,18,1,,0,,1.0,visa,87.0,0
499434,100.0,18,1,,0,709.0,1.0,visa,87.0,0
499438,22.053,18,1,,0,7.0,1.0,visa,60.0,1
499438,79.47,18,1,11.0,0,,1.0,mastercard,87.0,0
499441,20.0,18,1,,0,,1.0,visa,87.0,0
499449,72.99,18,1,4.0,0,,1.0,mastercard,87.0,0
499505,160.95,18,1,,0,,3.0,visa,87.0,0
499520,29.0,18,1,1.0,0,,1.0,visa,87.0,0
499532,117.0,18,1,,0,,1.0,visa,87.0,0
499534,97.95,18,1,0.0,0,,88.0,visa,87.0,0
499542,77.338,18,1,,0,,2.0,mastercard,60.0,0
499543,60.0,18,1,,0,,1.0,mastercard,87.0,0
499551,98.0,18,1,,0,,3.0,mastercard,87.0,1
499554,50.0,18,1,,0,,139.0,visa,87.0,0
499556,11.419,18,0,,0,13.0,2.0,visa,,0
499573,40.0,18,1,,0,,1.0,visa,87.0,0
499576,300.0,18,1,,0,,2.0,visa,87.0,0
499584,3.565,18,0,,0,445.0,1.0,visa,,0
499587,100.0,18,1,,0,,1.0,visa,87.0,0
499594,87.0,18,1,7.0,0,,1.0,visa,87.0,0
499611,1116.95,18,1,13.0,0,,1.0,visa,87.0,0
499614,82.95,18,1,5.0,0,,2.0,mastercard,87.0,0
499623,117.0,18,1,27.0,0,,2.0,mastercard,87.0,0
499628,100.0,18,1,,0,,8.0,visa,87.0,0
499645,261.95,18,1,71.0,0,,131.0,visa,87.0,0
499656,35.13,18,1,,0,,2.0,visa,87.0,0
499674,63.97,18,1,11.0,0,,8.0,visa,87.0,0
499688,100.0,18,1,,0,482.0,1.0,discover,87.0,0
499689,50.0,18,1,,0,,4.0,mastercard,87.0,0
499701,49.0,18,1,,0,,1.0,mastercard,87.0,0
499735,2594.95,18,1,6.0,0,,1.0,visa,87.0,0
499737,11.419,18,0,,0,13.0,2.0,visa,,0
499748,67.95,18,1,11.0,0,,8.0,visa,87.0,0
499753,150.0,18,1,,0,,1.0,visa,87.0,0
499794,414.0,18,1,22.0,0,,1.0,visa,87.0,0
499824,82.95,18,1,87.0,0,,1.0,mastercard,87.0,0
499867,300.0,18,1,,0,,2.0,visa,87.0,0
499872,13.353,18,1,,0,36.0,1.0,mastercard,60.0,0
499876,63.97,18,1,11.0,0,,8.0,visa,87.0,0
499903,140.95,18,1,1.0,0,,2.0,visa,87.0,0
499920,12.205,18,1,,0,718.0,1.0,mastercard,60.0,0
499937,57.95,18,1,32.0,0,,2.0,visa,87.0,0
499939,445.0,18,1,3.0,0,,1.0,visa,87.0,0
499943,25.0,18,1,,0,,1.0,mastercard,87.0,0
499951,11.419,18,0,,0,13.0,2.0,mastercard,,0
499967,67.95,18,1,,0,,1.0,visa,87.0,0
499981,40.0,18,1,,0,,2.0,visa,87.0,0
499994,87.95,18,1,38.0,0,,5.0,visa,87.0,0
499996,100.0,18,1,,0,,6.0,visa,87.0,0
500007,58.95,18,1,,0,,1.0,visa,87.0,0
500010,75.0,18,1,,0,,1.0,american express,87.0,0
500030,12.205,18,0,,0,718.0,1.0,mastercard,,0
500033,24.5,18,1,,0,,2.0,visa,87.0,0
500034,57.95,18,1,2.0,0,,5.0,mastercard,87.0,0
500037,29.0,18,1,,0,,1.0,visa,87.0,0
500038,34.0,18,1,,0,,1.0,mastercard,87.0,0
500052,75.0,18,1,,0,,2.0,mastercard,87.0,0
500059,171.0,18,1,1.0,0,,2.0,visa,87.0,0
500077,209.95,18,1,,0,,1.0,visa,87.0,0
500079,2594.95,18,1,,0,,1.0,visa,87.0,0
500150,57.95,18,1,4.0,0,,11.0,mastercard,87.0,0
500167,75.0,18,1,,0,,1.0,visa,87.0,0
500193,818.23,18,1,114.0,0,,1.0,visa,87.0,0
500201,554.0,18,1,723.0,0,,3.0,discover,87.0,0
500209,40.0,18,1,,0,,1.0,visa,87.0,0
500209,13.172,18,1,,0,,2.0,visa,60.0,0
500219,117.0,18,1,13.0,0,,6.0,visa,87.0,0
500246,29.0,18,1,,0,,1.0,visa,87.0,0
500275,30.0,18,1,,0,,1.0,visa,87.0,0
500279,74.921,18,1,,0,7.0,1.0,visa,60.0,0
500285,128.0,18,1,10.0,0,,1.0,mastercard,87.0,0
500288,67.95,18,1,1.0,0,,2.0,visa,87.0,0
500289,25.0,18,1,,0,,1.0,visa,87.0,0
500303,60.0,18,1,,0,,1.0,visa,87.0,0
500304,50.0,18,1,,0,,1.0,visa,87.0,0
500332,40.0,18,1,5.0,0,,1.0,visa,87.0,0
500373,39.0,18,1,,0,,1.0,mastercard,87.0,0
500389,117.0,18,1,,0,,2.0,visa,87.0,0
500400,1104.0,19,1,9.0,0,,1.0,visa,87.0,0
500410,57.95,19,1,3.0,0,,5.0,visa,87.0,0
500413,25.0,19,1,,0,,1.0,visa,87.0,0
500420,140.0,19,1,,0,,2.0,visa,87.0,0
500426,689.95,19,1,23.0,0,,1.0,visa,87.0,0
500429,65.95,19,1,7.0,0,,43.0,visa,87.0,0
500433,575.47,19,1,67.0,0,,2.0,mastercard,87.0,0
500448,47.95,19,1,7.0,0,,1.0,visa,87.0,0
500456,146.16,19,1,,0,,1.0,visa,87.0,0
500482,68.95,19,1,,0,,1.0,mastercard,87.0,0
500489,50.0,19,1,2.0,0,,1.0,mastercard,87.0,0
500492,44.95,19,1,1434.0,0,,1.0,mastercard,87.0,0
500498,200.0,19,1,46.0,0,,2.0,visa,87.0,0
500504,50.0,19,1,,0,,2.0,visa,87.0,0
500515,25.0,19,1,,0,,1.0,visa,87.0,0
500591,112.99,19,1,12.0,0,,4.0,mastercard,87.0,0
500595,50.0,19,1,,0,,1.0,visa,87.0,0
500638,30.27,19,1,,0,89.0,8.0,visa,60.0,0
500687,411.95,19,1,,0,,2.0,mastercard,87.0,0
500724,43.382,19,1,,0,226.0,9.0,visa,60.0,0
500725,218.06,19,1,6.0,0,,1.0,mastercard,87.0,0
500744,25.0,19,1,,0,,1.0,visa,87.0,0
500752,24.0,19,1,244.0,0,,1.0,visa,87.0,0
500763,100.0,19,1,,0,,1.0,visa,87.0,0
500815,40.0,19,1,,0,,1.0,visa,87.0,0
500825,11.238,19,0,,0,,1.0,visa,,0
500830,107.0,19,1,,0,,3.0,american express,87.0,0
500833,35.346,19,0,,0,,1.0,mastercard,,0
500860,40.0,19,1,,0,,2.0,visa,87.0,0
500907,50.0,19,1,,0,,1.0,mastercard,87.0,0
500914,34.0,19,1,,0,,4.0,visa,87.0,0
500929,25.0,19,1,,0,,1.0,visa,87.0,0
500933,31.298,19,1,,0,199.0,6.0,mastercard,60.0,0
500938,25.0,19,1,,0,,1.0,visa,87.0,0
500953,27.0,19,1,,0,,4.0,mastercard,87.0,0
500966,108.5,19,1,,0,,2.0,mastercard,87.0,0
500967,30.0,19,1,,0,,1.0,visa,87.0,0
500971,1099.42,19,1,0.0,0,,1.0,visa,87.0,0
500972,226.0,19,1,120.0,0,,1.0,visa,87.0,0
500982,40.0,19,1,,0,,1.0,visa,87.0,0
500993,92.0,19,1,7.0,0,,1.0,visa,87.0,0
501027,40.0,19,1,,0,,2.0,mastercard,87.0,0
501027,108.5,19,1,8.0,0,,2.0,visa,87.0,0
501032,100.0,19,1,,0,,1.0,visa,87.0,0
501043,44.0,19,1,11.0,0,,1.0,visa,87.0,0
501050,100.0,19,1,,0,,1.0,visa,87.0,0
501054,113.58,19,1,,0,,1.0,visa,87.0,0
501071,34.0,19,1,,0,,2.0,visa,87.0,0
501113,50.0,19,1,,0,,1.0,visa,87.0,0
501115,199.205,19,0,,0,7.0,1.0,mastercard,,0
501120,100.0,19,1,,0,,1.0,visa,87.0,0
501134,50.0,19,1,,0,,1.0,mastercard,87.0,0
501135,120.0,19,1,8.0,0,,3.0,visa,87.0,0
501160,15.0,19,1,,0,,1.0,visa,87.0,0
501196,25.0,19,1,,0,,1.0,visa,87.0,0
501216,117.0,19,1,31.0,0,,1.0,visa,87.0,1
501223,97.0,19,1,,0,,1.0,mastercard,87.0,0
501224,12.205,19,1,,0,718.0,1.0,mastercard,60.0,0
501233,884.0,19,1,51.0,0,,1.0,visa,87.0,0
501240,60.0,19,1,,0,,1.0,visa,87.0,0
501242,40.0,19,1,,0,,1.0,mastercard,87.0,0
501259,30.0,19,1,,0,,1.0,visa,87.0,0
501268,57.95,19,1,65.0,0,,3.0,visa,87.0,0
501301,313.93,19,1,,0,,2.0,discover,87.0,0
501314,49.0,19,1,14.0,0,,1.0,mastercard,87.0,0
501336,25.95,19,1,7.0,0,,2.0,mastercard,87.0,0
501342,59.0,19,1,2.0,0,,2.0,visa,87.0,0
501343,818.08,19,1,,0,,1.0,visa,87.0,0
501347,117.0,19,1,5.0,0,,1.0,mastercard,87.0,0
501359,47.95,19,1,0.0,0,,2.0,visa,87.0,0
501361,25.0,19,1,,0,,1.0,visa,87.0,0
501361,107.95,19,1,,0,,9.0,mastercard,87.0,0
501364,26.0,19,1,,0,,9.0,visa,87.0,0
501364,93.0,19,1,6.0,0,,6.0,visa,87.0,0
501366,68.95,19,1,,0,,1.0,mastercard,87.0,0
501377,100.0,19,1,,0,,1.0,visa,87.0,0
501408,50.0,19,1,,0,,1.0,mastercard,87.0,0
501427,100.0,19,1,,0,,1.0,mastercard,87.0,0
501460,40.602,19,0,,0,,1.0,mastercard,,0
501470,50.0,19,1,,0,,1.0,visa,87.0,0
501474,30.0,19,1,,0,,8.0,visa,87.0,0
501482,52.95,19,1,4.0,0,,2.0,mastercard,87.0,0
501516,29.0,19,1,29.0,0,,1.0,visa,87.0,0
501537,108.5,19,1,90.0,0,,1.0,visa,87.0,0
501541,29.666,19,0,,0,751.0,2.0,visa,,0
501566,100.0,19,1,,0,,1.0,visa,87.0,0
501571,8.641,19,1,,0,0.0,2.0,mastercard,60.0,0
501608,994.0,19,1,4.0,0,,2.0,visa,87.0,0
501611,400.0,19,1,,0,,3.0,mastercard,87.0,0
501619,209.95,19,1,16.0,0,,1.0,visa,87.0,0
501630,50.0,19,1,,0,,1.0,visa,87.0,0
501633,50.0,19,1,,0,,1.0,visa,87.0,0
501646,117.0,19,1,28.0,0,,1.0,visa,87.0,0
501654,100.0,19,1,,0,,1.0,visa,87.0,0
501657,8.641,19,0,,0,0.0,2.0,mastercard,,0
501657,87.0,19,1,,0,,2.0,visa,87.0,0
501658,100.0,19,1,,0,,1.0,mastercard,87.0,0
501682,25.0,19,1,,0,,1.0,visa,87.0,0
501693,270.0,19,1,13.0,0,,1.0,visa,87.0,0
501728,149.842,19,0,,0,7.0,1.0,visa,,0
501749,59.0,19,1,2.0,0,,4.0,visa,87.0,0
501767,113.95,19,1,41.0,0,,1.0,visa,87.0,0
501767,50.0,19,1,,0,,1.0,visa,87.0,0
501792,15.0,19,1,,0,2.0,2.0,mastercard,87.0,0
501793,29.0,19,1,4.0,0,,1.0,mastercard,87.0,0
501855,36.192,19,0,,0,109.0,1.0,visa,,0
501869,55.0,19,1,,0,2.0,3.0,visa,87.0,0
501982,108.44,19,1,18.0,0,,2.0,visa,87.0,0
501997,39.0,19,1,752.0,0,,1.0,mastercard,87.0,0
502004,60.903,19,0,,0,,1.0,visa,,1
502022,100.0,19,1,,0,,1.0,mastercard,87.0,0
502028,25.0,19,1,,0,,1.0,mastercard,87.0,0
502063,55.0,19,1,,0,,3.0,visa,87.0,0
502072,50.0,19,1,,0,,1.0,visa,87.0,0
502072,100.0,19,1,,0,78.0,1.0,visa,87.0,0
502088,29.666,19,1,,0,751.0,2.0,visa,60.0,0
502092,50.0,19,1,,0,,1.0,visa,87.0,0
502097,1.533,19,1,,0,109.0,3.0,visa,60.0,0
502098,100.0,19,1,,0,,1.0,mastercard,87.0,0
502114,374.95,19,1,715.0,0,,1.0,visa,87.0,0
502115,49.0,19,1,671.0,0,,1.0,mastercard,87.0,0
502117,47.95,19,1,,0,,1.0,visa,87.0,0
502126,117.0,19,1,50.0,0,,1.0,mastercard,87.0,0
502135,100.0,19,1,,0,,3.0,visa,87.0,0
502149,80.0,19,1,,0,,1.0,visa,87.0,1
502165,30.0,19,1,,0,,3.0,visa,87.0,0
502167,400.0,19,1,,0,,1.0,mastercard,87.0,0
502194,50.0,19,1,,0,,1.0,mastercard,87.0,0
502196,100.0,19,1,,0,,1.0,visa,87.0,0
502242,33.95,19,1,,0,,1.0,mastercard,87.0,0
502258,50.0,19,1,,0,,1.0,visa,87.0,0
502260,40.0,19,1,,0,,2.0,mastercard,87.0,0
502269,226.0,19,1,318.0,0,,1.0,visa,87.0,0
502273,52.95,19,1,,0,,3.0,visa,87.0,0
502284,25.0,19,1,,0,,1.0,visa,87.0,0
502285,1560.3,19,1,17.0,0,,1.0,visa,87.0,0
502335,226.0,19,1,,0,,1.0,mastercard,87.0,0
502357,45.0,19,1,,0,,3.0,mastercard,87.0,0
502395,54.0,19,1,47.0,0,,1.0,mastercard,87.0,0
502409,300.0,19,1,,0,,1.0,visa,87.0,0
502410,50.0,19,1,,0,485.0,1.0,mastercard,87.0,0
502422,335.0,19,1,5.0,0,,1.0,visa,87.0,0
502427,55.0,19,1,4.0,0,,5.0,mastercard,87.0,0
502429,48.95,19,1,13.0,0,,1.0,visa,87.0,0
502432,75.0,19,1,,0,,1.0,mastercard,87.0,0
502433,90.63,19,1,,0,,1.0,visa,60.0,1
502437,200.0,19,1,,0,707.0,1.0,visa,87.0,0
502438,100.0,19,1,,0,,1.0,mastercard,87.0,0
502442,59.0,19,1,41.0,0,,1.0,visa,87.0,0
502453,117.0,19,1,,0,,1.0,visa,87.0,0
502458,125.0,19,1,,0,,2.0,mastercard,87.0,0
502485,50.0,19,1,,0,,1.0,mastercard,87.0,0
502495,50.0,19,1,,0,,1.0,mastercard,87.0,0
502516,226.0,19,1,,0,,4.0,visa,87.0,0
502570,20.0,19,1,,0,,1.0,visa,87.0,0
502579,30.0,19,1,,0,,2.0,mastercard,87.0,0
502611,160.95,19,1,4.0,0,,197.0,visa,87.0,0
502618,50.0,19,1,,0,,2.0,mastercard,87.0,0
502628,40.0,19,1,,0,,1.0,mastercard,87.0,0
502634,25.0,19,1,,0,,1.0,visa,87.0,0
502644,226.0,19,1,,0,,3.0,visa,87.0,0
502650,121.807,19,1,,0,,1.0,visa,87.0,0
502671,210.95,19,1,,0,,2.0,visa,87.0,0
502697,50.0,19,1,,0,,2.0,mastercard,87.0,0
502698,231.16,19,1,,0,,1.0,mastercard,87.0,0
502700,117.0,19,1,0.0,0,,1.0,visa,87.0,0
502713,34.0,19,1,1125.0,0,,1.0,mastercard,87.0,0
502719,90.0,19,1,,0,,2.0,visa,87.0,0
502732,422.5,19,1,,0,,1.0,mastercard,87.0,0
502759,146.0,19,1,1314.0,0,,2.0,mastercard,87.0,0
502773,588.86,19,1,,0,,1.0,discover,87.0,0
502798,200.95,19,1,,0,,1.0,visa,87.0,0
502805,54.0,19,1,4.0,0,,1.0,visa,87.0,0
502834,50.0,19,1,,0,,1.0,visa,87.0,0
502834,100.0,19,1,,0,,1.0,visa,87.0,0
502834,70.691,19,0,,0,0.0,1.0,mastercard,,0
502837,374.95,19,1,8.0,0,,1.0,discover,87.0,0
502860,108.95,19,1,,0,,1.0,visa,87.0,0
502866,340.0,19,1,,0,,1.0,visa,87.0,0
502868,20.0,19,1,,0,,1.0,mastercard,87.0,0
502890,25.95,19,1,27.0,0,,149.0,mastercard,87.0,0
502921,59.0,19,1,6.0,0,,1.0,mastercard,87.0,0
502925,57.95,19,1,1286.0,0,,27.0,visa,87.0,0
502937,7.877,19,1,,0,10.0,4.0,visa,60.0,0
502941,150.0,19,1,,0,,3.0,visa,87.0,0
502957,100.0,19,1,,0,,1.0,visa,87.0,0
502963,213.0,19,1,7.0,0,,1.0,visa,87.0,0
502984,24.5,19,1,,0,,2.0,visa,87.0,0
502990,15.0,19,1,,0,,1.0,visa,87.0,0
503008,131.0,19,1,,0,,1.0,mastercard,87.0,0
503008,432.47,19,1,,0,,1.0,visa,87.0,0
503016,208.95,19,1,,0,,3.0,visa,87.0,0
503036,316.5,19,1,11.0,0,,1.0,mastercard,87.0,0
503041,35.0,19,1,,0,,1.0,visa,87.0,0
503053,100.0,19,1,,0,,1.0,american express,87.0,0
503062,90.0,19,1,,0,,1.0,visa,87.0,0
503088,30.95,19,1,,0,,7.0,visa,87.0,0
503099,117.0,19,1,2.0,0,,1.0,visa,87.0,0
503099,49.0,19,1,5.0,0,,1.0,mastercard,87.0,0
503102,35.95,19,1,0.0,0,,2.0,mastercard,87.0,0
503112,50.0,19,1,,0,,1.0,visa,87.0,0
503112,60.0,19,1,,0,,1.0,visa,87.0,0
503133,161.0,19,1,,0,,5.0,mastercard,87.0,0
503155,35.95,19,1,1280.0,0,,7.0,mastercard,87.0,0
503165,98.95,19,1,,0,,2.0,visa,87.0,0
503242,382.47,19,1,,0,,1.0,mastercard,87.0,0
503258,100.0,19,1,,0,,1.0,mastercard,87.0,0
503267,25.0,19,1,,0,,2.0,visa,87.0,0
503289,107.0,19,1,1.0,0,,1.0,visa,87.0,0
503306,39.0,19,1,1.0,0,,1.0,visa,87.0,0
503314,47.95,19,1,1280.0,0,,149.0,mastercard,87.0,0
503334,57.95,19,1,,0,,3.0,visa,87.0,0
503352,458.45,19,1,,0,,1.0,mastercard,87.0,0
503360,150.0,19,1,,0,12.0,1.0,visa,87.0,0
503373,260.0,19,1,,0,,2.0,visa,87.0,0
503374,25.0,19,1,,0,,1.0,mastercard,87.0,0
503404,20.0,19,1,,0,,44.0,visa,87.0,0
503409,20.0,19,1,,0,,1.0,visa,87.0,0
503437,4.372,19,0,,0,0.0,3.0,visa,,0
503437,100.0,19,1,,0,,2.0,visa,87.0,0
503452,57.95,19,1,12.0,0,,1.0,mastercard,87.0,0
503453,44.5,19,1,19.0,0,,2.0,mastercard,87.0,0
503471,75.0,19,1,,0,,1.0,visa,87.0,0
503472,160.95,19,1,120.0,0,,1.0,visa,87.0,0
503474,50.0,19,1,,0,,1.0,visa,87.0,0
503484,57.95,19,1,13.0,0,,5.0,mastercard,87.0,0
503551,100.0,19,1,,0,,1.0,mastercard,87.0,0
503569,75.0,19,1,,0,,1.0,visa,87.0,0
503580,7.915,19,0,,0,132.0,1.0,mastercard,,0
503590,200.0,19,1,,0,,1.0,visa,87.0,0
503603,277.5,19,1,0.0,0,,2.0,visa,87.0,0
503641,29.0,19,1,,0,,2.0,visa,87.0,0
503673,100.0,19,1,2.0,0,,1.0,visa,87.0,0
503682,82.715,19,0,,0,286.0,1.0,mastercard,,0
503704,57.95,19,1,,0,,17.0,visa,87.0,0
503712,72.0,19,1,,0,,4.0,visa,87.0,0
503730,473.07,19,1,,0,,1.0,visa,87.0,0
503786,20.0,19,1,,0,,6.0,visa,87.0,0
503786,130.0,19,1,,0,,2.0,visa,87.0,0
503787,47.95,19,1,,0,,1.0,mastercard,87.0,0
503798,100.0,19,1,262.0,0,,1.0,visa,87.0,0
503813,135.0,19,1,,0,,2.0,mastercard,87.0,0
503819,39.0,19,1,,0,,1.0,mastercard,87.0,0
503834,1000.0,19,1,,0,,1.0,mastercard,87.0,0
503861,200.0,19,1,,0,,2.0,visa,87.0,0
503861,29.0,19,1,872.0,0,,1.0,mastercard,87.0,0
503876,179.95,19,1,,0,,159.0,visa,87.0,0
503898,100.0,19,1,,0,,1.0,visa,87.0,0
503908,40.0,19,1,,0,,1.0,visa,87.0,0
503924,484.16,19,1,,0,,1.0,visa,87.0,0
503935,78.97,19,1,,0,,4.0,visa,87.0,0
503957,117.0,19,1,33.0,0,,1.0,mastercard,87.0,0
503957,400.4,19,1,4.0,0,,1.0,visa,87.0,0
503964,50.0,19,1,,0,,2.0,visa,87.0,0
503992,100.0,19,1,,0,,1.0,visa,87.0,0
503996,200.0,19,1,,0,,2.0,visa,87.0,1
504000,78.788,20,0,,0,1.0,131.0,visa,,1
504004,50.0,20,1,,0,,1.0,mastercard,87.0,0
504013,4.372,20,0,,0,68.0,2.0,visa,,0
504037,262.97,20,1,27.0,0,,1.0,visa,87.0,0
504044,50.0,20,1,,0,,1.0,visa,87.0,0
504053,151.0,20,1,10.0,0,,2.0,visa,87.0,0
504067,50.0,20,1,3.0,0,,1.0,visa,87.0,0
504074,150.0,20,1,,0,,2.0,visa,87.0,0
504078,20.0,20,1,,0,,2.0,mastercard,87.0,0
504112,59.0,20,1,6.0,0,,1.0,visa,87.0,0
504114,1044.95,20,1,9.0,0,,1.0,visa,87.0,0
504114,1549.97,20,1,,0,,1.0,mastercard,87.0,0
504115,25.0,20,1,,0,,1.0,visa,87.0,0
504126,67.95,20,1,,0,,1.0,visa,87.0,0
504127,20.0,20,1,14.0,0,,1.0,mastercard,87.0,0
504129,49.303,20,1,,0,7.0,2.0,visa,87.0,0
504133,100.0,20,1,,0,,2.0,mastercard,87.0,0
504147,39.0,20,1,31.0,0,,1.0,mastercard,87.0,0
504161,100.0,20,1,,0,,1.0,discover,87.0,0
504165,75.0,20,1,,0,,1.0,mastercard,87.0,0
504168,78.788,20,0,,0,1.0,132.0,visa,,1
504175,100.0,20,1,,0,,1.0,visa,87.0,0
504192,117.0,20,1,3.0,0,,1.0,visa,87.0,0
504201,331.55,20,1,10.0,0,,1.0,visa,87.0,0
504205,49.303,20,0,,0,7.0,3.0,visa,,0
504282,25.0,20,1,,0,,1.0,visa,87.0,0
504288,54.5,20,1,369.0,0,,1.0,visa,87.0,0
504310,40.0,20,1,,0,,1.0,mastercard,87.0,0
504312,100.0,20,1,,0,,1.0,visa,87.0,0
504315,49.303,20,0,,0,7.0,3.0,visa,,0
504325,4.372,20,0,,0,68.0,3.0,visa,,0
504328,50.0,20,1,,0,,1.0,visa,87.0,0
504357,49.907,20,0,,0,,1.0,mastercard,,0
504364,59.95,20,1,1987.0,0,,1.0,visa,87.0,0
504371,30.0,20,1,,0,,9.0,visa,87.0,0
504405,107.95,20,1,6.0,0,,5.0,visa,87.0,0
504410,10.0,20,1,,0,,4.0,visa,87.0,0
504410,226.0,20,1,397.0,0,,2.0,mastercard,87.0,0
504415,306.0,20,1,,0,,1.0,mastercard,87.0,0
504416,29.0,20,1,5.0,0,,2.0,mastercard,87.0,0
504423,25.618,20,0,,0,448.0,1.0,visa,,0
504460,33.231,20,0,,0,22.0,1.0,visa,,0
504470,108.95,20,1,1.0,0,,3.0,visa,87.0,0
504485,43.97,20,1,54.0,0,,5.0,visa,87.0,0
504487,100.0,20,1,,0,,1.0,visa,87.0,0
504499,10.0,20,1,,0,,4.0,visa,87.0,0
504509,23.0,20,1,,0,,3.0,visa,87.0,0
504529,78.788,20,1,,0,1.0,132.0,visa,60.0,1
504532,100.0,20,1,,0,,1.0,visa,87.0,0
504539,100.0,20,1,,0,,1.0,mastercard,87.0,0
504540,100.0,20,1,0.0,0,,1.0,visa,87.0,0
504547,35.95,20,1,0.0,0,,1.0,mastercard,87.0,0
504549,141.0,20,1,9.0,0,,1.0,visa,87.0,0
504551,92.0,20,1,1.0,0,,10.0,visa,87.0,0
504575,100.0,20,1,,0,,1.0,visa,87.0,0
504578,49.0,20,1,1.0,0,,5.0,visa,87.0,0
504585,75.0,20,1,,0,,3.0,visa,87.0,0
504591,34.0,20,1,8.0,0,,1.0,visa,87.0,0
504600,35.0,20,1,,0,,256.0,visa,87.0,0
504628,75.0,20,1,,0,,1.0,visa,87.0,0
504637,95.0,20,1,,0,,2.0,visa,87.0,0
504638,20.0,20,1,,0,,3.0,visa,87.0,0
504646,130.0,20,1,,0,,1.0,visa,87.0,0
504675,50.0,20,1,,0,,1.0,american express,87.0,0
504689,73.97,20,1,,0,,43.0,mastercard,87.0,0
504719,50.0,20,1,47.0,0,,1.0,mastercard,87.0,0
504784,50.0,20,1,,0,,1.0,mastercard,87.0,0
504804,50.0,20,1,,0,,1.0,visa,87.0,0
504836,130.5,20,1,1.0,0,,1.0,visa,87.0,0
504881,43.97,20,1,,0,,5.0,visa,87.0,0
504902,100.0,20,1,,0,,1.0,discover,87.0,0
504907,47.95,20,1,60.0,0,,99.0,mastercard,87.0,0
504923,151.0,20,1,4.0,0,,1.0,visa,87.0,0
504943,317.5,20,1,,0,,3.0,visa,87.0,0
504983,210.95,20,1,9.0,0,,161.0,visa,87.0,0
504983,59.0,20,1,,0,,3.0,mastercard,87.0,0
504986,1651.0,20,1,1376.0,0,,2.0,discover,87.0,0
505005,47.95,20,1,,0,,3.0,mastercard,87.0,0
505009,29.0,20,1,,0,,1.0,mastercard,87.0,0
505013,100.0,20,1,,0,,1.0,visa,87.0,0
505040,87.0,20,1,,0,,1.0,mastercard,87.0,0
505044,40.0,20,1,,0,,2.0,visa,87.0,0
505058,56.5,20,1,16.0,0,,3.0,visa,87.0,0
505059,40.0,20,1,,0,,1.0,visa,87.0,0
505088,35.0,20,1,,0,,6.0,mastercard,87.0,0
505091,60.0,20,1,,0,,1.0,mastercard,87.0,0
505094,50.0,20,1,,0,,3.0,visa,87.0,0
505105,171.0,20,1,46.0,0,,2.0,visa,87.0,1
505128,103.97,20,1,13.0,0,,112.0,visa,87.0,0
505159,134.95,20,1,,0,,1.0,visa,87.0,0
505174,40.0,20,1,,0,,2.0,visa,87.0,0
505181,30.0,20,1,,0,,1.0,mastercard,87.0,0
505214,554.0,20,1,,0,,2.0,discover,87.0,0
505220,250.0,20,1,,0,,1.0,mastercard,87.0,0
505227,117.0,20,1,4.0,0,,1.0,visa,87.0,0
505232,100.0,20,1,,0,,1.0,visa,87.0,0
505260,300.0,20,1,,0,,1.0,mastercard,87.0,0
505262,55.345,20,0,,0,,1.0,visa,,0
505296,34.0,20,1,,0,,1.0,visa,87.0,0
505300,300.0,20,1,,0,,1.0,mastercard,87.0,0
505301,206.0,20,1,28.0,0,,1.0,mastercard,87.0,0
505302,647.92,20,1,,0,,1.0,discover,87.0,0
505307,108.5,20,1,,0,,1.0,visa,87.0,0
505325,110.0,20,1,,0,,2.0,visa,87.0,0
505334,171.0,20,1,8.0,0,,3.0,mastercard,87.0,0
505336,77.0,20,1,2.0,0,,1.0,mastercard,87.0,0
505336,107.95,20,1,3.0,0,,1.0,visa,87.0,0
505357,150.0,20,1,,0,,1.0,visa,87.0,0
505373,226.0,20,1,,0,,1.0,mastercard,87.0,0
505381,385.82,20,1,,0,,1.0,mastercard,87.0,0
505383,25.0,20,1,,0,,1.0,visa,87.0,0
505387,68.5,20,1,2.0,0,,1.0,mastercard,87.0,0
505391,87.95,20,1,,0,,1.0,visa,87.0,0
505395,200.0,20,1,,0,,4.0,visa,87.0,0
505402,50.0,20,1,,0,,3.0,visa,87.0,0
505409,41.0,20,1,9.0,0,,1.0,visa,87.0,0
505417,30.0,20,1,,0,42.0,10.0,discover,87.0,0
505427,47.95,20,1,17.0,0,,4.0,visa,87.0,0
505455,50.0,20,1,,0,,1.0,mastercard,87.0,0
505485,519.47,20,1,,0,,1.0,mastercard,87.0,0
505494,82.775,20,0,,0,,2.0,visa,,0
505510,100.0,20,1,,0,,1.0,visa,87.0,0
505512,30.0,20,1,,0,,1.0,visa,87.0,0
505540,2930.95,20,1,,0,,1.0,visa,87.0,0
505562,39.54,20,1,,0,,1.0,mastercard,87.0,0
505575,50.0,20,1,,0,,6.0,visa,87.0,0
505613,34.561,20,0,,0,229.0,1.0,mastercard,,0
505643,445.0,20,1,6.0,0,,5.0,visa,87.0,0
505657,14.017,20,0,,0,,1.0,visa,,0
505660,154.97,20,1,,0,,1.0,visa,87.0,0
505665,34.561,20,0,,0,229.0,1.0,mastercard,,0
505671,96.914,20,0,,0,,1.0,visa,,0
505692,60.0,20,1,,0,,1.0,visa,87.0,0
505720,56.5,20,1,208.0,0,,2.0,visa,87.0,0
505747,108.95,20,1,1.0,0,,1.0,visa,87.0,0
505747,108.5,20,1,5.0,0,,212.0,visa,87.0,0
505762,221.99,20,1,44.0,0,,1.0,visa,87.0,0
505767,35.95,20,1,0.0,0,,1.0,mastercard,87.0,0
505780,59.0,20,1,,0,,1.0,mastercard,87.0,0
505785,125.0,20,1,963.0,0,,122.0,mastercard,87.0,0
505789,100.0,20,1,,0,,1.0,visa,87.0,0
505791,1558.65,20,1,,0,,1.0,visa,87.0,0
505811,200.0,20,1,,0,,1.0,mastercard,87.0,0
505812,2494.95,20,1,,0,,1.0,mastercard,87.0,0
505858,261.95,20,1,0.0,0,,6.0,visa,87.0,0
505906,77.0,20,1,0.0,0,,1.0,visa,87.0,0
505907,250.0,20,1,,0,,5.0,mastercard,87.0,0
505911,59.091,20,0,,0,1.0,132.0,mastercard,,1
505913,50.0,20,1,,0,,1.0,discover,87.0,0
505967,50.0,20,1,,0,,1.0,visa,87.0,0
505973,271.34,20,1,28.0,0,,1.0,visa,87.0,0
505983,50.0,20,1,,0,,1.0,visa,87.0,0
506014,120.0,20,1,,0,,2.0,visa,87.0,0
506031,108.5,20,1,,0,,1.0,visa,87.0,0
506053,100.0,20,1,,0,,1.0,visa,87.0,0
506071,34.561,20,0,,0,229.0,1.0,mastercard,,0
506072,112.99,20,1,,0,,2.0,mastercard,87.0,0
506073,150.0,20,1,,0,,1.0,visa,87.0,0
506083,40.0,20,1,,0,,4.0,visa,87.0,0
506099,6.405,20,0,,0,,1.0,mastercard,,0
506100,50.0,20,1,,0,,1.0,visa,87.0,0
506108,36.131,20,1,,0,,1.0,mastercard,60.0,0
506128,400.0,20,1,,0,,2.0,visa,87.0,0
506129,46.5,20,1,,0,,1.0,visa,87.0,0
506138,34.0,20,1,13.0,0,,3.0,mastercard,87.0,0
506139,29.0,20,1,15.0,0,,30.0,mastercard,87.0,0
506156,60.0,20,1,,0,,1.0,mastercard,87.0,0
506166,30.0,20,1,,0,,1.0,visa,87.0,0
506183,39.998,20,0,,0,924.0,1.0,mastercard,,0
506189,28.95,20,1,1.0,0,,7.0,visa,87.0,0
506192,33.231,20,1,,0,22.0,2.0,visa,87.0,0
506196,150.0,20,1,,0,,1.0,mastercard,87.0,0
506218,8.0,20,1,,0,,2.0,visa,87.0,0
506225,36.131,20,1,,0,,2.0,mastercard,60.0,0
506232,50.0,20,1,,0,,1.0,visa,87.0,0
506232,29.0,20,1,,0,,1.0,visa,87.0,0
506248,100.0,20,1,,0,,3.0,visa,87.0,0
506248,445.0,20,1,0.0,0,,1.0,visa,87.0,0
506254,40.0,20,1,,0,,7.0,mastercard,87.0,0
506259,30.0,20,1,,0,,1.0,visa,87.0,0
506298,25.0,20,1,,0,,1.0,visa,87.0,0
506320,10.99,20,1,1.0,0,,4.0,mastercard,87.0,0
506336,59.0,20,1,,0,,3.0,visa,87.0,0
506338,100.0,20,1,,0,,3.0,visa,87.0,0
506367,20.0,20,1,,0,,1.0,visa,87.0,0
506369,77.0,20,1,2.0,0,,1.0,mastercard,87.0,0
506396,10.0,20,1,,0,,4.0,visa,87.0,0
506397,11.782,20,0,,0,1.0,1.0,visa,,0
506429,50.0,20,1,,0,,1.0,visa,87.0,0
506430,25.0,20,1,160.0,0,,4.0,visa,87.0,0
506451,1442.91,20,1,7.0,0,,1.0,visa,87.0,1
506525,90.0,20,1,,0,,2.0,mastercard,87.0,0
506533,117.0,20,1,6.0,0,,1.0,visa,87.0,0
506535,100.0,20,1,,0,,1.0,visa,87.0,0
506555,80.95,20,1,163.0,0,,4.0,visa,87.0,0
506568,107.95,20,1,6.0,0,,97.0,visa,87.0,0
506584,39.998,20,0,,0,924.0,1.0,mastercard,,0
506609,77.458,20,0,,0,,1.0,mastercard,,0
506615,20.0,20,1,,0,,1.0,visa,87.0,0
506631,55.0,20,1,5.0,0,,1.0,visa,87.0,0
506637,59.0,20,1,1201.0,0,,1.0,visa,87.0,0
506643,325.0,20,1,141.0,0,,1.0,visa,87.0,0
506684,59.0,20,1,,0,,1.0,mastercard,87.0,0
506721,125.0,20,1,,0,,2.0,visa,87.0,0
506745,100.0,20,1,,0,,3.0,visa,87.0,0
506752,72.0,20,1,,0,,2.0,mastercard,87.0,0
506765,59.0,20,1,,0,,1.0,visa,87.0,0
506767,50.0,20,1,,0,,1.0,visa,87.0,0
506773,148.15,20,0,,0,,2.0,mastercard,,0
506823,265.0,20,1,,0,,1.0,mastercard,87.0,0
506827,100.0,20,1,,0,,1.0,visa,87.0,0
506830,107.95,20,1,,0,,114.0,visa,87.0,0
506834,22.114,20,0,,0,,1.0,visa,,0
506857,26.95,20,1,,0,,4.0,visa,87.0,0
506862,107.95,20,1,8.0,0,,1.0,visa,87.0,0
506893,280.0,20,1,9.0,0,,1.0,mastercard,87.0,0
506977,35.95,20,1,1.0,0,,3.0,visa,87.0,0
506999,29.0,20,1,1508.0,0,,1.0,visa,87.0,0
507015,113.0,20,1,4.0,0,,3.0,mastercard,87.0,0
507016,664.0,20,1,8.0,0,,1.0,visa,87.0,0
507016,75.0,20,1,,0,,1.0,visa,87.0,0
507029,25.0,20,1,,0,,1.0,visa,87.0,0
507063,75.0,20,1,,0,,1.0,visa,87.0,0
507095,551.17,20,1,,0,,1.0,visa,87.0,0
507095,204.97,20,1,4.0,0,,2.0,visa,87.0,0
507108,146.0,20,1,10.0,0,,2.0,visa,87.0,0
507120,34.0,20,1,11.0,0,,2.0,mastercard,87.0,0
507137,107.95,20,1,4.0,0,,133.0,visa,87.0,0
507141,72.5,20,1,,0,,1.0,visa,87.0,0
507142,24.0,20,1,,0,,1.0,mastercard,87.0,0
507144,1039.45,20,1,238.0,0,,1.0,visa,87.0,0
507162,57.95,20,1,,0,,4.0,visa,87.0,0
507205,106.49,20,1,,0,,1.0,mastercard,87.0,0
507212,51.0,20,1,3.0,0,,1.0,mastercard,87.0,0
507242,200.0,20,1,,0,,1.0,visa,87.0,0
507253,10.95,20,1,58.0,0,,148.0,visa,87.0,0
507264,70.873,20,0,,0,18.0,2.0,mastercard,,0
507275,100.0,20,1,,0,,1.0,visa,87.0,0
507280,50.0,20,1,,0,,1.0,visa,87.0,0
507287,181.562,20,0,,0,,1.0,visa,,0
507294,54.5,20,1,,0,,1.0,visa,87.0,0
507298,50.0,20,1,,0,,1.0,visa,87.0,0
507304,100.0,20,1,,0,,1.0,mastercard,87.0,0
507314,25.0,20,1,,0,14.0,5.0,mastercard,87.0,0
507325,25.0,20,1,,0,,4.0,mastercard,87.0,0
507336,49.95,20,1,,0,,2.0,mastercard,87.0,0
507340,100.0,20,1,,0,,1.0,discover,87.0,0
507358,24.5,20,1,32.0,0,,5.0,visa,87.0,0
507366,25.0,20,1,,0,,1.0,visa,87.0,0
507376,236.95,20,1,5.0,0,,4.0,visa,87.0,0
507389,100.0,20,1,,0,,1.0,american express,87.0,0
507394,60.0,20,1,12.0,0,,1.0,mastercard,87.0,0
507410,100.0,20,1,,0,,1.0,visa,87.0,0
507432,352.51,20,1,,0,,1.0,mastercard,87.0,0
507432,25.0,20,1,10.0,0,,7.0,visa,87.0,0
507436,30.0,20,1,,0,,1.0,visa,87.0,0
507439,56.734,20,1,,0,,1.0,visa,60.0,0
507444,107.95,20,1,0.0,0,,2.0,visa,87.0,0
507446,2079.95,20,1,6.0,0,,1.0,discover,87.0,0
507452,29.5,20,1,,0,,1.0,visa,87.0,0
507458,226.0,20,1,11.0,0,,1.0,mastercard,87.0,0
507459,60.0,20,1,,0,7.0,2.0,mastercard,87.0,0
507461,60.0,20,1,,0,,2.0,visa,87.0,0
507471,188.0,20,1,,0,,1.0,visa,87.0,0
507480,175.0,20,1,,0,,745.0,american express,87.0,0
507486,9.425,20,0,,0,454.0,1.0,visa,,0
507498,200.0,20,1,,0,,1.0,mastercard,87.0,0
507528,100.0,20,1,,0,,2.0,mastercard,87.0,0
507546,22.597,20,1,,0,122.0,1.0,mastercard,60.0,0
507571,107.95,20,1,28.0,0,,1.0,visa,87.0,0
507576,432.47,20,1,972.0,0,,1.0,visa,87.0,0
507582,60.0,20,1,,0,,1.0,mastercard,87.0,0
507586,29.0,20,1,50.0,0,,6.0,visa,87.0,0
507589,59.0,20,1,3.0,0,,1.0,visa,87.0,0
507595,200.0,20,1,,0,,1.0,visa,87.0,0
507624,22.597,21,1,,0,122.0,1.0,mastercard,60.0,0
507651,171.0,21,1,,0,,3.0,visa,87.0,0
507672,30.0,21,1,59.0,0,,3.0,visa,87.0,0
507687,55.0,21,1,427.0,0,,1.0,visa,87.0,1
507703,200.0,21,1,,0,,2.0,visa,87.0,0
507741,588.05,21,1,,0,,1.0,mastercard,87.0,0
507768,117.0,21,1,1.0,0,,1.0,mastercard,87.0,0
507770,58.95,21,1,,0,,1.0,visa,87.0,0
507775,56.5,21,1,12.0,0,,1.0,visa,87.0,0
507781,91.81,21,1,16.0,0,,1.0,mastercard,87.0,0
507783,120.0,21,1,,0,,5.0,visa,87.0,1
507785,34.0,21,1,50.0,0,,2.0,mastercard,87.0,0
507874,47.95,21,1,2.0,0,,8.0,mastercard,87.0,0
507880,335.0,21,1,11.0,0,,5.0,mastercard,87.0,0
507889,34.0,21,1,,0,,1.0,visa,87.0,1
507894,77.0,21,1,37.0,0,,1.0,mastercard,87.0,0
507901,50.0,21,1,,0,,12.0,visa,87.0,0
507913,9.063,21,0,,0,7.0,1.0,visa,31.0,0
507914,130.5,21,1,588.0,0,,1.0,visa,87.0,0
507933,20.0,21,1,,0,,2.0,mastercard,87.0,0
507960,50.0,21,0,,0,,1.0,mastercard,,0
507966,49.0,21,1,2618.0,0,,1.0,visa,87.0,0
507975,230.0,21,1,,0,,1.0,visa,87.0,0
508004,108.95,21,1,,0,,2.0,visa,87.0,0
508013,1464.95,21,1,1.0,0,,1.0,mastercard,87.0,0
508028,213.0,21,1,10.0,0,,2.0,visa,87.0,0
508044,78.5,21,1,22.0,0,,1.0,visa,87.0,0
508065,59.0,21,1,73.0,0,,1.0,visa,87.0,0
508096,130.5,21,1,588.0,0,,2.0,visa,87.0,0
508117,100.0,21,1,,0,,1.0,visa,87.0,0
508155,50.0,21,1,,0,,1.0,visa,87.0,0
508168,29.0,21,1,1.0,0,,2.0,mastercard,87.0,0
508185,4.372,21,0,,0,0.0,1.0,visa,,0
508195,70.691,21,0,,0,7.0,1.0,visa,,0
508201,54.5,21,1,,0,,2.0,visa,87.0,0
508238,29.364,21,1,,0,131.0,3.0,mastercard,60.0,0
508240,141.0,21,1,2.0,0,,1.0,visa,87.0,0
508286,75.0,21,1,,0,,1.0,visa,87.0,0
508290,171.0,21,1,3.0,0,,1.0,mastercard,87.0,0
508317,15.951,21,1,,0,7.0,3.0,visa,60.0,0
508321,50.0,21,1,,0,,3.0,mastercard,87.0,0
508329,38.91,21,1,,0,,2.0,visa,87.0,0
508333,25.95,21,1,37.0,0,,128.0,visa,87.0,0
508334,75.0,21,1,10.0,0,,3.0,visa,87.0,0
508340,50.0,21,1,,0,,1.0,mastercard,87.0,0
508345,171.0,21,1,30.0,0,,1.0,visa,87.0,0
508356,311.95,21,1,1.0,0,,1.0,mastercard,87.0,0
508360,200.0,21,1,2.0,0,,2.0,mastercard,87.0,0
508413,36.5,21,1,,0,,1.0,mastercard,87.0,0
508429,117.0,21,1,17.0,0,,2.0,mastercard,87.0,0
508442,117.0,21,1,406.0,0,,1.0,visa,87.0,0
508459,546.48,21,1,0.0,0,,1.0,mastercard,87.0,0
508472,49.0,21,1,5.0,0,,1.0,visa,87.0,0
508479,48.95,21,1,4.0,0,,1.0,mastercard,87.0,0
508501,100.0,21,1,,0,,1.0,visa,87.0,0
508514,29.0,21,1,0.0,0,,117.0,mastercard,87.0,0
508514,39.152,21,1,,0,15.0,2.0,visa,60.0,0
508537,75.0,21,1,,0,,1.0,visa,87.0,0
508539,50.0,21,1,,0,,1.0,visa,87.0,0
508543,50.0,21,1,,0,,1.0,visa,87.0,0
508545,139.449,21,0,,0,18.0,2.0,visa,,0
508550,5.0,21,1,,0,,1.0,visa,87.0,0
508554,23.866,21,0,,0,127.0,2.0,mastercard,,0
508561,85.0,21,1,13.0,0,,1.0,mastercard,87.0,0
508592,80.0,21,1,,0,,8.0,visa,87.0,0
508592,44.0,21,1,9.0,0,,1.0,visa,87.0,0
508593,6.45,21,1,0.0,0,,1.0,mastercard,87.0,0
508594,30.0,21,1,,0,,4.0,visa,87.0,0
508595,29.364,21,0,,0,131.0,3.0,mastercard,,0
508625,29.0,21,1,,0,,1.0,mastercard,87.0,0
508628,59.0,21,1,18.0,0,,1.0,visa,87.0,0
508663,650.0,21,1,,0,25.0,2.0,visa,87.0,0
508663,48.43,21,1,19.0,0,,1.0,visa,87.0,0
508668,115.95,21,1,,0,,184.0,visa,87.0,0
508673,25.0,21,1,,0,,1.0,visa,87.0,0
508753,25.0,21,1,,0,,1.0,visa,87.0,0
508765,40.0,21,1,,0,,1.0,visa,87.0,0
508798,60.0,21,1,,0,7.0,2.0,mastercard,87.0,0
508840,97.0,21,1,145.0,0,,1.0,mastercard,87.0,0
508843,50.0,21,1,,0,,1.0,mastercard,87.0,0
508852,50.0,21,1,,0,,1.0,mastercard,87.0,0
508862,50.0,21,1,,0,,1.0,visa,87.0,0
508864,34.0,21,1,,0,,1.0,visa,87.0,0
508892,86.95,21,1,98.0,0,,3.0,mastercard,87.0,0
508895,136.99,21,1,1.0,0,,2.0,visa,87.0,0
508928,171.0,21,1,2.0,0,,1.0,discover,87.0,0
508937,29.0,21,1,22.0,0,,1.0,mastercard,87.0,0
508951,200.0,21,1,,0,,1.0,visa,87.0,0
508982,92.0,21,1,,0,,1.0,mastercard,87.0,0
509007,40.0,21,1,,0,,1.0,visa,87.0,0
509011,59.95,21,1,8.0,0,,1.0,visa,87.0,0
509020,250.0,21,1,,0,,1.0,visa,87.0,1
509029,20.0,21,1,,0,,1.0,visa,87.0,0
509051,919.95,21,1,7.0,0,,1.0,visa,87.0,0
509057,108.95,21,1,2.0,0,,1.0,visa,87.0,0
509083,20.0,21,1,,0,,2.0,visa,87.0,0
509099,59.0,21,1,738.0,0,,5.0,visa,87.0,0
509113,33.0,21,1,,0,,1.0,visa,87.0,0
509125,100.0,21,1,,0,,3.0,visa,87.0,0
509127,63.924,21,1,,0,7.0,1.0,mastercard,60.0,0
509146,3163.94,21,1,,0,,1.0,mastercard,87.0,0
509173,20.0,21,1,,0,,117.0,mastercard,87.0,0
509176,49.0,21,1,,0,,1.0,visa,87.0,0
509185,30.0,21,1,,0,,2.0,mastercard,87.0,0
509186,100.0,21,1,,0,,1.0,visa,87.0,0
509187,49.0,21,1,7.0,0,,1.0,mastercard,87.0,0
509217,50.0,21,1,,0,,1.0,visa,87.0,0
509219,250.0,21,1,,0,,3.0,mastercard,87.0,1
509262,150.0,21,1,,0,,1.0,visa,87.0,0
509266,59.0,21,1,738.0,0,,6.0,mastercard,87.0,0
509306,24.0,21,1,0.0,0,,5.0,visa,87.0,0
509306,250.0,21,1,,0,,3.0,mastercard,87.0,1
509312,27.0,21,1,8.0,0,,2.0,visa,87.0,0
509316,100.0,21,1,,0,,1.0,mastercard,87.0,0
509326,30.0,21,1,,0,,2.0,mastercard,87.0,0
509328,250.0,21,1,,0,,3.0,mastercard,87.0,1
509335,250.0,21,1,,0,,1.0,visa,87.0,0
509347,15.0,21,1,0.0,0,,5.0,visa,87.0,0
509350,50.0,21,1,,0,,1.0,visa,87.0,0
509352,100.0,21,1,,0,,1.0,visa,87.0,0
509352,15.0,21,1,,0,,1.0,visa,87.0,0
509354,54.5,21,1,37.0,0,,1.0,mastercard,87.0,0
509360,280.0,21,1,2.0,0,,1.0,visa,87.0,1
509363,19.5,21,1,539.0,0,,2.0,visa,87.0,0
509371,60.0,21,1,,0,,1.0,visa,87.0,0
509382,200.0,21,1,11.0,0,,12.0,visa,87.0,0
509392,400.0,21,1,,0,,4.0,mastercard,87.0,0
509418,40.0,21,1,,0,,1.0,mastercard,87.0,0
509451,117.0,21,1,4.0,0,,1.0,mastercard,87.0,0
509479,63.018,21,1,,0,,1.0,visa,60.0,0
509496,35.0,21,1,,0,,1.0,visa,87.0,0
509516,50.0,21,1,,0,,1.0,visa,87.0,0
509522,24.168,21,1,,0,,1.0,visa,60.0,0
509551,132.682,21,1,,0,,1.0,visa,16.0,0
509570,24.5,21,1,7.0,0,,2.0,discover,87.0,0
509587,57.0,21,1,16.0,0,,84.0,visa,87.0,0
509603,59.0,21,1,1101.0,0,,1.0,mastercard,87.0,0
509619,350.63,21,1,,0,,4.0,visa,87.0,0
509645,100.0,21,1,,0,,1.0,american express,87.0,0
509648,100.0,21,1,,0,,4.0,visa,87.0,0
509654,132.682,21,1,,0,,1.0,visa,16.0,0
509682,891.95,21,1,6.0,0,,1.0,mastercard,87.0,0
509696,1044.95,21,1,238.0,0,,1.0,visa,87.0,0
509722,16.434,21,1,,0,,2.0,visa,16.0,0
509723,650.0,21,1,0.0,0,,4.0,visa,87.0,0
509743,97.95,21,1,,0,,3.0,visa,87.0,0
509747,30.0,21,1,,0,,1.0,visa,87.0,0
509752,200.0,21,1,2.0,0,,2.0,visa,87.0,0
509780,25.95,21,1,3.0,0,,1.0,mastercard,87.0,0
509791,200.0,21,1,,0,,1.0,visa,87.0,0
509795,39.0,21,1,,0,,3.0,mastercard,87.0,0
509797,93.772,21,0,,0,,1.0,visa,,0
509800,54.0,21,1,108.0,0,,1.0,visa,87.0,1
509805,40.0,21,1,,0,,3.0,visa,87.0,1
509817,524.95,21,1,,0,,1.0,visa,87.0,0
509818,161.0,21,1,986.0,0,,1.0,visa,87.0,0
509828,75.0,21,1,,0,,1.0,mastercard,87.0,0
509839,200.0,21,1,,0,,1.0,mastercard,87.0,0
509852,100.0,21,1,,0,,1.0,visa,87.0,0
509852,161.0,21,1,5.0,0,,5.0,mastercard,87.0,0
509864,117.0,21,1,6.0,0,,1.0,mastercard,87.0,0
509865,100.0,21,1,,0,,1.0,visa,87.0,0
509872,40.0,21,1,,0,,2.0,visa,87.0,0
509875,200.0,21,1,,0,,1.0,visa,87.0,0
509888,100.0,21,1,,0,,2.0,visa,87.0,0
509888,330.99,21,1,7.0,0,,1.0,mastercard,87.0,0
509909,50.0,21,1,,0,,1.0,visa,87.0,0
509914,29.0,21,1,2295.0,0,,2.0,mastercard,87.0,0
509921,100.0,21,1,,0,,1.0,visa,87.0,0
509933,49.0,21,1,,0,,1.0,mastercard,87.0,0
509955,59.0,21,1,10.0,0,,2.0,mastercard,87.0,0
509957,25.0,21,1,,0,,1.0,visa,87.0,0
509962,75.0,21,1,,0,,4.0,visa,87.0,1
509994,100.0,21,1,,0,,1.0,visa,87.0,0
510022,161.0,21,1,16.0,0,,2.0,visa,87.0,0
510040,52.95,21,1,10.0,0,,2.0,visa,87.0,0
510080,10.0,21,1,,0,,4.0,visa,87.0,0
510126,171.0,21,1,,0,,1.0,visa,87.0,0
510138,50.0,21,1,,0,,1.0,mastercard,87.0,0
510145,250.0,21,1,,0,,1.0,american express,87.0,0
510148,117.0,21,1,,0,,2.0,mastercard,87.0,0
510161,161.0,21,1,,0,,2.0,visa,87.0,0
510171,210.95,21,1,,0,,1.0,visa,87.0,0
510201,39.0,21,1,703.0,0,,1.0,visa,87.0,0
510201,2413.45,21,1,29.0,0,,1.0,visa,87.0,0
510206,209.95,21,1,2.0,0,,4.0,mastercard,87.0,0
510211,250.0,21,1,,0,,1.0,american express,87.0,0
510235,390.0,21,1,11.0,0,,1.0,visa,87.0,0
510261,100.0,21,1,,0,,1.0,american express,87.0,0
510269,35.95,21,1,3.0,0,,2.0,visa,87.0,0
510270,150.0,21,1,,0,,1.0,visa,87.0,1
510281,117.0,21,1,16.0,0,,2.0,visa,87.0,0
510308,40.0,21,1,,0,,8.0,mastercard,87.0,0
510315,61.145,21,1,,0,,2.0,visa,60.0,0
510317,59.0,21,1,583.0,0,,4.0,visa,87.0,0
510322,250.0,21,1,,0,,1.0,american express,87.0,0
510323,25.0,21,1,,0,,31.0,visa,87.0,0
510384,25.0,21,1,,0,,1.0,visa,87.0,0
510389,919.95,21,1,,0,,5.0,visa,87.0,0
510400,250.0,21,1,,0,,1.0,american express,87.0,0
510402,63.441,21,1,,0,1258.0,1.0,visa,60.0,0
510422,93.772,21,0,,0,,1.0,visa,,0
510433,411.95,21,1,,0,,2.0,visa,87.0,0
510442,50.0,21,1,,0,,1.0,visa,87.0,0
510453,107.95,21,1,5.0,0,,6.0,visa,87.0,0
510457,311.95,21,1,1506.0,0,,4.0,visa,87.0,0
510467,25.0,21,1,,0,,1.0,visa,87.0,0
510468,311.95,21,1,13.0,0,,4.0,mastercard,87.0,0
510475,49.0,21,1,,0,,2.0,mastercard,87.0,0
510501,171.0,21,1,0.0,0,,1.0,mastercard,87.0,0
510502,60.0,21,1,,0,,1.0,discover,87.0,0
510505,40.0,21,1,,0,,3.0,mastercard,87.0,1
510514,100.0,21,1,,0,,1.0,visa,87.0,0
510519,57.95,21,1,7.0,0,,1.0,visa,87.0,0
510609,171.0,21,1,0.0,0,,1.0,mastercard,87.0,0
510630,20.0,21,1,,0,,4.0,visa,87.0,0
510636,164.95,21,1,,0,,3.0,visa,87.0,0
510639,50.0,21,1,,0,,7.0,mastercard,87.0,0
510666,44.5,21,1,22.0,0,,1.0,mastercard,87.0,0
510679,445.0,21,1,0.0,0,,1.0,visa,87.0,0
510695,209.95,21,1,,0,,4.0,visa,87.0,0
510696,107.95,21,1,4.0,0,,153.0,visa,87.0,0
510749,100.0,21,1,,0,,1.0,visa,87.0,0
510768,100.0,21,1,,0,,2.0,american express,87.0,0
510773,25.0,21,1,,0,,4.0,mastercard,87.0,0
510790,171.0,21,1,0.0,0,,2.0,mastercard,87.0,0
510797,15.0,21,1,,0,,1.0,visa,87.0,0
510798,290.0,21,1,8.0,0,,1.0,mastercard,87.0,0
510803,1801.95,21,1,6.0,0,,1.0,mastercard,87.0,0
510807,25.0,21,1,,0,,1.0,mastercard,87.0,0
510815,43.261,21,0,,0,7.0,2.0,visa,,0
510843,34.0,21,1,10.0,0,,5.0,visa,87.0,0
510843,49.0,21,1,11.0,0,,1.0,mastercard,87.0,0
510844,169.0,21,1,2209.0,0,,3.0,visa,87.0,0
510878,550.0,21,1,,0,,59.0,visa,87.0,0
510886,25.0,21,1,,0,,1.0,mastercard,87.0,0
510889,107.95,21,1,20.0,0,,2.0,mastercard,87.0,0
510903,50.0,21,1,,0,,1.0,visa,87.0,0
510905,140.0,21,1,,0,,2.0,visa,87.0,0
510910,59.0,21,1,156.0,0,,2.0,visa,87.0,0
510914,422.5,21,1,,0,,2.0,visa,87.0,0
510924,368.95,21,1,3.0,0,,1.0,visa,87.0,1
510946,50.0,21,1,,0,,1.0,discover,87.0,0
510959,100.0,21,1,40.0,0,,11.0,mastercard,87.0,0
510980,50.0,21,1,,0,,1.0,visa,87.0,0
510984,29.0,21,1,0.0,0,,1.0,mastercard,87.0,0
510987,159.95,21,1,10.0,0,,5.0,visa,87.0,0
510999,51.055,21,1,,0,127.0,2.0,visa,60.0,0
511007,213.0,21,1,9.0,0,,1.0,visa,87.0,0
511008,40.0,21,1,,0,,1.0,visa,87.0,0
511032,108.5,21,1,,0,,1.0,visa,87.0,0
511040,45.0,21,1,,0,,128.0,visa,87.0,0
511044,30.95,21,1,304.0,0,,3.0,visa,87.0,0
511060,20.0,21,1,,0,,13.0,mastercard,87.0,0
511092,43.0,21,1,,0,,3.0,visa,87.0,0
511111,114.5,21,1,4.0,0,,13.0,mastercard,87.0,0
511117,80.0,21,1,,0,,2.0,visa,87.0,0
511126,100.0,21,1,,0,,1.0,visa,87.0,0
511130,44.0,21,1,0.0,0,,1.0,mastercard,87.0,0
511135,8.662,21,1,,0,,5.0,visa,60.0,0
511153,39.0,21,1,,0,,1.0,visa,87.0,0
511165,41.0,21,1,92.0,0,,3.0,visa,87.0,0
511208,5.0,22,1,,0,,6.0,visa,87.0,0
511225,3162.95,22,1,,0,,1.0,mastercard,87.0,0
511230,50.0,22,1,,0,,1.0,visa,87.0,0
511256,50.0,22,1,,0,,1.0,visa,87.0,0
511264,150.0,22,1,,0,,1.0,american express,87.0,0
511284,117.0,22,1,3.0,0,,1.0,visa,87.0,0
511295,100.0,22,1,,0,,1.0,visa,87.0,0
511297,40.0,22,1,,0,,2.0,mastercard,87.0,0
511311,40.0,22,1,1007.0,0,,1.0,visa,87.0,0
511324,114.5,22,1,4.0,0,,13.0,mastercard,87.0,0
511332,50.0,22,1,,0,,1.0,visa,87.0,0
511342,117.0,22,1,,0,,40.0,visa,87.0,0
511364,100.0,22,1,,0,,1.0,mastercard,87.0,0
511376,155.95,22,1,,0,,3.0,visa,87.0,0
511398,335.0,22,1,1.0,0,,2.0,visa,87.0,0
511401,10.0,22,1,,0,,2.0,visa,87.0,0
511403,75.0,22,1,,0,,1.0,visa,87.0,0
511416,171.0,22,1,983.0,0,,1.0,visa,87.0,0
511440,54.5,22,1,11.0,0,,7.0,mastercard,87.0,0
511448,77.217,22,0,,0,,1.0,mastercard,,0
511450,34.0,22,1,2.0,0,,1.0,visa,87.0,0
511465,57.95,22,1,,0,,5.0,visa,87.0,0
511469,55.0,22,1,,0,,1.0,visa,87.0,0
511470,160.5,22,1,844.0,0,,1.0,visa,87.0,0
511476,45.0,22,1,,0,,1.0,mastercard,87.0,0
511495,3113.95,22,1,,0,,1.0,mastercard,87.0,0
511508,108.5,22,1,,0,,1.0,visa,87.0,0
511521,57.95,22,1,5.0,0,,5.0,visa,87.0,0
511526,25.0,22,1,,0,,1.0,visa,87.0,0
511532,50.0,22,1,,0,,4.0,mastercard,87.0,0
511536,100.0,22,1,,0,,1.0,mastercard,87.0,0
511540,117.0,22,1,,0,,3.0,mastercard,87.0,0
511541,78.5,22,1,,0,,1.0,visa,87.0,0
511582,300.0,22,1,,0,,10.0,visa,87.0,0
511588,70.0,22,1,,0,,7.0,mastercard,87.0,0
511592,100.0,22,1,,0,,5.0,visa,87.0,1
511621,30.0,22,1,21.0,0,,2.0,mastercard,87.0,0
511646,55.0,22,1,,0,,4.0,visa,87.0,0
511666,91.95,22,1,,0,,1.0,visa,87.0,0
511675,70.0,22,1,,0,,129.0,visa,87.0,0
511701,36.5,22,1,27.0,0,,1.0,mastercard,87.0,0
511718,29.0,22,1,14.0,0,,1.0,visa,87.0,0
511726,75.0,22,1,,0,,1.0,visa,87.0,0
511734,50.0,22,1,,0,,1.0,visa,87.0,0
511752,51.055,22,1,,0,127.0,3.0,visa,60.0,0
511757,30.95,22,1,5.0,0,,3.0,mastercard,87.0,0
511760,34.0,22,1,1938.0,0,,1.0,mastercard,87.0,0
511838,60.0,22,1,,0,,2.0,visa,87.0,0
511848,108.5,22,1,5.0,0,,1.0,mastercard,87.0,0
511856,209.97,22,1,,0,,3.0,visa,87.0,0
511865,40.0,22,1,,0,,1.0,mastercard,87.0,0
511879,49.95,22,1,,0,,1.0,visa,87.0,0
511889,50.0,22,1,,0,,1.0,visa,87.0,0
511897,311.95,22,1,,0,,3.0,visa,87.0,0
511919,429.95,22,1,29.0,0,,1.0,mastercard,87.0,0
511929,49.0,22,1,26.0,0,,2.0,mastercard,87.0,0
511941,29.0,22,1,44.0,0,,2.0,visa,87.0,0
511943,404.95,22,1,,0,,1.0,visa,87.0,0
511950,30.0,22,1,,0,,2.0,mastercard,87.0,0
511960,484.95,22,1,2.0,0,,143.0,visa,87.0,0
511982,117.0,22,1,229.0,0,,1.0,visa,87.0,0
512011,50.0,22,1,,0,,1.0,visa,87.0,0
512016,331.0,22,1,26.0,0,,1.0,visa,87.0,0
512039,500.0,22,1,,0,,1.0,mastercard,87.0,0
512050,300.0,22,1,,0,,1.0,visa,87.0,0
512052,201.0,22,1,,0,,126.0,mastercard,87.0,0
512053,98.5,22,1,,0,,2.0,visa,87.0,0
512101,524.95,22,1,,0,,2.0,visa,87.0,0
512129,38.669,22,0,,0,,5.0,visa,,1
512136,250.0,22,1,,0,,1.0,mastercard,87.0,0
512170,39.0,22,1,26.0,0,,2.0,mastercard,87.0,0
512179,107.95,22,1,,0,,10.0,visa,87.0,0
512193,300.0,22,1,,0,,1.0,visa,87.0,0
512199,135.0,22,1,,0,,2.0,visa,87.0,0
512200,87.95,22,1,10.0,0,,2.0,visa,87.0,0
512206,73.0,22,1,15.0,0,,1.0,mastercard,87.0,0
512206,100.0,22,1,,0,,5.0,mastercard,87.0,0
512241,83.97,22,1,,0,,11.0,visa,87.0,0
512246,76.008,22,1,,0,286.0,3.0,visa,60.0,0
512258,1510.19,22,1,,0,,7.0,mastercard,87.0,0
512278,50.0,22,1,,0,65.0,4.0,visa,87.0,0
512279,53.97,22,1,13.0,0,,1.0,visa,87.0,0
512289,100.0,22,1,,0,,1.0,visa,87.0,0
512338,100.0,22,1,,0,,1.0,visa,87.0,0
512342,34.5,22,1,106.0,0,,1.0,mastercard,87.0,0
512353,108.5,22,1,9.0,0,,2.0,mastercard,87.0,0
512357,117.0,22,1,,0,,1.0,mastercard,87.0,0
512395,59.0,22,1,10.0,0,,1.0,mastercard,87.0,0
512395,107.95,22,1,,0,,4.0,visa,87.0,0
512404,274.95,22,1,,0,,1.0,visa,87.0,0
512406,39.0,22,1,,0,,1.0,visa,87.0,0
512438,49.95,22,1,7.0,0,,147.0,visa,87.0,0
512461,100.0,22,1,,0,,1.0,visa,87.0,0
512464,100.0,22,1,,0,,4.0,visa,87.0,0
512492,97.82,22,1,,0,,1.0,mastercard,60.0,0
512495,107.95,22,1,13.0,0,,2.0,visa,87.0,0
512512,34.5,22,1,60.0,0,,1.0,visa,87.0,0
512515,60.0,22,1,,0,,1.0,visa,87.0,0
512525,75.0,22,1,,0,,2.0,mastercard,87.0,1
512527,100.0,22,1,,0,,1.0,visa,87.0,0
512533,97.0,22,1,16.0,0,,2.0,visa,87.0,0
512568,210.65,22,1,12.0,0,,2.0,visa,87.0,0
512570,30.95,22,1,,0,,159.0,mastercard,87.0,0
512582,40.0,22,1,,0,,1.0,visa,87.0,0
512591,32.97,22,1,,0,,4.0,visa,87.0,0
512597,50.0,22,1,,0,,1.0,mastercard,87.0,0
512602,226.0,22,1,4.0,0,,1.0,visa,87.0,0
512607,73.0,22,1,0.0,0,,2.0,visa,87.0,0
512627,100.0,22,1,,0,,1.0,visa,87.0,0
512629,117.0,22,1,334.0,0,,1.0,visa,87.0,0
512635,88.95,22,1,,0,,2.0,visa,87.0,1
512636,105.0,22,1,,0,,1.0,mastercard,87.0,0
512653,200.0,22,1,,0,,1.0,visa,87.0,0
512664,20.0,22,1,,0,,1.0,mastercard,87.0,0
512684,82.95,22,1,,0,,1.0,visa,87.0,0
512694,20.0,22,1,,0,,1.0,mastercard,87.0,0
512701,78.95,22,1,,0,,1.0,visa,87.0,0
512708,300.0,22,1,,0,,2.0,mastercard,87.0,0
512793,108.95,22,1,,0,,1.0,visa,87.0,0
512809,150.0,22,1,,0,,1.0,visa,87.0,0
512814,92.0,22,1,29.0,0,,2.0,mastercard,87.0,1
512815,57.95,22,1,244.0,0,,4.0,mastercard,87.0,0
512830,100.0,22,1,,0,,1.0,visa,87.0,0
512837,25.0,22,1,100.0,0,,8.0,visa,87.0,0
512854,24.5,22,1,,0,,1.0,visa,87.0,0
512856,117.0,22,1,550.0,0,,3.0,visa,87.0,0
512868,20.0,22,1,,0,,1.0,mastercard,87.0,0
512878,59.0,22,1,,0,,2.0,visa,87.0,0
512888,35.0,22,1,,0,,3.0,mastercard,87.0,0
512892,30.0,22,1,,0,,1.0,visa,87.0,0
512898,46.0,22,1,32.0,0,,2.0,visa,87.0,0
512912,57.95,22,1,,0,,2.0,visa,87.0,0
512978,100.0,22,1,,0,,1.0,visa,87.0,0
512982,20.0,22,1,,0,,1.0,visa,87.0,0
512988,20.0,22,1,,0,,1.0,visa,87.0,0
513006,20.0,22,1,,0,,2.0,visa,87.0,0
513038,390.0,22,1,8.0,0,,1.0,visa,87.0,0
513043,15.0,22,1,0.0,0,,3.0,mastercard,87.0,0
513053,49.0,22,1,24.0,0,,3.0,mastercard,87.0,0
513061,774.0,22,1,,0,,2.0,mastercard,87.0,0
513061,59.0,22,1,,0,,1.0,visa,87.0,0
513062,150.0,22,1,,0,,2.0,visa,87.0,0
513107,29.0,22,1,9.0,0,,5.0,visa,87.0,1
513111,20.0,22,1,,0,,2.0,visa,87.0,0
513139,25.0,22,1,,0,,2.0,mastercard,87.0,0
513153,100.0,22,1,,0,,1.0,discover,87.0,0
513187,39.0,22,1,7.0,0,,3.0,mastercard,87.0,0
513202,29.0,22,1,2531.0,0,,1.0,visa,87.0,0
513207,117.0,22,1,29.0,0,,1.0,mastercard,87.0,0
513242,240.0,22,1,,0,,4.0,visa,87.0,0
513251,49.0,22,1,68.0,0,,1.0,mastercard,87.0,0
513265,6.888,22,0,,0,0.0,1.0,mastercard,,0
513286,53.97,22,1,0.0,0,,3.0,visa,87.0,0
513303,35.0,22,1,,0,,1.0,visa,87.0,0
513320,29.0,22,1,9.0,0,,5.0,discover,87.0,1
513329,40.0,22,1,,0,,5.0,visa,87.0,0
513329,117.0,22,1,1127.0,0,,1.0,visa,87.0,0
513359,100.0,22,1,,0,,1.0,mastercard,87.0,0
513359,50.0,22,1,,0,,1.0,visa,87.0,0
513361,29.5,22,1,,0,,3.0,visa,87.0,0
513403,331.95,22,1,6.0,0,,1.0,visa,87.0,0
513439,107.95,22,1,240.0,0,,4.0,mastercard,87.0,0
513445,160.5,22,1,5.0,0,,1.0,visa,87.0,0
513459,100.0,22,1,,0,,1.0,visa,87.0,0
513461,24.0,22,1,34.0,0,,1.0,visa,87.0,0
513484,50.0,22,1,,0,,9.0,visa,87.0,0
513492,75.0,22,1,,0,,2.0,mastercard,87.0,1
513503,117.0,22,1,37.0,0,,1.0,visa,87.0,0
513503,58.95,22,1,0.0,0,,113.0,visa,87.0,0
513528,29.0,22,1,9.0,0,,5.0,visa,87.0,1
513550,141.99,22,1,4.0,0,,3.0,visa,87.0,0
513600,29.5,22,1,,0,,3.0,visa,87.0,0
513615,40.0,22,1,,0,,1.0,visa,87.0,0
513623,50.0,22,1,,0,,1.0,mastercard,87.0,0
513639,29.0,22,1,0.0,0,,1.0,mastercard,87.0,0
513661,311.95,22,1,1.0,0,,99.0,visa,87.0,0
513681,108.5,22,1,2.0,0,,1.0,visa,87.0,0
513693,30.95,22,1,147.0,0,,2.0,visa,87.0,0
513702,44.952,22,0,,0,321.0,1.0,visa,,0
513703,50.0,22,1,,0,,1.0,mastercard,87.0,0
513710,50.0,22,1,,0,,1.0,visa,87.0,0
513714,240.0,22,1,3.0,0,,4.0,visa,87.0,0
513742,107.95,22,1,13.0,0,,1.0,visa,87.0,0
513742,209.95,22,1,4.0,0,,3.0,visa,87.0,0
513743,30.0,22,1,,0,,7.0,visa,87.0,0
513749,88.5,22,1,,0,,1.0,visa,87.0,0
513757,141.99,22,1,,0,,3.0,mastercard,87.0,0
513764,40.0,22,1,,0,,1.0,mastercard,87.0,0
513764,92.0,22,1,40.0,0,,2.0,mastercard,87.0,1
513776,200.0,22,1,,0,,1.0,visa,87.0,1
513777,40.0,22,1,,0,,82.0,visa,87.0,0
513781,300.0,22,1,,0,,1.0,visa,87.0,0
513810,41.0,22,1,,0,,1.0,mastercard,87.0,0
513837,117.0,22,1,11.0,0,,1.0,visa,87.0,0
513847,23.443,22,0,,0,83.0,3.0,visa,,0
513857,150.0,22,1,,0,,2.0,mastercard,87.0,0
513861,340.0,22,1,,0,,18.0,visa,87.0,0
513875,50.0,22,1,,0,,1.0,mastercard,87.0,0
513899,209.95,22,1,3.0,0,,2.0,visa,87.0,0
513910,32.325,22,0,,0,257.0,1.0,mastercard,,0
513951,129.299,22,0,,0,7.0,1.0,visa,,0
513954,111.95,22,1,363.0,0,,3.0,visa,87.0,0
513988,25.95,22,1,4.0,0,,4.0,visa,87.0,0
513996,29.5,22,1,,0,,3.0,visa,87.0,0
514035,200.0,22,1,,0,,1.0,visa,87.0,1
514047,77.0,22,1,0.0,0,,1.0,mastercard,87.0,0
514073,200.0,22,1,,0,,1.0,visa,87.0,1
514082,36.95,22,1,,0,,1.0,visa,87.0,0
514105,200.0,22,1,,0,,1.0,visa,87.0,1
514113,111.95,22,1,,0,,3.0,mastercard,87.0,0
514121,30.0,22,1,,0,,1.0,mastercard,87.0,0
514143,179.95,22,1,18.0,0,,1.0,mastercard,87.0,0
514149,317.5,22,1,2.0,0,,1.0,visa,87.0,0
514151,712.95,22,1,,0,,1.0,visa,87.0,0
514153,40.0,22,1,,0,,3.0,visa,87.0,0
514155,30.95,22,1,5.0,0,,1.0,mastercard,87.0,0
514157,50.0,22,1,,0,,2.0,visa,87.0,0
514159,42.596,22,1,,0,,1.0,mastercard,60.0,0
514160,200.0,22,1,,0,,1.0,visa,87.0,1
514194,88.5,22,1,,0,,1.0,mastercard,87.0,0
514206,59.0,22,1,11.0,0,,1.0,visa,87.0,0
514270,50.0,22,1,,0,,1.0,american express,87.0,0
514282,280.0,22,1,15.0,0,,1.0,visa,87.0,0
514293,204.97,22,1,4.0,0,,2.0,visa,87.0,0
514309,100.0,22,1,,0,,2.0,visa,87.0,0
514314,53.97,22,1,5.0,0,,1.0,visa,87.0,0
514318,1104.0,22,1,,0,,2.0,visa,87.0,0
514336,41.388,22,0,,0,0.0,1.0,visa,,0
514348,88.5,22,1,,0,,7.0,visa,87.0,0
514365,117.0,22,1,630.0,0,,1.0,mastercard,87.0,0
514399,41.388,22,0,,0,0.0,1.0,visa,,0
514402,201.0,22,1,1095.0,0,,2.0,visa,87.0,0
514420,130.568,22,0,,0,,1.0,visa,,0
514433,29.0,22,1,,0,,3.0,visa,87.0,0
514484,150.0,22,1,,0,,1.0,visa,87.0,0
514511,30.0,22,1,,0,,1.0,visa,87.0,0
514512,108.5,22,1,,0,,1.0,visa,87.0,0
514519,117.0,22,1,46.0,0,,1.0,mastercard,87.0,0
514540,127.65,22,1,4.0,0,,21.0,visa,87.0,0
514541,29.0,22,1,13.0,0,,1.0,visa,87.0,0
514550,92.0,22,1,8.0,0,,1.0,visa,87.0,0
514550,1464.95,22,1,246.0,0,,1.0,visa,87.0,0
514554,103.95,22,1,135.0,0,,18.0,visa,87.0,0
514561,388.16,22,1,3.0,0,,2.0,visa,87.0,0
514575,40.0,22,1,,0,,2.0,mastercard,87.0,0
514577,26.5,22,1,4.0,0,,2.0,mastercard,87.0,0
514587,36.5,22,1,6.0,0,,1.0,visa,87.0,0
514595,35.95,22,1,7.0,0,,1.0,visa,87.0,0
514614,120.0,22,1,,0,,5.0,visa,87.0,1
514639,100.0,22,1,,0,,9.0,visa,87.0,0
514654,50.0,22,1,,0,,1.0,mastercard,87.0,0
514656,25.0,22,1,,0,,2.0,visa,87.0,0
514672,729.95,22,1,28.0,0,,1.0,mastercard,87.0,1
514675,51.357,22,0,,0,7.0,1.0,mastercard,,0
514680,50.0,22,1,,0,,2.0,visa,87.0,0
514771,47.95,22,1,1.0,0,,2.0,visa,87.0,0
514800,150.0,23,1,,0,,1.0,visa,87.0,0
514802,25.0,23,1,,0,,2.0,mastercard,87.0,0
514809,200.0,23,1,,0,,1.0,mastercard,87.0,0
514812,369.95,23,1,5.0,0,,1.0,visa,87.0,0
514840,117.0,23,1,,0,,2.0,discover,87.0,0
514893,50.0,23,1,,0,,1.0,visa,87.0,0
514894,28.277,23,1,,0,503.0,4.0,visa,60.0,0
514940,87.95,23,1,,0,,4.0,visa,87.0,0
514951,59.0,23,1,,0,,1.0,visa,87.0,0
514956,310.0,23,1,,0,,2.0,visa,87.0,0
514970,50.0,23,1,,0,,1.0,visa,87.0,0
514971,59.47,23,1,4.0,0,,1.0,mastercard,87.0,0
514992,107.95,23,1,5.0,0,,4.0,visa,87.0,0
514994,50.0,23,1,,0,,1.0,visa,87.0,0
515008,15.95,23,1,12.0,0,,2.0,visa,87.0,0
515032,13.172,23,0,,0,7.0,4.0,mastercard,,0
515046,34.0,23,1,6.0,0,,1.0,visa,87.0,0
515051,994.0,23,1,4.0,0,,2.0,visa,87.0,0
515058,113.95,23,1,12.0,0,,1.0,visa,87.0,0
515061,201.0,23,1,253.0,0,,27.0,visa,87.0,0
515078,68.5,23,1,,0,,1.0,mastercard,87.0,0
515078,78.95,23,1,5.0,0,,166.0,visa,87.0,0
515082,101.143,23,1,,0,243.0,2.0,visa,60.0,0
515086,335.0,23,1,,0,,2.0,visa,87.0,0
515099,24.0,23,1,6.0,0,,5.0,visa,87.0,0
515156,100.0,23,1,,0,,1.0,visa,87.0,0
515172,100.0,23,1,,0,,8.0,visa,87.0,0
515219,10.211,23,1,,0,,4.0,visa,60.0,0
515231,42.596,23,0,,0,7.0,1.0,visa,,0
515238,200.0,23,1,,0,,1.0,visa,96.0,0
515259,74.921,23,1,,0,7.0,1.0,visa,60.0,0
515275,39.0,23,1,25.0,0,,1.0,visa,87.0,0
515335,1479.95,23,1,41.0,0,,1.0,mastercard,87.0,0
515360,399.05,23,1,1.0,0,,1.0,visa,87.0,0
515363,54.5,23,1,2.0,0,,2.0,visa,87.0,0
515381,100.0,23,1,69.0,0,,1.0,visa,87.0,0
515383,77.0,23,1,1.0,0,,1.0,mastercard,87.0,0
515439,100.0,23,1,,0,,2.0,visa,87.0,0
515441,54.5,23,1,93.0,0,,1.0,visa,87.0,0
515446,360.0,23,1,1736.0,0,,1.0,mastercard,87.0,0
515449,100.0,23,1,,0,,6.0,mastercard,87.0,0
515469,117.0,23,1,181.0,0,,6.0,visa,87.0,0
515472,68.5,23,1,,0,,1.0,visa,87.0,0
515476,60.0,23,1,97.0,0,,2.0,visa,87.0,0
515483,97.0,23,1,3.0,0,,1.0,visa,87.0,0
515489,549.99,23,0,,0,,1.0,visa,,0
515496,34.0,23,1,10.0,0,,1.0,visa,87.0,0
515499,50.0,23,1,,0,,4.0,visa,87.0,0
515509,200.0,23,1,,0,,2.0,visa,87.0,0
515527,226.0,23,1,,0,,1.0,visa,87.0,0
515529,12.97,23,1,1.0,0,,5.0,visa,87.0,0
515553,107.95,23,1,4.0,0,,183.0,visa,87.0,0
515558,80.479,23,1,,0,7.0,1.0,mastercard,60.0,0
515564,20.0,23,1,19.0,0,,13.0,visa,87.0,1
515571,58.95,23,1,,0,,1.0,mastercard,87.0,0
515575,100.0,23,1,,0,,7.0,visa,87.0,0
515580,50.0,23,1,,0,,1.0,visa,87.0,0
515591,59.0,23,1,4.0,0,,1.0,mastercard,87.0,0
515598,250.0,23,1,13.0,0,,3.0,visa,87.0,1
515602,92.805,23,1,,0,17.0,1.0,visa,60.0,0
515609,32.507,23,1,,0,722.0,1.0,mastercard,60.0,0
515613,39.0,23,1,22.0,0,,14.0,mastercard,87.0,0
515614,50.0,23,1,,0,,1.0,mastercard,87.0,0
515620,43.865,23,1,,0,446.0,1.0,visa,60.0,0
515643,29.0,23,1,,0,,2.0,visa,87.0,0
515655,35.0,23,1,,0,,1.0,visa,87.0,0
515683,107.0,23,1,0.0,0,,3.0,mastercard,87.0,0
515683,105.0,23,1,668.0,0,,2.0,mastercard,87.0,0
515698,100.0,23,1,,0,,3.0,mastercard,87.0,0
515723,60.0,23,1,,0,,3.0,visa,87.0,0
515724,50.0,23,1,,0,,4.0,mastercard,87.0,0
515724,30.0,23,1,,0,,1.0,visa,87.0,0
515730,330.99,23,1,39.0,0,,2.0,visa,87.0,0
515754,160.5,23,1,750.0,0,,2.0,mastercard,87.0,0
515768,25.0,23,1,,0,6.0,7.0,mastercard,87.0,0
515770,250.0,23,1,,0,,1.0,visa,87.0,1
515773,300.0,23,1,122.0,0,,2.0,mastercard,87.0,0
515790,107.95,23,1,40.0,0,,2.0,mastercard,87.0,0
515794,200.0,23,1,580.0,0,,2.0,mastercard,87.0,0
515795,50.0,23,1,,0,,1.0,mastercard,87.0,0
515814,50.0,23,1,,0,,1.0,visa,87.0,1
515824,1011.95,23,1,5.0,0,,4.0,visa,87.0,0
515824,29.0,23,1,,0,,1.0,mastercard,87.0,0
515827,82.95,23,1,21.0,0,,2.0,mastercard,87.0,0
515840,100.0,23,1,,0,,1.0,mastercard,87.0,0
515855,44.5,23,1,,0,,1.0,visa,87.0,0
515876,50.0,23,1,,0,,1.0,mastercard,87.0,0
515973,67.95,23,1,8.0,0,,1.0,visa,87.0,0
515980,173.0,23,1,1.0,0,,5.0,mastercard,87.0,0
516002,82.95,23,1,18.0,0,,2.0,visa,87.0,0
516018,70.0,23,1,,0,,1.0,visa,87.0,0
516029,335.0,23,1,,0,,1.0,visa,87.0,0
516029,281.8,23,1,8.0,0,,1.0,visa,87.0,1
516052,100.0,23,1,,0,,2.0,visa,87.0,0
516056,40.0,23,1,,0,,95.0,visa,87.0,0
516057,285.0,23,1,,0,,1.0,visa,87.0,0
516129,407.2,23,1,,0,,1.0,visa,87.0,0
516134,58.95,23,1,,0,,5.0,mastercard,87.0,0
516181,30.0,23,1,,0,,1.0,mastercard,87.0,0
516191,59.0,23,1,273.0,0,,1.0,mastercard,87.0,0
516231,615.95,23,1,10.0,0,,1.0,mastercard,87.0,0
516233,57.95,23,1,17.0,0,,3.0,visa,87.0,0
516242,57.95,23,1,1777.0,0,,1.0,visa,87.0,0
516246,20.0,23,1,,0,,1.0,visa,87.0,0
516275,39.0,23,1,7.0,0,,3.0,mastercard,87.0,0
516303,40.0,23,1,,0,,1.0,mastercard,87.0,0
516322,50.0,23,1,,0,,1.0,visa,87.0,0
516327,20.0,23,1,,0,,1.0,visa,87.0,0
516331,226.0,23,1,2.0,0,,1.0,visa,87.0,0
516372,30.0,23,1,,0,,1.0,visa,87.0,0
516376,250.0,23,1,,0,,1.0,visa,87.0,1
516376,39.0,23,1,,0,,1.0,visa,87.0,0
516392,300.0,23,1,,0,,1.0,visa,87.0,0
516411,174.01,23,0,,0,,1.0,visa,,0
516423,52.0,23,1,,0,,3.0,visa,87.0,0
516423,34.5,23,1,,0,0.0,3.0,mastercard,60.0,0
516438,900.0,23,1,,0,,2.0,visa,87.0,0
516444,82.95,23,1,9.0,0,,96.0,visa,87.0,0
516452,60.0,23,1,,0,,5.0,visa,87.0,0
516471,30.0,23,1,,0,,1.0,visa,87.0,0
516472,40.0,23,1,,0,,8.0,mastercard,87.0,0
516484,226.0,23,1,2.0,0,,2.0,visa,87.0,0
516490,65.0,23,1,,0,,1.0,mastercard,87.0,0
516498,130.5,23,1,2.0,0,,1.0,visa,87.0,0
516533,75.0,23,1,,0,,1.0,visa,87.0,0
516542,34.0,23,1,0.0,0,,1.0,mastercard,87.0,0
516555,44.0,23,1,1750.0,0,,1.0,visa,87.0,0
516557,275.0,23,1,,0,,1.0,discover,87.0,0
516560,59.0,23,1,,0,,1.0,visa,87.0,0
516582,72.323,23,0,,0,127.0,2.0,mastercard,,0
516593,75.0,23,1,84.0,0,,2.0,visa,87.0,0
516598,29.0,23,1,711.0,0,,1.0,mastercard,87.0,0
516598,29.0,23,1,41.0,0,,1.0,visa,87.0,0
516633,55.99,23,1,48.0,0,,1.0,visa,87.0,0
516647,200.0,23,1,,0,,3.0,visa,87.0,0
516650,45.0,23,1,,0,,3.0,visa,87.0,0
516666,80.0,23,1,,0,,2.0,visa,87.0,0
516679,117.0,23,1,3.0,0,,2.0,visa,87.0,0
516694,50.0,23,1,,0,,1.0,mastercard,87.0,0
516695,30.0,23,1,2.0,0,,1.0,mastercard,87.0,0
516698,673.95,23,1,,0,,1.0,mastercard,87.0,0
516714,160.95,23,1,2040.0,0,,2.0,visa,87.0,0
516714,59.0,23,1,,0,,1.0,visa,87.0,0
516720,29.0,23,1,165.0,0,,1.0,visa,87.0,0
516758,20.0,23,1,,0,2255.0,3.0,visa,87.0,0
516776,100.0,23,1,,0,,3.0,visa,87.0,0
516793,12.205,23,0,,0,718.0,2.0,mastercard,,0
516801,32.627,23,0,,0,512.0,1.0,mastercard,,0
516814,107.95,23,1,,0,,1.0,visa,87.0,0
516816,150.0,23,1,,0,,1.0,visa,87.0,0
516853,100.0,23,1,,0,,1.0,visa,87.0,0
516862,226.0,23,1,21.0,0,,3.0,visa,87.0,0
516866,400.0,23,1,,0,,2.0,visa,87.0,0
516876,97.0,23,1,30.0,0,,2.0,visa,87.0,0
516877,160.95,23,1,2040.0,0,,2.0,visa,87.0,0
516883,20.0,23,1,,0,,5.0,visa,87.0,0
516887,31.781,23,0,,0,482.0,1.0,visa,,0
516891,49.0,23,1,0.0,0,,8.0,mastercard,87.0,0
516920,100.0,23,1,,0,,1.0,mastercard,87.0,0
516929,23.08,23,1,,0,0.0,1.0,visa,60.0,0
516929,40.0,23,1,,0,,3.0,visa,87.0,0
516965,39.0,23,1,14.0,0,,1.0,visa,87.0,0
516974,58.95,23,1,0.0,0,,192.0,visa,87.0,0
516978,73.5,23,1,1.0,0,,1.0,mastercard,87.0,0
516981,48.95,23,1,3.0,0,,1.0,visa,87.0,0
517016,179.87,23,0,,0,7.0,2.0,mastercard,,0
517025,120.0,23,1,,0,,1.0,visa,87.0,0
517031,261.95,23,1,0.0,0,,147.0,visa,87.0,0
517043,42.596,23,0,,0,7.0,1.0,visa,,0
517044,226.0,23,1,,0,,1.0,visa,87.0,0
517063,164.95,23,1,,0,,1.0,visa,87.0,0
517069,160.95,23,1,2040.0,0,,2.0,visa,87.0,0
517078,226.0,23,1,,0,,1.0,visa,87.0,0
517086,150.0,23,1,,0,,1.0,american express,87.0,0
517087,39.0,23,1,4.0,0,,1.0,mastercard,87.0,0
517111,22.597,23,1,,0,26.0,1.0,visa,60.0,0
517115,25.0,23,1,,0,,5.0,mastercard,87.0,0
517134,75.0,23,1,,0,,1.0,mastercard,87.0,0
517158,50.0,23,1,,0,,4.0,mastercard,87.0,0
517163,30.95,23,1,2.0,0,,3.0,mastercard,87.0,0
517172,150.0,23,1,,0,,1.0,visa,87.0,0
517177,335.0,23,1,7.0,0,,2.0,mastercard,87.0,0
517178,59.0,23,1,8.0,0,,2.0,visa,87.0,0
517178,93.349,23,0,,0,,1.0,visa,,0
517179,150.0,23,1,,0,,2.0,mastercard,87.0,0
517180,28.699,23,0,,0,718.0,2.0,mastercard,,0
517182,47.95,23,1,1.0,0,,2.0,visa,87.0,0
517196,226.0,23,1,0.0,0,,1.0,visa,87.0,0
517201,140.5,23,1,,0,,5.0,mastercard,87.0,0
517208,100.0,23,1,,0,,1.0,visa,87.0,0
