amount,is_foreign,new_device,Class
469.2680899768591,1,0,0
3010.121430917521,0,0,1
1316.7456935454493,0,0,0
912.9425537759532,1,0,0
169.62487046234628,0,0,0
169.5962919146052,1,0,0
59.838768608680674,1,0,0
2011.2308644799396,0,0,0
919.0821536272646,1,0,0
1231.2500617045903,0,0,0
20.799307999138623,0,0,0
3503.557475158312,0,0,0
1786.4295433546752,0,0,0
238.687625248947,0,0,0
200.67898874966338,0,0,0
202.61142283225706,1,0,0
362.75372946047713,1,0,0
743.9278308608544,1,0,0
565.5370667803367,0,0,0
344.2229925539415,0,0,0
946.3708738997987,0,0,0
150.23452872733867,0,1,0
345.51551200240226,0,0,0
456.27721822084703,1,0,0
608.934687859775,0,0,0
1537.936011030912,0,0,0
222.7358621286903,0,0,0
722.0291550331277,0,0,0
897.5047213097606,0,0,0
47.563849756408544,0,0,0
935.3330206496101,1,0,0
186.96125197741642,0,0,0
67.26393087930424,1,0,0
2973.6877935069306,0,0,0
3370.6303424611724,0,0,0
1652.3315728128766,1,0,0
363.2878599687583,0,0,0
102.77731500250624,0,0,0
1152.7507630986618,1,0,1
580.0908425853984,0,0,0
130.15223395444863,0,0,0
683.5472281341501,1,0,1
34.99372144347908,1,0,0
2400.4228873930238,0,0,0
299.4577768406861,0,0,0
1086.2557985649803,1,0,0
373.5465816576237,0,0,0
734.1108959092286,0,0,0
791.2237979817976,0,0,0
204.38859950790575,1,0,0
3492.8071327362263,0,0,0
1492.2453771381408,1,0,0
2805.094419291582,0,1,1
2252.1519975341967,0,0,0
911.054412383275,1,0,0
2549.435379269405,1,0,0
92.65545895311563,0,0,0
218.13469463126745,0,0,0
46.28196568683195,1,0,0
393.5320868030868,1,0,1
492.1302917942186,0,0,0
316.5604432088257,0,0,0
1764.557865240934,1,0,0
441.22699952987017,1,0,0
329.8028401342492,1,0,1
782.407083207746,0,0,0
151.89814782062885,0,0,0
1620.4835957747312,1,0,0
77.47586881130901,0,0,0
4334.14633958732,0,1,1
1479.4837762415114,0,0,0
221.53944050588595,0,0,0
5.537420375935475,0,0,0
1689.896777486126,1,0,0
1227.0959073870447,1,0,0
1305.662908787999,0,0,0
1475.2145260435134,0,0,0
76.92926551379635,0,0,0
443.8926724162325,1,0,0
123.15010460444965,0,1,1
1988.5295716582227,1,0,0
976.301191712374,0,0,0
401.818801251301,0,0,0
65.66806580478288,1,0,0
372.48835041035375,0,0,0
393.31421318413135,0,0,0
1307.8757839577409,0,0,0
1014.8893589260199,0,0,0
2182.251912401515,0,0,0
639.0661333763098,0,0,0
127.3723936155019,1,0,0
1249.1263443165994,1,0,0
1430.392753076864,1,0,0
823.8874948858288,0,0,0
1473.8899667213645,1,0,0
680.814731510278,0,0,0
739.6788387772671,0,0,0
557.8141939084273,0,0,0
25.74777399011373,1,0,0
114.16743519186583,0,0,0
31.933681293053823,1,0,1
1011.7295509275494,0,0,0
377.39670879509987,0,0,0
710.43717713419,0,0,0
2381.2655298459754,1,0,1
286.73882298329835,0,0,0
528.2819748826726,1,0,0
1408.7491475385834,1,0,0
259.805156917394,1,0,1
80.10427855017636,0,1,1
342.1403038870571,1,0,1
175.80835850006284,1,0,1
2654.9500858806246,0,0,0
1650.8870804845694,1,0,1
1003.494190520531,0,0,0
2051.519730520813,0,0,0
1627.9689407405565,0,0,0
206.49547635863908,0,1,1
2230.813405235561,0,0,1
775.099901966172,0,1,0
1647.3482913035662,1,0,0
2264.2426492862314,1,0,0
382.7307164183185,1,0,0
116.59216012385083,0,0,0
258.68674613938134,1,1,1
557.0576927486144,0,0,0
1703.829726638945,1,0,0
1971.3449718798333,0,0,0
6.976409181650647,0,1,0
714.8761593385558,1,1,1
540.2733209186713,0,0,0
251.1673382758245,0,0,0
127.68039154564681,1,0,0
411.9085798624325,0,0,0
2863.1211226911496,0,1,1
390.3838028814744,0,0,0
731.4528057601519,0,0,0
1214.0869768808548,0,0,0
451.97449896696236,1,0,1
3567.7981382916996,0,0,0
3282.009864541398,1,0,0
290.06129499220526,0,1,0
687.6592784638473,0,1,0
357.9304600790468,1,0,0
335.2496763810817,1,0,0
37.584477765522536,1,0,0
940.4920709825931,1,0,1
698.5196328296385,0,0,0
52.85108738039248,0,1,1
326.6259210103694,1,0,0
2388.8609510893402,0,0,0
273.86055214207704,0,0,0
156.53086098546976,0,0,0
672.2721094736362,1,0,0
4244.03698261526,0,0,0
277.1448135597262,0,0,0
1115.1550102972933,0,0,0
1433.8876262394629,1,0,1
271.3331723358058,0,0,0
1302.748928492316,0,0,0
458.522799264304,1,0,0
1000.5037477317713,1,0,0
1003.8378271376382,1,0,0
767.3852499523488,1,0,1
94.62915881162095,0,0,0
1803.644794246297,0,1,0
386.8102936673966,0,0,0
206.43210660755653,1,0,0
41.629759794345205,0,0,0
893.7784045945834,1,0,1
1131.8517342673488,1,0,0
16.72694755847062,0,0,0
717.6305845494884,0,0,0
256.8241470549577,0,0,0
1036.124341547692,0,0,0
191.60422253913376,0,0,0
1174.212527567719,1,0,0
488.9587009811018,0,0,0
2760.343817804307,0,0,0
147.94441343927895,0,0,0
417.13243399517177,1,0,1
120.44428503699642,1,0,1
2586.1903971507236,1,0,0
2098.333707160994,1,0,0
298.3273700614889,0,0,0
1078.7627390439145,0,1,1
1699.4840726392213,0,0,0
810.132360686508,0,0,0
754.2794101939461,1,0,0
276.8770454379031,0,0,0
97.72614047494073,0,0,0
2275.123225194523,1,0,1
2306.774427648427,1,0,0
1002.6699194828848,1,0,1
414.0465098113239,0,1,0
429.5676158116439,1,0,0
1294.4654297271181,0,0,0
2274.0973491072523,0,0,1
2181.1325693966132,1,0,0
1513.5621919309033,1,0,0
1027.310693567705,0,0,0
87.89172619608405,0,0,0
176.2942146834115,0,0,0
2288.2305001775057,0,0,0
932.4939469655895,1,0,0
9.23960561099441,0,0,0
106.99690143594933,1,0,0
1089.162387290241,1,0,0
5.074437051797003,0,1,1
175.31581610419906,0,0,0
795.6978461389317,0,0,0
1177.3152866548126,0,0,0
1055.4414821352486,0,1,0
253.9498673080245,0,0,0
1245.4172888985388,1,0,1
270.82375905280594,0,0,0
393.6349089180844,1,0,0
1372.3575516657907,0,0,0
1048.773814302768,1,0,0
1891.956077463401,1,0,1
1071.8132881697625,0,0,0
840.0443055872574,1,0,0
98.35706144841049,1,0,0
458.41630720702005,1,0,1
308.1601478588312,1,0,0
279.70020366242125,0,0,0
3612.309406162926,0,0,0
499.3874970400238,0,0,0
2226.055211248523,0,0,0
997.3343857364831,1,0,0
1583.8252526883998,1,0,0
698.4353243887705,0,0,0
860.155902641585,1,0,0
678.2934333416935,1,1,1
217.2148953252385,0,1,1
1281.7618030658039,0,0,0
329.57736836626293,0,0,0
24.616481080688615,1,0,0
1036.968786295274,1,0,0
194.9335702248227,0,0,0
2821.083147273303,0,0,0
3077.5624127880233,1,0,0
2463.5098846338415,1,0,1
462.28739649736673,1,0,0
15.577315371944383,1,0,0
2635.52345733189,0,0,0
558.9382770530614,0,0,0
3400.842016122056,0,0,0
3313.7354761302054,1,0,1
1917.387017179419,0,0,0
348.7760681721603,1,0,0
486.29193209869356,0,0,0
1904.7266524780798,1,0,0
381.1462314307171,0,0,0
185.71861629575477,0,0,0
813.7369920602277,1,0,0
2751.2934708070416,0,0,0
1190.8255977579372,1,0,0
844.1123364356555,0,0,0
102.22819734932288,0,0,0
954.5307155177177,1,0,0
4610.569747846317,1,0,1
150.92058664226414,0,0,0
730.4953249815037,1,0,0
2098.6086379007943,0,0,0
1350.0342483536701,0,0,0
1194.074425301673,0,0,0
1212.28755622449,0,0,0
445.4923423149491,0,0,0
347.56208426709514,0,0,0
1657.3745072597123,0,0,0
1661.3281990870287,1,0,0
2017.9500473679147,0,0,0
2444.6159618366364,1,0,0
716.0932369329037,1,0,0
696.1843775511992,0,0,0
1600.9499323084874,0,0,0
1049.7190748878002,0,0,0
1210.550648511517,1,0,1
1588.6194749542049,0,0,0
2207.323476346767,0,0,0
412.4824071376542,1,0,1
470.93678872755635,1,0,0
98.69603918736055,0,0,0
863.4140266094347,0,0,0
36.604104210856995,1,0,0
626.6069481821096,1,0,0
782.294585687126,0,0,0
337.6306603145225,0,0,0
893.6325301461753,1,0,0
30.975062101474546,1,0,0
38.06349928278938,1,0,0
1729.351369538136,0,0,0
446.5850242077447,1,0,0
135.88904129742798,0,0,0
738.6535882790156,0,0,0
1469.6479404457352,1,0,0
243.11800342990335,0,0,0
975.2196186564929,1,0,1
89.21102898989729,0,0,0
53.0650959103094,1,0,0
757.9089406255209,0,0,0
777.9104426947422,1,0,0
1014.5374482046159,0,0,0
1294.9605629166842,1,0,0
3723.557008699993,1,0,0
726.2911192303562,0,0,0
390.0197141059788,0,0,0
1585.6539797326864,0,0,0
315.8514654361373,1,1,1
577.9834312733013,0,0,0
81.7051685836699,0,0,0
25.67760954147438,0,0,0
3287.379923268602,1,0,1
1807.7676421150625,0,0,0
1190.6427327993417,0,0,0
525.8596444651419,1,0,0
190.30653614210874,1,0,0
170.12074157285414,0,0,0
288.0059891265836,1,0,0
796.7906483133146,1,0,0
1253.8492877767758,0,0,0
1079.3903496967985,0,1,0
328.41226138899594,1,0,0
3098.1034985563065,0,0,0
1339.0174048752262,0,0,0
808.2304819313313,0,0,0
946.0304720374351,1,0,0
544.0378655320513,0,0,0
284.6612922740635,1,0,0
440.0141293231124,0,0,0
1418.1818477567133,1,1,1
14.498079720804276,1,1,1
123.38039223997605,0,0,0
47.09437695252053,1,0,0
41.581451917292426,0,0,0
1934.2030336156586,1,0,0
1216.2406117006883,0,0,0
642.7845944128924,0,0,0
102.95691844781325,1,0,0
676.5179657972333,1,1,1
641.4503320943712,0,0,0
190.19471280022498,0,0,0
568.8991313023238,0,0,0
508.3366145832069,1,0,0
956.7224329131345,0,0,0
1008.1145360409121,0,1,1
46.36232402053473,0,0,0
469.3840046550615,1,0,0
983.1249947827285,0,0,0
699.4394526077897,0,0,0
1941.3494531754386,0,0,0
1074.9747640549979,0,0,0
177.8528687673073,1,0,1
73.18243625624083,1,0,0
1028.394147108891,1,0,1
26.86907266739443,0,0,0
881.3473778072906,1,0,1
2817.255455387152,0,0,0
856.7824455775444,0,0,0
491.3006922239073,1,0,0
1030.827157844982,0,0,0
612.9559740510913,0,0,0
788.8143605763202,1,1,1
2838.127146232999,0,1,1
487.9275273501871,1,0,1
3249.091861506754,1,0,0
2357.576183769919,0,0,0
217.89626094045,0,0,0
71.88415530315702,0,0,0
106.22533548163021,0,0,0
18.389887847233705,0,0,0
99.20501165575413,1,0,0
1148.874872577167,0,0,0
73.84962694642702,0,0,0
384.1571882948685,0,0,0
1863.526040097277,0,0,0
23.54700318071151,1,0,0
1684.5305061859585,0,0,0
331.08346683962947,1,0,0
125.75011982910763,0,0,0
1193.1554084399133,0,0,0
991.3991764332203,0,0,0
2099.4158140869467,0,0,1
1328.2935787644003,1,0,0
1626.9958059939781,0,0,0
331.3338623067386,1,0,0
195.33329604044698,0,0,0
1388.7563960054247,1,0,0
1644.2091832434196,0,0,0
4657.004890140231,0,0,0
532.079354152605,0,0,0
465.2439119617327,0,0,0
1497.954503343587,1,0,0
416.73367093075314,0,0,0
2670.1379243993265,0,0,1
1954.8391571662492,0,0,0
560.3556094421597,0,0,0
1389.784716495461,1,0,0
1404.6329868550172,1,0,0
108.83751880671802,1,0,1
2328.445680867632,0,0,0
703.7074897567544,1,1,0
1751.33255752333,1,0,0
385.7354261645083,0,0,0
2258.7905145459263,0,0,0
492.9884540601712,1,0,0
10.896806615175478,0,1,1
2357.9072969624535,1,0,0
95.72561054847526,0,0,0
384.65363338503886,0,0,0
2996.9723831882857,1,0,0
3007.9495401039894,1,1,1
851.9972910552638,0,0,0
999.2300803905247,1,0,0
595.0146636228576,0,0,0
347.02277874619705,1,0,1
398.48633455038976,1,0,0
1116.3235799285062,1,0,1
1395.8378736630773,0,0,0
1568.1954162211487,0,0,0
1558.8310318487418,1,0,0
95.63694654031944,0,0,0
682.049596573356,0,0,0
59.28170644873779,1,0,0
797.461315695393,0,0,0
582.5552749872835,0,0,0
2186.6186642208013,0,0,1
432.1916194678851,0,0,0
124.50597755245087,0,0,0
154.30765454211937,1,0,0
1433.4305470790937,0,0,0
962.905679748035,0,0,0
106.60871224538545,1,0,0
87.85552166860508,1,0,0
1207.2084716530997,1,0,0
75.54608952579714,0,0,0
1725.1858538085814,1,0,0
1224.999753130005,0,1,1
84.84875058031206,0,0,0
88.6538677778067,0,0,0
4315.458562058092,0,0,0
468.8375825522896,0,0,0
463.0552604753125,1,0,0
1675.5754032826771,0,0,0
2942.1645379632437,1,0,0
4268.773939601984,0,0,0
1399.8992301163419,0,0,0
472.02099961912563,0,0,0
87.19399369795725,1,0,0
1501.2425404546257,1,0,0
817.3604075614929,1,0,0
552.0331253049737,1,0,0
2368.2376754780903,1,0,0
117.88020797188024,1,0,0
678.5051093729543,1,0,0
11.418589432541669,0,0,0
632.3543695829262,0,0,0
57.95043106592578,0,0,0
126.49099593117121,0,0,0
125.02623200745627,0,0,0
1047.5683864069715,0,0,0
1370.5977175964726,0,0,0
875.5537772028686,0,0,0
3274.720209102377,1,0,0
469.79657792026717,0,0,0
336.4691574205587,0,0,0
2029.5025381702296,1,0,0
253.08206773185339,0,0,0
3302.870106251911,0,0,0
12.228944358969308,0,0,0
3502.526922879482,0,0,1
44.1189986185019,0,0,0
2217.721229160009,0,0,0
750.1432503493903,0,0,0
4956.828607926032,1,0,1
76.66137595445494,0,0,0
807.1096637333488,1,0,0
3483.575221256005,0,0,0
740.4439331810439,0,0,0
992.6282903811874,1,0,0
1189.9012381167743,0,0,0
606.1277556769509,1,0,0
987.6741730080221,0,1,0
877.8258618057556,1,0,1
2314.2327694826477,0,0,0
46.51146174348098,0,0,0
329.8427258987585,1,0,0
3003.9960058609313,1,0,0
2209.6758284534862,0,0,0
608.17526195962,1,0,1
967.9330287389772,0,0,0
324.87341989513016,0,0,0
208.4041614360645,0,0,0
623.0585988040988,1,0,0
435.95353461673335,1,0,1
876.243706006643,0,0,0
80.92228443318479,0,1,0
3664.9601225225674,1,0,0
4283.865575552539,0,0,0
1197.8638819127893,0,0,0
768.0784344120899,0,0,0
370.37930155436,0,0,0
1680.9071674879967,0,0,0
1154.3295836488157,0,0,0
177.47365410048837,1,0,0
2418.3010919991275,1,0,1
1728.9945113672713,0,0,0
2991.738525033436,0,0,0
1293.6040041961344,0,0,0
950.4040195913727,0,0,0
541.7025065931134,1,0,1
2699.0183615471183,1,0,1
2010.3923800469202,1,0,0
46.272938653122786,1,0,0
26.720816866511363,0,0,0
472.34776158326287,0,0,0
1663.6477229960863,1,0,0
4364.275468220168,1,0,1
163.0095099344797,0,0,0
901.7241302157357,0,0,0
479.47369975809613,1,0,1
3503.7085543759626,0,0,0
1845.9132074336346,1,0,1
1822.1900464698572,1,0,1
632.4155711397735,0,1,0
535.834936327349,1,0,0
319.3888921500612,1,0,0
58.02696384483622,1,0,0
2000.4261400033104,0,0,0
1676.1174392499229,0,0,0
8172.445597818083,0,0,1
5694.873400744333,0,0,1
810.651592641394,0,0,0
1465.2830902062608,0,0,0
2896.171682874436,1,0,1
1894.7720147092457,0,0,0
284.15244458114654,0,0,0
598.8268273998644,0,0,0
138.29634431308867,1,0,1
3080.223786441709,1,0,0
931.8477025886182,0,0,0
259.6037254184837,1,0,0
1113.8295391732502,0,0,0
962.6704347430717,0,0,0
443.4204622971061,1,0,0
120.53912139846928,1,0,0
1113.4412835191022,0,1,0
734.6104241860377,1,1,1
1479.8070809605151,1,0,0
734.3098604235151,0,0,0
1911.770111308484,0,0,0
802.7541190214876,0,0,0
823.1145809801471,0,0,0
2092.7586432297717,0,0,0
516.647313988117,1,0,0
143.88795539029894,0,0,0
29.205021432094686,1,0,0
1407.0574526625855,0,0,0
968.3989670606796,0,0,0
1217.6653477978764,0,0,0
239.48149349344348,0,0,0
146.61255122827865,0,0,0
14.651476265668782,1,0,1
431.6872615150693,1,0,0
891.3973756649445,0,0,0
497.9818675611507,1,0,0
575.3195628284312,0,0,0
2345.0615229814416,0,0,0
428.1026144251117,0,0,0
721.5250280723211,1,0,0
1530.8717377197017,0,0,0
505.0801312991797,0,0,0
973.0904753530854,0,0,0
1983.1406436843067,1,0,1
2986.1904153746677,1,0,1
159.08187931483596,1,0,0
2611.662763042079,1,0,1
677.5027809955307,0,0,0
298.73545435139573,1,0,0
614.5869673706975,1,0,1
3913.6530975805917,0,0,0
678.4912926673597,0,0,0
398.6160321004998,0,0,0
1003.4862739576596,0,0,0
274.62846771560294,1,0,0
78.89530497623504,0,0,0
137.97521971241585,0,0,0
137.01842406700712,1,0,1
164.75990155667296,0,0,0
149.46006606751655,0,0,0
1024.0840510758064,1,0,0
200.74635703448163,0,0,0
424.1393157948052,1,0,0
2270.9741251283576,0,0,0
642.3811416465936,0,0,0
1101.2890836523804,0,0,0
189.12851711321647,0,0,0
213.55098099509507,1,0,0
41.72721271756531,1,0,0
185.0473440655809,1,0,0
326.54811863114554,0,0,0
194.81181748310794,1,0,0
92.88590786036757,1,0,0
128.55621349335252,0,0,0
617.6293433653791,1,0,0
231.09220634509657,0,0,0
452.9811155109185,0,0,0
700.0051847143304,1,0,0
1172.4574340125423,1,0,0
40.10573010001543,0,0,0
1606.4942438261196,0,0,0
988.5936903672964,1,0,0
85.29543037633427,1,0,0
2068.1346984880906,0,0,0
2536.6935463789277,0,0,0
63.02282756016341,0,0,0
324.17684312865083,1,0,0
1640.9351832266425,0,0,0
1379.3572402143084,0,0,0
203.9796320618005,0,0,0
234.89903118153325,1,0,0
462.7851100243697,1,0,0
662.6625646686144,1,0,0
963.001834058552,0,0,0
460.3125630003512,0,0,0
620.8911092209177,1,0,1
1376.2289403898424,1,0,0
37.372952321478465,1,0,0
290.9366218823972,1,0,1
1249.4918749560259,1,0,0
2255.7667543306134,1,0,1
716.7791122084009,1,0,0
759.5295023530689,1,0,0
113.36133854066338,0,0,0
593.1432460835508,0,0,0
760.6067990552899,1,0,0
277.6928032606533,0,0,0
313.67461187854383,1,0,0
473.66498480247196,0,0,0
20.275360750314515,0,0,0
388.72476125613576,0,0,0
237.55693562362987,0,0,0
396.74923023198266,0,0,0
127.56310328478126,0,0,0
2212.079899943025,1,0,0
900.3988138795597,0,0,0
1136.6329578930317,0,0,0
1556.7090323777913,0,0,0
690.0364218488851,1,0,0
90.93209451745585,1,1,1
770.2583632948225,1,0,0
883.9230578713735,0,0,0
1368.2166488084092,0,0,0
565.0346493829821,1,0,0
136.48466672931224,1,0,0
333.7621802617039,0,0,0
451.11482547462344,0,0,0
1038.2246116218616,0,0,0
845.7817212014196,0,0,0
440.2067596518062,1,0,0
4306.195772169813,0,0,1
930.8330084672093,0,0,0
270.79452875679993,0,0,0
107.34300462488686,1,0,0
165.88829258982588,1,0,1
282.30684939514094,1,0,1
175.16487495429402,0,0,0
206.4917454545804,1,0,0
335.60584821544654,0,0,0
190.402433662887,0,0,0
2270.751449355915,0,0,0
83.63571259200016,0,0,0
743.4123501127027,0,0,0
528.3055564893024,1,0,0
4038.6421660159203,0,0,0
118.8273456974049,0,0,0
507.2579937424304,0,0,0
3489.0596641267152,0,0,0
2006.2440619681547,0,0,0
1698.6630340361794,0,1,1
298.27508353350464,0,0,0
187.39953278648755,0,0,0
1104.5595986817837,0,0,0
2650.3850949599555,0,0,0
813.6504219047422,0,0,0
847.7275614585865,0,0,0
328.4750308106508,0,1,0
1467.4737584120885,1,0,0
207.07798214607084,0,0,0
391.08781311923264,0,0,0
554.1445500698305,1,0,0
708.4849626446985,1,0,1
277.6125835696058,1,0,0
121.98327214413544,1,0,1
943.1996574293565,0,0,0
340.5633684365418,0,0,0
870.4530682924436,1,0,0
167.6647527706798,1,0,0
656.1213780285276,1,0,0
760.5472481290778,1,0,0
53.21465145712133,0,0,0
410.3836013804232,0,0,0
144.34932683193162,1,0,1
65.47225877252488,1,0,0
4601.201311395324,1,0,0
389.13002251942027,1,0,0
1660.0706137698987,0,1,0
293.8888342934014,0,0,0
1144.1413510203515,1,0,1
1428.0662228282085,0,0,0
905.4465941691398,0,0,0
637.8566440452718,0,0,0
530.7578135053777,0,0,0
429.0433017039748,0,0,0
2652.5560482207807,1,0,1
1775.6070711417979,0,0,0
3353.1763894156916,0,0,0
132.72854183610556,1,0,0
1312.5513634605074,0,0,0
2786.1272652612406,1,0,0
199.9558097007977,0,0,0
68.81031747249688,1,0,0
1351.3931531886221,0,0,0
854.4271441986697,0,1,1
1844.0771413214777,1,0,0
150.5582464141926,1,0,1
1586.050111031868,0,0,0
225.17977306702295,1,0,0
178.715198965518,0,0,0
179.44465655995072,1,0,0
1685.1032825640086,0,0,0
1094.213639015969,0,0,0
740.3759563460444,0,0,0
444.4614016780681,0,0,0
2097.2026672943325,0,0,0
498.31274969744493,0,0,0
1696.0826628480697,0,0,0
578.2748811138804,0,0,0
473.1195658177371,0,0,0
621.1610598996026,1,0,0
358.6452754306421,0,0,0
1376.7773129369393,1,0,1
698.6028156955961,1,0,0
264.2425309970652,1,0,0
2298.3398495505835,1,1,1
484.33174235871127,0,1,1
784.2823821777635,0,0,0
2369.4956087096266,0,0,0
978.7993038573308,0,0,0
124.31461585777976,1,0,0
2810.616683932209,0,0,0
988.0769289348262,0,0,0
407.8263155513094,1,0,0
149.9768206164258,0,0,0
1580.001395680267,0,0,0
967.7755075628523,0,1,1
762.4138580490281,1,0,1
2243.303330536445,1,0,0
1553.990013696072,0,0,0
164.49132012634087,0,0,0
373.5625513958005,0,0,0
285.66961854883795,0,0,0
1362.3680618684116,1,0,0
34.107539857837935,0,0,0
843.713556386143,0,0,0
1437.413715859779,1,0,1
2093.667344385938,1,0,1
418.6745935450927,1,0,0
1721.8079635410031,0,0,0
117.24388509877734,0,0,0
1873.7439572116875,0,0,0
136.37963052807083,1,0,1
506.31463120986433,0,0,0
1596.00536332649,1,0,1
162.42178992041616,1,0,0
260.39302244475095,0,0,0
1281.0430976449054,0,0,0
1273.0961719916947,1,0,0
1024.8442087373908,1,0,0
1184.001709087617,1,0,0
782.4691011956381,0,0,0
290.0836992594099,0,0,0
424.1831937932634,1,0,0
200.40127451653183,1,0,0
2390.876139323652,0,0,0
875.6090546365986,0,0,0
512.2456594790224,1,0,0
619.9075063211633,0,0,0
2942.823736997211,1,0,1
166.46955012850069,0,0,0
882.444609108554,1,0,0
704.9944407931773,1,0,0
945.3443180030728,0,0,0
18.276180406497236,1,0,0
2056.6935225406964,1,0,0
2689.9885366912517,1,0,1
832.7154639433977,0,0,0
1192.8707405259581,1,0,0
2557.4693578456263,1,0,1
1228.3974533925182,0,0,0
165.5105091241217,1,0,1
858.7021498525602,0,0,0
933.220857034015,0,0,0
551.8745039228211,0,0,0
1333.490303883392,0,0,0
2723.6768857624747,1,0,1
2597.876213054117,1,0,1
599.3642963036176,0,0,0
120.17870455178418,1,0,0
4189.173989120706,0,0,0
1825.7181108184427,0,0,0
133.1459597170634,0,0,0
2536.307940963276,0,0,1
2039.4239312268635,0,0,0
731.5513859686492,1,0,0
894.7137868290748,0,0,0
509.1648434090136,0,0,0
56.31814924329379,0,0,0
408.2648863007411,0,0,0
1623.8079110661788,1,0,0
4.642784066342885,0,0,0
405.7138965901687,1,0,1
507.77809485467816,0,0,0
770.8830241238818,1,0,0
2523.9254761530415,0,0,0
425.17711089079006,1,0,0
426.1064859584953,0,0,0
1337.5089516655655,0,0,0
601.8777734923394,1,0,0
254.38247370272538,1,0,0
602.2823505761551,0,0,0
151.81992193138706,1,1,0
194.05450320809675,1,0,0
689.8880428028177,0,0,0
542.8762162560071,0,0,0
2463.2927352528127,0,0,1
450.03458303972826,0,0,0
868.9023837852719,1,0,1
1000.3907725178481,0,0,0
13.180944825659227,0,0,0
1089.268197035989,1,0,0
196.0586401992482,0,0,0
3245.9982722724267,1,0,0
160.9469043101801,1,0,0
535.5011145366069,1,0,1
89.21343765050312,1,0,0
5768.081615150759,0,0,1
697.5468656582261,0,0,0
904.8193240889457,0,0,0
69.43205082825416,0,0,0
1386.136255215999,1,0,0
235.6028382502632,0,0,0
2283.3148568116303,1,0,0
229.58882816083334,1,0,0
211.57042980881585,0,0,0
37.23434185767216,0,0,0
638.7857932954639,0,0,0
832.0441036761805,1,0,0
67.96694017915647,1,0,0
1494.0025935983722,0,0,0
603.8346502936217,0,0,0
743.1576545925968,0,0,0
581.1814717875803,1,0,0
512.0982012749214,0,0,0
820.1634571378747,0,0,0
168.70300676095547,1,0,0
200.8050862086255,1,0,0
1978.9493282961403,1,0,0
2920.9117092646857,0,0,1
467.30218747513857,1,0,0
315.73136569266603,0,0,0
1032.8232650944572,0,0,0
525.4895676072463,0,0,0
25.71414873264703,0,0,0
169.78360329951062,0,0,0
1258.6832598530455,1,0,0
1075.6497823175357,0,0,0
27.4698578844401,1,0,1
250.992973866705,0,0,0
262.761578950931,0,1,0
1114.4147228278518,1,0,1
19.907381292139405,1,0,0
109.93605860137282,0,0,0
1609.0184272962415,1,0,0
196.67770945178535,0,0,0
1057.6990889205767,1,0,0
272.04862220899525,0,0,0
104.74003348487132,1,0,0
278.61951641144725,0,0,0
1281.0948130970319,1,0,0
1935.8363374539297,1,1,1
1773.2509999755644,0,0,0
506.14248947508844,1,0,0
1102.876778404595,0,0,0
229.3934103289808,0,0,0
346.9335886125168,1,1,0
2266.5986286309044,0,1,0
13.087188396285002,0,0,0
89.38713963044913,0,0,0
233.05028023981518,1,0,0
26.890535224316885,0,0,0
200.20300329027276,0,0,0
874.7687287443666,1,0,1
547.1863183678004,1,0,1
2231.8630208218274,1,0,0
1700.6959030194785,1,0,1
418.27280516903204,1,0,0
300.3262521472785,0,0,0
477.5398081085377,0,0,0
892.3177501433053,1,0,0
312.0617098152729,1,0,0
978.5622455470876,1,0,0
526.6360392798111,0,0,0
803.0673665148445,0,0,0
572.925395091112,1,0,0
348.79997526233313,1,0,0
2965.2672211522035,1,0,0
1442.2545037326363,0,0,0
150.95449812302087,0,0,0
2028.5049277193239,1,0,1
668.3203296619165,1,0,0
2249.5394902897433,0,0,0
1608.7144539299004,0,0,0
553.7566192586073,1,0,0
22.725589477540115,1,0,0
312.9005477764867,0,0,0
780.0877556797963,0,0,0
1003.6973319345364,0,0,0
298.2546799289389,0,0,0
150.07441883071553,1,0,0
1801.3870871623917,0,0,0
4160.6241631872335,1,0,0
745.8945469720869,1,0,1
188.35486366007393,0,0,0
317.87647172893287,0,1,0
18.56188741076601,0,0,0
2456.888527693557,0,0,0
125.281043846203,0,0,0
859.2406688681559,1,0,0
320.2813286027929,1,0,0
807.8355154069853,1,0,0
1053.888633986027,1,0,0
1770.43919242236,1,0,1
231.20252750453585,1,0,0
11.056729631697197,0,0,0
147.20807068739052,1,0,0
2302.7715288531817,0,0,0
2070.6013520531224,0,0,1
909.8443101964925,0,0,0
917.583718505347,1,0,0
1093.7342294075124,1,1,0
192.82202863855215,1,0,0
2458.2095607713013,1,0,1
542.609634346318,0,1,1
483.11079932786845,1,0,0
731.716932622681,1,0,0
48.104664291977215,1,0,1
181.86170504927233,0,0,0
1339.5390904239632,0,0,0
86.4282756718436,1,0,0
924.2022189851156,0,0,0
281.5000336004408,1,0,0
493.14225692518835,0,0,0
340.65219195414596,1,0,0
439.5484777228535,0,0,0
1269.5639866386869,1,0,0
352.57153960555087,0,0,0
835.6435307057022,1,0,0
646.3597866902617,0,0,0
1089.6659230926784,1,0,0
2761.9216475129692,1,0,0
1318.9052712550429,0,0,0
241.99561324404732,1,0,1
31.679678824257845,0,0,0
304.1693020055879,0,0,0
904.0606518730973,0,0,0
52.795278099774684,1,0,0
685.9059560261888,0,0,0
908.4288399875602,0,0,0
406.8318779381004,1,0,0
1473.6499591467348,1,0,1
112.71891476467799,0,0,0
78.11050579224701,1,0,1
1302.6474102163927,1,0,0
684.1702266630685,0,0,0
1166.042655733141,1,0,0
570.6239991288573,0,0,0
282.8962537585316,1,0,1
1709.8236985711958,0,0,0
1606.52156396019,1,0,0
1186.4488197091214,0,0,0
317.6536149880321,1,1,0
892.1608797234643,0,0,0
447.80997557982204,0,1,1
96.05073460665322,0,0,0
2492.6998435376413,1,0,0
147.13044881952004,0,0,0
3000.4906531227625,0,0,0
590.6010127908722,0,0,0
204.73028191346583,1,0,0
780.6698461517365,0,0,0
2063.1417942820585,1,0,0
1317.6077791304738,0,0,0
1642.7938260737574,0,0,0
1075.2377151704027,0,0,0
1178.5538361415322,1,0,0
1891.7719880502796,0,0,0
287.2395155401201,0,0,0
672.2176661712414,0,0,0
250.01312910612234,1,0,0
4395.558417405329,0,0,0
2883.4637873204147,1,0,1
40.22510120537909,0,1,1
1222.731563195729,0,0,0
2593.5835574752555,0,0,1
199.15282538785002,1,0,0
839.2029176459023,1,0,1
2470.8652641255303,0,0,1
34.53552354421181,1,0,0
1195.4104568928853,0,0,0
352.8949647452128,1,0,0
2582.248671355676,0,0,0
3542.4699226222533,0,0,0
2887.1736812409745,1,1,1
642.8614051984582,1,0,0
1980.8107067353583,0,0,0
1861.427273299079,0,0,0
384.3405215195344,0,1,1
1765.5975413946533,1,0,1
37.70979526890972,0,0,0
907.0086402878069,1,0,0
261.3762411972857,0,0,0
128.47776747164406,0,0,0
80.07534330438274,0,0,0
1191.677949688237,0,0,0
415.326013068567,0,0,0
1290.1364372203777,0,0,0
67.58993548947433,1,0,0
378.7603814176782,0,0,0
775.4235144000495,1,0,1
1564.0973333379875,0,1,0
383.829607040159,1,0,0
983.2090864021626,1,0,0
2171.36165872427,1,0,1
956.7565090720861,1,0,0
265.2156429658495,0,0,0
24.703413744155224,1,0,0
2040.9816863741814,1,1,1
21.498864160261313,0,0,0
2077.0577666041704,0,0,1
752.7637204695544,0,0,0
2797.9918427926627,0,1,1
1603.3725230231253,0,0,0
6182.194410847326,0,0,0
431.87861684828374,0,0,0
1457.525259111458,1,0,0
514.0490026229409,0,0,0
653.6873042851913,1,0,0
987.5329076281154,0,0,0
2068.91406403239,0,0,0
4140.397036841308,0,0,0
1462.197110339225,0,0,0
540.8841935911419,0,0,0
547.0695758190242,0,0,0
1337.8177759736657,0,0,0
272.8291200595943,1,0,0
117.06666958066148,0,0,0
437.9193315941165,0,0,0
338.609106417826,1,1,1
351.41468973230553,0,1,0
266.06116595949675,0,0,0
43.00478093734733,0,0,0
18.03560283194906,0,0,0
4399.977979112302,0,0,0
558.219746892102,0,0,0
485.0387274553178,0,0,0
1138.332648626447,1,0,0
246.22525594093332,0,0,0
2994.956253739776,0,0,0
1543.3927818755863,1,0,0
93.66363864100695,1,0,0
540.5647740333898,0,0,0
2112.9429601408533,1,0,0
2895.5616031208324,0,0,1
629.9874431013923,0,0,0
950.3941725764365,1,0,1
182.76238925679854,1,0,0
4729.444686092813,0,0,0
263.5381650176833,1,0,1
2860.009331493888,1,0,1
1048.8130594685601,0,0,0
935.822222872194,0,0,0
718.8517525924411,0,0,0
262.2350280519626,1,0,0
194.22577002336726,0,0,0
249.08489862050675,1,0,0
206.33346355455018,0,0,0
1512.2407575727966,0,0,0
430.97564107307437,1,0,0
59.58300833276848,1,0,0
3477.0842165267745,0,0,0
2152.3209700260004,0,0,0
2627.6545538067544,0,0,0
5280.049769049707,0,0,0
191.03369657618532,0,0,0
504.58185489388075,1,1,0
1419.8034754812707,0,0,0
1190.7954024213375,0,0,0
167.11288479350685,0,0,0
1691.9130029863152,1,0,0
254.17066724058628,0,0,0
253.36775396964305,1,0,0
769.9729842908371,0,0,0
898.7945241869189,0,0,0
867.7058455294674,0,0,0
95.94590297101374,0,0,0
2099.3248112914234,1,0,0
308.70149766701553,0,0,0
138.70466096940032,1,0,1
2195.9580984800336,0,0,1
3115.676352753279,0,0,0
1981.4267844749622,0,0,0
1658.1874697336123,1,0,0
1064.91250119862,1,0,0
800.4147815698988,1,0,0
91.0048967523508,0,0,0
525.0144999102648,1,0,0
466.31207863061616,0,0,0
300.7724234762845,1,0,0
1285.2555799970685,1,1,1
684.9324839176536,0,0,0
84.51944723555854,0,0,0
248.69626118041646,1,0,1
1149.670127597249,1,0,0
79.18484019491231,0,0,0
1905.1986230442049,1,0,0
683.4870443120784,1,0,0
655.055137435591,0,0,0
897.4880765880748,0,0,0
1741.1479129444767,1,0,0
427.41813394521523,0,0,0
1133.2538979228511,0,0,0
834.0933410349736,0,0,0
310.6481456010707,1,0,0
2108.911435440358,1,0,1
1596.6501337527325,0,0,0
1074.266569384876,1,0,1
1901.0057185416065,1,0,0
2019.62063822053,0,0,1
1232.245320909311,1,0,0
1814.0868506209324,1,0,1
1195.5796643719839,1,0,1
1139.8742917288648,1,0,0
963.9364190221881,0,0,0
1397.2203916260642,0,0,0
172.694175461279,0,0,0
2127.5463180521533,1,0,0
2054.5033221429353,1,0,0
29.683511543022014,0,0,0
1747.6473762753137,0,0,0
137.96390740375563,0,0,0
408.1469825093086,1,0,0
1360.6588031607416,0,0,0
175.2584347295632,1,0,0
1703.5674221585723,0,0,0
1784.5902970122238,0,0,0
708.195305309597,0,0,0
6.4063486174151665,1,0,0
338.3273427118551,0,0,0
959.5294943637384,1,0,0
3973.163467974408,0,0,0
999.1657490890634,0,0,0
300.83969701011705,0,0,0
1005.1375279415504,1,0,0
776.4970067776713,1,1,1
1513.4252301294655,0,0,0
113.14701729582906,1,0,0
1431.408480736483,0,0,0
779.2860190698894,0,0,0
3296.6212777676656,0,0,1
418.3560899891112,1,0,0
1001.3636973450231,0,0,0
2688.6609755685513,0,0,0
108.15299766527461,0,0,0
2768.2539268387686,0,0,0
1164.385883557969,0,0,0
70.2476502911083,0,0,0
358.05241642823984,0,0,0
1231.5909951213125,1,0,0
69.72592739476131,0,0,0
872.6817290949638,0,0,0
424.4691315113612,0,0,0
969.9961904748347,0,1,1
46.821239277954845,1,0,0
2052.1128448769127,0,0,0
3630.1943751443414,1,0,0
3469.835664491751,1,0,0
1384.90265696123,1,0,0
139.36119883380576,0,0,0
1419.9057311603601,0,0,0
24.894222282511315,0,0,0
22.371947734473864,1,0,0
390.9857702172302,0,0,0
670.6876749216801,0,0,0
1471.4489225838568,0,0,0
1149.785726890819,1,0,0
590.4149873957085,1,0,0
319.69116255840703,0,0,0
5851.528761656979,0,0,0
555.4417901100342,0,1,0
600.3620484245429,0,0,0
178.6767924545557,1,0,1
1583.8167006373083,1,0,0
1183.1322380365739,1,0,1
249.44852945317598,0,0,0
85.9730569023787,1,0,1
1140.9958207372404,1,0,1
1062.795094423143,1,0,1
319.18584867373966,1,1,0
3013.1544063851093,0,0,0
163.76428319465086,1,0,0
566.2234725034117,1,0,0
2875.5684327996546,1,0,0
544.2571426935501,0,0,0
1017.5650177301028,1,0,1
506.8243030091396,0,0,0
320.50173006688124,0,0,0
4133.770529131774,0,0,0
526.5045758454232,1,0,0
2245.2525068481323,0,0,0
261.30581248389046,0,0,0
239.6600813788579,1,0,1
31.629049095555,1,0,1
1054.5958588759895,1,0,0
459.6990541722014,0,0,0
1997.7380588267936,1,0,1
640.9531147028137,0,0,0
3448.082341200801,0,0,0
205.2121782608384,0,0,0
2029.6855047299105,1,0,0
1498.7773046742975,0,0,0
1473.6920438900363,0,0,0
1862.932610814589,0,1,1
1431.392112603727,0,0,0
984.0887504235639,1,0,0
140.69398592758247,1,0,0
33.06691334998571,0,0,0
2536.383301814264,0,1,1
958.8076894307802,0,0,0
1592.2725389316395,1,0,1
656.8583602697946,0,0,0
124.77916417400803,0,0,0
133.7437491163384,0,0,0
1156.9788149447113,0,0,0
562.6557199241903,0,0,0
223.79967489163613,0,0,0
676.4760134093309,0,0,0
66.36305079345966,0,0,0
872.2054323249506,1,0,0
313.3327966124574,0,0,0
1597.3072900319619,0,0,0
371.5883971801938,1,0,0
607.3735091953125,1,0,0
11.688586050930903,0,0,0
75.20522230669786,1,0,0
498.3924970857172,0,0,0
653.8088487800127,1,0,0
916.3421034919133,1,0,0
344.8347150744582,0,0,0
1187.384114389186,0,0,0
1966.9875044031023,0,0,0
1513.4506386975709,1,0,0
40.42501639770315,0,0,0
654.9018415021083,1,0,1
110.85355080954614,0,0,0
277.1312827847182,0,0,0
4317.182655229433,0,0,0
153.72890217305863,0,0,0
690.9259562090074,0,0,0
962.7424349612866,0,1,0
1212.2233148577382,1,0,0
820.1824240381106,1,0,1
9.818895384563227,1,0,0
395.2098359978601,0,0,0
729.2130935726833,1,0,0
91.96891710405072,1,0,0
431.7478910836826,0,0,0
33.766845705524055,0,0,0
81.83768960808725,0,0,0
505.7108535355949,1,0,0
142.3885059246614,0,0,0
838.2674039181207,0,0,0
1169.458563158434,0,0,0
1612.3757191107593,1,0,1
223.3313742578472,0,0,0
183.30113513507695,0,0,0
110.44881728507568,0,0,0
1011.7841147041304,0,0,0
1225.7949395115995,0,0,0
32.09574673603211,0,0,0
2752.194054448909,1,0,1
53.370485679008034,1,0,0
779.350888095622,1,0,0
1234.640004061239,0,0,0
2047.703552454761,1,0,1
1252.0674728720262,0,0,0
1618.115872596726,0,0,0
414.6827491464336,1,0,0
1686.4545693479233,1,0,1
83.50644975816266,0,0,0
2252.050318785216,1,0,0
793.1716828789295,1,0,0
1699.8976096655188,1,0,0
602.0609719350464,1,0,0
1031.6390017200888,1,0,0
747.3978139587696,0,1,0
1315.2378349869207,0,0,0
85.15489988895617,1,0,0
62.25003131901508,0,0,0
283.8271575399164,0,0,0
173.81148651515005,0,0,0
2054.035557002398,0,1,1
247.45415818055395,1,0,0
3724.102809434093,1,0,0
410.8231243314293,0,1,1
201.03710397885288,1,0,0
1559.2130975943473,1,0,0
1075.0162053415186,0,0,0
689.5451087234338,1,0,0
810.4982991156206,0,0,0
1270.1189397289663,0,0,0
259.35994568670674,0,0,0
5608.6312320477045,1,0,0
3680.639977890095,0,1,1
1050.7530901325567,1,0,0
222.57177846889334,1,0,0
1140.1477952753687,0,0,0
74.93737183429329,0,0,0
31.13211652361948,0,0,0
297.97875313889654,0,1,1
621.0553018734389,1,0,0
2027.0199251908405,0,0,0
1298.9029788178889,0,0,0
1357.5379047493218,0,0,0
554.2435794074139,1,0,1
424.5485326894826,1,0,0
463.68565054729703,1,0,0
4394.063891516505,1,0,0
40.93574204392867,0,0,0
2017.6429917557389,0,1,1
864.3517413526624,1,0,0
577.3490810346595,1,0,1
1291.9215674888706,0,0,0
666.8343035992141,0,0,0
2066.906341267767,0,1,1
2309.6284796203745,1,0,0
547.6987013540248,0,0,0
324.1079070851419,0,0,0
897.3471219409092,1,0,0
2434.555939523599,0,0,0
236.56089895002455,0,1,0
975.4214576995755,0,0,0
998.4780002255435,0,0,0
1320.9300151268556,0,0,0
141.06562970266043,0,0,0
1258.16490912711,0,0,0
2397.253206289245,1,0,1
198.06456078014457,1,0,0
271.20959168716195,0,0,0
3554.1770388615114,0,0,0
199.6430547551579,1,0,0
1926.789767756658,0,0,0
677.8209425535491,0,0,0
283.9969699943705,0,0,0
2046.0060017448488,1,0,1
589.3373255599557,0,0,0
723.2298691011181,1,0,0
445.0899591778079,1,1,1
898.8213426850785,1,0,0
178.55729761763138,0,0,0
496.07090636347357,1,0,1
3487.158041821144,0,0,1
298.5858804240062,0,0,0
1069.2573845171028,0,0,0
393.32420438892706,0,0,0
1484.891690707165,1,0,0
140.26677961013675,0,0,0
3500.6104544244,0,0,1
604.7509221647379,0,0,0
269.2535434977202,1,0,0
76.33772255593708,0,0,0
186.03794010459393,1,0,0
733.4983454295815,1,0,0
410.9850798051666,1,0,1
1765.4098841221576,0,0,0
563.6771906855924,1,0,1
285.969236975851,0,0,0
960.0989165734678,1,0,0
1226.822606959345,1,0,0
182.7719476858468,0,0,0
183.4652701307607,1,0,1
37.360728009482735,0,0,0
1333.330120789834,0,0,0
1090.062525147099,0,0,0
643.6541696352928,1,1,1
1858.99249067615,1,0,0
1638.1983211693514,1,0,0
880.3310136359216,1,0,0
2027.0106265290026,0,0,0
230.47185037057355,1,0,0
118.69302139028458,0,0,0
314.3678057281079,1,0,0
58.78110672996271,1,0,0
757.5140428339439,0,0,0
2758.3812054019663,0,0,0
40.13841640938223,0,0,0
130.23387998311676,1,0,0
601.8432483019309,0,0,0
2716.2086538759945,0,0,0
380.025611056787,1,0,1
707.7225037713451,0,0,0
42.4617330010517,0,0,0
160.57165133641894,1,0,0
4314.751084533379,0,0,0
3355.804307819909,1,0,0
4.952222973827616,0,0,0
3032.6407986788154,0,0,0
1019.2096135685009,0,0,0
2024.3345669765108,0,0,1
606.4922690920095,1,0,0
724.8360686977711,1,0,0
671.08549950886,0,0,0
1099.2052370655833,0,0,0
150.4174542094572,0,0,0
30.43198091997127,0,0,0
368.0680880137809,0,0,0
1219.6983475408394,1,0,1
225.46305443661035,0,0,0
1119.1184093319791,0,0,0
3503.6303902292098,0,0,0
98.60639372178696,0,0,0
1116.5790839045362,1,0,0
586.5378397571735,0,0,0
2026.0316221935163,0,0,1
194.9810990586438,0,0,0
1179.6898763803538,1,0,0
1820.8708615976457,0,0,0
2893.4323873802728,1,0,0
1149.636234984622,0,0,0
687.5126126115396,1,0,0
961.9348555509415,1,0,0
2031.8329093679113,0,0,1
845.3890920690058,1,1,1
30.858317733905196,1,1,1
2672.9055072991728,0,0,0
1169.6575360111503,0,0,0
1128.597543879489,1,0,0
242.93199801802396,1,0,0
1075.5369936680888,1,0,0
500.6515648958588,1,0,0
1053.3511356872366,1,0,0
112.71306878269604,1,0,0
1072.4923184658567,0,0,0
7441.7229097044055,0,0,1
49.41299889430069,1,0,0
3779.8631125622287,0,0,0
522.4056824545972,0,0,0
2046.0334610157531,1,0,0
1525.0300569342926,0,0,0
837.0551059265524,0,0,0
1341.1267858526585,0,0,0
2107.96910095834,1,0,0
517.7500786487027,1,0,0
396.05922479100644,0,0,0
1101.396317172307,0,0,0
1649.4578429710734,0,0,0
1436.683368820512,0,0,0
1598.5654764477754,0,0,0
571.9624967418865,0,0,0
1702.8381063858633,0,0,0
128.07096265357146,0,0,0
786.3356283442829,0,0,0
5.775305516253854,1,1,0
392.42919094318785,1,0,0
456.43456262918613,1,0,0
504.4670351886674,1,0,1
1188.9765020311443,0,0,0
491.93534271140646,1,0,0
595.4645855639285,0,0,0
271.2106487319779,1,0,1
467.2104005506762,1,0,0
257.82509753304885,1,0,0
76.01308825538722,1,0,0
924.9495953184562,1,0,0
1103.261475071069,1,0,1
966.2437301484182,0,0,0
622.6776150169474,1,0,0
477.69034477989993,0,0,0
1990.2127218947548,1,0,0
732.0580548015936,0,0,0
652.3543915152494,0,0,0
25.976553942014473,1,0,0
417.40788141079764,0,0,0
478.3513648988052,1,0,1
508.8655141979992,0,0,0
867.9110548652707,1,0,0
762.7171043528689,1,0,1
936.2513582748197,1,0,0
1447.673128786881,0,0,0
1676.570401485165,0,0,0
1266.2847438313909,1,0,0
3112.798725004205,0,0,0
18.400844582700028,0,0,0
217.87991071251295,1,0,0
7.591618531415689,0,0,0
1042.6329264077517,0,0,0
2283.082010066477,0,0,0
279.0293442777735,0,0,0
2617.769166223719,1,0,0
62.15990193872064,0,0,0
2724.728923000118,1,0,1
433.2824793065384,0,0,0
106.94046139193686,0,0,0
665.2825488994116,0,0,0
296.7585630781719,0,0,0
335.294992591662,1,0,0
367.1437871612786,1,0,0
1624.6830199654235,0,0,0
774.7071381382605,1,0,1
372.9606957534525,0,0,0
942.4647609545124,0,0,0
1259.3117246481013,0,0,0
318.31174220804604,1,0,1
533.6663339591021,0,0,0
129.97895952140053,1,0,0
199.8535677221387,0,0,0
1142.9336926261701,0,0,0
200.20656148364725,0,0,0
744.7844997321,1,0,1
1234.5909994396854,1,0,0
113.03088352047043,0,0,0
837.7388725681468,1,0,0
296.4709600924841,0,0,0
3294.862971807926,1,0,0
660.7683713268071,1,0,0
1639.8587174353593,1,0,0
799.0112499936112,1,0,0
44.38304927986612,0,0,0
1002.8059835743524,1,0,1
3024.2005201247325,0,0,0
920.3284227538245,0,0,0
1710.302214707729,0,0,0
2155.946530154033,0,0,0
258.8740658365002,0,0,0
238.31409418015576,0,0,0
944.1270647095304,0,0,0
529.3774323335773,0,0,0
1831.7149821689238,1,0,1
2302.8163537128557,0,0,0
436.0604784235147,1,0,0
270.32761460844307,0,0,0
1516.5192957924487,0,0,0
321.3161227341658,0,0,0
1729.428925519035,0,0,0
551.1933007554102,1,0,0
1101.2655032053701,1,0,0
100.41201729112579,0,0,0
977.7920690653742,0,0,0
601.056137962785,1,0,0
883.3601040666048,0,0,0
183.93991492315791,0,0,0
1335.1213047485326,1,0,0
1986.2942632118777,0,0,0
244.29032668853938,1,0,0
100.61021126280097,1,0,0
23.922459931573993,0,0,0
1027.1426880495874,0,0,0
934.184973323918,0,0,0
791.1954133835657,0,0,0
263.8966629412888,1,0,0
495.7826650652052,1,0,0
902.576047539322,0,0,0
686.7017149919159,0,0,0
4405.133163381326,0,0,0
146.69161261532733,0,0,0
1187.9175624204636,1,0,1
518.0496008103994,1,0,0
558.9653256517157,0,0,0
1264.4228614190529,0,0,0
1179.0725753198146,1,0,0
4739.38680786437,0,0,0
137.41812413658312,1,0,0
109.93725004065541,0,0,0
1288.5827656735423,1,0,0
863.6672504679805,1,0,0
320.42659245002613,1,0,0
82.75068734779748,1,1,1
89.55087106390793,1,0,1
2246.118512465589,1,0,1
213.02903185996402,1,0,1
390.6329929475808,1,0,0
257.03183009563327,1,0,0
438.4992348104208,0,1,1
71.95136073162983,0,0,0
732.0123220255348,1,0,0
70.00684637744136,0,0,0
1611.222042159252,1,0,0
266.197307684206,0,0,0
776.5546911485947,0,0,0
2120.9228164897418,1,0,1
1052.332040410264,1,0,0
761.3356325747317,0,0,0
392.0560424841461,1,0,0
404.9681012238468,1,0,1
1107.1091505697361,0,0,0
5139.496674707305,0,0,0
1084.2337269652312,0,0,0
815.9555109679812,0,0,0
1311.7455241928112,0,0,0
625.8729279824089,0,1,1
62.02684348321755,0,0,0
826.214260143961,1,0,1
3161.203427295335,0,0,0
192.73916294070352,1,0,1
1171.198758468258,0,0,0
224.31134374225795,1,0,1
767.4994260264465,1,0,1
101.67448370236089,0,0,0
598.5116578458807,1,0,0
1411.2566585424565,1,0,0
427.0537614854542,1,0,0
1093.3612728760884,1,0,1
1586.9426429163502,0,0,0
2619.734692704209,0,0,0
267.4116877155556,0,0,0
509.6861329145348,0,0,0
165.3653453224028,0,0,0
4890.6549620480555,1,0,0
2617.3090971585725,0,0,0
776.4355987991228,1,0,1
1845.3709920619717,0,0,0
735.9669552982863,0,0,0
977.0648486217308,0,0,0
93.34897954302181,0,0,0
1407.601435155739,1,0,1
136.63733522890712,1,0,0
1749.0887349353393,0,0,0
1523.3890670186652,1,0,1
1233.555069093609,1,0,1
36.830368051553116,0,0,0
361.15404005155017,1,0,0
305.32013917912747,1,0,0
446.500262019517,0,0,0
91.72364057237763,1,0,1
2763.951300892074,0,0,0
806.9930187631816,0,0,0
364.5981219476022,0,0,0
505.8074311065991,1,0,0
592.7636022426302,1,0,0
917.7776702207921,0,0,0
725.0082520454396,0,0,0
2518.1570465176464,0,0,1
687.0925129207895,1,0,0
4848.263265360235,0,0,0
1906.6651133282803,1,0,1
233.83868383943187,1,0,0
2667.7994605888543,1,0,0
123.71277950994295,0,0,0
1700.7295740107259,0,0,0
479.04161866709717,0,0,0
2103.523768243236,1,0,1
2025.3829191556267,1,0,1
1639.5126583574474,0,0,0
1560.792693564261,0,0,0
363.38186959178677,1,0,0
84.38132920074946,0,0,0
515.8049647422996,0,0,0
190.58502336665757,1,0,1
1187.283150977474,0,0,0
424.8004262131064,1,0,1
3713.590302127083,1,0,0
1024.3551145361243,1,0,1
1728.6751754099375,0,0,0
142.16820876655945,0,0,0
1980.606543336451,0,0,0
2560.801448616133,0,0,0
667.6001405482493,1,0,0
932.0465498249906,1,0,1
1447.3607343318376,0,0,0
192.17630845457927,1,0,0
698.2925482163945,1,0,1
508.5998156695678,0,0,0
158.26211104526104,0,0,0
458.1294824567315,0,1,1
70.6073627041102,1,0,1
26.150879968812646,0,0,0
145.2180323285636,1,0,0
3299.9533399771076,0,0,0
797.4627665581229,1,0,0
3376.177831884106,0,0,0
566.5107910082498,1,1,0
373.69922833070405,1,0,0
705.5069747772998,0,0,0
578.9468906265483,1,0,0
111.67450059839193,1,0,0
1023.9492043974927,1,0,0
243.39496199833067,0,0,0
966.5002845057637,0,0,0
1050.3968393246196,1,0,1
164.90395155444642,1,0,0
63.312208950531385,0,0,0
1517.5954932239301,1,0,1
615.8166220913863,0,0,0
59.92390010381585,1,0,0
5271.931976736665,0,0,0
59.51708142442369,0,0,0
1187.5590135001512,0,0,0
4115.298077656953,0,0,0
273.35861695714704,0,0,0
153.44186123358494,0,0,0
129.40840602400937,0,0,0
361.36470594110983,0,0,0
106.5232035515615,1,0,1
1178.1794699281834,0,0,0
64.31646379952709,0,0,0
712.1712524346368,1,0,1
5712.879886799935,1,0,1
1681.8487766767155,1,0,0
955.0820766198736,0,0,0
365.64883308698523,1,1,0
977.8891428190236,1,0,0
748.7475558795343,0,0,0
555.2711613166957,1,0,0
140.07892586034512,0,0,0
2176.8710598120474,0,0,0
597.4455297927822,0,0,0
216.44418206141358,1,0,1
458.48518338293525,0,0,0
534.6569346201339,0,0,0
1757.5777510905332,0,0,0
1322.8103228592781,0,0,0
1466.6583261701917,0,0,0
11.092560021533863,0,0,0
538.1180264409754,0,0,0
656.5147210381607,1,0,1
19.3788394664463,0,1,0
300.8527040218263,0,0,0
1428.324681714378,0,0,0
147.46771733388928,0,0,0
766.3850452648581,0,0,0
242.32875607689377,0,0,0
12.19483024877762,1,0,0
276.0189618502993,0,0,0
3724.455023142878,0,0,0
1617.1531579615473,0,0,0
3208.3475501912335,1,0,0
669.145624111168,1,0,0
116.2374541951925,0,0,0
793.9834770016945,0,0,0
605.8276310869285,1,0,0
1860.1908873998093,0,0,0
103.23231608662383,0,0,0
669.9017356298463,0,0,0
162.57618371792447,0,0,0
392.5625950137044,1,0,0
1336.959878024791,1,0,1
646.2981932916177,1,0,1
471.4258964215926,0,0,0
501.66154015857825,0,0,0
615.1621609169232,0,0,0
1537.194201894464,1,0,1
2226.4085163237464,1,0,0
3108.5580630223,0,0,0
1546.0096304556976,0,0,0
378.9306256040513,0,0,0
1165.1839346810204,1,0,0
575.5474933648939,0,0,0
293.9290402489777,0,0,0
1838.0437261905784,0,0,0
39.18411674375606,0,0,0
2320.362093040372,1,1,1
618.9259348392796,1,0,0
1013.9076313345574,1,0,0
1076.9112357162621,1,0,0
2254.9168980590207,0,0,0
1012.4428920042711,0,0,0
951.745864110872,0,0,0
68.97720078190541,1,0,1
730.6580419892181,0,0,0
162.7177737566215,1,0,0
1337.251919142745,0,0,0
717.8947323254283,0,0,0
1140.1463466715084,1,0,0
42.566119416354354,1,0,0
88.60393466847853,0,0,0
1259.9203799829265,0,0,0
74.81442963462634,1,0,1
73.92292686901209,1,0,0
12.18238000979597,0,0,0
3135.026486219789,0,0,1
1337.5360430156609,0,0,0
435.79763573369917,0,0,0
351.7379812300988,1,0,0
430.3264506668801,0,0,0
1490.1161997316503,0,0,0
1082.8490176285034,0,0,0
204.80715510999963,0,0,0
191.2928814550219,0,0,0
103.57949119433948,0,0,0
1079.7004100335128,0,0,0
1445.5037992237158,0,0,0
307.94794955359026,0,0,0
21.167418451615127,0,0,0
85.74490745693609,1,0,1
3437.655002837343,0,0,1
350.18856530362535,0,1,0
1466.3040433040203,0,0,0
979.932505488038,1,0,0
481.1691558293258,1,0,0
230.27801895590352,0,0,0
129.41008905710117,1,0,1
954.5456284794806,0,0,0
1490.0285583409177,0,0,0
1032.5556335637089,0,0,0
755.6656276864724,0,0,0
42.85658730910904,0,0,0
3457.411529753554,1,0,0
1603.0294488443599,1,0,0
346.4729286376472,0,0,0
3910.5405727172183,0,0,1
921.00580446948,0,1,1
873.2855020448503,0,0,0
1378.6166282050144,1,0,0
1670.0895338438768,1,0,0
1068.5058907480495,1,0,0
137.07566198038495,1,0,0
412.89389231550825,0,0,0
2632.251506424206,0,0,0
254.39638787094393,0,0,0
465.4811094126797,0,0,0
565.769226718731,1,0,1
578.756540923333,0,0,0
949.1744805522319,0,0,0
2866.035383780196,1,0,0
275.34872427418645,1,0,0
129.54093800495235,0,0,0
219.98665189386477,1,0,0
2179.703081100552,0,0,0
1037.9240810762278,0,0,0
336.7417778790184,0,0,0
1692.5311877747204,0,0,0
1975.9467391996955,1,0,0
1874.1481279810755,0,0,0
2512.399543274232,1,0,0
290.6745724146154,1,0,0
1406.6682208230554,0,0,0
617.1857078521142,1,0,0
1845.1510870734517,0,0,0
1303.7588019347568,0,0,0
1498.108753865593,1,0,0
1067.5841906842093,1,0,0
195.32019762394586,0,0,0
787.5170241922046,1,0,0
4177.926595016946,0,0,0
2770.7993880074328,1,0,0
44.133446117586075,0,0,0
180.1018011507549,0,0,0
141.25114015268525,0,0,0
1294.5538540603868,0,0,0
1702.5697806958462,0,0,0
240.1770083500529,1,0,0
704.921613839529,0,0,0
1836.9850704778037,0,0,0
1319.7636186471764,0,0,0
781.4041449537949,0,0,0
892.4465045700323,1,0,0
710.009650068406,1,0,0
353.1788500016205,1,0,0
832.4598074681555,0,0,0
1167.5936310968125,0,0,0
2066.1140751074527,0,0,0
1011.4021548748544,1,0,0
1431.800379585526,1,0,0
174.43867048912378,0,0,0
619.074518666376,0,0,0
9.375432164456157,1,0,0
283.2636673578669,1,0,0
1296.3136856112858,1,0,0
4804.835440886139,0,0,0
104.44770971109277,1,0,0
513.3192567214193,0,0,0
1609.7928189017482,1,0,0
228.20086126156374,1,0,0
809.8719123476156,1,0,0
1320.7736825681357,1,0,0
957.0748371647658,0,0,0
208.28540063345005,0,0,0
439.1013705229907,0,0,0
1531.5133748939875,0,0,0
807.9443351961764,0,0,0
5.243335834244976,0,0,0
1431.2530668276238,1,0,0
35.949877311554204,0,0,0
1369.373461353044,1,0,1
226.24906865187216,1,0,0
3171.8367195597857,0,0,0
458.7721412896034,0,0,0
395.9083443033564,0,0,0
161.2116083351189,1,0,0
364.7131863488572,0,0,0
2092.735612176639,0,0,0
5608.746230709056,1,0,0
459.3557682687801,0,0,0
595.3140605103695,1,0,0
1280.3893712449096,0,0,0
2173.275679463014,1,0,0
899.0510286786167,1,0,1
496.8005994559315,1,0,0
532.0864431503372,0,0,0
1189.4722687558444,0,0,0
3.223453352234625,1,0,0
966.5039188925853,0,0,0
439.26961172974956,0,0,0
1580.837488110796,1,0,1
97.60250898985603,0,0,0
887.2229893778367,0,0,0
655.7991618936114,1,0,0
1028.1319964746447,0,0,0
67.05217851068186,0,0,0
867.4619670881443,1,0,0
824.3603206028805,1,0,0
822.481893100684,0,0,0
925.0481327074117,1,0,0
1128.457057823754,1,0,0
1634.6993101159928,0,0,0
314.4651861262493,0,0,0
1743.2516888112311,0,0,0
689.6646162596095,1,0,1
80.18918746336912,1,0,0
60.335026075057606,0,0,0
406.8235083602549,1,0,0
1536.6381893970083,1,0,1
1229.9093840207843,0,1,1
1554.0739964735976,1,0,0
728.295833215188,0,0,0
580.1739118979033,1,0,1
159.52638422688284,0,0,0
397.7838153323653,1,0,0
569.1954172192331,1,0,0
92.77387160256173,0,0,0
249.246221980613,1,0,1
911.863780458761,1,0,1
1330.530906909701,1,0,0
6405.472880634143,0,0,0
2704.7556044043154,0,0,0
1028.8023098028725,1,0,1
546.8813099485977,1,0,0
1011.0887957798544,1,0,0
1540.1526347430927,1,0,0
125.94446448603402,0,0,0
527.4715511697289,0,0,0
1831.3465118380304,0,0,0
484.2371702849132,1,0,1
848.3336962100451,1,0,0
886.1722825317389,1,0,0
203.92473795035093,0,0,0
449.7860945489304,1,0,0
407.23360408863493,1,0,1
26.54595521466961,1,0,0
24.489191270530316,0,0,0
1781.9896121391394,1,0,0
318.92620643003505,1,0,0
729.9745937185206,1,0,1
354.85599007989305,1,0,1
2824.796036158523,1,0,0
300.15521820059433,0,0,0
561.5170164185904,0,1,0
2061.4464331155928,1,0,0
1844.7398709821284,0,0,0
205.91951269056196,0,0,0
1622.7425772487939,0,0,0
612.8341464824549,0,0,0
659.6521975537926,1,0,0
143.27005689790263,0,0,0
84.03564207332337,1,0,0
1301.7301014514392,1,0,0
686.09441459685,0,0,0
574.2105041411313,0,0,0
1307.513601315038,1,0,0
1450.3546989673853,1,0,1
173.05443076039947,0,0,0
942.186012916847,0,0,0
145.43519952787474,0,0,0
1391.8098878273495,0,0,0
1069.894100615944,0,0,0
3137.6327859603243,1,0,1
71.45090750853228,1,0,0
58.74702682483746,1,0,0
331.54629359486404,0,0,0
303.4127313563832,1,0,1
283.6618962957272,0,0,0
2367.172474216309,0,0,0
287.0771885636066,1,0,0
317.38517565419477,1,1,1
1424.612253597161,0,0,0
597.364098865057,1,1,1
1499.2863982584597,1,0,0
67.60043876192516,0,0,0
668.5934921037367,1,0,1
34.19152493794983,1,0,0
64.70195151063191,1,0,0
2369.125118145484,0,0,0
149.94579904644505,0,0,0
760.1862810622099,0,0,0
529.4914219185614,0,0,0
426.70405559453656,1,0,1
2300.9199370088268,0,0,1
22.06504935500153,1,0,0
1090.0183808326894,0,0,0
3307.554979468367,1,0,0
821.362860280852,0,0,0
2761.8064529191192,0,0,0
53.67283829582405,1,0,1
542.6488522972961,0,0,0
301.3183465506887,0,0,0
1312.3785630731404,0,0,0
3979.0761788416826,0,0,0
296.4269475836514,1,0,0
1061.8212598300315,1,0,1
220.76841513427965,0,0,0
833.1687421479584,0,0,0
623.4951681723219,1,0,1
3575.7411309081153,1,0,1
937.8394280377333,1,0,0
430.0237767529106,1,1,1
121.14644357562017,0,0,0
163.9868637214363,0,0,0
255.3012751408823,0,0,0
288.9717855613698,0,0,0
1901.2354942631105,1,0,0
823.7634851167945,1,0,0
741.0586447854434,1,0,0
121.9065063412979,0,0,0
1967.1111641550874,1,0,1
1283.0676118738606,0,0,0
70.06669271951631,0,0,0
1230.4369006024542,0,0,0
784.2503006173839,1,0,0
85.25874546966827,0,1,1
613.0441206067024,1,0,0
662.998818414935,0,0,0
181.25157762181647,0,0,0
2913.196927399496,1,0,0
1896.9558082346848,0,0,0
1105.704390260218,0,0,0
620.4462396688857,0,0,0
530.629671756844,1,0,1
1052.6073343140586,0,0,0
788.4074743037925,0,0,0
64.29653002712655,0,1,0
718.4704219340355,0,0,0
1641.9797883681324,0,0,0
614.7794951322301,1,0,1
53.35497350844933,1,0,0
1543.0801068112369,0,0,0
224.849733685874,1,0,0
299.24309074837026,1,0,0
179.97194341740163,1,0,0
400.7986104717142,0,0,0
1413.6717478165162,0,0,0
732.6905335240428,1,0,0
229.26383478708843,0,0,0
2102.3424012654878,0,0,0
2116.7850510798344,1,0,1
2044.6801801024367,0,0,0
272.8541664069208,0,0,0
600.0928964322931,0,0,0
4199.015724929951,1,0,0
1478.4643721827786,0,0,0
27.543278636881524,1,0,0
67.42758781911051,1,0,0
623.4930977710628,0,0,0
2399.3185496536807,0,0,0
773.7105860039205,0,0,0
688.7817390488921,1,0,0
111.46097451660441,0,0,0
1069.3839431309625,1,0,0
1726.5514506301995,0,0,0
478.71346196718423,0,1,0
1494.3779183383717,0,0,0
3337.565162052098,1,1,1
227.8627431134131,0,0,0
740.9300777021357,0,0,0
338.4673668890539,1,0,0
1574.333443217474,0,0,0
861.7868409396449,0,0,0
1006.714517833276,1,0,0
1599.0627194510662,1,0,0
504.1321959217804,0,0,0
2466.1642126129655,0,0,0
761.4878374553812,1,0,0
171.92161158931836,0,0,0
1190.395784496388,1,0,0
1576.2998459239548,0,0,0
380.9115447957103,0,0,0
1946.1649805133623,0,0,0
2365.9856460311667,0,0,1
324.2139595704644,1,0,0
4105.697122281738,0,0,0
151.65059038050552,0,0,0
225.66631631467578,1,0,0
203.61650026757172,0,0,0
2244.2191141841326,1,0,0
1062.1623885347033,1,0,0
164.9976262503038,1,0,0
580.3961948898719,1,0,0
955.2863355479618,0,0,0
87.15402533365734,1,1,1
2140.605440342273,1,0,0
1627.6198844536082,1,0,0
703.6153280818361,0,0,0
3415.0919230500876,1,0,1
540.8742270293948,1,0,0
4142.085376451174,1,0,0
1102.379371634689,0,0,0
1006.957709493521,0,0,0
181.46779570663477,1,0,0
2136.458624088056,0,0,0
557.7245313502252,0,0,0
177.0157444826844,1,0,1
12.687669122935624,0,0,0
820.4254417138757,0,0,0
749.5051146585031,0,0,0
1270.659844747094,0,0,0
2209.623605735428,0,0,1
82.7368001805495,0,0,0
1314.8912937605926,0,0,0
207.53099415526916,1,1,1
1953.1758525685584,1,0,0
1709.6092146110045,0,1,0
778.2558342991005,0,0,0
1238.7119433120627,0,0,0
377.38815061139644,1,0,0
637.0842867894617,1,0,0
1723.9339059589627,0,0,0
614.8263184240825,0,0,0
442.85279618655625,1,1,0
681.6385540848643,1,0,0
1761.7109952674239,0,0,0
408.28114046433365,1,0,1
190.8719189412956,1,0,1
1244.8434817352836,1,0,1
1748.574773284898,0,0,0
106.06907609808842,1,0,0
274.2712183081353,0,0,0
153.11853406083515,1,0,0
427.6208615560562,0,0,0
598.4753479202121,0,0,0
1381.6106944838227,1,0,0
1053.1063255355016,0,0,0
970.030615348931,0,0,0
434.443371406971,0,1,1
1841.6698450343083,0,0,0
637.3098440439261,0,0,0
3868.242416594891,1,0,1
1005.5103770097726,0,0,0
134.97785718102526,0,0,0
1127.5599445107553,0,0,0
393.19669691961025,0,0,0
1159.4048640248864,0,0,0
72.18490506954433,0,0,0
192.22819045912152,0,0,0
1936.1190510181302,0,0,0
257.70854330678486,1,0,1
1814.2574121128318,1,0,1
327.4991393787473,0,0,0
1029.6887677502348,0,0,0
1184.6623684296387,1,0,0
718.7824812885494,0,0,0
364.2905501889821,1,0,0
239.0752601646858,0,0,0
33.75261921056072,0,0,0
362.3286119012093,1,0,1
1058.89974609222,1,0,0
2785.549445909374,0,0,0
2049.529266096399,0,0,0
1452.711024747378,0,0,0
1553.2813434137013,1,0,0
1093.5796839216732,1,0,0
301.4928132972702,0,1,0
2377.2550921950906,0,0,0
1110.8842174200688,0,0,0
821.9824878863803,0,0,0
117.64619788426465,0,0,0
592.4977233839371,1,0,0
616.8498248029955,0,0,0
1999.2531918569643,0,0,0
791.0868989857644,1,0,0
478.6820564475785,0,0,0
3763.617160352339,0,1,1
117.34379962675851,0,0,0
549.130698651335,0,0,0
42.93325830688141,1,0,1
1346.7049496631457,1,0,0
2501.9700311638776,0,0,0
328.55591491401935,0,0,0
1954.3372955128295,0,0,0
345.61946791829934,0,0,0
2416.539784613971,0,0,0
1402.2688916121695,0,0,0
1634.2777671764386,0,0,0
18.170646414164462,0,0,0
3291.724972436397,1,1,1
1297.0790521646832,1,0,0
363.48536139772295,1,0,0
1768.4023716049078,0,0,0
330.6190776073191,1,0,0
2061.6317974144163,1,0,1
119.43734248109422,1,1,1
1216.3355000441866,0,0,0
778.0483709672553,1,0,0
101.51732152650952,0,0,0
276.93183488830135,1,0,0
12.48160847502802,0,0,0
632.556376660282,1,0,0
358.48409483719445,1,0,1
912.1928504155719,0,0,0
352.7367199452367,0,1,1
356.5593956246741,0,0,0
1359.4312228270262,0,0,0
49.340293239955365,0,0,0
2331.9623621911787,0,0,0
1912.3275316140762,1,0,0
1102.032179513412,0,0,0
899.4866400763401,1,0,0
2228.428890443056,1,0,0
204.97237608398876,1,0,0
82.26176032410241,1,0,1
273.7925400343189,0,0,0
1582.690235862734,1,0,0
35.28554349532651,0,0,0
874.2059392195671,1,0,0
5389.888108860084,1,0,1
1935.833743835769,1,0,0
736.9855720088177,0,0,0
65.75623215253151,0,0,0
1780.0691543267392,1,0,1
913.7402575437055,1,0,0
122.09192730281728,0,0,0
98.5584630744615,1,0,0
2403.8077307843387,0,0,0
1106.242110688051,1,0,0
1767.7703195224049,1,0,0
2111.7903707549413,0,0,0
848.1003370649202,0,0,0
728.6631763115787,1,0,1
562.8690420945743,0,0,0
381.18222011338315,0,0,0
570.2146898831338,1,0,0
1486.6879246667258,1,0,1
921.1109078171103,0,0,0
2230.481105629336,0,0,0
585.872523921944,0,1,0
934.1736287652889,1,0,0
997.7924596909264,0,0,0
895.7461306595129,1,0,0
1212.7908125529777,1,0,0
271.06551971661276,0,0,0
718.1855969024139,0,0,0
110.06579347833083,1,0,0
485.3387374990597,0,0,0
668.7806086687532,1,0,1
1056.1974309192883,1,0,0
3006.410131231943,1,0,1
917.9197243331002,0,0,0
1360.992826356592,0,0,0
705.7584888556772,1,0,0
1005.4062247174016,1,0,1
73.57357849613004,0,0,0
293.5547238851391,0,0,0
449.1867607094905,0,0,0
639.5938165672087,1,0,0
46.72348400234121,0,0,0
150.8509105379972,1,0,0
324.08925410334115,1,0,0
3558.9988992315907,1,0,0
402.490048644112,1,0,0
657.859302628751,1,0,1
218.277550445643,0,0,0
943.610725139916,0,0,0
329.45342791141206,1,0,0
231.92269854925019,0,0,0
726.8541893244205,0,0,0
5.521011937309773,0,0,0
7.693552270400302,0,0,0
247.2682368674306,1,0,0
37.412565838195825,1,0,0
114.31801916276622,0,0,0
413.79064340503083,1,0,0
1622.450609425646,0,0,0
848.7457425913127,1,0,0
718.8091009880626,0,0,0
347.41625703664744,1,0,0
2684.632343586216,0,0,0
505.8630265746683,0,0,0
91.12101011657559,1,0,0
959.893976209954,0,0,0
120.85594487066291,1,0,0
423.4607774232656,1,1,1
708.0820297197461,0,0,0
2073.2410022989166,1,0,0
680.322924655953,0,0,0
1211.5305120925102,0,0,0
4936.01574197811,1,0,0
140.97516591598156,0,0,0
321.21338304690164,1,0,1
501.8263648364749,0,0,0
547.884185521464,1,0,1
529.3648774062827,0,0,0
2381.7473827119143,0,0,1
1251.8776161694254,1,0,0
936.2516676317526,0,0,0
370.15498982939886,1,0,1
1736.0809938777113,0,0,0
3102.438393798156,0,0,0
1721.4778108650662,1,0,0
1.5663312480417482,0,0,0
1011.7046850671212,0,0,0
52.48914749504456,1,0,0
297.87682322247565,1,0,1
61.36989358196631,0,0,0
925.824668128792,0,0,0
1160.2427654447604,1,0,0
121.588861456813,1,0,1
484.2467961493604,1,0,1
609.2408857707893,1,0,1
460.5334481187394,0,0,0
128.9988236641173,1,0,0
542.9146641838807,1,0,1
1391.017689728074,0,0,0
73.65479050723611,0,0,0
83.5772955647598,0,0,0
438.1504387364303,1,0,1
2842.594305527841,0,0,0
1104.3466388409176,0,0,0
1135.286511699683,0,0,0
449.2915972898056,0,0,0
900.5669785734461,0,0,0
10.182853752543085,1,0,1
1010.8653099260425,0,0,0
2445.1508595398127,1,0,1
948.2290438928433,1,0,0
2069.0841132375435,1,0,1
1287.2567929071608,1,0,0
128.46813702599704,0,0,0
2327.4241159817743,0,0,0
68.7541617901371,0,0,0
763.4998458928469,1,0,0
153.3110102075156,0,0,0
11.775672614482025,0,0,0
548.2406856437376,1,0,0
349.6152191903776,1,0,1
665.5329742231592,1,0,0
860.8557570924073,1,0,1
44.72446625591256,0,0,0
131.25204388468148,1,0,1
817.8998397282467,0,0,0
420.32601619105793,1,0,0
1306.2768385614584,0,0,0
1056.3912212517102,0,0,0
1868.236899497368,1,0,0
1179.2568641026974,0,0,0
561.9980086040061,1,0,1
1117.693041105615,1,0,1
322.1095199801293,1,0,1
365.7351478809945,0,1,0
1555.8268158503172,0,0,0
591.3481289156753,1,0,0
1601.3722302693466,1,0,0
1728.3474342218728,0,0,0
1948.8508322579455,0,0,0
2484.529550993177,0,0,0
563.8488706998093,1,0,1
383.9974241431472,0,0,0
872.7494298500833,0,0,0
463.89818297258995,1,0,0
918.9797610752634,0,0,0
1222.767872369461,1,0,0
1166.0510706740872,0,0,0
469.2885042407799,0,0,0
182.55382580481637,0,0,0
563.0480135978611,0,0,0
153.8438949861005,0,0,0
2208.1574405370666,0,0,0
424.46057617394007,0,0,0
167.7795035251999,1,0,0
25.77715439667666,0,0,0
1037.9567580206074,1,0,0
1013.08338299682,1,0,0
416.4312671107416,0,0,0
74.41312977627453,0,0,0
527.0039481117462,0,0,0
372.8297255282833,0,0,0
1130.4765231587014,0,0,0
930.8442460058355,0,0,0
453.49068655889175,1,0,0
245.76314922424828,0,1,1
4425.85030936453,0,0,0
605.1392724652937,0,0,0
1165.6314385193248,1,0,0
151.46608209468255,0,0,0
664.7340822689206,1,0,0
27.922962422925313,0,0,0
704.117369470702,1,0,0
3324.7199885121486,0,0,0
484.84394479474196,1,0,0
39.776720774783136,1,0,0
31.445044725836535,0,0,0
491.0013626300815,0,0,0
174.38307385113086,0,0,0
23.629077081200563,1,0,1
1411.4629041429105,1,0,0
613.4547044538153,0,0,0
341.4271728293356,0,0,0
2303.4172693215432,0,0,0
123.45542349786531,1,0,1
3121.7225481409746,1,0,1
376.82913549052626,0,0,0
2192.867135568108,0,1,1
923.6751206847723,0,0,0
1752.773551376384,0,0,0
4135.989596000282,0,0,0
340.2469648986117,0,0,0
3247.673665959655,0,0,1
493.44732969162186,1,0,0
486.9657232099602,1,0,0
416.1021376304796,1,0,0
779.5934968938802,0,0,0
167.40737991188658,1,0,0
806.7896422915674,1,0,0
780.2417880895127,0,0,0
1435.0721383064956,0,0,0
1793.6610477084535,1,0,0
580.6069315450654,1,0,0
360.0137248289467,0,0,0
300.20670904213733,0,0,0
216.44582711012188,1,0,0
59.375957808380804,1,0,0
419.23139841698975,1,0,0
315.05010670516896,0,0,0
3393.746782429661,0,1,1
815.7868496541154,0,0,0
426.6024955171008,1,0,0
868.6145236225726,1,0,1
149.88925750214477,0,0,0
587.065673442903,0,1,1
984.1262057820113,1,0,0
671.185770979475,1,0,0
513.794694855752,1,0,0
5091.04126394246,0,0,1
2122.8900002467967,1,0,1
976.5874838068078,1,0,0
842.5231203811369,0,0,0
969.3236433199543,1,0,0
224.78503258578505,0,0,0
502.75452169019684,1,0,0
40.259166365760215,1,0,1
645.3976290435795,0,0,0
783.1256837529745,1,0,0
258.4466054589457,0,0,0
3325.0379718997765,1,0,0
2401.904017398643,1,1,0
1280.649533523795,1,0,1
762.2542630659325,1,0,0
2039.9836231826205,0,0,0
140.01216907623092,0,0,0
1563.078291428235,0,0,0
133.32662955202383,1,0,1
1580.9022671741686,0,0,0
322.64289979134264,1,1,0
2096.307625950449,0,0,0
2883.1555463501636,1,0,1
161.1034252146096,0,0,0
621.1532794591166,1,0,0
3962.652213142971,1,0,1
660.5007924873811,1,1,1
1991.7788752652125,1,0,0
888.5090469242499,1,0,0
470.53162128036416,1,0,0
336.5692190600759,1,0,0
227.18055290838637,0,0,0
1434.6370292169554,1,0,0
488.6410428023759,1,0,1
715.9562656140621,0,0,0
677.9147454089091,1,0,0
861.0429611735501,1,0,1
2006.764817913147,1,0,1
3949.6907913356827,1,0,1
523.5465402486668,0,0,0
1757.467741897353,0,0,0
1446.1623965025863,0,0,0
852.2107958446627,0,1,1
3124.637665197935,1,0,1
223.73687170445015,0,0,0
115.7074278197645,1,0,1
1923.888190892786,1,0,0
578.3014619474765,1,0,0
1877.113811032593,0,0,0
2235.769839287117,0,0,0
64.4932886875834,0,0,0
2149.561588070323,0,0,1
594.7853986684247,1,0,0
714.2329082461057,1,0,0
985.0849920853021,0,1,1
2608.8739595647758,1,0,1
19.301169365585842,0,1,0
647.8745639378233,1,0,0
1163.8615981336584,0,0,0
1282.6804175451045,1,0,1
1179.385665711108,0,0,0
144.37295559530932,0,0,0
355.81187130977406,0,0,0
444.2821224093347,0,0,0
1631.8737627865214,1,0,1
326.783149176632,0,0,0
236.61509123624856,1,1,1
3157.0288689500085,1,0,0
8.902797672285237,1,0,0
6128.822993904087,1,0,1
1129.5498544367533,0,0,0
1762.99301643837,0,1,0
349.0177585049206,1,0,0
14.418729738011521,1,0,0
1338.9128784347004,1,0,0
1796.6389364934007,1,0,0
1348.9066035480942,0,0,0
154.1426817102217,1,0,1
1400.1009236042541,1,0,0
1465.0033477280165,0,0,0
1074.526247331881,1,0,1
1452.9297256924133,0,0,0
1870.2926746788048,0,0,0
950.8928243129304,1,0,1
92.77857239491574,1,0,0
668.7039837876222,1,0,0
80.82979657432533,1,0,0
523.4770348253353,0,0,0
522.7404730506311,1,0,0
68.28938057355076,0,0,0
428.9699972993807,0,0,0
117.6559048780725,0,0,0
1651.4857100754803,1,0,1
2950.5299850619986,0,0,1
75.06463373245577,1,0,0
3103.6562340686855,1,0,1
739.3515493887611,0,1,1
356.054676278602,1,0,0
79.97662473957207,0,0,0
694.3964967713936,0,0,0
1582.3848901976178,1,0,1
1227.8778577836497,0,0,0
51.53122949604646,1,0,0
75.69582405825248,1,0,0
515.6259312160877,0,0,0
349.969609380049,1,0,0
264.4660917325595,0,0,0
329.9001784555116,0,1,1
1627.0050311567159,0,0,0
2648.292594543428,0,0,0
519.3664841775336,0,0,0
2365.64206824289,1,0,0
387.86446405724956,0,0,0
647.0978859895242,1,0,1
256.2208709727886,0,0,0
1022.9744619715447,0,0,0
3862.333967976322,0,0,0
925.061825810096,1,1,1
442.8774286066842,0,0,0
1043.6056184754839,0,0,0
131.15784425231067,0,0,0
2195.158435666306,1,0,1
699.3341822032346,0,1,1
596.6554119061018,1,0,0
881.5627605399604,0,0,0
980.253053151827,1,0,1
74.48198725566498,0,0,0
1147.64672952438,0,0,0
276.98176589151046,0,0,0
1251.5978612695335,1,0,0
1728.980713981719,0,0,0
1629.4289459954794,1,0,0
804.0809030749025,0,0,0
734.3231800466302,0,0,0
154.1726349642509,0,0,0
1493.1945076374282,0,0,0
316.64326910860655,1,1,1
686.5597708997226,1,0,1
334.4579966637421,1,0,0
143.6721949072962,1,0,0
993.0575734759224,0,0,0
55.86375972591637,1,0,0
1380.8899279180805,0,1,1
382.11993255389655,1,0,1
0.1347020764026737,0,0,0
715.6569128044453,1,0,0
47.984992361252175,1,0,0
323.1981099097797,1,0,0
1227.502425593323,0,0,0
64.74080465882679,0,0,0
1828.4555642147864,0,0,0
3.827237196396057,1,0,1
283.4561730914955,1,0,0
1350.5568463111042,0,0,0
380.19239511974973,0,1,0
107.46538274379351,0,0,0
446.652667564808,1,0,1
315.24963848875603,0,0,0
1849.6761371370292,1,0,1
375.9275452938398,0,0,0
1555.5771577313506,0,0,0
2224.440907704028,1,0,0
568.8386725432963,0,0,0
2407.3140731611966,0,0,0
473.71941055951606,0,0,0
3326.416952168716,0,1,1
93.53024181236151,1,0,0
1161.6136446599883,0,0,0
680.8511682311532,1,1,1
490.4493137625131,0,1,0
1001.6086674053278,1,0,1
1216.9131426351244,1,0,1
4.372816491746413,1,0,1
182.665322371209,1,0,0
1248.4335312686662,0,0,0
1097.7688851674723,0,0,0
3382.7929410405413,1,0,1
1431.4498577567406,0,0,0
3011.307088376879,0,0,0
1212.4772028770874,0,0,0
353.8962490032648,0,0,0
111.33937821203591,0,0,0
1522.4525761144807,0,0,0
1033.243797452025,0,0,0
49.385654451541996,1,0,0
446.3659587077571,0,0,0
3141.9105125441147,1,0,0
693.9497939883504,0,0,0
566.918375072549,1,0,0
611.9351970499989,0,0,0
234.3090592525958,0,0,0
459.9854525591702,0,0,0
461.7390844520374,0,0,0
53.77534073609781,1,0,0
1459.1559716130498,1,0,1
538.7184226637698,0,0,0
1726.9828397828978,0,0,0
1899.4426877388573,0,0,0
238.2496443540625,0,0,0
1071.0559234713096,0,0,0
639.1928577607432,1,0,1
2121.57053930236,0,0,0
243.01554696629722,1,0,0
1132.6237783834447,1,0,1
935.8612978430901,1,0,0
349.985195390159,0,0,0
146.87824248068753,1,0,0
1054.5181635854283,1,1,0
1341.693753785471,0,0,0
379.25269066017677,0,0,0
1035.166062680498,1,0,0
502.74322058136744,1,0,1
1248.9941708327506,0,0,0
222.16312570607099,0,0,0
2209.2313952729914,0,0,0
338.84849273461873,0,0,0
458.52731518833895,0,0,0
59.847622843706084,0,0,0
118.23437635671135,1,0,0
725.3850879884061,1,0,0
311.41846722572456,1,0,0
1804.724507747006,0,0,0
14.802405694441706,1,0,1
476.5756556547072,0,1,0
411.50161134164296,0,0,0
19.516851669877113,1,0,0
132.80982330458872,0,0,0
533.8259054757455,0,0,0
678.9772192339921,0,0,0
518.0008832397219,0,0,0
757.0196375133226,1,0,0
904.1933879635168,1,0,1
9.973390458152718,1,0,0
623.798669966619,1,0,0
3310.422221009638,1,0,0
731.9551215848255,1,0,0
1131.7832132238966,0,0,0
373.76857968988037,1,0,0
1487.1821306709976,0,0,0
1482.45942648968,1,0,0
736.6729262027566,0,0,0
3730.2775845358447,1,0,0
134.16040728437488,1,0,0
17.0929200584672,1,0,0
1470.3640839597826,1,0,0
1645.871308065946,0,0,0
128.06888687847066,0,0,0
308.67806434803487,0,0,0
17.708232706465,0,0,0
347.1612158516566,0,0,0
1483.4304521281122,0,0,0
729.72927557207,0,1,1
427.8573430933416,1,0,1
464.8000631593654,1,0,0
1.3545426943478147,0,0,0
356.39002391120704,0,0,0
1039.7550865605174,0,0,0
3657.1654542851797,0,0,0
1877.7149986246914,0,0,0
23.8777834155165,0,0,0
2288.2937492222586,0,0,0
1528.7726907101523,0,0,0
1515.8388483489996,0,0,0
612.4814528564459,0,0,0
507.5066259951957,1,0,0
360.848969982313,1,0,0
67.95219063427086,0,0,0
259.0756504330275,0,0,0
283.1638085009333,0,0,0
661.7978845593669,0,0,0
1376.1238826067156,0,0,0
642.0925886156549,0,0,0
59.584890062484085,0,0,0
3165.093404396757,0,0,0
2859.8791623520437,1,0,1
1537.9992357279177,0,0,0
4747.6444833599435,0,0,0
786.3207766462897,0,0,0
3290.5960797829002,0,0,0
78.61585344916982,1,0,1
455.2028996462769,1,0,1
255.38432939859106,0,0,0
217.9484245523082,1,0,0
151.75698737108502,1,0,0
973.955972391981,0,0,0
1520.1542911231597,0,0,0
863.4573226958267,1,0,0
158.95201566782515,0,0,0
1666.6633458146543,0,0,0
1010.476988217397,0,0,0
491.2937947777808,1,1,1
1121.257657067068,1,0,0
300.97669459871713,1,0,0
423.41353449396286,1,0,0
2494.785401962705,1,0,0
343.201132890464,1,1,1
634.8561371298943,1,0,0
2208.5588042617505,1,0,1
1230.0476518437322,0,0,0
64.22201247407274,1,0,1
159.35106340465578,1,0,0
7.8724977239736145,1,0,0
996.7467068014914,1,0,1
593.6157870102338,1,0,0
144.1878005901035,1,0,0
3168.5183433152224,0,0,0
754.2988546284627,0,0,0
276.9311303092047,0,0,0
694.3550520525156,0,0,0
1138.2485262732562,0,0,0
79.30213477005081,0,0,0
321.17517658509286,0,0,0
1644.886302350852,1,0,0
615.5657215573473,0,0,0
790.9301276058035,1,1,1
567.0715168023113,1,0,0
44.892708900157025,0,0,0
181.22189742519365,0,0,0
589.7635674222761,1,0,0
234.691808249024,1,0,0
51.27121953612684,0,0,0
1855.6560463874307,0,0,0
3973.5011031952395,0,0,1
1575.7269365677425,0,0,0
1922.676602269478,0,0,0
277.04172270921134,0,0,0
3234.6743548587883,1,0,1
219.30804684137823,1,0,0
3024.7453182020517,1,0,0
5262.813931989295,1,0,0
1243.832781684682,1,0,1
3970.909889426446,1,0,0
842.9003625594063,0,0,0
300.4860724923195,0,0,0
574.4683429928095,1,0,1
900.3212637616178,1,1,1
75.88970221384388,0,1,0
973.769603394951,0,0,0
3972.720207875388,1,0,0
210.8539411153337,0,0,0
1573.082436156245,0,0,0
2384.867238951257,1,0,1
2877.0890358924958,0,0,1
3222.2716944481986,1,0,0
737.0147220569544,1,0,0
3785.738784859356,0,0,1
1415.9712237241736,0,0,0
176.34517448085626,0,0,0
647.9828321383203,0,0,0
1267.0232789212519,1,0,0
284.1420999797959,0,0,0
1023.3615524613529,0,0,0
1098.413745518963,0,0,0
177.5725437985096,0,0,0
832.6053877086579,0,0,0
1476.774632041396,1,0,0
690.940945159936,0,0,0
12.176955887700332,0,0,0
9.079563850904286,0,0,0
441.65619182010676,1,0,1
2606.3161770524016,0,0,1
259.64777096391697,1,0,1
1006.11612505522,0,0,0
251.1262797305097,1,0,0
388.1213685465557,0,0,0
1884.1517017541255,1,0,0
1305.1253056263972,1,0,0
100.26162303666898,1,0,0
559.8443507801786,0,0,0
29.60365980225214,1,0,0
655.6397546358057,1,0,0
1085.9942668955455,0,0,0
126.13325343695841,0,0,0
340.9210323270345,1,0,1
507.2264842828503,0,0,0
2519.88356829711,1,0,0
4998.956075902351,0,0,0
45.95106218168274,0,0,0
1431.3248803005745,1,0,0
464.775824305489,0,0,0
498.3342768841731,1,0,1
1403.5014509953419,1,0,0
2506.2499928371726,1,0,1
3014.478786587206,1,0,1
860.6729434454637,1,0,0
441.79900064941404,0,1,0
1549.0443095770986,1,0,0
289.0181422787728,0,0,0
830.2828409517736,0,0,0
444.06841187665356,0,0,0
1068.9498229877938,1,0,1
274.9618688885096,0,0,0
212.6895672844426,0,0,0
2503.955981789687,1,0,1
107.36661870379179,0,0,0
705.1345584098176,1,0,0
249.55526889052513,1,0,0
39.70799371386665,0,0,0
36.6835056113271,0,0,0
192.64074345832685,1,0,1
2015.6809818707227,0,0,0
331.9527066680494,0,0,0
3004.9581125357595,0,0,0
871.3706491738637,0,0,0
573.7906098150877,0,0,0
867.7121011941033,0,0,0
727.1143589950866,1,0,1
1422.0303685493482,0,0,0
331.9768483987264,1,1,1
435.4868725226266,0,0,0
2245.206227380521,0,0,1
2927.2611169441507,1,0,0
2230.8062291973074,1,0,0
543.775893497494,1,1,0
1515.7904915515273,1,0,0
646.9045124116817,1,0,0
688.2389499473695,0,0,0
229.0108667160451,1,0,1
894.3587635739941,1,0,0
205.96187747433078,1,0,1
402.81566957291835,1,0,0
1931.229845290355,1,0,0
232.02765991310307,0,0,0
73.81693700302627,1,0,0
71.50415706895463,1,0,0
2826.572293283546,1,0,0
707.0847345157996,1,0,0
526.6367498016638,0,0,0
1665.366041661833,1,0,0
1806.8279988809697,1,0,0
403.7531240628876,1,0,0
1182.9227771663489,0,0,0
1474.569733059262,1,0,0
1063.1988723472205,0,0,0
164.3972510280493,1,0,0
2086.531282741948,0,0,0
774.5623605709237,1,0,0
331.9439019404437,0,0,0
553.7821611877681,0,0,0
38.29507570270228,1,0,1
136.813115846664,0,0,0
1450.4990735121403,1,0,0
0.011634823050432324,1,0,1
538.8236502132711,1,0,1
739.212440933873,0,0,0
56.183569156496915,1,0,1
3614.8175362787756,0,0,0
256.3453451831128,1,0,0
362.6911761341702,1,0,0
362.3230247239586,0,0,0
261.90603022539466,0,0,0
1.474909230385058,0,0,0
1306.9095710746874,1,0,1
3406.576818902749,0,0,1
253.981030444211,1,0,0
1087.8123934605871,1,0,0
1354.3939412806242,1,0,0
1886.6772280370346,1,0,0
549.2705793872256,0,0,0
360.8707420593492,1,0,0
393.47991931463537,1,0,0
1246.9545359924232,1,0,1
1697.064750630053,0,0,0
200.42113164163982,0,0,0
463.5302399667804,0,0,0
2322.1777491770326,0,0,1
1643.478368729371,0,0,0
4190.309538682376,0,0,0
1403.4334383200408,1,0,0
499.5481228836644,0,0,0
893.155023299958,1,0,0
1081.7972204129242,0,0,0
81.70455545483111,1,0,0
786.3528863524106,1,0,0
1235.5351233568276,1,0,0
183.10743031294467,1,0,0
1517.0033059741118,0,0,0
876.5239671469428,1,0,0
3041.1855111105137,0,0,1
43.3484105221125,0,0,0
308.328602809438,0,0,0
920.1829951622437,0,0,0
351.77256910463524,0,1,0
1253.247660188759,1,1,1
1422.9802649098478,0,0,0
108.15994603859409,1,1,1
721.2472435450759,1,0,1
711.0882749898155,0,0,0
460.89447618725677,0,0,0
2701.9418337671755,1,0,0
1757.3946801280817,0,0,0
1194.7137417483798,0,0,0
1252.9062038255497,1,1,1
619.3692442292759,0,0,0
2538.2380757120377,0,0,0
1186.117913334209,0,0,0
1305.5665773552832,0,0,0
1978.2642708715719,0,0,0
320.3038769287745,0,0,0
1645.432535124599,0,0,0
217.21193189903326,0,1,1
423.6422441660145,1,0,0
408.8866362702279,0,0,0
3840.8876222526155,1,0,1
1941.6796763724424,0,0,0
1207.879965984888,0,0,0
1298.4914234202142,1,0,0
825.7025796841309,1,0,0
2939.1755305092015,0,0,0
685.6925413210558,0,0,0
478.87116568217084,0,0,0
177.97342794015174,1,0,0
1542.74071788312,0,0,0
1325.9292819722025,0,0,0
485.0848428490843,1,0,1
25.516200954391074,1,0,0
1826.3343161106416,1,0,1
11.483669104263555,0,0,0
1216.382080660238,1,0,0
3515.165157939812,1,0,0
575.6509916369589,1,0,0
267.8446810487069,1,0,1
1220.3427641197982,1,0,1
1698.9696010093253,0,0,0
790.6063631889006,0,0,0
3412.3172364030834,1,0,0
53.05138804256164,0,0,0
702.7846689285738,0,0,0
1267.459247349778,0,0,0
1985.153492430679,1,0,0
197.5435601599549,0,0,0
1609.4553214040425,1,0,0
804.5415873998298,0,0,0
505.0981935027793,0,0,0
141.23531011449273,0,0,0
2004.673710604255,0,0,0
171.11246387631098,1,0,0
370.75627822243246,1,0,1
342.5544405277208,1,0,1
2051.15760370031,0,0,0
1116.8872457261293,0,0,0
1592.9810583106407,0,0,0
288.30613219322623,0,0,0
980.4935749765662,0,0,0
848.0387621225359,1,0,0
1788.7462741929173,0,1,0
2365.3871012100744,0,0,0
12.231269408971249,1,0,1
1120.919000889536,0,0,0
53.227584046222745,1,0,0
795.9746073698896,1,0,0
339.161670569886,0,0,0
366.4029645294619,0,0,0
435.34484967911715,1,0,0
970.9910051382612,0,0,0
406.540634782834,0,1,0
1319.3801039927687,1,0,0
518.3998787738292,0,0,0
70.80150641358878,0,0,0
1531.3656485833335,1,0,1
336.5338929517138,1,0,0
566.9849126609429,0,0,0
1156.5927870318258,0,0,0
404.1502086904978,0,0,0
58.24970382389809,0,0,0
468.2787928521474,1,0,0
2890.4462491680324,1,0,0
1026.480660671112,1,0,0
1113.1549686950416,0,0,0
1000.4393567361385,0,0,0
221.8845179287726,0,0,0
541.8586455108923,0,0,0
1390.060638098674,0,0,0
106.88712205436364,0,0,0
325.52624964329505,0,0,0
323.40474130810196,1,0,0
565.6671840459809,1,0,0
3930.632133279656,0,0,0
69.88885849612299,0,0,0
731.2665687059473,1,0,0
197.67646067551132,1,0,0
3529.367585225774,0,0,0
120.25252515554251,1,0,0
516.8453767797388,1,0,0
1338.971882367708,0,0,0
1219.270648703156,0,0,0
549.4428230199096,0,0,0
425.4497289318204,0,0,0
506.8541514341259,0,0,0
306.90058827003935,1,0,0
229.83204287133748,1,0,0
659.7891918683802,0,0,0
312.7042059539351,0,0,0
338.9215646337138,1,0,0
1069.3138993831842,0,0,0
3458.953569306316,0,0,0
925.4253269426673,1,0,1
80.10379885994509,0,0,0
78.59267448855108,0,0,0
3024.60965743243,0,0,0
352.81211471835945,0,0,0
96.58467632080676,0,0,0
913.9050477588241,0,0,0
977.2324713005839,1,0,0
1045.5592808231318,0,0,0
311.15819666956594,0,0,0
15.226013884891113,0,0,0
3352.846441207963,0,0,0
288.87350951926584,1,0,0
1127.092902446161,0,0,0
1226.3202244500762,1,0,1
941.6275581918197,0,0,0
375.28619848408925,0,0,0
316.21359103256594,1,0,1
910.4783632203589,0,0,0
2010.6294174939903,1,0,1
2932.4519609425633,0,0,0
111.94414515742713,0,0,0
168.215846863097,1,0,0
2895.6382596989192,1,0,1
1333.8356138087227,1,0,1
2145.528566344447,1,0,0
226.43977054999206,1,0,1
885.727267264709,0,0,0
1207.7786855710813,0,0,0
1139.7839863491777,0,0,0
524.5049115039434,0,0,0
15.514623464414974,0,0,0
874.4917510906712,1,0,0
291.8260323785145,0,0,0
598.2993733477003,1,0,0
3160.1592595005436,0,0,0
509.2191109697122,0,0,0
1831.3422735144418,1,0,0
208.92093117129653,0,0,0
1116.1466144629726,0,0,0
3772.5634756856643,0,0,0
107.46617642062763,1,0,0
8.354746125244857,0,0,0
568.4243568250689,0,0,0
97.19999573860999,1,0,0
1379.852552895761,0,0,0
2459.808232896316,1,0,1
569.1982557212377,0,0,0
299.36558249531925,0,0,0
569.8740325333455,1,0,0
1285.3557519560595,1,0,1
9.09539960722861,1,0,1
890.267272289478,1,0,0
950.0845778521457,0,0,0
1015.2502413531679,0,1,0
277.1010230264016,0,0,0
1251.9478326323365,1,0,0
95.840955605836,1,0,0
222.2318875893984,1,0,0
2099.3997617805207,0,0,1
1342.1747086453292,0,1,0
13.840898858926483,1,0,0
285.5194264836808,1,1,1
241.31577425847263,1,0,1
315.8159142692778,1,0,1
284.43371445712245,0,0,0
64.56657032331469,0,0,0
614.2260553421355,0,0,0
1319.5088966992705,0,0,0
933.2632656949173,0,0,0
1117.4027343031469,0,0,0
84.63149682819495,0,0,0
3025.999956634014,1,1,1
1823.1995731582892,1,0,0
1635.2189994881976,1,0,0
1731.5140536547308,0,0,0
2698.751193196384,0,0,0
785.8195678500352,0,0,0
223.49613579934706,1,0,0
959.1554567975783,0,0,0
1358.2181862348355,0,0,0
1339.0955323734006,1,0,1
736.9925411967153,0,0,0
70.91477358703708,1,0,1
463.80359075629445,0,0,0
2535.3574587032663,0,0,0
878.1497113730817,0,0,0
772.9091380348863,1,0,0
313.1414485858638,1,0,1
459.5764535531472,0,0,0
2257.096460059006,0,0,0
1098.0016177460652,0,0,0
1548.2817930749604,1,0,0
605.7691464212985,1,0,0
994.9206573550218,1,0,0
285.5292031963382,0,0,0
1222.3432806039843,0,0,0
557.9195613223623,0,0,0
584.3744199039752,1,0,0
1047.8877810532038,1,1,1
2753.2665471097384,0,0,0
66.14658309229908,0,0,0
1741.5031652071518,0,0,0
345.8524481461356,0,0,0
586.8421292278964,1,0,0
22.156991989469393,0,0,0
358.1704585696388,1,0,0
698.4235614676293,1,0,0
57.81565284795499,1,0,0
675.4953535639746,1,0,0
2618.8124511245783,1,0,1
111.37100709082458,1,0,0
1445.7927117388012,0,0,0
527.0753607973251,1,0,1
1064.714509120123,1,0,1
301.4248709145652,0,0,0
173.74912039518327,1,0,0
174.90427012821894,1,1,1
73.09980660067168,1,0,0
205.3609836776891,0,0,0
1091.297263786332,1,0,0
2134.452152258195,0,0,1
1682.6845626614074,1,0,0
1155.609111636457,0,0,0
117.01917381063149,0,0,0
341.3465214844297,0,0,0
370.7838297159636,0,0,0
287.6246692962019,0,0,0
723.6180576173268,0,0,0
766.909582939844,1,0,1
441.43323791725777,1,0,1
436.6294487848321,0,0,0
1763.4962509770876,0,0,0
1557.2860162690783,0,0,0
367.87432595670373,1,0,0
2450.951048502833,0,0,1
3053.679593846005,0,0,0
395.62746978779023,0,0,0
437.61380712418645,0,0,0
704.4794557708601,0,0,0
2832.267604481353,0,0,0
2090.053110892787,1,0,1
108.21788581405427,1,0,0
498.7830002340476,0,0,0
806.0274314681736,1,0,0
699.4318327840682,0,0,0
215.50166000817745,1,0,0
1957.696736955853,0,1,1
1129.9196381880568,1,0,0
1819.5935162994408,1,0,0
1957.3250068054283,0,0,0
1379.7393071697513,1,0,0
578.4098472380772,0,0,0
943.0114594270498,1,0,0
174.78848907330342,0,1,1
1119.770812249557,0,0,0
197.54068939390214,0,0,0
1184.0054537024762,0,0,0
260.8430311100646,0,0,0
125.05462234616283,0,1,0
180.6643189430485,1,0,1
1.9941221597106258,0,0,0
1268.474411846264,0,0,0
1318.2658709838013,1,0,0
723.4689746270511,0,0,0
175.9770868407549,0,0,0
87.2525015240209,0,0,0
19.314292317149665,0,0,0
181.2199761150679,0,0,0
2215.0829071496346,1,0,0
276.4610531618354,0,0,0
437.37587460109376,0,0,0
111.31765141096672,0,0,0
251.49326466168304,0,0,0
732.3550010191644,0,0,0
935.8627276617399,0,0,0
281.50427992378695,0,0,0
59.46571278768153,0,0,0
495.9909850233758,1,0,0
266.8386417850558,0,0,0
247.889629472023,0,0,0
3215.451761506007,1,0,1
957.8955481509968,0,0,0
813.9111519309452,1,0,0
537.4692735779752,1,0,1
560.268584463472,0,0,0
778.4981270198164,0,0,0
1192.142416923805,1,0,0
1211.1521683350459,1,0,0
188.3725162262277,1,0,0
693.3727101430839,0,0,0
530.9570666740723,0,0,0
2044.2826532666186,1,0,0
998.0945677237099,0,0,0
760.364628507229,1,1,1
122.61365679360686,0,1,0
930.4857291327357,1,0,0
124.66102880534774,0,1,1
411.29191436873043,0,0,0
154.13297226742526,1,0,1
1177.8946383162886,0,0,0
230.98939187944643,0,0,0
497.3491296616848,0,0,0
2260.24212088713,1,0,0
228.55363873015355,1,0,0
708.880429494969,0,0,0
543.4722066342405,0,1,1
18.29029331656515,0,0,0
1573.8686344559244,1,0,1
71.545311529372,0,0,0
642.9390145675243,0,0,0
822.5233209326528,0,0,0
990.0084710640919,0,0,0
1166.7785960571896,1,0,0
292.05479692199447,0,0,0
10.028898364548043,0,0,0
1285.3407259893986,0,0,0
767.1309128726944,1,0,0
1808.6068113128852,0,1,0
1722.541455331446,0,0,0
1853.5891364679212,0,0,0
663.7722009982693,1,0,0
405.9077998369884,0,0,0
1568.0954258319293,0,0,0
600.1927060322706,0,0,0
202.65757471542904,0,0,0
1930.8423771734565,1,0,0
2141.826664834698,0,0,0
627.9396760045075,1,0,0
78.71828968795785,0,0,0
490.73887003514955,0,0,0
1627.2845172494383,0,0,0
2320.4846234997667,1,0,1
227.49392862008511,0,0,0
69.32179560363473,1,0,0
2098.424202804143,0,0,0
493.32128744462597,0,0,0
780.3643189371355,1,0,0
3444.0781205292114,1,0,0
68.88365735912734,0,0,0
1045.0279419847498,1,0,0
76.99489809012496,0,0,0
470.75419639720167,0,0,0
1628.6948691221478,0,0,0
568.2291842795199,0,0,0
5871.853459960933,0,0,0
818.8448455577072,0,0,0
387.37299089464744,1,0,0
248.60409500367,1,1,1
431.5840589003817,0,0,0
466.06463529375617,1,0,0
71.18850626264505,0,0,0
461.3598139707214,0,0,0
624.0662164664813,1,0,1
1282.791477852921,0,0,0
1069.236468375308,1,0,0
1233.6270274066667,0,0,0
8.39885371211679,0,0,0
245.47530863034297,0,0,0
1083.775761471237,1,0,0
661.6279094100245,1,0,0
5.327642385473204,1,0,0
1632.167495491405,0,0,0
1481.9667289838774,0,0,0
795.0008811622349,1,0,1
68.7750299764279,0,0,0
1454.6376559099792,0,0,0
876.3817645917181,1,0,1
1523.0766420252808,0,0,0
1393.306860907043,0,0,0
1624.562067851931,1,0,0
729.8279003508777,1,0,1
151.20030768442408,1,0,1
1112.1762852941026,0,0,0
968.8316069352844,0,1,0
1355.7775216283962,1,0,0
186.18622226351218,1,0,0
216.88219446083687,0,0,0
2211.0047441814586,1,0,1
1386.20555887121,1,0,0
2388.4533639455603,0,0,0
1421.7778026227807,1,0,0
909.2041659771153,0,0,0
1061.7002105589254,0,0,0
2199.3782101996535,0,0,0
864.6635352040355,0,0,0
1000.7362879314059,1,0,0
170.16777335054286,1,0,0
642.3043058166896,1,0,1
1260.1803008714285,0,0,0
316.0029469299855,0,0,0
225.96525423179264,0,0,0
376.6252169752993,0,0,0
276.4133081343457,0,0,0
241.96027699254995,0,0,0
553.1258681164362,0,0,0
2384.2129567688885,0,0,0
707.367099558632,0,0,0
208.15689044425852,0,0,0
80.09535088844639,1,0,1
1191.2413448538466,0,0,0
482.56015660982695,0,0,0
1725.0224411216057,1,0,1
1077.371779856764,1,0,0
1590.819567208323,1,0,0
317.38011185437193,0,0,0
1178.8215082024153,0,0,0
306.6093821336808,1,0,0
2798.0046593510538,1,0,0
1011.6301863237578,0,0,0
392.31959053585945,0,0,0
314.0422865163482,0,0,0
211.86561829269567,0,0,0
1186.2670107574804,1,0,0
246.8160635375204,0,0,0
904.6172971291463,1,0,1
307.388341009099,0,0,0
1084.6175084116821,1,0,1
1687.0737152896345,0,0,0
1505.1916114338844,0,0,0
1430.66987412652,0,0,0
207.91313233193347,1,0,0
92.5374690050798,0,0,0
1200.475023657181,0,0,0
459.41542471977897,1,0,1
566.2435996412855,0,0,0
31.644541461303806,1,0,1
300.53289067824744,1,0,0
34.25651522757978,1,0,1
2113.5012239367893,0,0,0
278.9161829949456,0,0,0
814.9469038555038,1,0,0
39.75935168054596,0,0,0
1099.1546096145082,0,0,0
390.1243994323304,1,0,0
2281.990494660967,0,0,1
2190.3122232037413,1,0,1
393.47322654213593,1,0,0
2312.2405138111794,1,0,0
5561.677236148373,0,0,1
1745.3473539422616,0,0,0
1863.50049185203,0,0,0
286.3612599209348,0,0,0
859.6797985106655,0,0,0
69.6244072573011,0,0,0
99.72966184805468,0,0,0
6805.751219889282,0,0,0
395.4740594095893,1,0,1
1379.056267629112,0,0,0
1643.3311177315945,0,0,0
1952.0921151433251,1,0,0
6044.147186043234,1,0,0
276.4078463965971,0,0,0
41.18750595694294,1,0,0
529.6543060913828,0,0,0
139.35479557395638,0,1,1
22.681173282547913,1,0,1
446.9542425253329,1,0,0
1531.265804358061,0,0,0
835.1271708032459,1,0,0
375.0978791544164,1,0,0
1062.3054479496666,1,0,0
263.98921839175495,0,0,0
14.485861372039345,0,0,0
1445.42199633491,0,0,0
977.483083988966,0,0,0
1436.7569459094216,0,0,0
39.716373327664726,1,0,0
1814.7392606929002,1,0,0
966.3379609139599,1,0,0
828.7271860742521,0,0,0
979.8005772521858,0,0,0
1998.2911169332199,0,0,0
884.1539606919447,0,0,0
869.765940983819,1,0,0
4675.502210787053,0,0,0
1413.5840281196997,1,0,0
583.9229883345893,0,0,0
1228.938537656218,0,0,0
493.0355950481086,1,0,0
259.90539120417446,0,0,0
908.4512334188313,0,0,0
2633.6215041162345,0,0,0
2647.0424058655617,1,0,0
418.406403770263,1,0,0
750.0931924870727,1,0,0
237.7952381875633,1,0,0
5433.246192014816,1,0,1
3969.541312324312,1,0,1
1048.420049886096,0,1,1
1631.7554037065765,0,0,0
1255.617603584788,0,0,0
899.3309136890182,1,0,0
54.82372639196746,0,0,0
606.5371787904519,0,0,0
1123.2727809391317,1,0,1
1131.7501750976328,0,0,0
467.0043211463479,1,1,0
2842.015744951548,1,0,1
183.15033882305846,0,0,0
693.8663315181398,1,0,0
1174.0385921414738,1,0,0
1194.4707782097187,0,0,0
1045.940970982072,1,0,0
321.9812389614336,1,0,0
169.84756397095725,0,0,0
1010.4374874923896,0,0,0
914.547542460641,0,0,0
197.66589364657372,0,0,0
1221.2517138184887,0,0,0
607.2851152877793,1,0,0
1101.899460311215,0,0,0
1816.2596409227901,1,0,1
186.0024372223012,0,0,0
19.330504120641034,0,0,0
1510.056877070906,1,0,1
940.8330077192397,1,0,0
1202.772090878001,0,0,0
1821.1160373501086,0,0,0
1623.5922887795352,1,0,0
3242.1482115081913,0,0,1
767.7308202762631,0,0,0
670.3991553276018,0,0,0
513.9759138744405,1,0,1
166.8707884606378,0,0,0
850.0518592211517,0,0,0
324.3633796926085,0,0,0
2542.2075819010015,1,0,1
875.1267261114473,0,0,0
898.5494937326825,0,0,0
438.388164165674,0,0,0
53.38954469916885,0,0,0
32.25852154060481,1,0,1
550.4940203134059,1,1,1
88.35632986675682,1,0,0
933.5563168130258,1,0,0
2128.40496823145,1,0,0
2144.853545151814,0,0,1
1076.0059781094083,1,0,0
237.28283080935125,0,0,0
1987.7512246541207,1,0,1
2172.376774660524,0,0,0
218.96925700721093,1,0,1
1337.2226585696405,0,0,0
337.6002410770677,1,0,1
1622.7273894179916,1,0,0
5891.763984102353,1,0,0
30.48601746202351,1,0,0
2276.5847094790315,0,0,0
974.5305544575631,0,0,0
3626.1908617206773,1,0,1
625.5063220133939,1,0,0
1879.8560713286727,0,0,0
64.42553402568436,0,0,0
408.387950571034,0,0,0
69.36780364152465,0,0,0
3702.699856597469,0,1,1
1698.1265530907294,0,0,0
1914.2486548671397,0,0,0
2780.060267792967,0,0,0
88.94431968732088,0,0,0
487.1051787210219,0,0,0
73.68409635684104,0,0,0
236.72676380501272,1,0,0
260.5414369764079,0,0,0
633.195182169968,1,0,0
312.74304839958234,1,0,0
106.44789199031332,0,0,0
183.3113533939617,0,0,0
159.31883591295434,0,0,0
3614.766832999243,0,0,0
1424.1728043015544,0,0,0
3434.5928111842913,0,0,0
579.3551856472515,1,0,0
326.24063278218756,0,0,0
1600.9401073184702,1,0,1
394.9019720502683,0,0,0
355.7944369921287,1,0,1
264.62460698817665,0,0,0
138.8931448469217,0,0,0
296.33683175623423,0,0,0
439.00081917116495,1,0,0
1120.8401313491106,0,0,0
64.60768856366413,1,1,0
236.36423527484152,1,0,0
1655.605629756399,1,0,0
158.90420412443288,0,0,0
419.5312944675591,1,0,1
1999.9571820367423,1,0,0
168.33026635169875,0,0,0
86.36086383903962,0,0,0
662.6916835373415,1,0,0
360.1373759277892,1,0,0
828.7569932812718,0,0,0
1628.6456581731286,1,0,0
147.51266313471896,0,0,0
869.1664415363629,0,0,0
704.225843728193,0,0,0
155.57694681135752,0,0,0
978.1621077519032,1,0,1
319.71009457124444,0,0,0
669.1071096949889,0,0,0
85.85458191010801,0,0,0
615.4161715059915,0,0,0
365.9513629547137,1,0,1
1728.115661144482,1,0,0
58.66643774561698,0,0,0
542.3288036950722,1,1,0
613.2855799895035,0,0,0
1291.0062771928367,1,0,1
853.9912195648272,1,0,0
1100.250641618203,0,0,0
1500.8045438400286,1,0,0
1981.973500157835,0,1,1
376.6961760656641,0,0,0
772.2395349174068,0,0,0
1833.2571822396362,1,0,1
4551.736625285726,0,0,0
2202.914533873781,1,0,0
464.36716420077875,1,0,0
217.119876648513,0,0,0
672.1541589399757,0,0,0
1353.40693726407,1,0,0
678.3946773351387,0,0,0
660.0622980074907,0,1,1
1821.582308609865,1,0,0
448.4829164564948,1,0,0
1964.6473223044422,0,0,0
522.2317620615014,1,0,1
397.8438820868781,0,0,0
605.1178257517129,0,0,0
1437.3643485470059,1,0,0
134.67722353981307,1,0,0
218.67755856222416,0,0,0
3025.0545124385476,0,0,0
192.9679822509712,1,0,0
838.6986813733885,0,0,0
865.869676098229,0,0,0
672.608475314532,0,0,0
1034.9201372226416,1,0,0
261.1397580185179,0,0,0
804.4414165829487,0,0,0
465.49103472808173,0,0,0
1083.7254287744831,0,0,0
152.24662762104572,0,0,0
846.0126592375628,0,0,0
204.89894517069905,0,0,0
326.62120610514125,1,0,0
246.80862366950558,0,0,0
201.91764797961739,0,0,0
1747.040160103516,1,0,0
336.46283139068873,1,0,0
2618.9929190405373,1,0,1
3504.111736452182,0,0,0
846.9057004785137,0,0,0
154.3186703802286,1,0,0
469.2810797548315,1,0,0
1598.1630302172873,0,0,0
457.90231234866843,0,0,0
91.03825760420156,1,0,0
813.7000983889578,0,0,0
1865.1101532481332,0,0,0
1589.27450289189,0,0,0
192.521164552017,1,0,0
1117.0755334398084,1,0,0
249.10805994845782,1,0,0
246.16596311174433,0,0,0
2072.0431637373576,0,0,0
287.24077349213206,0,0,0
305.5030557664905,1,0,0
0.6536043140703691,1,0,0
2045.3805332887223,1,0,1
1573.0809748645834,0,0,0
987.0591119225869,1,0,1
1387.3579823197974,0,0,0
164.93191773662983,0,1,0
613.0864938250955,0,0,0
432.6606584843427,0,0,0
98.46934359420757,1,0,0
665.7859080413011,0,0,0
2535.017279705927,1,1,1
40.88357876099898,0,0,0
344.55005340385895,0,0,0
232.61442908307976,0,0,0
272.00120069694395,0,0,0
2390.7012823846585,0,0,0
631.2415992576712,0,0,0
627.9202956612405,0,0,0
1429.5177469038651,1,0,0
167.81789011229847,1,0,0
667.9968270904791,1,0,0
562.0929783514891,0,0,0
908.5971300409066,0,0,0
7723.52952206246,0,0,0
1467.2827234727733,1,0,0
507.27477386434595,0,0,0
1757.6656392285076,0,0,0
187.18339236116805,0,1,0
30.937348898737213,0,0,0
228.71953383094623,1,0,0
416.1392083323083,0,0,0
714.5358101105604,0,0,0
954.8474309407134,1,0,0
2414.698549791932,0,0,0
713.0519925597378,0,0,0
695.7017298959527,0,0,0
51.549126923568636,1,0,0
35.53552656471498,1,0,0
801.0887173364689,1,0,0
576.5712967708981,1,0,0
1827.4720079048132,0,0,0
175.1627440045595,0,0,0
25.28874391132039,0,0,0
596.0908315243777,1,0,0
271.12464860387325,0,0,0
50.88745395069878,1,0,1
1289.5244721100855,1,0,0
118.3253076111503,1,0,1
937.3088225665996,0,0,0
329.96311721124897,0,1,1
190.55058297267246,0,1,0
477.63511174466777,0,0,0
1616.6930485158284,1,0,0
497.73431824375535,0,0,0
1389.3777065919564,1,0,1
134.08731489113322,1,1,1
1481.7988063188636,0,0,0
270.4098660721168,0,0,0
1131.3208174510562,0,1,0
834.2075416502618,0,0,0
2647.1157526284796,0,0,0
489.91661196656366,0,0,0
68.45571810228017,0,0,0
19.341328972891514,1,0,1
1753.6464518784253,0,1,0
743.8840774735606,0,0,0
1492.740140285175,0,0,0
267.128877244031,1,0,0
423.2479072665227,1,0,0
30.56629797262721,0,0,0
3256.897695846931,1,0,1
1102.2225178123867,1,0,0
2706.1283654016365,1,1,1
308.56039220123193,0,1,0
945.3684487618946,1,0,0
1134.7576366812573,0,0,0
382.0655754648315,1,0,0
1884.5936679081951,0,0,0
2940.5144851815085,1,0,1
2161.5640974373923,1,0,0
1343.4915173846714,0,0,0
324.9889739966056,1,0,0
330.7510925686839,0,0,0
3306.62348501243,0,1,0
10.337746784078451,0,0,0
1258.9570184243082,1,0,0
1225.0131499674364,0,0,0
974.6869316163284,0,0,0
4616.114465417972,1,0,1
373.7912176857879,1,0,0
415.4728142540341,1,0,0
82.22945004491383,0,0,0
584.8276927599994,0,0,0
302.52302491911644,0,0,0
420.6600215727315,1,0,0
1799.2179562535264,0,0,0
2740.8499836509827,0,0,1
205.46704536450704,1,0,0
466.0258416288361,0,0,0
2639.885542104075,0,1,1
63.801151130171334,0,0,0
96.908036620388,0,0,0
177.6815254560648,0,0,0
904.3938663703713,0,0,0
163.07469685607884,1,0,0
3444.4091497533777,0,0,1
591.8811850860886,0,0,0
696.1877190159892,1,0,0
283.23678845704694,1,0,1
636.6917127720769,1,0,0
1084.4538913974354,1,0,0
1391.0140290675083,1,0,0
1401.8876376332717,0,0,0
862.4919714380527,1,0,0
2347.1617837584067,0,0,0
1700.5002871341646,0,0,0
1414.8918581217476,0,0,0
57.21132054820683,0,0,0
6.901724421494768,0,1,0
238.8249609303227,0,0,0
1089.2272479973312,0,0,0
529.6644467711059,1,0,0
514.8441192801495,1,0,1
2159.2373111684346,0,0,0
2259.1698060308954,1,0,0
2398.8236081577734,0,0,0
376.6999360208828,1,0,0
1174.594642150482,0,0,0
316.9504858103928,0,0,0
211.47419521121358,0,0,0
204.11629481893115,0,1,1
418.71391857726945,0,0,0
562.0445696539888,0,1,0
1777.5558462914232,0,0,0
127.7096217498297,0,0,0
1327.7456709872088,0,0,0
758.1229475460697,1,0,0
339.6006046120076,0,0,0
678.8884896425268,0,0,0
356.59218990154596,1,1,1
906.543281100516,1,0,0
568.8854841195724,0,0,0
179.61186621831354,1,0,0
123.95802056890228,0,0,0
791.1915955394044,0,0,0
2327.0113322475054,0,0,1
421.5299899195753,1,0,0
1320.5070221648266,0,0,0
1074.8802004719741,1,0,0
2681.723523973739,0,0,0
1720.2634301559865,1,0,0
836.1063240224008,0,0,0
1070.1137519038946,0,0,0
2286.578549795433,0,0,0
510.02391952828805,1,0,0
395.7049525516926,0,1,0
10.869948043014716,1,0,0
1751.872098675577,1,0,1
1614.353476062518,0,0,0
110.32226937987565,1,0,0
860.0459963188796,1,0,0
623.5869732832385,0,0,0
126.36750948930697,0,0,0
3940.845772237502,0,0,0
241.68423171619906,0,0,0
69.60110652141279,0,0,0
903.4914421262091,0,0,0
1342.7241864990604,1,0,0
32.98140208855304,0,0,0
1075.0451054100308,1,0,1
759.9108441883163,0,0,0
108.99489967668832,0,0,0
189.37502646305825,1,0,0
839.270195554383,1,0,0
351.4850256269303,0,0,0
2785.7263019839534,0,0,0
1707.8240804053528,0,0,0
4108.4763378712005,0,0,1
300.66037945438416,0,0,0
3497.3878311233984,1,0,0
564.2859483130849,0,0,0
426.972945278714,0,0,0
51.6612852135049,0,0,0
54.20833674506548,0,0,0
1177.6920419577039,0,0,0
612.3582795438191,0,0,0
256.85756803615135,0,0,0
951.8409858574385,1,0,0
291.5001764766147,0,0,0
861.8777254207312,1,1,0
445.0515334189824,0,0,0
1734.7303478796616,0,0,0
1718.673486256617,1,0,0
648.8440167417791,1,0,0
432.0438789798166,0,0,0
450.29480487298235,1,0,0
1638.4266843651192,1,0,0
397.76406162965156,1,0,1
234.53237560803507,0,0,0
88.49066172868149,1,1,1
628.6582623108428,1,0,0
658.0350864648465,1,0,0
1838.2770931126531,1,0,0
250.0506939887871,1,0,0
479.6359089306733,0,0,0
1652.3753663662521,0,0,0
1735.1349921511564,0,0,0
485.50081427170977,0,0,0
614.5652746364185,0,0,0
361.3801257506368,0,0,0
2696.4410253979045,0,0,0
126.29338260806693,1,0,1
2714.3111047419584,1,0,0
1151.5905339000008,0,0,0
758.3731970333133,1,0,0
33.20427150562829,0,0,0
645.4932651471988,1,0,0
523.8232362906697,1,0,0
175.80540745327076,0,0,0
1068.305038915304,0,0,0
3545.676737763038,0,0,0
825.9675370352235,1,0,0
1254.4007765248352,1,1,1
70.90589933631709,0,0,0
540.7128227430152,0,0,0
123.70382479666218,0,0,0
948.8031683082929,0,0,0
2788.4280359045824,1,0,1
1084.0520033830264,0,0,0
79.91268513412317,1,1,0
437.9875843983029,1,0,0
799.9829604202996,1,0,1
516.1862263788674,0,0,0
1793.6252716063068,0,0,0
1685.6226803821805,0,0,0
946.3145189701983,1,0,0
467.5393802152782,1,0,1
294.82267097022935,0,0,0
111.908930035361,1,0,0
438.3463445134082,0,0,0
533.0243987856998,0,0,0
1126.4653850249829,0,0,0
1073.4119736562513,0,0,0
72.68697877993114,0,0,0
502.95553338270713,0,0,0
200.6226454377922,1,0,0
170.56616928390105,1,1,0
1756.2117417196362,0,0,0
42.81900463101456,1,0,0
543.3193322665865,0,0,0
184.16764668961784,0,0,0
2114.6975192395194,1,0,0
814.276965207114,1,0,0
263.15940780008117,1,0,0
698.0135766138083,1,0,1
1314.853564472995,1,0,0
3172.8993515940024,0,0,0
249.03332315328373,1,0,0
2173.1525955061657,0,0,0
2722.7189759620637,1,1,1
2481.9575370836897,0,0,0
1008.9937945340157,0,1,1
993.7676730375315,1,0,0
516.1910472483327,0,0,0
1395.9321853156544,1,0,0
757.7796119222651,0,0,0
1131.4601339820856,1,0,0
559.4171394027411,0,1,1
1314.891195820636,0,0,0
1739.9539563927044,0,0,0
158.33505482968752,1,0,0
1789.3406902791594,1,0,1
777.1736316917953,0,0,0
1862.1770564349338,1,0,1
564.4052250976836,1,0,0
476.4893930273885,1,0,0
2465.818778071359,0,0,0
289.24231239120246,0,0,0
1859.2612583419811,0,0,0
661.6883834996437,0,0,0
721.7430582178052,0,0,0
368.8462597889831,0,0,0
851.0701011270652,0,0,0
393.35552043998683,1,0,0
40.061257122726744,1,0,1
317.45231505151145,1,0,0
6.399476445828731,0,0,0
3832.970960153524,0,0,1
3373.9872524751436,0,0,0
502.7835439386897,0,0,0
1303.3175780816855,0,0,0
424.3514858571407,0,0,0
1111.980720548938,0,0,0
1636.9635047353424,1,0,0
2932.874752485198,1,0,1
511.1794794483153,0,0,0
1529.232062481517,0,0,0
309.1487764155261,1,0,0
4638.9652392295875,0,0,0
26.10745173687319,0,0,0
925.1518925039455,0,0,0
1077.3577208048118,0,0,0
1164.8981180973005,0,0,0
128.27389897000617,1,0,0
2789.2025055890326,0,0,0
199.89500411636573,0,0,0
974.8562025540377,0,0,0
251.89812890208262,1,0,0
367.03761863891737,0,0,0
790.6685951447728,0,0,0
539.8999119392918,0,0,0
174.6219958079338,0,0,0
187.4584107710882,0,0,0
541.5336391128353,0,0,0
1415.8590338737295,1,0,1
2282.435926218123,1,0,0
87.8782932996094,0,0,0
499.3976847166674,0,0,0
105.63340146874665,0,0,0
16.731677737616526,1,0,1
1083.8774297986395,0,0,0
922.4331629545526,1,0,0
177.95404485243714,1,0,0
266.32879586794564,1,0,0
23.993304648808653,1,0,0
1801.4898907711345,1,0,0
3676.579254625421,0,0,0
145.55716962699086,0,0,0
263.28246377837473,0,0,0
2028.0606331272172,0,0,1
2609.9774492099154,1,0,0
544.0849382835793,0,0,0
51.94874311459001,1,0,0
40.188688530854165,0,1,1
853.1982543531234,1,0,0
499.0537003688611,0,0,0
29.0709216796071,0,0,0
875.2744977697656,0,0,0
11.366895662418234,1,1,0
1548.2109221921846,0,0,0
365.90717687223224,0,0,0
41.090783775467415,0,0,0
887.5872005714681,1,0,1
506.9737425165611,0,0,0
3642.0116453299834,1,0,1
785.6982277819278,0,0,0
321.9135834366805,0,0,0
1235.9412760671196,1,0,0
316.7566754287018,0,0,0
2345.94458974716,1,0,0
469.5588809727146,0,0,0
798.215656146081,1,0,0
51.89674360981235,1,0,0
555.3371209164526,1,0,0
1785.9575708045602,0,0,0
1638.0884748715227,0,0,0
254.013357069355,1,0,0
256.2855695393642,1,0,0
1699.9388921743534,0,0,0
2664.968013182787,0,0,0
100.21922286375343,0,0,0
597.943623578223,1,0,0
411.6657106188567,0,0,0
2045.5307122513907,0,0,0
87.22039666546804,0,0,0
237.1485938913611,0,0,0
1396.2167762121442,0,0,0
52.65616897537501,1,0,1
678.3282861896274,0,0,0
583.5881534227699,1,0,0
407.0681607939375,0,0,0
501.8201538710777,0,0,0
754.8961814804645,0,0,0
175.98252106831833,1,0,0
848.6224532681886,1,0,0
1636.975255097398,0,0,0
1427.7871213455,0,0,0
167.11761040988898,1,0,1
161.6363423177122,1,0,0
312.2130006984853,0,0,0
447.96777407365596,1,0,1
525.018503553894,0,0,0
1138.4885331551513,0,0,0
58.35016952137922,0,0,0
35.28806854202966,0,0,0
497.4333074129739,1,0,0
1194.5628575330811,0,0,0
214.9712147065439,0,0,0
1025.8391190380262,1,0,1
300.87287372223284,0,0,0
2172.3124564704276,0,0,0
2260.3875099891225,1,0,0
352.807011587779,0,0,0
261.3566524312562,0,0,0
529.8453101530029,0,0,0
275.1365446183705,0,0,0
1115.912609817942,1,0,0
1749.0717991613753,1,1,0
1118.0768936885804,0,0,0
1739.2644465265998,0,1,0
505.82508434186946,1,0,0
169.97841263755953,0,0,0
1339.2235690718926,0,0,0
447.0287918955937,1,1,1
1112.5210442012356,1,0,0
315.59324643349555,0,0,0
84.71906250393826,0,0,0
4903.818230567541,0,0,0
169.84156636460162,0,0,0
4458.561645018778,1,0,0
3784.5067171075034,0,0,1
1578.9965090618762,0,0,0
1077.1139295910264,0,0,0
862.2928425493258,1,0,0
2010.6735676349174,0,0,0
341.70121419421207,0,0,0
630.5127444514089,1,0,0
965.9799696762551,0,0,0
529.6525362049009,0,0,0
557.718882855961,0,0,0
400.9025337516593,0,0,0
830.6448666735943,0,0,0
1900.9575256026637,0,0,0
225.0558511023859,0,0,0
2724.6833494352513,0,0,0
1168.24425137824,0,0,0
1733.1503134101565,0,0,0
812.3602967116906,0,0,0
1511.933330383703,0,0,0
16.333058503340645,1,0,0
1705.8410255599656,0,0,0
40.96664986292487,0,0,0
2206.487735485061,1,0,0
4823.6679505314305,0,0,0
348.2356015457985,1,0,0
236.125650647291,1,0,0
1449.7171906671585,1,0,0
291.72535674715715,1,0,0
2006.655002942597,0,0,0
108.52394977398257,1,0,0
134.62364191664372,0,0,0
3870.4759186803567,0,0,1
1120.3638425948373,1,0,0
1876.5805338753757,0,0,0
392.04956628423434,1,0,0
1128.5059329816718,0,0,0
901.9979306056842,0,0,0
924.1972061363579,0,0,0
1147.3797006401978,1,0,0
856.5115806121819,0,0,0
560.4753034927772,0,0,0
322.8571165790651,0,0,0
1463.5267886230008,1,0,0
256.5354440990672,0,0,0
1178.8065028200192,1,0,0
265.70249962365364,0,0,0
981.7100940501913,0,0,0
1374.6751943563506,0,0,0
246.8138568001089,1,0,1
61.815087304508154,0,0,0
140.3819389766373,0,0,0
931.3966724321659,1,1,1
1893.4361533710883,0,0,0
46.040609957652556,1,0,0
1324.8277749529013,0,0,0
417.5153909322173,0,0,0
651.1004066337758,0,0,0
2643.0991847557534,0,0,0
403.42444877423037,1,0,1
626.1185135472468,1,0,1
13.776881677615844,0,0,0
85.12085969485157,1,0,0
299.2036464560498,0,0,0
28.247470458722333,0,1,0
997.9762963455646,1,0,0
555.8201249895719,1,0,0
794.3943957336257,0,1,1
191.9443306061396,1,0,0
350.88037838894286,0,0,0
1090.121859148712,1,0,0
3361.094085899507,1,0,1
51.73209970347977,0,0,0
2210.7748568101183,0,0,0
860.1022914022199,1,0,0
829.9285727291361,1,0,0
693.7044061968387,0,0,0
71.91938444906127,0,0,0
94.17536086475614,1,0,0
918.573349211753,0,0,0
416.96888065219997,0,0,0
2492.1496157845495,0,0,0
521.8706247737462,0,0,0
154.64583755069373,1,0,0
1254.2800359175762,1,0,0
347.2246269556979,0,0,0
745.4310861900855,1,0,0
1196.7747244569955,1,0,0
2305.2296989042943,0,0,0
1571.136827786808,0,0,0
1128.1267916175996,1,1,0
1138.2886346791263,0,0,0
2917.376724309139,0,0,0
350.72709252368094,0,0,0
1.1127130317828648,1,0,0
317.39181432433116,0,0,0
245.76164734957564,1,0,1
1084.2201100590398,0,0,0
1004.3342770903525,1,0,1
900.0763550100638,0,0,0
16.376814174340517,0,0,0
1304.8178060225275,0,0,0
390.8677880144847,0,0,0
1093.791892488151,1,0,1
813.2343327851879,1,0,1
419.66179400233426,0,1,0
144.5360273752324,1,0,1
99.17843930890066,0,0,0
1780.9283369620302,0,0,0
2505.895895916186,0,0,0
1049.2167271152298,0,0,0
109.1834971264241,1,0,1
514.2100392583,0,0,0
1305.4121294104903,0,0,0
1513.313900290569,0,0,0
125.81112477879059,0,0,0
0.030719317215809495,0,0,0
1245.2707658526183,0,0,0
440.98272074788173,0,0,0
293.675103666677,1,0,0
12.981364284835387,0,0,0
777.1798856802494,0,0,0
1904.8211322512789,0,0,0
3161.353569773724,1,0,1
834.1232460949946,0,0,0
722.4963399222758,1,0,0
88.89283909093012,1,0,0
796.0059427533637,1,0,0
478.0020579081002,0,0,0
934.2899525391647,0,0,0
492.2105442611789,0,0,0
274.8305066633948,1,0,0
99.7819661049211,1,0,0
378.2173888125585,1,0,0
101.63948538341305,1,0,0
194.6738745078903,0,0,0
4369.00447855589,0,0,1
587.1732555080489,0,0,0
759.0130174021007,0,0,0
2068.450396125348,1,0,1
5419.107529487681,1,0,0
873.9845177801425,0,0,0
1673.8368222200386,1,0,1
395.92232217629856,1,0,1
364.9144491201648,0,0,0
515.3420089544921,0,0,0
1116.2894002554692,1,0,0
1146.3068743564359,0,0,0
378.68604145736356,0,0,0
142.95845855094444,0,0,0
1000.7497048351262,1,0,0
137.33962008519936,0,0,0
863.9177276277925,1,0,1
1182.2834875439826,1,0,1
1206.0132058448962,1,0,0
1400.2801505590126,0,0,0
2062.4618878984484,1,0,1
693.0651678526561,0,0,0
1310.2566703241107,0,0,0
965.4093803239629,1,0,1
206.58138899841825,0,0,0
26.02538633000231,1,0,1
334.8315232754807,0,0,0
585.2505549570333,0,0,0
959.9969453743118,1,0,1
1896.8488916563408,1,0,0
218.46167430754426,0,0,0
134.15992141991447,1,0,1
3309.8937849849776,1,0,1
114.33910210774867,0,0,0
651.0288812117676,1,0,0
880.8360648239413,0,0,0
779.5211336363259,0,0,0
89.9598908963053,0,0,0
58.717537586962365,0,1,0
111.47184905131151,0,1,0
880.8938680938833,1,0,1
786.019088162905,1,0,0
266.23477488612957,0,0,0
1015.487344158388,1,0,0
1715.1735098465683,0,0,0
42.468098446434205,1,0,0
689.4140444876165,0,0,0
1168.9609749009921,1,0,0
290.7694027815587,1,0,0
367.83831643820264,1,0,1
950.980274077799,1,0,0
2282.1482888279534,0,0,1
1660.3334980387972,1,0,1
874.9813819698303,0,0,0
1310.1548342128917,0,1,0
453.8507446871991,1,0,0
1024.3368730946447,1,0,1
627.6995561461796,0,0,0
210.64219054411348,0,0,0
1209.7839023553797,0,0,0
812.9777450083195,0,0,0
444.1356404862513,0,0,0
2422.937314568569,0,0,1
21.156343339692693,0,0,0
379.46576612332916,1,0,0
58.563233077621184,1,0,0
1454.6901946764356,0,0,0
1211.022441777346,1,0,0
402.49784290157004,1,0,0
1125.9718787702627,0,0,0
504.077156308529,0,0,0
1411.6277237787306,0,0,0
605.4727384638724,0,0,0
531.5041718826617,0,1,0
2729.2214715342707,0,0,1
288.85489312475477,0,0,0
128.34184166411438,1,0,0
878.3764324276201,0,0,0
3484.203374768196,1,0,0
474.55672081713413,0,0,0
64.04452437809836,1,0,1
414.46337229466076,0,0,0
705.0814197840705,1,0,1
176.64530519334423,1,0,0
1073.2434698001364,1,0,1
6096.553548607159,1,0,0
601.0046962120925,0,0,0
438.0842084368992,1,0,1
511.9999243779213,0,0,0
122.33282094473483,0,0,0
2147.922556412585,0,0,0
535.8454514010092,0,0,0
489.8380964941422,1,0,0
1077.8991140767757,1,0,0
583.4562125363502,0,0,0
1044.787587099343,1,0,1
63.415195110739106,0,0,0
1680.5223110088111,0,0,0
2821.8454035853947,0,0,0
1046.300863306092,1,0,0
3091.4929897284223,0,1,1
164.2054265641818,0,0,0
648.969905097928,0,0,0
920.8177984579845,0,0,0
871.6440147501633,1,0,0
513.2648948519577,0,0,0
412.6172377703469,0,0,0
135.61816562204484,0,0,0
497.15688566068116,0,0,0
177.5260517571392,0,0,0
1325.634639654866,0,0,0
234.2435989003616,1,0,0
60.350296311934216,0,0,0
803.7796526293844,0,0,0
904.4356141002722,0,0,0
2055.0460368743375,0,0,1
860.3396314188838,0,0,0
423.8544407727264,0,0,0
1624.6118643793573,0,0,0
777.1352629046919,1,0,0
82.59961546174387,0,0,0
834.3664730746035,1,0,0
2386.168302923454,0,0,0
504.6988069287118,0,0,0
351.43981673243974,1,0,0
154.86530162962842,0,0,0
164.22099122496678,0,0,0
566.9930305953179,1,0,0
905.5482004430834,1,0,0
84.05075142757005,1,0,0
2806.2462599678925,1,0,1
1407.042594537049,1,0,0
883.3974908917387,0,0,0
1762.8144724468805,0,0,0
83.58462608054217,0,0,0
647.8657891939863,0,0,0
994.5039992448852,0,0,0
1764.063990935424,1,0,1
1530.0241411885497,0,0,0
324.441842480381,1,0,1
2828.188870397797,0,0,0
132.78406215222637,0,0,0
2080.511062382475,0,0,0
3538.401210161766,0,0,1
194.98563668124268,0,0,0
1280.3718345534119,1,0,0
41.119454150733084,0,0,0
519.9047565400114,0,0,0
726.255872558168,1,0,0
869.0380011158258,0,0,0
2747.8921798785477,0,0,1
1115.5062533479856,0,0,0
656.3870907573178,0,0,0
1659.0223323370449,1,0,1
3006.445878906102,1,0,1
22.31324792424268,1,0,1
4046.7706949298376,0,0,1
90.06929025930421,1,0,0
1684.0902287788037,0,0,0
328.9691091865907,0,0,0
141.77056472400685,0,0,0
579.5607422488072,1,0,0
1032.7025877237973,1,0,1
479.5722145309514,1,0,0
56.11057178814853,1,0,0
914.9444876145363,0,0,0
2326.9113528341977,0,0,0
483.2353694091781,1,0,0
243.7708100047209,1,0,0
584.4315223719652,1,0,0
49.571315790151864,0,0,0
1717.5109062049378,1,0,0
1750.660584118613,0,0,0
886.7330544624384,1,0,1
435.56802176129025,0,0,0
1608.3553208767814,1,0,0
808.9779289437241,0,0,0
1748.3110240989263,1,0,0
998.2027488638807,0,0,0
1534.355826228695,0,0,0
912.704652593895,0,0,0
534.6762491288786,1,0,0
3168.797441431948,0,0,0
778.9530841603292,0,0,0
929.0961689818496,1,0,1
249.08673354107242,1,1,1
982.5661991023144,0,0,0
847.7157965038725,0,0,0
204.36890066951594,0,1,0
61.436242028746555,1,0,0
927.2488526568421,1,0,0
1442.6203799216212,1,0,0
741.0805907840918,0,0,0
257.182127876914,1,0,0
1098.1783129283094,0,0,0
83.49653577071491,0,0,0
583.0983409318039,1,0,0
178.369486599447,0,0,0
203.90364488911203,0,0,0
226.01510673366604,1,0,0
488.912573091728,0,0,0
52.50477068702344,0,0,0
507.15477114575924,1,0,0
716.8405591360867,1,0,0
660.2817831082568,1,0,1
482.5363979743863,0,0,0
1827.2619379891482,0,0,0
157.03597946105643,0,0,0
704.6060711557683,1,0,0
64.04948548865706,0,0,0
73.81413104392162,1,0,0
853.001075424249,0,0,0
834.7531994414878,0,0,0
2104.008967430954,1,0,1
816.1596360639147,1,0,0
3213.664935287522,1,0,0
49.92039345791926,1,0,0
103.1492786683796,1,0,1
45.066261160005055,1,0,0
204.90691711102053,1,0,1
779.2937191392608,1,0,0
1037.2505684881696,1,0,0
46.65685713396438,0,0,0
2918.2323007342884,0,0,0
1846.2074817758742,0,0,0
351.84730456045975,0,1,0
80.32923979861893,0,0,0
186.1935310837393,0,0,0
135.75605249483726,1,0,0
131.5719185614339,1,0,0
730.9771736375726,0,0,0
282.1606005297094,0,0,0
443.3846259688029,1,0,0
4556.888092228617,1,0,0
1153.008018821779,1,0,0
2975.5506405797605,1,0,0
153.80005550845107,1,0,0
481.4925344270289,0,0,0
809.0784891069887,0,1,0
79.86395736312461,1,0,0
4.196235522318335,0,0,0
1109.9796544458632,1,0,0
1026.71827660608,0,0,0
528.9706027199854,1,0,0
672.646906542572,0,0,0
536.9009845903728,0,0,0
24.297861480855065,0,0,0
408.52720085878514,1,0,1
194.8990291047084,0,1,0
103.61114569962758,1,0,0
3140.074669663983,1,0,0
914.691324214182,1,0,0
1304.368937895508,1,0,0
378.86759382407473,1,0,1
499.46890526713025,0,0,0
270.39763784465123,0,0,0
101.99470963818113,1,0,0
197.2707055238353,1,0,0
1597.0847543298428,0,0,0
1131.794184411349,1,0,0
791.7061591687815,0,0,0
644.5282174574712,0,0,0
2556.6297491075275,0,0,0
75.51582955861086,0,0,0
329.3388781603906,0,0,0
430.68731077157946,0,0,0
1525.2153933379457,0,0,0
4894.803515834493,0,0,0
275.3194913782865,0,0,0
2073.9155114451955,0,0,0
1775.626864892659,0,0,0
254.45027975285532,0,0,0
509.7138756523765,0,0,0
527.0784369116337,0,0,0
3826.793856464401,1,0,0
199.539215290436,0,0,0
1605.2366058191674,0,0,0
406.75501093489515,0,0,0
1312.5620295359927,0,0,0
544.7461485452169,1,0,0
863.6028477808202,0,0,0
1787.4394539026432,0,0,0
1630.4856960335478,0,0,0
2013.0785624263492,0,0,0
61.46838586392217,0,0,0
1177.8196427258226,1,0,0
150.80821161179952,0,0,0
537.543673200864,0,0,0
795.3757504501566,1,0,0
515.4018868145539,1,0,0
733.1604934076494,1,0,0
5662.537503605446,0,0,0
145.27703333957547,0,0,0
1125.3342985022864,0,0,0
504.18268102478623,1,0,0
142.72760435004184,0,0,0
172.85066367365312,0,0,0
2981.299060218834,1,0,0
2116.948177345498,1,0,1
2375.6070749027776,0,0,0
4771.552548634512,1,0,0
233.59218618595972,1,0,0
439.1863374698838,0,0,0
1106.2988444669863,1,0,0
661.2659120131906,0,0,0
541.9543566701733,1,0,1
442.8730143527602,1,0,0
900.8619498880007,0,0,0
857.0633884792471,0,0,0
176.0904116418442,1,0,0
638.1663846557594,0,0,0
806.2526694871774,0,0,0
844.6375924131803,0,0,0
235.85802995824005,1,0,1
1355.8481556585807,1,0,0
25.522028652392724,0,0,0
438.2443070794907,1,0,0
1515.0947843264544,0,1,0
829.8674718767223,1,0,0
302.6771826142379,0,0,0
1187.2898071144723,0,0,0
837.9208321549434,0,0,0
1590.8301627217961,0,0,0
1328.1204997384618,0,0,0
941.8853013231986,1,0,0
669.7777362601624,0,0,0
142.9263884752338,1,0,1
302.90809273269025,1,0,0
543.1757466283815,1,0,1
914.5404819714907,0,1,1
720.9457147263106,1,0,0
339.93656683288447,1,0,0
6.485342233380302,1,0,0
685.6537702197355,1,0,0
336.34862824818293,0,0,0
1326.548433799724,0,0,0
24.237638009250364,1,0,0
879.0619322876682,1,0,1
2838.288237173423,0,0,1
191.65610901684235,0,0,0
637.9953722469678,1,0,0
95.87453001880661,0,0,0
982.6493410644763,0,0,0
799.6899071899204,0,0,0
523.1774683712669,0,0,0
736.842092695799,0,0,0
2268.905264430882,1,0,0
218.52212446554634,1,0,1
22.822985930000826,1,0,0
1978.0761658092706,1,0,1
860.6599287645691,0,0,0
2213.2788596030045,1,0,1
908.6828042203382,1,1,1
1661.579408336042,1,0,0
561.5460355367736,1,0,0
1385.7342431683176,0,0,0
2442.3239048700602,0,0,0
848.9194230948063,0,0,0
199.40889810627354,1,0,1
313.06499712732773,0,0,0
221.45070610729468,1,0,0
283.5001988145519,0,0,0
365.88212791473734,1,0,0
809.981686407669,0,0,0
886.7116130036375,0,0,0
555.9969016837088,0,0,0
955.6054769824742,1,0,0
85.09495153710222,0,0,0
91.88311965301504,1,0,0
188.5361800532905,0,0,0
729.9719621747886,1,0,0
240.7917164719208,0,0,0
333.07617466271137,1,0,0
511.34715336056746,0,0,0
1670.6014632518277,1,0,0
13.959112564237627,0,0,0
1048.048898270051,1,0,0
1105.2639551550221,1,0,0
1602.7393001009111,0,0,0
2699.381964954295,0,0,1
20.343379404526427,1,0,1
166.9802848111523,1,0,1
2173.0605400307513,0,0,0
613.4464923290348,0,0,0
831.4686304896669,0,0,0
1087.7530751021566,0,0,0
1136.5216680218973,0,0,0
2684.4372440547,1,0,1
5792.422694036066,0,0,1
1273.528194464486,0,1,1
338.5841580453673,1,0,0
2118.2023476955583,0,0,1
50.47354052048953,1,0,0
262.7694552830484,1,0,1
2276.7781499270473,0,0,0
295.97168916602334,0,0,0
249.2963996704412,1,0,0
148.64537055384224,1,0,0
1959.788310308251,0,0,0
693.2637057309128,0,1,0
1123.601544644306,0,0,0
273.20915761273596,0,0,0
1418.984595748312,0,0,0
1427.1394599157911,1,0,1
374.8360412919456,1,0,0
528.7904170316771,0,0,0
235.33035646829174,1,0,1
3753.354972346815,0,1,1
1037.3363318871632,0,0,0
2726.3752954354054,0,0,0
361.52316850808273,0,0,0
1522.759942254089,0,0,0
1451.830260048272,1,0,0
1176.5381070998153,0,0,0
3370.832358876579,1,0,1
500.1417931880714,0,0,0
140.08691730201156,0,0,0
1113.854440047533,0,0,0
1306.7802872182529,1,0,1
855.8086460009314,0,0,0
231.7024407520501,1,0,0
702.099012251458,1,0,1
374.2422589800525,1,0,0
557.6840791784314,0,0,0
1036.2533857365595,1,0,1
1367.3342168122133,0,0,0
264.2581549181181,1,0,0
519.740847616342,0,0,0
313.56287101083274,0,0,0
221.43452985102118,0,1,0
1529.6439433665464,0,0,0
2399.6764970437134,0,0,0
462.40407623300126,1,0,0
1391.423188593864,1,0,0
2272.9805574721777,0,0,0
1871.6095638991721,0,0,0
201.88779960316126,0,0,0
3130.2214164088514,0,0,0
472.6895377579066,1,0,1
414.36559192200133,1,0,0
64.46527291658663,0,0,0
665.8699190636977,0,0,0
115.42613293103832,1,0,1
285.73705978576885,1,0,1
381.17641381441285,0,0,0
1654.5729630086432,0,0,0
2083.3584057535872,0,0,0
360.2044760747379,0,0,0
1956.856693163304,0,0,0
1946.5269007961112,0,0,0
1446.6855493197847,1,0,1
158.63836746886082,0,0,0
1172.2249657953291,1,0,1
2900.859727325794,0,0,0
1147.4049609572319,0,0,0
402.8936906992657,0,0,0
694.306487157894,0,0,0
1037.681953636756,1,0,0
714.5146654134443,0,0,0
127.77989763392198,0,1,0
374.0595335387715,1,0,1
1621.4904055788031,0,0,0
1976.2934034128036,0,0,0
147.68831082190704,0,0,0
3044.6442455149077,0,0,1
398.721822025955,0,0,0
1085.6380356598943,0,0,0
1393.621724626525,1,0,0
1671.0273710696745,1,1,1
2914.1467976536856,0,0,0
375.30388739904225,0,0,0
1955.501178144582,0,0,0
141.20291903516645,0,1,0
1220.9185978626801,0,0,0
1354.7093780726186,1,0,1
1132.344603221023,1,0,1
290.7731597904565,0,0,0
2063.9079905255403,1,0,0
184.95517777572178,0,0,0
55.12672895569121,0,0,0
1263.9528090364834,0,0,0
645.2635514220832,0,0,0
1891.124791748205,1,0,0
483.5301269178374,0,0,0
184.25773618939914,0,0,0
1810.5887882580391,1,0,0
796.0875862478974,0,0,0
209.72867496333555,0,0,0
1274.3380405978253,0,0,0
715.6252060629813,0,0,0
927.1317394188783,1,0,0
617.8511139964916,0,0,0
1764.391319966088,1,0,0
1769.3878838442363,0,0,0
1235.7690627371098,0,0,0
111.38012766315977,0,0,0
1825.4436356623235,1,0,0
1111.7369835024392,0,0,0
1194.1022324431974,1,0,1
450.9586856313101,0,0,0
2114.2777878974825,0,0,1
1292.3363686902942,0,0,0
119.44869694560363,1,0,0
523.8737724897916,0,0,0
2174.8989175662196,0,0,0
48.34679925243193,0,0,0
3254.933655904071,1,0,0
1136.820727501,1,0,0
997.9780639855181,1,0,1
315.47714322600217,0,0,0
286.07242028943483,1,0,0
2848.316556850679,1,0,0
354.21006173568475,0,0,0
1493.903165481272,0,0,0
499.4271640815944,0,0,0
149.95590612084354,0,0,0
10.773119923591373,1,0,1
785.8269643247577,1,0,1
3720.527762068888,1,0,1
460.6652777867604,0,0,0
441.9097192300999,0,0,0
421.73416114746016,0,1,1
735.1028117886722,0,0,0
581.006492471372,1,0,0
2119.552345214817,0,0,0
704.2501747557836,1,0,1
708.7844847762061,1,1,0
148.93118562461444,1,0,0
4059.336995209323,0,0,0
287.645927596787,1,0,1
76.19452783889089,1,0,1
1088.1064160436101,1,0,0
904.773238960381,1,0,1
536.3924439354222,1,0,0
548.5140501969202,0,0,0
1537.4146022517225,1,0,0
217.79866084853276,1,0,0
1716.2067467789282,1,0,0
1046.2488416989509,1,0,1
542.9524990075903,0,0,0
612.5420770615798,0,0,0
296.58452486532406,0,0,0
1394.7876580584734,0,0,0
719.2339863118927,0,0,0
386.91995161157826,0,0,0
906.4644576289329,0,0,0
5457.184630633821,1,0,0
571.3938673968527,0,0,0
2534.408717110967,0,0,0
423.1457534858858,0,0,0
56.28754166803198,0,0,0
228.46029313106268,0,0,0
542.4799494631557,0,0,0
247.99342853180605,1,1,1
0.22706399533347355,0,0,0
2465.122113802847,1,0,0
1857.1265654170916,1,0,0
1355.9290162094906,1,0,0
183.7000212148678,0,0,0
128.24661166591312,0,0,0
69.99846564773325,0,0,0
1287.4601752812196,0,0,0
2642.374274229241,0,0,0
563.0593969546578,1,0,0
126.85733888932899,0,0,0
718.2451578002846,0,0,0
428.98746343440166,0,0,0
469.7235474323051,1,0,0
971.0918138763649,1,0,1
1268.3979568222494,0,0,0
117.21224731935041,0,0,0
36.23900291149199,0,0,0
5172.619546391402,1,0,0
264.9143668065442,1,0,0
55.33357683015852,1,0,0
210.56712846290915,0,0,0
39.73700661221781,1,0,0
497.26941678515664,1,0,0
1621.5195243332564,1,0,1
417.4027537468337,0,0,0
587.3169076364022,0,0,0
1125.7371855851006,0,0,0
711.0954312183089,0,0,0
1976.492871538066,1,0,1
2010.1817461619223,1,0,0
9.96013334727755,0,0,0
1505.286506629469,0,0,0
617.5455820133717,0,0,0
4495.467827117785,1,0,1
660.1613947623754,0,0,0
4334.833584320393,0,0,1
1404.7409020363848,0,0,0
285.8236465465313,0,0,0
773.0456870860419,1,0,0
4845.41405265386,1,0,1
1948.6280935859438,0,0,0
102.43911354619709,1,0,0
1225.4416080774893,0,0,0
424.0052989949715,1,0,0
7.006751934724461,0,0,0
516.6441335557823,0,0,0
267.55847931766846,0,0,0
1708.5362461043778,0,0,0
411.47906904242893,0,0,0
1757.4954081989688,1,0,0
0.5981176715128856,1,0,1
367.9080136159424,0,0,0
275.9711989406221,1,0,1
266.0084659001128,0,0,0
70.62272014626284,1,0,0
207.17703525116858,0,0,0
810.9167485496629,1,0,1
344.4091527474112,0,1,0
540.2454786595356,0,0,0
472.9951078148243,0,0,0
2086.7072732955344,0,0,0
2357.0307087352544,1,0,1
679.1594104632081,0,0,0
400.7103553554071,0,0,0
112.94554719643101,0,0,0
3066.216529074919,0,0,0
62.11686361217883,1,1,0
353.3238189046705,0,0,0
353.91618306417035,1,0,0
386.2527816820527,0,0,0
179.4698387367111,1,0,0
1528.6021235958033,1,0,0
130.67588713908927,1,0,0
1007.6022297450667,1,0,0
132.21343489057125,0,1,1
73.14681316131342,1,0,0
2401.626766714926,1,1,0
210.88001471667798,1,0,1
1721.7679620780682,1,0,1
786.6469166426685,1,0,0
81.05444888728248,0,0,0
3111.102529661882,0,0,0
283.6384814520812,0,0,0
1963.5828121542204,1,0,1
184.89687702771167,0,0,0
1923.757515573203,0,0,0
13.317093076374446,0,0,0
716.9900902175577,0,0,0
1467.2553344303774,1,0,0
2730.227062302025,1,0,1
2399.1195201548035,0,0,0
1712.7165386597837,0,0,0
2190.966347920705,0,0,0
222.1686339969181,0,0,0
334.33254139902175,0,0,0
341.0385814119751,0,0,0
473.2953305576786,0,0,0
499.7549148057964,0,0,0
786.4810288349036,1,0,0
174.21025853869085,0,0,0
1175.212585546878,0,0,0
183.4019874143787,0,0,0
371.5108568727232,1,0,0
699.8599218911432,0,0,0
1591.797235781115,0,0,0
1345.034318193562,0,0,0
1037.143852827889,1,0,0
169.33417186405975,1,0,0
791.9632592061517,1,0,0
91.50856707954505,0,0,0
473.7918784843434,1,0,0
533.6107959234128,1,0,0
40.62559656359004,0,0,0
320.1888723770476,1,0,0
3115.6305582691402,0,0,0
3071.158821748142,0,0,0
434.369423393203,1,0,0
44.05650005242228,1,0,0
197.34781486214786,0,0,0
497.93867407364297,0,1,1
2952.28393191382,1,0,1
152.2181225463228,0,0,0
1441.8740655488277,0,0,0
115.05461797192928,0,0,0
3976.9657357820215,1,0,1
480.64646238363315,1,0,1
1492.6978155562588,0,1,0
419.4490535165588,0,0,0
987.9717054620767,0,0,0
213.21312751566688,0,1,0
157.84869825637543,1,0,0
2781.6559385743917,0,0,0
2496.7437677066623,0,0,0
2184.5260084460624,1,0,1
981.9857886522351,0,0,0
1651.657816993581,0,1,0
71.53567694042991,0,0,0
407.6510583935762,1,0,1
376.4449821263705,0,0,0
1009.6274955153441,0,1,0
439.9909858823777,0,0,0
160.76374326070547,1,0,0
907.4971971129079,0,0,0
1684.074828056504,1,0,0
481.46667071622335,1,0,0
141.8731918579913,1,0,1
219.01234315893586,0,0,0
271.13087588043504,0,0,0
356.5286589168168,0,0,0
1029.4456297007428,0,0,0
918.6572411940529,1,0,0
1190.9903146114227,0,0,0
450.20411494501013,0,0,0
1737.2579424419512,0,0,0
228.26622628228702,1,0,0
633.069998006981,0,0,0
1614.1425697063462,0,0,0
198.64443028678104,0,0,0
116.38002329705778,1,0,0
2151.444375888644,0,0,1
419.96420802266596,0,0,0
1151.6021527080916,0,0,0
25.67541475277774,1,0,0
1171.3342458765321,0,0,0
379.94548862662907,1,0,1
57.35463100539237,1,0,0
941.12855647433,0,0,0
275.4950581389531,0,0,0
489.0759423149503,0,0,0
84.01312600671694,0,0,0
159.1871344433472,0,0,0
353.78944741350574,0,0,0
94.0464292896677,0,1,0
2417.168729910249,0,1,1
6.065400592387342,1,0,0
661.3776565118254,1,0,0
131.5304907730684,0,0,0
367.7056873312893,0,0,0
2604.4953722626115,1,0,1
176.37275001240553,1,0,1
3376.4751027313255,1,0,1
230.41288021614605,0,0,0
1353.115356490208,0,0,0
791.1509676433816,0,0,0
2158.3005893272903,1,0,0
807.4212048861228,0,0,0
764.7704065903582,0,0,0
217.48210803096157,0,0,0
181.7969288972292,1,0,1
2482.778728804769,0,0,1
397.25619191997856,1,0,0
465.34610033274834,1,0,1
1426.381868893206,1,0,0
413.73442852196587,0,0,0
3037.856086718442,1,0,0
1339.1351223725042,0,0,0
909.8844027249768,0,0,0
2127.7511699010834,1,0,0
50.87854709076839,0,0,0
297.1436149295869,0,0,0
625.5564488240273,0,0,0
257.44846813005285,0,1,1
1362.2075409687193,0,0,0
2515.877712624293,0,0,1
551.2486005622603,0,0,0
418.7518878915807,1,0,0
3258.415624500881,0,0,0
588.5213137801088,0,1,1
671.4804103862675,0,0,0
433.32440809037934,1,0,0
2402.9411851621444,1,0,0
841.5439071630591,1,0,1
1436.2184340838892,0,0,0
1670.2857504004903,0,0,0
418.32095439083207,0,0,0
568.6212958831294,0,0,0
1886.9833638364012,0,0,0
451.3865698313259,1,0,0
1579.564273602735,0,0,0
2830.0877176850545,1,0,0
976.0682660325608,0,0,0
1353.3521142439283,1,0,1
1635.2548810867347,0,0,0
1864.5859941182975,1,0,1
502.61498658454104,0,1,0
52.624136592683655,1,0,0
513.9576421468563,0,0,0
1120.110415651195,0,0,0
598.474268823776,0,0,0
1382.1555413046656,0,0,0
441.5832292526428,1,0,0
1007.1571876970357,1,0,0
206.3107767932955,1,0,1
1383.7752832423148,1,0,0
788.9886328531671,0,0,0
228.2369865434577,1,0,1
345.1857319967214,0,0,0
1380.744623767398,1,0,0
658.9413974462814,0,0,0
243.38636197804158,1,0,0
3419.4995605254085,0,0,1
1255.7048609797414,0,0,0
3149.695730170519,0,0,0
557.0529043097237,0,0,0
644.5481597843345,0,0,0
2282.3435050455755,0,1,1
744.544354543604,1,0,0
1228.5350410933006,0,0,0
290.5834473663516,1,0,0
591.9027681089136,0,0,0
131.76137809385665,0,0,0
230.64667431931335,0,0,0
0.9438605639029171,0,0,0
40.0567162210924,0,0,0
3784.677972921234,0,0,0
277.53861851442906,0,0,0
1088.5947605796628,1,0,0
1826.9703530129698,0,0,0
799.9764615179965,0,0,0
166.22520110856686,1,0,0
1302.3813827796612,1,1,1
916.919454727911,0,0,0
1313.9758924631344,1,0,0
1468.5749366669322,1,0,0
3705.4303754784787,0,0,0
852.2912935782335,0,1,1
418.0050749021779,1,1,1
1045.4447389605757,0,0,0
70.89544012621512,0,0,0
2276.891209370531,0,0,0
127.13022257045766,1,0,0
397.26309360910295,1,0,0
1691.4366769983171,1,0,0
909.5941499401257,1,0,0
500.27402202500826,0,0,0
641.3817504585445,0,0,0
1927.9049719064467,1,1,0
415.5220895290387,1,0,0
2037.529720593822,0,0,0
92.26270215932827,0,0,0
1499.6800467460466,0,0,0
1880.9030796253464,0,0,0
200.67004893021866,0,0,0
562.7270545611838,0,0,0
180.9222658547063,1,0,1
1226.2324862905411,0,0,0
766.4660415073957,1,1,0
1008.7441994171234,0,0,0
218.76187359537278,0,0,0
237.9347310336946,0,0,0
42.3829262133264,1,0,0
388.7076054363202,0,0,0
820.4004052368134,1,0,0
1951.4699742606404,1,0,1
1099.3949372336556,0,0,0
571.6312513167015,0,0,0
3060.166573864348,1,0,0
1270.2735904993083,0,0,0
2661.622867112276,0,0,0
749.9037362026554,0,0,0
299.6254782146343,0,0,0
54.27318919853094,1,0,1
1294.9368975022342,0,0,0
129.3151483508853,0,1,0
360.6472922375769,0,0,0
760.2937030641939,1,0,0
831.0689689508558,1,0,0
917.7497882472496,1,0,0
181.82807499576955,1,0,1
477.6123500007623,0,0,0
960.2275388403696,0,0,0
3500.538206528463,0,0,0
1300.5980199765297,1,0,0
2558.817040830226,1,0,0
1436.3760038083515,1,0,1
895.7946413840688,1,0,0
213.22214307774274,0,0,0
1098.669245967685,0,0,0
976.5174049636921,0,1,0
922.4827892971912,0,0,0
672.9247746933954,0,0,0
752.1683720353625,0,0,0
407.1302844221822,0,0,0
732.5383089290652,1,1,1
220.09309080150055,0,0,0
1635.6504660217095,0,0,0
205.52093908722244,0,0,0
88.79437273439632,0,0,0
573.1373395996819,1,0,0
1073.8438921378872,0,0,0
575.7496857634068,1,0,0
324.00604817547656,0,0,0
816.8327657918551,0,0,0
426.1817261473234,0,0,0
2701.0898326652073,0,0,0
2559.3518675257073,0,0,0
697.9021072718166,1,0,1
397.32432540845724,0,0,0
1336.1048487108292,0,0,0
37.403825915357274,0,0,0
643.9171246687819,0,0,0
409.96028771175077,1,0,1
2532.4497441644935,1,0,0
12.075645280140083,0,0,0
804.7826218231986,0,0,0
1349.6291453419674,0,0,0
663.623306159519,1,0,0
89.27178086526871,0,0,0
3592.166260009256,1,0,1
729.8328070248494,0,0,0
952.4005241928169,1,0,0
269.98595340795936,0,0,0
660.6762829884718,0,0,0
560.6279108861614,1,0,0
77.84894456788227,1,0,0
112.22888628088813,1,0,0
1816.908181471525,1,0,0
274.1999687679879,1,0,0
216.86116625938234,0,0,0
703.0186460483493,1,0,0
1464.2434977476798,1,0,0
63.94831516097645,0,0,0
859.9291123141335,1,0,1
126.93654972997867,0,0,0
37.14236726975136,0,0,0
54.18584447695962,1,0,0
1796.756583281812,0,0,0
125.53202576137343,0,0,0
46.20244783014457,0,0,0
576.07530819653,0,0,0
1857.8574260826592,0,0,0
304.3649632159809,1,0,0
547.6843323612204,1,0,0
40.74130252984888,1,0,0
596.1629738751385,0,0,0
861.8335144870424,1,1,1
846.0817256006494,1,0,0
404.1060702801168,0,0,0
379.1151097355419,1,0,1
112.7473075487974,1,0,0
456.9662988092903,0,0,0
104.79919419815874,0,0,0
1454.9841844393695,1,0,0
3389.495054219591,0,0,0
3509.0428712019043,1,0,1
2003.0073013188273,0,0,0
918.273068755283,0,0,0
1206.862633342097,1,0,1
335.7606136375006,0,0,0
996.3366608537274,1,1,0
608.1620289523006,0,0,0
657.8135117557792,0,0,0
1417.8946745737333,0,0,0
331.17200553116595,0,0,0
382.783704488999,0,0,0
2585.5024166270127,1,0,0
57.86674154582667,1,0,1
664.8207848239705,1,0,0
2439.56012709857,0,0,0
942.5397625891,1,0,0
790.5551223959676,1,0,0
287.34103625037784,0,0,0
420.4906620785935,0,0,0
1910.8701925534538,0,0,0
819.2051557654432,0,0,0
723.0749700078633,1,0,0
104.8936397058432,0,0,0
16.157996622941763,1,1,1
3315.5295957807953,0,0,0
473.1865570492681,0,0,0
924.3558227107893,0,0,0
83.07195382984446,1,0,0
1149.214092894456,0,0,0
2696.616446896824,1,0,1
857.232637591916,0,0,0
134.8068598304307,1,0,1
871.6078660550046,1,0,0
1453.919082257156,1,1,1
521.5774456268805,0,0,0
2118.912348977063,0,0,0
1046.0661964280916,0,0,0
2295.1023416293833,1,0,1
976.85133874033,0,0,0
140.74359184092333,0,1,1
370.61698567449463,0,0,0
225.38975746302208,0,0,0
2394.990969259302,1,0,1
1428.7846935734476,1,0,1
1128.242053359348,0,0,0
358.05635426337267,1,0,0
203.39579323191285,1,0,0
1412.4374859492198,0,0,0
642.754388673347,1,0,0
255.9115459033342,1,0,0
958.7337743884372,0,0,0
41.169817647927296,1,0,0
394.77780254340576,0,0,0
632.1593204234969,0,0,0
160.1198497211068,1,0,0
4176.931547230534,1,0,0
234.58040929594245,1,0,0
139.6680463332854,0,0,0
227.57193450381826,1,0,0
1465.602249198292,0,0,0
554.2650325196402,0,0,0
833.3658886675274,0,0,0
21.232989903297277,0,0,0
35.038033681934046,0,0,0
590.2757497939403,1,0,0
1696.3869815555795,1,0,1
2164.9025171565568,1,0,0
90.69805637095328,1,0,0
772.9766321930504,0,0,0
2444.490723639544,1,0,0
490.97847850304834,1,0,0
1769.4061649017576,0,1,0
143.5189938218563,1,0,0
2739.455572571274,0,0,0
1392.0038996839228,0,0,0
2835.9016316428006,0,0,1
1128.9186219185965,1,0,0
451.6199407153104,1,0,0
2783.5473092118787,0,0,0
322.36569028794844,0,0,0
403.7254053615224,1,0,1
1206.6711683101669,1,0,0
1449.5166268767568,0,0,0
2650.7744820058047,0,0,1
229.16465314160706,1,0,0
1599.4778549907307,0,0,0
1341.4971234034583,0,0,0
65.92033540715677,0,0,0
489.75442434028474,1,0,0
332.3523748026486,1,0,0
363.1104997105856,0,0,0
4071.4220746786386,0,0,0
1029.3961998398008,0,0,0
1264.700490305277,0,0,0
3755.773272227464,0,0,0
473.5327010328741,0,0,0
1618.681343886204,0,1,1
570.0997387791122,0,0,0
2036.6401070834077,1,0,1
199.25314004922976,1,1,1
2950.4946419583875,0,0,1
246.8878650835111,0,0,0
394.8523832916688,0,0,0
1411.375208901592,1,0,0
500.47131769903694,0,0,0
937.0328110715549,0,0,0
588.0189938133618,1,0,0
1356.2305877172878,1,0,0
259.19990441900524,0,0,0
60.236308658930525,0,0,0
356.5740882720736,1,0,0
643.0410538271561,1,1,1
183.94693964449016,0,0,0
438.19073195935584,1,0,0
510.7973213224561,0,0,0
59.10461153638691,1,0,1
875.4061349555618,0,0,0
2157.130065038925,1,0,0
164.57152044913622,1,0,1
910.8257257642822,0,0,0
1092.846557221972,1,0,0
543.5807301359346,0,0,0
1207.6381380094313,0,0,0
528.8734156216517,0,0,0
702.4650331840619,1,0,0
7.380211441347014,0,0,0
1176.7471883030112,1,0,0
1082.7665352018028,1,0,0
39.157627562617364,0,0,0
459.2617027101013,0,1,0
3864.750220070523,1,0,0
545.9979179561858,1,0,0
697.0455797169077,0,0,0
2407.1698891524834,0,1,0
1263.2341661615544,0,0,0
872.4416383427991,0,0,0
1598.521124696778,0,0,0
1997.7971619660016,0,0,0
610.4398508926483,0,0,0
644.5634470898362,0,0,0
487.84331136380456,1,0,0
3402.382283935487,1,0,0
1194.5713180879818,0,0,0
86.89109281468552,1,0,0
1987.4796762325902,0,0,0
655.0038568828442,1,0,0
71.23170411325997,1,0,0
797.8795716699965,1,0,0
539.8499144592432,0,0,0
2101.6822824396177,0,0,0
228.1493137755422,0,0,0
1751.3737205241441,0,0,0
815.7413262354238,0,0,0
56.158058940763915,0,0,0
3570.041022711964,1,0,0
718.7014146510949,0,0,0
343.7260781550874,0,1,1
633.7597321774264,0,0,0
1950.9271980472288,0,1,0
363.7040537571317,1,0,0
214.03069541003956,0,1,0
138.1951044775152,0,0,0
353.6216078176968,0,0,0
1514.346333976052,1,0,0
637.9516038605493,0,0,0
258.0994565048401,1,0,0
181.7437233035852,0,0,0
404.55973284963045,1,0,0
2812.1510585578067,0,0,1
420.111919756408,0,0,0
4433.242117742316,0,0,0
664.0359653935747,0,0,0
197.43184633364993,0,0,0
2217.693469201768,0,0,0
616.8444544634482,0,0,0
1236.7416994390526,0,0,0
4117.301050112322,1,0,1
51.47789070858623,1,0,0
101.69453224685198,0,0,0
1274.598227209873,0,0,0
331.0420116300214,0,0,0
203.710351255344,0,0,0
40.157506820000116,1,0,0
22.08888501872862,1,0,0
1489.3712778192282,0,0,0
144.37098920670434,0,0,0
630.586769538705,1,0,1
931.1425135641063,0,0,0
559.2315127740618,0,0,0
27.480814660305224,1,0,0
1530.171671923533,0,0,0
10.56887890164542,0,0,0
1435.0220836242768,1,0,1
2237.7762376637056,0,0,0
567.113688923094,1,0,1
766.8851632250164,0,0,0
648.1420613442203,1,0,1
492.99981612267186,1,0,0
2184.1314855133032,0,0,1
2243.6891236837578,1,0,0
409.19660846637265,1,0,0
954.6931403682532,0,0,0
2616.0303669054815,1,0,0
3271.709751245029,1,0,0
711.2277339379046,0,1,0
602.9862449957474,0,0,0
326.6922591881926,0,0,0
3191.0630409427417,0,0,0
154.1007029611346,0,0,0
867.0948786926994,0,0,0
332.05239306205243,0,0,0
327.12764016523215,0,0,0
519.1410805043449,0,0,0
6719.564161523771,0,0,0
56.53469798623353,0,0,0
864.0347192819105,1,0,0
86.18134850617398,0,0,0
167.85174724564294,0,0,0
579.0383385345261,0,0,0
714.28937261925,0,0,0
299.47454226575405,0,0,0
380.4659047767808,1,0,0
90.98327664737926,0,0,0
361.28524627551957,1,1,1
3397.9558226125087,0,0,0
2895.115863495324,0,0,1
407.7852327224315,1,0,0
845.9579431278556,1,0,0
2403.460029597596,1,0,0
6.203021661939664,1,0,0
1664.3354328668572,0,0,0
2963.6437182826344,1,0,1
95.76859262634184,0,0,0
176.07830972219597,1,0,0
3237.7096422818277,0,0,0
771.1955228569482,0,0,0
14.298370709509134,1,0,0
297.91020022182573,0,0,0
597.7345955789542,0,0,0
1180.6108686439713,0,0,0
1321.107468233715,1,0,1
5386.38666849705,1,0,0
338.9910853962133,1,0,0
772.6669123908865,1,0,0
762.1190833944655,0,1,0
520.2789315584359,0,0,0
185.32032120778896,0,0,0
3792.3113056780694,0,0,0
1919.482755887859,0,0,0
689.818782416101,0,0,0
924.4373826138893,0,0,0
257.8140022581277,1,0,0
784.7956275601018,0,0,0
1187.3455829771035,1,0,0
723.9508357859228,1,0,0
4634.101755230337,1,0,1
945.0546149855405,1,0,0
463.5822307736845,0,0,0
1479.0766602183064,1,0,0
186.88697637845186,1,0,0
485.3460261430333,0,0,0
426.1152885537697,1,0,0
565.2942966301168,0,0,0
1522.2507530684265,0,0,0
661.9839033874896,0,0,0
1579.9492595751158,1,0,1
859.175562493918,1,0,0
418.6558770205241,1,0,0
1660.619337729086,1,0,0
272.188940651747,0,0,0
254.0964112951039,0,0,0
702.193826450164,1,0,0
302.25338149362375,0,0,0
9.128573888656558,0,0,0
1044.969708815518,0,0,0
715.5846718672418,0,0,0
589.7205998370383,1,0,0
3410.2940699068276,0,0,0
846.7627661557925,1,0,0
1990.929528330529,1,0,0
150.1838337478074,0,0,0
842.1263364341424,0,0,0
2024.7990253577082,0,0,0
874.9227039290429,1,0,0
1265.898486354061,0,0,0
465.284490417675,0,0,0
97.00608578105192,1,1,1
612.3053371304392,0,0,0
501.66667996848213,1,0,1
2017.8587522588205,1,0,0
279.7076890024286,0,0,0
3403.226264506965,1,0,0
3173.3796466924387,0,0,0
284.5292386217832,1,0,0
427.79040654551585,1,0,1
2259.1017553803117,0,0,0
3399.86489669791,0,0,1
585.9786853873908,1,0,1
387.1298003885736,0,0,0
746.7463171522045,1,0,1
1164.0126414462554,0,0,0
319.4817179565926,0,0,0
1333.6001120802155,1,0,0
53.03940438718154,0,0,0
50.5509308122376,1,0,0
488.2290358062499,0,0,0
436.14061536654003,0,0,0
379.26127023876853,1,0,0
675.3460896468937,0,0,0
386.7418606498844,1,0,0
213.51247744299522,1,0,0
370.2952073058832,1,1,0
3685.0576788188864,1,0,0
529.5216724374391,0,0,0
588.2697799283968,1,0,0
859.3080041840839,0,0,0
4094.7907666100687,0,0,0
276.54601110677487,0,0,0
1143.44892650929,0,0,0
1258.7271462934225,1,0,0
934.7714960388029,0,0,0
92.74963440079735,0,0,0
1129.7076030472879,0,0,0
66.2409946287563,0,0,0
906.6935563182682,1,0,0
1345.464087165402,0,0,0
236.95079741946245,0,0,0
1842.7707457617942,0,0,0
30.824021993599406,0,0,0
1856.7003987341732,0,0,0
616.7956781969939,0,1,1
245.3737461825311,0,0,0
143.61421961938277,0,0,0
3064.164607508018,0,1,0
75.44103152392309,1,0,1
222.01096784897427,0,1,1
427.4382809073824,1,0,0
968.2022408988972,1,0,0
787.0207803470636,0,0,0
134.2670830781798,1,0,0
342.107260823604,1,0,0
272.795786510522,1,0,0
240.21704555933255,0,0,0
529.5741788075499,0,0,0
1217.5020890595358,0,0,0
245.2012078556946,0,0,0
456.7776864231982,1,0,0
495.80143235372697,1,0,0
3748.9067553667564,0,0,1
3093.7058483875917,1,0,1
1610.1260629157196,1,0,1
276.6220220129904,0,0,0
70.46250167707582,0,0,0
381.1200745319289,0,0,0
310.3293291023623,1,0,1
705.0695709406195,1,0,0
1503.8530172563103,0,0,0
1954.205028797643,0,0,0
1863.453677968022,1,0,0
445.78029548790033,1,0,0
1162.3010700110074,0,0,0
375.17967311876157,0,0,0
62.839211899226314,1,0,0
1209.204015291822,0,1,1
9.876161699253505,0,0,0
526.248255940149,1,0,0
399.551531771512,0,0,0
1182.1380553414715,1,0,0
1453.4837431308588,0,0,0
362.5415991157512,0,0,0
1669.3313158941353,0,0,0
348.02214547138766,0,0,0
591.1798632695978,0,0,0
1298.3513506207153,1,0,0
1180.6477254887482,0,0,0
4371.55939286399,1,0,0
255.1000443984755,0,0,0
1085.6503987174065,0,0,0
940.7932524898305,0,0,0
2466.2629819439508,1,0,1
170.03195424467847,0,0,0
1393.5130073144774,0,0,0
839.9516810523486,1,0,1
321.12286103701894,0,1,0
643.2812412387727,0,0,0
406.1302248539729,0,0,0
865.8671471970725,1,0,0
2198.230580519771,0,0,1
842.3550598058522,1,0,0
998.9183271273994,1,0,0
731.3639198622728,1,0,0
52.520896472725404,0,0,0
265.08408376392214,1,0,0
677.2772358033138,0,0,0
371.404730475815,0,0,0
200.60398383999163,0,0,0
701.4472145775823,1,0,0
389.8030905050024,0,0,0
298.55111800095204,0,0,0
623.5939120134726,1,0,0
143.0442199540243,0,0,0
2627.563895953608,0,0,1
2022.6990652752322,1,0,1
1229.7029562543073,1,0,0
112.28871316461363,0,0,0
1495.5614060910038,0,0,0
1650.0376822159092,1,0,1
1460.0038428355447,0,0,0
120.99982699549116,0,0,0
1032.566033985309,1,0,0
1797.7260081696056,0,0,0
861.2189130065929,0,0,0
1039.609805981671,0,0,0
613.1601287606567,0,0,0
752.2759764356404,1,0,0
34.98164340451963,0,0,0
1018.7748936881085,0,0,0
84.95590498342368,1,0,0
570.9553788599751,0,0,0
346.23689281470223,1,0,0
788.398852541655,0,0,0
143.19661998462757,1,0,0
1176.4983799247518,0,0,0
1584.8015791272337,0,0,0
178.35477457975986,0,0,0
110.16435491942528,1,0,0
157.25689570984792,1,0,0
2096.6085503639165,1,0,1
751.1773521072406,0,0,0
629.723648305585,0,0,0
112.84603919401594,1,0,0
1048.554376308141,1,0,0
2024.950264696681,1,0,0
1761.3420220777934,0,0,0
983.6457729649994,0,0,0
78.26290217339418,0,0,0
119.23073864586061,0,0,0
50.56617681195948,1,1,0
297.70441744109667,1,0,0
145.79076650342594,0,0,0
301.1700141513138,0,0,0
486.2274151745636,0,0,0
2864.4020229109,1,0,0
942.5732609026779,1,0,0
1801.6509430520837,0,0,0
1239.087162576117,1,1,0
119.35028499273858,0,0,0
1331.5047302673324,0,0,0
321.7200217866131,1,0,0
1019.1761104201651,1,0,0
416.9740430229774,1,0,1
6062.858841701481,0,0,0
305.91594300613957,0,0,0
327.29711615012036,0,0,0
2668.9101002710668,0,0,0
24.953161282464986,0,0,0
1192.9965572421172,0,0,0
1292.1717616131734,0,0,0
1810.1999184618192,0,0,0
3666.6996795108043,1,0,0
3713.2508037375296,1,0,1
67.5047909066137,1,0,0
1725.069454698212,0,0,0
1039.3342681449662,0,1,1
1042.2569112326948,0,0,0
137.36722760166387,0,0,0
1050.357028807778,0,0,0
4044.5594989145757,0,0,0
2428.3588771318346,1,0,0
578.2673075469968,1,0,0
40.76780149507192,0,0,0
449.87711715131957,1,0,0
1750.9456695605757,0,0,0
1208.982335987063,1,0,1
614.9714248845542,1,0,1
56.677801873499845,1,0,0
556.685858065787,0,0,0
633.0402262968448,0,1,0
2638.834814891399,0,0,1
1024.6727621079945,0,0,0
373.4620866502432,1,0,0
745.1107299407693,1,0,1
68.3380585903191,1,0,0
3596.0536541812794,0,0,0
446.3807037756296,1,0,1
649.833614018005,0,0,0
438.94532926848046,0,0,0
1147.3144065797576,1,0,1
1085.396478458099,0,0,0
1256.3976528167407,0,0,0
312.1704530352204,0,0,0
379.3128021166588,1,0,0
133.81855510453028,1,0,0
1065.6901347996493,0,0,0
40.61069115435526,1,0,1
910.5132922741201,1,0,0
2037.884213244392,1,0,0
2214.8686572717234,0,0,0
596.0890027945429,1,0,0
614.89750379938,1,0,0
80.09265717967772,0,0,0
1110.983574762367,0,0,0
1721.8198001833352,0,0,0
280.580752753342,0,0,0
546.9725938757089,0,0,0
1825.3535032869072,0,0,0
2096.55081543546,0,0,0
278.6298084551103,0,0,0
799.7765776660357,0,0,0
213.8037417365647,1,0,0
107.45021326639204,1,0,0
2420.473774890319,0,0,0
1717.6218782347264,0,0,0
1427.2617903951584,0,0,0
49.99552507890129,0,0,0
1856.162272921303,0,0,0
576.3318590419015,1,0,0
419.1510193550425,0,0,0
790.7078851523114,1,0,0
95.79886618797855,1,0,0
1413.2403630308565,0,0,0
873.3152423216204,0,0,0
206.52011060546263,0,0,0
208.5409400216103,0,0,0
203.64569051917434,0,0,0
58.69152822031951,1,0,1
886.2428486980283,1,0,0
1834.759944844268,1,0,0
17.653117415832128,0,0,0
50.24610075075022,0,0,0
850.433416712856,0,0,0
1712.0005978165093,0,0,0
395.62204622884997,0,0,0
430.1898593818507,1,1,0
907.1984360990504,0,0,0
320.49854286752935,1,0,0
26.968776316331805,1,0,0
1328.8881574772895,0,0,0
982.5638577462422,1,0,0
869.3021873988661,0,0,0
1353.5721366789987,0,0,0
1124.6406184348823,1,0,0
230.52319928093482,0,0,0
434.6072147068758,1,0,0
134.80093149507732,1,0,0
139.0977284446424,1,0,0
1127.6161011866511,1,0,0
1956.163282114705,0,0,0
3289.6358960708026,0,0,0
989.7949720207693,0,0,0
203.46510251334672,0,0,0
111.65846779993755,0,0,0
1675.850035864825,1,0,1
864.5441715821153,0,0,0
963.081077175991,1,0,0
1520.7957726536276,1,0,0
1214.9570028020225,0,1,1
1798.5318673707038,0,0,0
57.8557332799298,0,0,0
1376.4257632959036,0,0,0
1902.821255098704,0,0,0
337.0614696265288,0,0,0
1022.8944477442632,1,0,0
377.1139238267266,0,0,0
3169.3970046019153,1,0,1
33.99490682848674,1,0,0
867.0074603329945,0,0,0
182.12583240863995,0,0,0
1245.5596926124358,1,0,0
193.45160674555427,1,0,0
268.38056664156727,0,0,0
681.9517064981525,0,0,0
2463.1641405374735,0,0,0
237.89478290788642,0,0,0
155.76534066186258,0,0,0
1422.862216726235,0,0,0
694.3870135031269,1,0,1
2427.9795363560047,0,0,1
158.54396621277056,0,0,0
1038.2546945654537,0,0,0
265.11092308046227,1,0,0
170.5041723289947,0,0,0
1150.209045381812,1,0,0
900.6256226776636,0,0,0
1405.7930647238663,0,0,0
370.2851098406572,0,0,0
594.1558868895468,1,0,0
519.9869211441636,0,0,0
4140.773745591833,1,0,1
345.66288093877773,1,0,0
349.2982733782499,1,0,0
437.8047559594562,0,0,0
831.4765365449189,1,0,1
290.7838704087679,0,0,0
2468.5209167173443,0,0,0
308.81795635781094,0,0,0
2261.5941357266684,1,0,0
109.22917109409774,0,0,0
1068.7507237191176,0,0,0
2375.0000822335055,0,0,0
184.82401140114894,0,0,0
3452.2894362762613,0,0,0
603.0932642193319,0,0,0
2913.5093309244207,0,0,0
1129.5459704403559,0,0,0
358.9444743378659,1,1,0
208.62757587292683,0,0,0
362.0250103771713,0,0,0
97.63202338712917,0,0,0
155.33066980890385,1,0,0
110.55223639892971,0,0,0
549.8151727917913,0,0,0
1587.5706349446998,0,0,0
152.43296918962812,1,0,0
139.63044916895552,0,0,0
1031.2217588937724,0,0,0
219.62846393892855,0,0,0
102.70852209120488,0,0,0
182.53987447021748,0,0,0
2573.4939047536727,1,0,1
1723.0056418565403,0,0,0
437.0557219201942,1,0,0
1066.592732084178,0,0,0
770.6238097116965,0,0,0
1130.4877464462068,0,1,1
1147.8166688708511,0,0,0
990.836532714697,1,0,0
309.3843641791573,0,0,0
39.787551369043165,1,0,0
608.0099924140658,1,0,1
2216.1678354565493,0,0,0
842.8015870012388,1,0,1
1786.1216418966364,0,0,0
4782.425751957566,0,0,0
178.66768528615341,1,0,0
1176.9338056519866,0,0,0
1121.7588361608691,0,0,0
3909.7978508358096,1,0,0
4240.578042643611,1,0,1
1160.5258156366965,0,0,0
279.204498156098,1,0,0
1602.2430483087758,0,0,0
113.2013237341953,1,0,1
1517.3114506113388,0,0,0
2410.127143633191,1,0,0
482.61626684036275,0,0,0
995.9707625687813,1,0,0
562.3693566980703,1,0,1
575.835464825132,0,0,0
371.60134635328717,0,0,0
1436.0293774129016,1,0,0
2751.6348232681753,1,0,1
2826.0040009194945,0,0,0
192.1068185401972,0,0,0
2077.3928389576504,1,0,0
1337.2430555351211,0,0,0
291.4724477772956,0,1,1
69.65517603524845,1,0,0
311.971031263285,0,0,0
2432.787595743212,0,0,0
1002.8804020557984,0,0,0
1276.7394335517256,1,0,0
297.2643038887683,0,0,0
1270.7829011384242,1,0,0
28.524488794425846,1,0,0
470.5179147046567,0,0,0
985.5158139154206,1,0,0
157.93716599131582,0,0,0
1731.6257412276723,1,0,1
267.9203594722127,0,0,0
1056.3609211055277,1,0,1
519.5252603984793,0,0,0
906.4483164417832,0,0,0
113.67336364613479,1,0,0
17.057454652931803,0,0,0
2403.1175865554865,1,0,1
314.20403593311516,0,0,0
1713.005607158773,0,0,0
7339.000566875333,1,0,0
237.53569565479,0,0,0
308.11710768507623,1,0,0
1087.2563747276574,0,0,0
3365.308210030412,0,0,0
2474.7307783204615,1,0,0
698.9148216013418,0,0,0
1585.2834081430324,0,0,0
145.8884019274092,1,0,0
3791.4963681804143,0,0,0
3334.0968525337607,0,0,0
178.80250537994095,1,0,0
355.85117590467246,1,0,1
105.53274994126224,0,0,0
317.0663924030789,0,0,0
1692.579275317191,1,0,0
475.32272203556323,0,0,0
92.55065465997541,0,0,0
418.89314923164926,1,0,0
3983.6980909056792,0,0,0
993.3974908264565,0,0,0
538.129927297913,1,0,0
182.16778481419556,1,0,1
4281.406742462024,1,0,1
1719.5263050378626,0,0,0
330.55798377540503,0,0,0
72.64456192996025,1,0,0
58.29199921078439,0,0,0
128.2631792111805,1,0,0
869.3322051155536,0,0,0
2641.748845373203,1,0,0
686.6551554436495,0,0,0
1851.1622884076662,0,0,0
590.3859558815344,0,0,0
1233.0019206786894,1,0,1
1316.2935503107585,0,0,0
191.11656684213847,1,0,0
448.1890022431437,0,0,0
1014.1851785009314,0,0,0
73.32001456471235,1,0,0
448.6965463877523,0,0,0
765.2867110493617,0,0,0
5579.220612486673,0,0,0
643.4689586827807,1,0,0
1693.1280315353633,1,0,0
565.7523269022081,0,0,0
1591.5524286430596,0,0,0
904.8929382595186,0,0,0
2176.79369010487,1,0,1
529.2315658763624,0,0,0
927.1101002803287,1,0,0
994.3027627774298,0,0,0
540.225155449243,1,0,0
155.84950631825149,0,0,0
98.22978531124464,1,1,0
16.812085040206675,0,0,0
2067.783871103267,0,0,1
269.80929597487557,1,0,0
237.63143226281562,1,0,1
1331.9402773500024,0,0,0
385.6861768094852,1,0,0
705.3102363562191,0,0,0
177.3472276656689,0,0,0
3212.538981685402,0,0,0
1907.7186192917898,0,0,0
1993.5546984847479,1,0,1
522.1794157730675,0,0,0
1437.0034628429898,0,0,0
155.34023502232128,0,0,0
8.656361011053939,0,0,0
20.17508788060096,1,0,0
883.3438344635726,1,0,0
607.6943437512392,0,0,0
729.8430096471216,0,0,0
7.491128991723804,1,0,0
549.3700397326483,0,0,0
1266.0899436457512,0,0,0
584.6402834969434,0,0,0
1317.5865671626402,0,0,0
265.29320334016114,1,0,0
1677.4063328595237,0,0,0
887.7791779354786,1,0,0
236.68874899555976,0,0,0
270.1309659716003,0,0,0
988.9433220666194,1,0,0
1771.601571003615,1,0,0
537.2171396421202,1,0,0
298.8110088127895,0,0,0
2017.493424573146,1,0,1
1106.4477813737863,0,0,0
594.3621129648129,0,0,0
669.2357418441129,1,0,1
228.47834095400026,1,0,1
985.647857367232,1,0,0
444.3242031000813,1,0,0
5436.4712376634425,0,0,0
654.2794436606218,0,0,0
665.3094822375598,1,0,0
834.3692995187889,0,0,0
2485.9792622560963,0,0,0
1613.5368007096592,0,0,0
599.8937868504368,0,0,0
1268.3309540791226,1,0,0
882.4583046410203,0,0,0
677.9966293726645,0,0,0
213.58410474777548,1,0,0
623.5022135159871,0,0,0
282.1223391480873,1,0,1
2463.2486841282002,0,0,0
408.5801751399959,1,0,0
3042.069753215484,0,0,0
761.5444225294775,0,0,0
998.4350052052564,0,0,0
782.9415781745412,0,0,0
138.55038611763797,1,0,0
471.31844364819403,0,0,0
104.41220131407042,1,0,1
975.388200245351,0,0,0
592.1698082161454,1,0,0
1505.0102037746924,1,0,0
249.06472205362644,0,0,0
179.80399861983346,0,0,0
521.4354274792678,1,0,0
2611.6322244729954,0,0,0
1239.3299493894106,0,0,0
542.873076024237,1,0,0
728.3022826106168,1,0,0
87.97148630394105,1,0,1
4171.8238227828515,0,0,0
1097.8345053047815,0,0,0
336.038026752755,1,0,1
881.4265963178634,0,0,0
115.95237416773537,0,0,0
3376.6023974738737,1,0,1
192.11130585570825,0,0,0
1044.2102379321902,0,0,0
281.63964810765987,1,0,0
1264.294035716798,0,0,0
1499.782784420787,0,0,0
1119.0795072251306,0,0,0
953.212685863501,0,0,0
2229.9769746132633,1,0,0
81.89001647048279,0,0,0
401.8438215585191,0,0,0
285.40131486564866,0,0,0
4424.012812043892,1,0,1
493.2964606407559,1,0,0
1319.0571069917871,0,0,0
1154.3105249436946,0,1,1
238.36028768413502,1,0,0
273.11887278285207,0,0,0
330.28977644847475,0,0,0
529.545210803004,0,0,0
266.99756700097925,0,0,0
19.847140688670827,1,0,1
2115.218424266621,1,0,0
3369.984551406164,1,0,1
417.897653461169,1,0,1
413.2556952173689,1,0,0
7.117079205984536,1,0,0
1140.217991239729,0,0,0
1745.4861596738422,0,0,0
158.5366345000549,1,0,0
173.95626287471563,0,0,0
1561.0442552986117,0,0,0
957.8701703549252,0,0,0
45.89793620499067,0,0,0
974.3091960868718,0,0,0
369.49639261205766,0,0,0
460.0139414971132,0,0,0
1468.508904809296,1,0,0
1665.665426785749,1,0,0
511.42017854504417,1,0,0
2940.353121782458,1,0,0
521.655249638398,0,0,0
1477.6907647600528,0,0,0
661.4106824130387,0,0,0
2278.207910849886,1,0,1
2383.374885876522,0,0,0
91.47602822482632,1,0,0
2756.6103598609698,0,0,0
1746.030222148782,1,0,1
1566.9088045621531,0,0,0
224.28337527370283,1,0,0
1635.367234301898,0,0,0
1898.0052745393984,0,0,0
341.2943123994518,0,0,0
3041.9872995123424,1,0,0
51.14609090584548,0,0,0
162.41217431059465,1,0,0
771.2841710448314,1,0,1
857.5324885939447,1,0,1
1036.0603487607946,0,0,0
17.114754765994377,0,0,0
3228.0874878124837,0,0,1
45.61271498288456,1,0,0
154.38965322309528,1,1,0
14.113648145154341,1,0,0
836.6906605206098,0,0,0
2692.1800594457327,0,0,0
1096.4561131275943,1,0,1
1729.6722101825023,0,0,0
13.370187395304686,1,0,1
780.9194982199996,0,0,0
615.3771658155213,0,0,0
691.0851963529035,1,0,0
74.95329816360979,0,0,0
1153.3917402336508,0,0,0
699.6088419178135,1,0,1
1448.80336918778,1,0,0
664.1528756009293,1,0,0
161.79170719559096,1,0,0
1044.8543531271234,0,0,0
189.20885439824713,0,0,0
2058.8123020419102,0,0,0
949.630990421305,0,0,0
171.03020498506683,0,0,0
3279.1051766586825,1,0,1
730.5696752151296,0,0,0
75.692174509366,1,0,0
985.7289822107595,0,0,0
291.95640375486147,0,0,0
1628.0778205245576,0,0,0
1702.7714516941885,1,0,0
3860.729114137212,0,0,0
696.893250375225,0,0,0
606.8903676830765,1,0,0
1400.2943266900159,0,0,0
142.1059421907458,0,0,0
791.6766671208309,1,0,1
790.2036044492414,0,1,0
93.73186109627052,0,0,0
541.2574871347138,1,0,1
1919.261976619523,0,0,0
1939.0093682703646,0,0,0
104.51383521476149,0,0,0
95.10317225448017,0,0,0
304.75427946301187,0,0,0
2077.5717911851802,0,0,1
138.00146575840964,0,0,0
1272.954256690394,0,0,0
106.65648797073594,1,0,0
975.875818212531,1,0,1
440.161060076273,1,0,0
1555.4894701613512,0,0,0
266.1690770685294,0,0,0
1019.4365611778085,0,1,0
268.7720454647362,1,0,0
1250.57635177767,0,0,0
2068.9213499470284,0,0,0
135.59271469184236,0,0,0
2014.370826648837,0,0,0
900.3564948429715,0,0,0
135.9462957195433,0,0,0
557.8156560250175,0,0,0
175.37807086470178,1,0,1
1205.133106771773,0,0,0
1422.4113350374882,1,0,0
111.82192374809163,0,0,0
705.5029044960639,0,0,0
1685.3747807542534,0,0,0
2751.4229703182405,0,0,1
720.5551030906233,0,0,0
3001.332397244468,0,1,1
767.2006290284822,0,0,0
501.1896898549628,0,0,0
1885.2120239358592,0,0,0
679.2101743118284,0,0,0
638.4743732372303,0,1,0
673.9574653890302,0,0,0
1875.9131274448928,1,0,0
1783.4433939625092,0,0,0
516.7095542509633,0,0,0
405.41489917444153,1,0,0
677.1321564776775,1,0,0
850.438643540198,1,0,0
272.2513548749383,1,0,0
1579.6610985976004,1,0,1
666.4716878250679,1,0,1
406.53400180148077,0,0,0
112.9682623868175,1,0,0
272.9184732281616,1,0,1
2981.4580715645056,1,0,0
363.98687797772413,1,0,0
184.95617158605896,0,0,0
617.4328266877546,0,0,0
366.8519016038897,1,0,0
35.79221744923668,0,0,0
390.2985302298053,1,0,0
785.5007082379248,0,0,0
802.3202258370031,1,0,0
440.9248197386067,1,0,0
592.9449070426361,0,0,0
3367.3154589873475,0,1,0
473.768270190911,0,0,0
298.7117607918307,1,0,1
279.0091830102768,1,0,0
612.0550779169814,0,0,0
1425.1189713947633,0,0,0
230.65693647100898,1,0,0
1235.4501489768732,1,0,0
21.376685292130954,0,0,0
542.8891724733496,0,0,0
1495.507021002051,1,0,0
413.59752037536197,0,0,0
829.5102390152555,1,0,0
229.38704243742595,0,0,0
1354.777830368031,1,0,0
53.69523280581069,0,0,0
1914.2162628048736,1,0,0
220.89157195134462,0,0,0
2074.637353958813,0,0,0
434.681646737881,0,0,0
1282.596094340716,1,0,0
384.52386132376466,0,1,0
2363.5212702069534,0,0,0
135.40414572486227,0,0,0
196.6474309886321,0,0,0
679.3036956154765,0,0,0
85.49083073875873,0,0,0
218.1313642135448,1,0,0
2878.240519640716,1,0,1
3750.3150034284185,1,0,1
472.02058887062316,1,0,0
2567.671331856038,0,0,0
787.0726060607684,1,0,0
314.3580205799249,0,0,0
1212.0006785882092,0,0,0
1075.5848858918712,0,0,0
4521.318045769716,0,0,0
307.9491184502587,0,0,0
1114.9230976089498,0,0,0
53.425835089013134,1,0,0
120.6389033008978,0,0,0
3.926071895142886,0,0,0
7525.203436032188,0,0,0
1620.871513383434,0,0,0
1545.1635577488867,0,0,0
712.7910140524151,0,0,0
356.77078125303814,0,1,0
164.00743025106448,1,0,0
335.01792902438757,1,0,0
471.55879297284145,0,0,0
1411.858751217078,0,0,0
775.7938181417403,1,1,0
80.6501542336196,0,0,0
18.19351175536264,0,0,0
107.95518950794377,0,0,0
528.4783769839865,1,0,0
2705.946171860229,0,0,1
1014.4618235122163,1,0,0
1618.6093410817166,0,0,0
628.0611740158921,0,0,0
448.8937519811549,0,0,0
114.73809550171603,1,0,0
2086.9337155425405,1,0,1
1528.5956584578505,0,0,0
184.0647924639988,0,0,0
717.9739580963648,0,0,0
668.2103205735584,0,0,0
981.0734233162785,0,0,0
2922.238235371163,0,0,0
866.9565294405699,1,0,0
777.0012201607433,0,0,0
51.63328158155662,0,0,0
64.97325670727882,0,0,0
207.45081803342396,0,1,0
33.00964439678932,0,0,0
1360.0532722136845,1,0,0
1284.9309175001374,0,0,0
146.24759844401152,1,0,0
1808.3700693350845,0,1,0
168.16547047814728,0,0,0
358.35576572479766,0,0,0
286.31886758637756,1,0,0
465.7042425851867,0,0,0
293.9198414641747,0,0,0
671.2896590224158,0,0,0
523.2489435508993,1,0,1
4310.226352511047,0,0,0
57.551096947990615,0,0,0
153.36259623197114,0,0,0
54.27235254511537,0,0,0
983.0749593433283,0,0,0
56.05120310915178,0,0,0
1810.5737778139796,1,0,0
717.3141242363849,0,0,0
748.6760102428195,1,1,0
824.6110153980522,1,0,0
187.31042811116805,0,0,0
220.26058993695662,0,0,0
383.92476045383313,1,1,1
900.1625328667255,1,0,1
235.87142810374078,1,0,1
123.67354370907596,1,0,1
3510.4617212825465,0,0,0
22.227014856001656,1,0,0
1623.0167151835853,0,0,0
1551.3348179386242,0,1,0
352.70300517747205,0,0,0
145.75044613225282,1,0,0
157.38933978565646,0,0,0
1195.4479683386385,1,0,0
1029.477882238987,1,0,1
1526.6866036488427,1,0,0
2772.287525989601,1,0,1
1177.419690262897,0,0,0
169.42689529567184,1,0,0
278.97689504871994,1,0,1
1846.3871430522527,1,0,0
234.84433405544215,1,0,0
75.2865461964761,0,0,0
1214.9665279329647,0,0,0
515.0451057562609,0,0,0
2526.229426502525,1,0,0
1050.551164737262,0,0,0
94.77120065051477,1,0,1
2953.757035544998,0,0,0
299.1573471431959,1,0,0
411.30083851720286,1,0,0
514.6000942652068,0,0,0
52.582858575315754,1,0,0
686.2021973434835,1,1,1
131.61151228938672,0,0,0
512.4441440107728,0,0,0
431.8754942649553,0,0,0
1482.1010312317478,1,0,0
1625.417466324188,0,0,0
166.54216762942926,0,0,0
456.5760833998401,0,0,0
467.3721522712178,0,0,0
164.17965354404888,1,0,0
1601.735180049913,1,0,1
1228.3622513549935,0,0,0
211.1924835392398,1,0,0
456.84563039542974,1,0,0
111.83143458578239,0,0,0
989.4169475129024,0,0,0
129.3935931918604,1,0,0
4264.006729289723,1,0,1
1517.232888129288,1,0,1
494.68746319239136,0,0,0
864.0871910500847,1,0,0
2422.966935059001,0,0,1
807.658953525891,1,0,1
191.7641820657373,1,0,0
475.94662283027566,1,1,1
1852.4326067859863,1,0,0
1033.4230867400067,0,0,0
1051.893938749553,1,0,0
2016.0648378543685,0,0,0
2244.062042285001,1,0,0
2523.1391471947113,0,0,0
99.65371187533157,1,0,0
785.5388277457018,0,0,0
1349.0352676786702,1,0,0
1414.3928320876785,0,0,0
933.223795333167,0,0,0
182.46636949921734,1,0,0
1596.623143161346,1,0,0
1273.3633745807947,0,0,0
90.07326511467504,0,0,0
623.2663761276578,0,0,0
191.1331444817253,1,0,0
411.70007374156734,1,0,0
18.246552658334124,1,0,0
511.37555563540315,0,0,0
798.2342250726595,0,0,0
966.4861891767073,1,0,0
1089.1284382694687,0,0,0
1809.6667300536799,0,0,0
242.66142593283737,0,0,0
128.3810469549652,1,0,0
1907.4206678845615,1,0,0
170.32913210886144,0,0,0
3679.328463826016,1,0,0
1848.5725765198076,0,0,0
694.9019310135927,0,0,0
3985.7462397120253,0,0,0
102.45000985644751,0,0,0
361.06422156098716,0,0,0
1016.7311904444863,1,0,0
430.7934830300976,0,0,0
2636.2769262526494,0,1,1
67.8785870087861,0,0,0
797.2015097862858,0,0,0
893.7132017998028,0,0,0
1057.647300850289,0,0,0
295.2657201969404,1,0,0
453.4477217780776,1,0,0
1855.8534790312865,1,0,0
216.8419096436577,0,0,0
1753.7000869278752,1,0,0
827.033888650658,0,0,0
1436.272777997175,0,0,0
1250.391564420102,0,1,1
232.577278553416,0,0,0
841.2127970078872,1,0,0
2022.8582254819823,0,1,0
565.8385234599873,0,0,0
3398.9230765552593,0,0,0
601.8725875234385,1,0,0
154.0672594193694,1,0,0
493.369997015077,0,0,0
3030.3735413150066,1,0,0
385.25204937380676,1,0,1
2025.6972683862261,0,0,0
2130.740576562935,1,0,1
431.06991778420934,0,0,0
86.92882554323832,0,0,0
1289.3778690672982,1,0,0
373.2578244646098,0,0,0
1527.5059793523485,0,0,0
584.5705689560859,1,0,1
664.1064587952707,0,0,0
1504.6699026416272,0,0,0
481.8549087530512,0,0,0
585.4186923446787,0,0,0
471.91019562029163,0,0,0
457.8229404056283,1,0,0
746.4352566790662,0,0,0
1654.4323730403469,1,0,0
449.0539141026324,0,1,1
742.872695162486,1,0,0
1110.8690734334095,1,0,1
313.9431577342576,0,0,0
325.06942337244357,1,0,0
2709.2478233173115,1,0,0
1285.6695050099072,0,0,0
860.8245122926813,0,0,0
1043.3291195260188,1,0,0
29.73724455794852,1,0,0
962.6042500641286,0,0,0
712.34809030182,0,0,0
789.1068667626502,0,0,0
445.38723705207184,0,0,0
84.98495634527711,1,0,0
214.852062921371,0,0,0
3010.7385711896027,0,0,1
525.4310358730866,1,0,0
628.6395770831904,0,0,0
54.149780634614125,0,0,0
38.29002510353262,0,0,0
1262.9497426093292,0,0,0
772.3953095904596,0,0,0
710.7125202527044,0,0,0
278.5565442590107,0,0,0
1365.5146882682957,1,0,0
184.20722848603805,1,0,0
210.64047117925077,0,0,0
617.5058456833166,0,0,0
337.26435722263346,1,0,1
284.3050891945535,0,0,0
1036.30713494618,1,0,0
1052.6024007975489,1,0,1
1740.2135046239089,0,0,0
540.7842125484676,0,0,0
75.8935094591295,0,0,0
319.74584480500135,0,0,0
3912.2962025839365,1,0,1
906.9806436372656,1,0,1
1236.9681625845128,0,0,0
7.385031969425602,0,0,0
730.2380863036913,0,0,0
38.25098732247009,0,0,0
842.181466362131,1,1,1
2535.410987728715,1,0,1
3455.2037372976965,0,0,0
777.7309800773883,0,0,0
612.8672184221816,0,0,0
2900.7329465774733,0,0,0
1119.6617788847723,0,0,0
67.10103307627976,0,0,0
626.845672524,0,0,0
274.75929039765356,1,0,0
634.5091357614874,0,0,0
607.8241099695139,0,0,0
872.6203246911184,1,0,0
441.25368273767515,1,0,0
179.45022237007117,0,0,0
700.6138561116621,0,0,0
1773.1509919733244,1,0,0
1090.6805127395164,0,0,0
413.0455662061055,0,0,0
2741.4470608971546,0,0,1
2432.78001496574,0,0,1
234.89786258445372,0,0,0
40.215496311193384,0,0,0
1352.1198523233413,1,1,1
1757.9974431107007,1,0,0
3437.7959932127733,1,1,1
2205.7886916943294,0,0,0
917.6285468657426,0,0,0
755.133950505363,1,0,0
28.235960383236115,0,0,0
283.2339093406837,0,0,0
615.4729710720278,0,0,0
990.2169130855343,0,0,0
814.754143080812,0,0,0
1357.2638136490334,0,0,0
328.1804122525437,1,0,1
832.3003059024983,0,0,0
92.27126970243187,1,0,0
533.8648733691773,1,0,0
1386.937899965005,0,0,0
1182.2140960742074,1,0,1
4671.602464184588,1,0,0
325.57935642692973,0,0,0
689.5323203947223,0,0,0
399.7769371310967,0,0,0
580.896065014139,1,0,0
1944.5619673465355,0,0,0
1152.6749147124845,0,0,0
2140.816571436339,0,0,0
227.54209615977766,0,0,0
2066.4156903706216,0,0,1
61.62253588162448,0,0,0
2194.621492238292,1,0,1
399.09610254281984,1,0,0
377.73462683026224,1,0,0
717.6213992322657,0,0,0
2824.9805182559135,1,0,1
48.960611610247405,0,0,0
434.2210891811812,0,0,0
1941.9220329561,1,0,0
504.271279544665,0,0,0
222.09022825010862,0,1,0
553.0273567214095,0,0,0
487.0317913667741,0,0,0
2470.012537408331,1,0,0
1435.2089111459302,0,0,0
703.430989613681,1,1,0
4454.216042922717,0,0,0
626.0074167319419,0,0,0
60.002510614285924,0,0,0
304.18323325927,1,0,0
572.8260002207045,1,0,1
170.67281655523158,0,0,0
2948.1833808536817,0,0,0
1456.0685283865173,1,0,1
312.3671923215122,0,0,0
893.5623239443269,0,0,0
1278.1546765266114,0,0,0
2834.956654154191,0,0,0
2133.985158334065,0,0,0
724.0028091621411,0,0,0
1490.1121553535597,1,1,1
825.8669114197817,1,0,0
804.534465307152,1,0,0
121.87610397398967,0,0,0
134.8324191825476,0,0,0
754.0307678277603,1,0,0
313.15243221373277,1,0,0
21.261331197272668,0,0,0
1283.1574498797454,0,0,0
33.02600062394263,1,0,1
904.5520038896955,1,0,1
774.7777020854885,1,0,0
3467.8081469049494,1,0,0
662.0616595849093,0,0,0
65.71407730269343,0,0,0
802.2657885790044,1,0,0
1839.4561063975755,0,0,0
5760.125639712095,0,0,0
562.721158567536,1,0,1
386.1019045455453,0,0,0
2371.4347277969923,1,0,0
212.25570100557,1,0,0
955.6266307466659,0,0,0
520.3953077789556,0,0,0
41.95009408073032,0,0,0
426.6200150101238,1,0,0
308.19574308300565,0,0,0
1158.6526344019271,0,0,0
2971.8301722020074,1,0,1
312.0392307307135,0,0,0
1668.4765942617596,0,0,0
56.95118266036409,0,0,0
772.4523487022352,0,0,0
73.16233417478716,1,0,1
2718.6005275459243,0,0,1
1453.9364905157763,0,0,0
1072.7980941774217,1,0,1
1736.6827164148865,1,0,0
1042.7608159525664,0,0,0
3471.9760416085123,1,0,0
1251.6164435330732,1,0,1
2585.7256216489145,0,0,0
728.0117309645198,1,0,1
124.50302892333252,1,0,1
751.1528927398087,0,1,0
135.6740614299455,1,0,0
897.6983444081587,1,0,1
658.7323443241401,1,0,0
974.3844595999843,0,0,0
10.097792590495576,0,0,0
216.71487418012995,0,0,0
675.9566518485817,0,0,0
3005.8545632917644,1,0,1
483.8738420213381,0,0,0
552.2937055209992,0,0,0
1254.2003125027056,1,0,0
925.8178644358018,0,0,0
355.1420481359635,0,0,0
529.0174216094636,0,0,0
245.51672317395818,0,0,0
3382.0261045140305,1,0,0
139.99150751418267,1,0,1
464.95524909413155,0,0,0
26.178662741660265,0,0,0
250.74536557093896,1,0,1
1516.2715670931852,1,0,1
224.6136717730347,0,0,0
83.4505271062073,1,0,0
643.3159962391616,0,0,0
10.019260310612232,0,0,0
88.57567742582314,1,0,1
1648.3132069787293,0,0,0
1476.1024227580851,0,0,0
2466.738538820195,0,0,1
1927.6852867320713,0,1,0
1149.407485778765,1,0,0
53.75195367858118,0,0,0
1527.1605556957813,0,0,0
1867.6311581706282,0,0,0
1604.8591398903225,1,0,0
710.250685793965,0,0,0
265.14050490345295,1,0,0
1866.4613067505318,1,0,0
1298.8800343725943,1,1,1
3950.8248745291266,1,0,0
169.23863003010058,0,0,0
255.7501440337658,0,0,0
238.00106695362913,1,0,1
1572.8156088659846,1,0,1
206.9101494282347,0,0,0
68.98554632446562,0,0,0
6543.672451233795,0,0,1
25.130350114741578,1,0,0
1803.2900525854966,1,0,0
454.7081502536261,0,0,0
1842.7294038461077,0,0,0
808.828531528699,0,0,0
2319.0318981262067,0,0,0
2606.301516859094,1,0,1
9.139822497407572,1,0,0
78.40723644484237,0,0,0
288.16049297110305,0,0,0
1106.590277448723,0,0,0
2191.689691718487,1,0,0
616.0786475974976,0,0,0
933.8772630256832,0,0,0
208.8707106295546,1,0,1
1634.5856522227818,1,0,0
3421.2402452289316,1,0,0
312.793314305106,0,0,0
682.8522587890998,0,0,0
90.05175116264826,0,0,0
819.020330158421,1,0,1
698.7296170977751,1,0,0
155.99494428554044,1,0,1
583.5149851435857,0,0,0
406.62275605389715,1,0,0
737.79079171612,0,0,0
881.0547149463606,0,0,0
8.531871735415614,0,0,0
1431.3167606257016,1,0,0
1248.3228618901173,0,0,0
456.15813985757796,1,0,0
54.38853820967644,1,0,0
1406.221758522542,0,0,0
3104.992839600694,1,0,1
274.6363340482561,0,0,0
390.85921597561236,0,0,0
203.11164819812078,1,0,0
860.2321026954752,1,0,0
168.2309705960842,0,0,0
440.35775267702485,1,0,1
1194.0654246732531,1,0,0
821.2441845663423,0,0,0
488.5139968524393,0,0,0
545.1576160119615,1,0,0
825.7895573292908,0,0,0
5.881992940075647,1,0,1
81.76321104909191,1,0,0
2130.802777432289,0,0,0
81.07881576375628,1,0,0
1226.912574428576,0,0,0
2526.205809496616,1,0,1
315.64762782648637,0,0,0
462.8158228253819,1,0,0
841.4648524741814,0,0,0
2134.607331993112,1,0,1
2845.685786020836,0,0,0
1345.3952423210585,0,0,0
90.60301285840528,0,0,0
1106.1027387808258,1,0,1
528.1476574635662,0,0,0
636.2017884461854,1,0,0
50.39726472645016,1,0,0
212.03317494335383,1,0,0
1563.0964941573577,0,1,1
605.0609087312271,1,0,0
359.0523987477106,0,0,0
484.5392801568471,1,0,1
1926.8888006817326,1,0,0
1382.2984251367284,0,0,0
317.8875625462011,0,0,0
124.99857540334465,0,0,0
290.34992352929845,0,0,0
2535.2292708595755,1,0,0
871.2906884079192,0,0,0
762.4548346102645,1,0,0
907.3151325819923,0,0,0
455.7509087351677,1,0,1
1645.6197533019888,1,0,1
740.8390715827052,1,0,1
124.14461829769186,0,0,0
138.18807510768477,0,0,0
769.724051944379,0,0,0
2757.8217813185797,0,0,1
368.6782992235956,1,0,0
2036.6975721761564,1,0,0
1444.3285838790794,0,0,0
284.7695751020076,0,0,0
37.0175202151218,0,0,0
107.41514178209675,0,0,0
1303.7707967543995,0,0,0
222.73080905482453,1,0,0
464.0548312913647,0,0,0
696.5513000185244,1,0,1
1292.6880628254264,0,0,0
120.17101076727734,1,0,0
521.4929938474137,0,0,0
663.7299594914072,1,0,1
778.3283729338985,0,0,0
1705.7321038928244,0,0,0
188.35354677357125,0,0,0
1649.3824369740896,1,0,0
1180.511608794534,1,0,0
811.6397998589238,0,0,0
1202.4002760720882,0,0,0
531.0584998237119,0,0,0
148.96135134272794,0,0,0
1095.9116594483146,1,0,0
743.7508321439221,1,0,1
1019.9160886323018,1,0,1
412.4878817001323,1,0,0
2373.722161699383,1,0,1
885.2036528378234,0,0,0
89.27118402130036,0,0,0
597.4806837066782,0,0,0
1412.0473601702179,0,0,0
1580.5325359212409,1,0,0
682.3992525526813,1,0,0
2251.393726698347,1,0,0
311.5219129212185,0,0,0
528.6479983624694,0,0,0
2288.651720527551,1,0,0
2265.8358590423236,1,0,0
1157.447962235766,0,0,0
1958.8574344478834,1,0,1
92.96352899619693,1,0,0
2002.4432879603733,0,0,0
386.57452387659157,0,0,0
196.41826506420756,1,0,0
273.60802655942325,1,0,0
541.2307227728146,0,0,0
289.2726762642045,1,0,0
386.49751467411903,1,0,1
145.00090076607333,1,0,0
351.2280417935832,0,0,0
849.2954214491729,1,0,0
583.1341790820541,0,0,0
425.7475551903927,1,0,0
1372.2026329787393,1,0,0
2239.7039263223132,0,0,1
1413.8268161482529,0,0,0
403.46815652041374,1,0,0
1364.3065459790491,1,0,0
164.8512737393055,0,0,0
139.62763769942,0,0,0
424.077810311421,0,0,0
1648.7109459851663,0,0,0
282.8248840364063,1,0,0
65.34248038480916,1,0,0
141.22898344117473,1,0,1
1957.1882885604794,0,0,0
1004.5300026367598,1,0,0
291.9594251223933,0,0,0
810.3459938958355,1,0,1
749.8860593177868,0,0,0
1065.4753667251664,0,0,0
265.51303740195493,0,0,0
1998.067933175704,0,0,0
370.14897244437327,1,0,1
1184.6005113627027,1,0,1
16.25606309609855,1,0,1
466.26204553887914,1,0,0
433.4168710756764,0,0,0
784.1324690863963,0,0,0
75.51724662858018,1,0,0
1561.2735331991676,0,0,0
245.62027306978027,0,0,0
1130.220036551281,1,0,0
1625.628898111523,0,0,0
825.2554862338086,0,0,0
1350.4763796278157,0,0,0
1084.2961914043326,0,0,0
439.32669064608245,0,0,0
1654.741491736908,0,0,0
349.1339770434301,0,0,0
846.794795032674,0,0,0
1368.0527128571723,0,0,0
476.3532008773319,1,0,0
360.6365057405852,0,0,0
614.9757799319291,0,0,0
1703.5480315197644,0,0,0
2658.142991712515,0,0,1
787.6412018040539,0,0,0
1083.131355050817,0,0,0
2335.8691343917,1,0,0
103.74720819725698,1,0,0
264.06786599889676,1,0,1
1234.088449706281,0,1,0
1735.8204160092264,0,0,0
1945.1136646472949,0,0,0
536.3266568340011,1,0,1
93.58556033682709,0,0,0
575.8646742356842,0,1,0
262.31923275060393,0,0,0
344.176878288175,1,0,0
1479.5838340133234,1,0,0
78.53152661107237,1,0,0
1757.8289793591596,0,0,0
558.0379335948477,0,0,0
906.498658841598,1,0,0
93.92858899982765,0,0,0
411.522031828191,0,0,0
93.98207304500104,1,0,0
3258.2333422876077,1,1,1
1646.4217058553916,1,1,0
615.5062860514277,0,0,0
253.09070992305365,0,0,0
2709.878450079134,0,0,0
422.504348539536,1,0,0
175.52601689134826,1,0,1
828.1983296099348,1,0,0
2878.3781359913114,1,0,1
3.8376448485142114,1,0,0
271.972573009459,0,0,0
2787.8670909436364,1,0,1
187.63882868982012,1,0,0
120.18480068109656,0,0,0
844.4055506832913,0,0,0
1979.370518477036,1,0,0
648.3838134355817,0,0,0
5214.759003183523,1,0,1
1136.8491884830137,0,1,1
76.9619409238167,1,0,0
4938.146974289549,0,0,0
524.0700059673562,0,0,0
338.83858159202845,0,0,0
816.1720939335726,0,0,0
362.84765860434163,0,0,0
90.42538768343309,0,0,0
1.4293641335457468,1,0,0
597.0797473993516,0,0,0
1813.1675285676358,1,0,1
849.3687697106217,1,0,0
7140.064385260752,1,0,0
338.0587984511671,0,0,0
329.1363011789352,0,0,0
174.05516998967724,0,0,0
179.202731308679,1,0,0
335.73374378824997,1,0,0
1574.264055970239,0,0,0
2361.8765044427655,0,0,0
3692.372335435027,0,0,0
264.3427707462591,0,0,0
2131.1353003611757,0,0,0
397.8766076631136,1,0,0
119.73054340060432,0,0,0
2040.4125816805206,1,0,0
1010.8916585279211,1,0,0
180.0013259099305,1,0,0
561.8229225137005,0,0,0
338.63534728701273,0,0,0
1334.8204441443306,0,0,0
604.0676997165763,1,0,0
4535.639002679546,0,0,1
56.300527851309674,0,0,0
438.5286308947556,0,0,0
657.5873277053132,0,0,0
699.4340108252934,1,0,0
379.7035388394732,0,0,0
1306.523379336126,0,0,0
2077.420173932642,0,0,0
2792.290362914006,0,0,0
1635.2346904884284,1,0,0
1900.9954669185513,0,0,0
799.7202101713467,0,0,0
1748.057809145918,1,0,0
361.69309833790106,1,0,0
508.29343597661637,0,0,0
381.1330685435719,0,0,0
629.9608271541199,0,0,0
336.28371712622055,0,0,0
3259.995839168159,0,0,0
375.194852221932,0,0,0
103.1901372017269,1,0,0
748.2734240583433,0,0,0
58.794069148777496,1,0,0
117.14430178745302,1,0,0
247.67883118971253,1,0,1
624.2747827763235,0,0,0
567.8386346051643,1,0,0
1607.8984080932212,1,0,0
1345.055124572193,0,0,0
555.6805556127366,0,0,0
406.02157427018926,0,0,0
380.4829531389874,1,0,0
1487.198542308982,0,0,0
53.47715751459103,0,0,0
12.904556288872815,1,0,0
1587.404402499495,0,0,0
648.453731698386,1,0,0
140.2753835001093,0,0,0
268.6195027143175,1,0,0
2695.6862472242824,0,0,1
1962.5689692575077,0,0,0
1237.1334244349832,1,0,0
658.2149388799057,0,1,0
734.6436237016019,0,0,0
3698.709017731688,1,0,0
3374.665794221674,0,0,0
242.41435343141208,1,0,0
1666.5616779024654,0,0,0
219.70281016762695,0,0,0
240.21020909272755,0,0,0
1127.2989469063657,1,0,1
519.1957198038394,0,0,0
2681.570022864904,1,0,1
93.2230677243988,1,0,1
716.4682977397193,0,0,0
2507.4164708524795,1,0,0
2344.5917522807667,1,0,0
170.23001116521345,0,0,0
456.71266685179984,0,0,0
965.2745899236132,0,0,0
173.6332712183605,1,0,1
3442.712492761554,1,0,1
2462.15928868717,0,0,0
182.66182952151632,0,0,0
129.1472584416275,1,0,1
89.27774268449328,0,0,0
2401.7831251142356,1,0,1
215.20490813697253,0,0,0
538.3423065546908,1,0,0
595.7507523986222,1,0,1
913.8213937345665,0,0,0
74.43839692750987,0,0,0
257.16401187028384,0,0,0
2680.7812066102815,0,0,0
2390.434354750037,0,0,0
1520.011587722213,1,0,0
19.59192002709531,0,0,0
396.0200065887293,0,0,0
988.7505043633198,1,0,0
321.84601961701094,1,0,1
2403.363843805057,0,0,0
1004.8199743274278,1,0,0
74.62303111460601,1,0,1
2396.9571901282698,0,0,0
3164.5452792866117,0,1,1
80.8981934215118,0,0,0
760.0570120703896,1,0,0
361.4926479090421,1,0,0
498.96141017812766,1,0,0
198.0256852000364,0,0,0
862.9208373933092,0,0,0
3169.594192177082,1,0,0
699.3113405610428,0,0,0
86.55466100332569,0,0,0
967.5875354189374,0,1,0
415.8533714334153,1,0,0
1937.4225975811323,0,0,0
570.3600610266976,0,0,0
214.23288069852813,1,0,1
212.08693001607014,1,0,0
1464.3172265073256,1,0,0
308.6845529820538,1,0,0
1457.7190191153024,0,1,0
230.5299018188907,0,0,0
388.14551496387395,1,0,0
626.3991754552214,0,0,0
2868.145887147148,1,0,0
2684.3057171680566,1,0,0
231.77050094335732,0,0,0
443.5082192461452,0,0,0
161.81257720421235,0,0,0
713.31943796045,0,0,0
617.265519327487,0,0,0
2310.215757108007,1,0,0
2659.3368654707665,0,0,0
483.8062746111397,1,0,0
676.7581042149468,0,0,0
2265.638590303236,0,0,0
1643.552285435986,0,0,0
3.663011989054854,1,0,1
385.7500790362184,0,0,0
547.7909016825844,0,0,0
260.9963692510864,1,0,1
222.60821450245757,0,1,0
38.516847784146236,0,0,0
1031.0556783058767,0,0,0
304.5031440630217,0,0,0
53.76706577671819,0,0,0
262.63740545357683,0,0,0
1619.0537610551269,0,0,0
1907.0974725278722,1,0,0
659.8405465197245,1,0,0
537.9753144501062,1,0,0
3810.084545911345,1,0,0
223.84962501067224,0,0,0
242.5293511346591,1,0,0
345.12359982773745,0,1,1
189.65717873642416,1,0,1
477.0130953817322,0,0,0
2417.258023679405,0,0,0
955.4158352324916,1,0,1
530.937431494363,1,0,0
2724.344147962628,1,0,1
49.67800228068653,0,1,1
236.07198692353398,0,0,0
834.4541075434665,0,0,0
955.948360763483,0,0,0
40.36117005221759,0,0,0
515.9030888144762,0,0,0
1047.4077979914794,0,0,0
1197.5618862576378,0,0,0
1016.4976128949628,1,0,0
386.4910951370395,1,0,0
98.18644825913088,0,0,0
557.0658230948123,0,0,0
137.83141002574544,0,0,0
2949.3002880972854,0,0,0
644.6825284545378,1,0,0
381.6399560776199,1,0,0
1453.7344578667664,1,0,0
689.0527593188501,0,0,0
371.11299276958914,1,0,0
1671.1417478432215,0,0,0
2018.550798108914,0,0,0
1117.8200817565917,0,0,0
48.10304381874897,1,0,0
835.4549852772782,0,0,0
1440.9402671177359,0,0,0
146.76486962798697,1,0,0
259.6399555691646,0,0,0
2141.2752872710516,0,0,0
20.326921004244554,0,0,0
1397.2628469338988,0,0,0
642.0231562751738,1,0,0
591.9853529807078,0,0,0
7.121832648240708,0,0,0
1711.4608427343396,0,0,0
446.01354729272754,1,0,0
778.1945920487244,0,0,0
1131.034306780091,1,0,0
1212.7766999281807,0,0,0
3123.1125392334716,0,0,0
757.8776203508226,1,0,0
510.3583179277531,0,0,0
3072.691646912401,0,0,0
1027.5302590639476,0,0,0
354.03608062685873,0,0,0
135.20621767970852,0,0,0
1848.675921651239,1,0,1
449.7016800340854,1,0,1
1080.1921499938887,0,0,0
636.4198739911916,0,0,0
221.80667008207905,1,0,0
920.5161680201927,0,0,0
62.60233696652104,0,0,0
533.3140363376775,1,0,1
791.0134917464005,1,0,1
572.7843183969591,1,0,1
1380.997117326742,1,0,1
1759.8245865414892,1,0,0
1475.0952978342714,0,0,0
39.58624567642893,1,0,0
215.8313140605728,0,0,0
769.1808718276629,0,0,0
2730.6339108157363,0,0,1
1801.5478700084332,1,1,0
1848.5489453688622,0,0,0
361.26861263995625,1,0,0
561.1507853290849,1,0,0
636.2111363723993,0,0,0
171.2292050473263,1,0,0
31.56097941302429,1,0,0
2935.6329560012964,1,0,0
275.37489825065313,0,0,0
274.36961601913566,1,0,0
87.06125507216741,1,0,0
2638.166253954023,0,0,1
866.8748466988824,0,0,0
1099.723477185524,0,0,0
2425.6218872119707,1,0,1
424.0673146159762,0,0,0
971.558522375958,0,0,0
39.572207838343935,1,0,0
206.74441549546725,0,0,0
1779.3120908122041,1,0,0
1455.723140479457,0,0,0
431.7721613221278,0,0,0
472.9048381239845,0,0,0
762.613950505277,1,0,1
0.24103373143063375,1,0,0
276.07547177701963,1,0,0
233.48661764573157,1,0,0
288.32620886278744,0,0,0
1639.4118898961733,0,0,0
328.05119251632556,0,0,0
212.6009726691307,1,0,0
701.7106643321684,1,0,0
2007.2699991079946,0,0,1
276.2143506300231,1,0,0
81.79183286036086,1,0,0
440.6852222652278,0,0,0
1376.9454965171412,1,0,0
800.0434186021822,0,0,0
1697.140635117269,1,0,0
3208.731146793607,0,0,0
1573.4072665217714,0,0,0
925.8439156811297,0,0,0
679.9182461512898,1,0,0
40.893962055967215,1,0,1
4155.49547189883,0,0,0
483.66633653029766,1,0,1
165.14379959455377,1,0,0
1098.738862867656,1,0,0
334.47783150357697,0,0,0
881.3538710660051,0,0,0
883.7458773871455,1,0,0
590.1030232149898,0,0,0
1808.6123783591813,0,0,0
307.8399665631455,0,0,0
595.3538891718549,0,0,0
771.5242215072792,0,0,0
1089.527839812185,1,0,1
1532.3465580557295,0,0,0
502.2083309775147,0,0,0
1038.5909850842663,0,0,0
163.23795625147108,1,0,0
2697.824173739173,1,0,0
482.9815698637975,1,0,1
1307.562377829535,0,0,0
20.550810635365686,0,0,0
229.6485919189662,1,0,0
667.6403518721713,1,0,1
2105.8057860736963,1,0,0
749.1994651056074,0,0,0
2657.4114935976904,0,0,0
661.2549796715198,0,0,0
674.2255230389045,1,0,0
127.54567255889255,0,0,0
1622.8081173648154,0,0,0
283.6441192584618,0,0,0
2298.7174756009463,0,0,0
2417.1458046343446,0,0,0
2870.159424084981,0,0,0
734.4494760376783,1,0,0
1130.3933532880815,0,0,0
1507.4043853476805,0,0,0
140.428976240827,0,0,0
918.6865871384102,0,0,0
34.899878772847934,1,0,0
688.2911569282986,0,0,0
168.23249335612496,1,0,0
202.02185070396558,0,0,0
454.2051910725283,1,0,1
566.4038163132388,0,0,0
975.9675556567068,0,0,0
77.34380629496312,1,0,0
700.5580961586938,0,0,0
201.65745245608653,0,0,0
853.2576598372877,1,0,0
1014.4677007124554,0,1,0
813.529418461669,0,1,0
1340.5393143708234,0,0,0
408.8848150076158,1,0,1
1448.623449154724,1,0,1
566.985268967653,0,0,0
662.0061323273184,0,1,1
1044.4142797455359,0,0,0
18.528990395313997,0,0,0
1061.2998029663263,1,0,0
963.8676486402549,0,0,0
370.8421360110393,0,0,0
89.69966162677409,1,0,1
95.33917512903048,1,0,0
2566.8598921792295,1,0,0
1168.860909361214,1,0,0
135.93727159832372,1,0,0
441.1801175497202,0,0,0
897.6726144151883,0,0,0
1805.280701015106,0,0,0
44.64275173533945,0,0,0
270.0165394949278,1,0,0
2204.9956063785703,0,0,1
9.207812273984887,0,0,0
224.89396087992745,0,0,0
3194.7730440716246,0,0,0
950.3694885311887,1,0,0
303.36625084026446,1,0,0
69.34053305263878,0,0,0
28.596346211614396,0,0,0
280.69994385664,1,0,1
2132.7226596499786,1,0,0
537.7064548526818,0,0,0
1274.1569893093647,1,0,0
2504.518128404936,1,0,1
524.3169937359697,1,0,0
212.29927737175646,1,0,0
727.9828184071109,1,0,0
2386.8767578633447,0,0,0
1631.5527228689482,1,0,1
68.09667679278766,1,0,0
1179.5169679846265,1,0,0
848.3926785528504,1,0,0
2380.1486201298153,0,0,0
130.65714648777504,0,0,0
763.6471440068045,0,0,0
2115.795976555135,1,0,0
527.6730594065331,0,0,0
657.7702254442734,0,0,0
73.06616789239413,0,0,0
325.9291078722686,1,0,0
392.31196495963707,1,0,0
2902.650916547015,1,0,0
332.2156136661943,1,0,0
617.7962039001495,0,0,0
1112.6232561581626,1,0,1
176.95602393408305,0,0,0
666.3930594939735,0,0,0
1341.4702971609447,1,0,0
2016.3181190249948,1,0,1
984.1929697354474,1,0,0
1105.7985943710282,0,0,0
134.99929527759377,0,0,0
2914.6408343857197,0,0,0
142.22516272016773,0,0,0
1490.2023197243552,0,0,0
307.6349086472661,0,0,0
2711.9549703191674,0,0,0
1272.8211840004733,1,0,0
1401.6667653141542,1,0,1
247.25589777451577,1,0,0
585.2618129683499,1,0,0
961.8457705068076,0,0,0
1469.5612731873182,1,0,1
109.76952765151158,0,0,0
3279.829219047757,0,0,0
2209.2830240458916,0,0,0
315.188380116098,0,0,0
1730.2519038565501,1,0,0
730.4834303530148,0,0,0
619.5370837979302,1,0,1
377.5106588685586,1,0,0
869.809389630641,0,0,0
1308.9227291158702,0,1,0
529.2151883424052,1,0,0
992.1442077096243,0,0,0
1201.6851601646551,0,1,0
1241.7501918945475,1,0,0
53.365015901541454,1,0,1
1964.3130889624513,1,0,0
612.9567572093029,0,0,0
304.3754097109155,0,0,0
276.7612654414295,0,0,0
659.7397024167972,0,0,0
2178.877769250996,0,0,0
475.3741554317399,0,0,0
1385.1979495329774,1,0,0
101.83200483296392,1,0,0
646.3718107281921,1,0,0
4789.8313245987665,1,0,0
1471.581274400505,0,0,0
236.39153009279372,0,0,0
696.0342916530159,1,0,1
266.0833644975274,1,0,0
526.8888277747552,0,0,0
1514.5097316501335,0,0,0
1475.0154837956147,1,0,1
258.90076060072664,0,0,0
2553.913611936712,0,0,0
897.8816799690036,0,0,0
477.91369704639453,1,1,0
697.0258544615066,0,0,0
929.0499188029527,1,0,0
820.7317917536649,0,0,0
666.3203310473193,0,0,0
703.0617763122079,1,0,0
194.08476535595273,0,0,0
1675.2193619788795,0,0,0
780.3629128454571,0,0,0
140.50405863573357,1,0,0
1453.1057633824503,0,0,0
2694.7980753565093,0,0,0
2943.270747317352,1,0,0
460.477518913723,0,0,0
145.6234923381761,0,0,0
730.6406097242573,1,0,0
119.46984053002082,0,0,0
2717.9099265263253,0,0,0
202.8258941137351,1,0,0
291.3767024677728,1,0,1
521.9481282693781,0,0,0
483.1528522947882,0,0,0
1583.1022231065467,1,0,0
609.3885925002235,0,0,0
187.2556212989386,0,0,0
310.895969378886,0,0,0
711.5421049175391,1,0,0
159.52801548030723,0,0,0
945.8628989934953,1,0,0
834.1286713496942,1,0,0
1254.2221399062553,0,0,0
2775.8679390689385,0,0,0
2433.3153963478317,1,0,1
2920.172548410643,0,0,0
280.6609079801494,0,0,0
141.0628908770694,1,0,0
359.93267386392074,0,0,0
2254.6064272033714,0,0,1
3577.4624027971736,0,0,0
1961.3026658432425,0,0,0
116.55372783344814,0,0,0
2945.571583456669,1,0,0
550.5337030708926,1,0,0
9.353902421948293,0,0,0
584.102194254841,0,0,0
47.16411506336734,0,0,0
784.9947885455507,0,0,0
413.32697289272517,0,0,0
641.3803721265601,0,0,0
949.7708915111677,1,0,0
2031.0407547770003,0,0,0
1084.4182320177908,0,0,0
569.2475445739293,0,0,0
1711.624878411772,0,0,0
2360.025003107047,1,0,1
127.5606432856505,0,0,0
759.1437829608315,1,0,0
334.79039534887414,0,0,0
48.20459342024752,1,0,0
1104.2683393502855,1,0,0
1986.1025940902905,0,0,0
177.8149123609272,0,0,0
1673.5160468933532,1,1,1
1920.0183872036878,0,0,0
2457.374474523459,1,0,0
308.27273132032707,0,0,0
2342.918302717068,0,0,0
386.63759540000393,0,0,0
803.7168256615597,1,0,0
51.82761693587673,0,0,0
44.87298911432926,0,1,0
1274.2994675327361,0,0,0
587.8506273076939,0,0,0
296.1072990317938,0,0,0
211.23165057912462,0,0,0
1108.521697662019,1,0,0
0.40162466572984956,1,0,0
1639.3362936898716,0,0,0
82.56629588613757,0,0,0
212.5617551595538,0,0,0
488.1454336002854,1,0,0
663.3141241161319,0,0,0
438.49738983354933,0,0,0
386.7103310628451,0,0,0
3321.9060597734465,1,0,0
1026.0489065290672,1,0,0
23.711872924350015,0,1,0
562.4275770896227,0,0,0
2079.5111420536477,0,0,0
358.7573769991073,0,0,0
99.33022863546512,0,0,0
1420.408783409194,1,0,1
931.4394767372031,0,0,0
844.6970969015555,1,0,0
55.065198669701815,0,0,0
151.40330208952713,1,0,0
974.3155697504486,0,0,0
232.97148949944622,0,0,0
701.3206520549275,1,0,0
787.197863128681,0,0,0
333.3870670342424,0,0,0
2964.7212358605443,1,0,1
1848.1019535726798,0,0,0
1281.478621303555,0,0,0
81.20340296329897,1,1,0
112.19494985408802,1,0,0
678.8130978780174,1,0,0
175.20297316816425,0,0,0
3828.8527411766177,1,1,1
172.5933108303956,1,0,0
668.3918098686099,1,0,0
452.74707470491495,1,0,1
1019.9483134978467,0,1,0
138.15510425410577,0,0,0
562.6742092155652,1,0,0
321.17685556851956,1,0,0
2187.040335273295,0,1,1
41.43229752422672,1,0,0
2450.244318053797,1,0,1
1789.726368696292,1,0,0
353.21054681388495,1,0,0
1557.2756054636327,1,1,1
31.711083887815654,1,0,0
3407.181761196985,1,0,0
747.80389879453,0,0,0
361.37314330720744,0,0,0
450.331540029558,0,0,0
68.71293223841802,0,0,0
4542.149758012238,0,0,0
40.084709247155814,1,0,0
1063.9416899137454,1,1,0
584.7160539286126,0,0,0
2974.2882135324653,1,0,1
282.36256655354424,0,0,0
759.4725215107503,0,0,0
658.4679346268399,1,0,0
1213.5735579236946,0,0,0
70.43344284653149,1,0,0
215.40994541223714,0,0,0
241.51734549715516,0,1,1
1339.9863409863624,1,0,0
209.65825839069322,0,0,0
852.1236013130036,1,0,0
242.38220880997378,0,0,0
1977.7875272233448,0,0,0
2850.5148825345673,1,0,1
730.834457906963,1,0,0
434.34136943694205,0,0,0
266.6485363909308,0,0,0
51.06279624170379,1,0,1
312.65816268805423,0,0,0
1061.9981811422067,0,0,0
762.7479467257418,1,0,0
2883.140972207147,0,0,0
504.64023030064095,0,0,0
1183.7236830249842,0,0,0
672.0174880772028,1,0,1
718.62134112402,1,0,0
311.66649915727635,1,0,1
606.8791706761914,0,0,0
636.3604968270752,0,0,0
1226.363351345916,0,0,0
2824.1346664119924,0,1,1
399.4650606714626,0,0,0
43.116780300411385,0,0,0
685.7647488912942,1,0,0
786.2746748844336,1,0,1
184.4524869721133,0,0,0
1429.0540913214884,1,0,1
4194.990106945152,1,0,1
2914.6080034439224,0,1,1
219.53262708476328,0,0,0
2082.3516912665546,1,0,0
1219.06490738202,0,0,0
604.855324046922,0,0,0
777.8579209349946,0,0,0
1894.458030914269,0,0,0
654.1860003869983,1,0,1
467.13952527826336,1,0,1
679.7325465009146,0,0,0
865.4308159647343,1,1,1
209.58298010258864,1,0,0
2311.703845401038,1,0,0
1121.431524775562,0,0,0
1003.1264443050403,0,0,0
104.80092357050805,0,0,0
926.7804020304151,0,0,0
128.92562944110645,0,0,0
81.96703947457974,0,0,0
749.3173912526871,0,0,0
515.4789906474706,0,0,0
888.7005412139429,1,0,0
93.45628419419755,0,0,0
563.8450787737912,1,0,0
192.1133988418684,1,0,1
4350.5346284209245,0,0,0
823.5980940165314,0,0,0
1162.9487852247962,1,0,0
393.66245527291255,0,0,0
99.53188493148787,1,0,0
3724.3351556221005,1,0,1
337.23517712277277,0,0,0
551.3146618709518,0,0,0
1049.433404924422,0,0,0
25.00739225655671,1,0,0
1662.0959825323166,1,0,0
769.1176029826712,1,0,0
326.03099845736335,0,0,0
63.58749115528052,0,0,0
177.33212331388916,0,0,0
2254.1174460985467,1,0,0
1158.4394423424585,0,0,0
287.5510432190056,0,0,0
67.85148555687162,1,0,0
1173.1698326516985,0,0,0
849.5851682072132,0,0,0
518.3866773879795,0,0,0
451.9459732366915,0,0,0
244.38541562489988,1,0,0
1107.4853073391696,0,0,0
3529.0771563124167,0,0,0
193.23923332935973,0,0,0
909.1081386049116,0,0,0
551.9689472436302,0,0,0
591.8345456687275,0,0,0
293.22712471433357,1,0,0
1743.740320279735,0,0,0
664.0848202578184,1,0,1
783.9603618723551,0,0,0
363.49948221178306,1,0,1
200.65882023671162,0,0,0
89.82666879216906,0,0,0
1252.1801316149913,1,0,1
218.44744740113092,0,0,0
1171.4260890795774,0,0,0
494.9136369817238,0,1,0
537.4687557404199,0,0,0
633.3275812147372,0,1,0
458.4047698479597,0,0,0
106.0496166140175,1,0,0
370.53021501779597,1,0,0
1089.8538382002937,1,0,0
1095.96898966969,0,0,0
337.18652179813444,0,0,0
616.3762066663546,1,0,0
214.98595021834387,0,0,0
236.19343374963208,1,0,1
23.316825037002552,0,0,0
2270.568632762163,0,0,0
236.61724658939093,1,0,0
258.1671248112702,1,0,0
327.9506543623965,1,0,0
136.2872685020726,1,1,0
1019.605794180303,1,0,0
78.11609738863186,0,0,0
144.1041463879206,1,0,1
1034.9524469909284,1,0,1
415.0013647312861,1,0,1
1230.8228169935942,0,0,0
815.1447604521161,1,0,0
295.7427029700058,0,0,0
1052.1904997131023,0,1,0
123.6078573698223,0,0,0
768.7555644024446,0,0,0
574.7387494730084,0,0,0
311.8020788628684,1,0,0
926.3536883615895,1,0,0
2050.532211194819,0,0,0
6816.726764325567,1,0,0
935.8884404633397,0,0,0
518.69966671823,0,0,0
255.159511425464,0,0,0
297.1885688661107,1,0,0
652.8788973570614,0,0,0
457.7236597024535,0,0,0
2451.2535914335804,0,0,0
459.3335062666051,1,0,1
467.5180666500419,1,0,0
483.7529391839626,0,0,0
1811.6777906666116,0,0,0
1052.077010120369,1,0,1
952.3554412796769,1,0,0
406.68037982758835,0,0,0
1703.222229537659,1,0,0
39.11913412253491,1,0,1
2046.3718019452122,0,0,1
718.9777349381096,0,0,0
507.91359261967636,0,1,1
687.4977302338833,1,0,0
1100.8614076425408,0,0,0
12.847604683622409,0,0,0
2052.230008300229,1,0,0
591.9263672187146,1,0,0
420.0203024352991,0,0,0
148.78492782997364,0,0,0
578.8642620326716,0,0,0
685.8196352817865,1,0,0
516.9219930759947,1,0,0
1135.2558183533513,0,0,0
546.2741105691282,0,0,0
3254.9584908566726,1,0,0
914.4861556606642,0,0,0
1647.544511832584,1,0,0
115.81037363231032,0,0,0
506.3212718510272,1,0,0
410.75060393476497,0,0,0
842.7670456993338,0,0,0
1974.0983706146906,0,0,0
81.57695326880184,1,0,0
75.34313254465394,0,0,0
1899.2402855194068,0,0,0
239.33656082514145,1,0,0
1104.891726484123,1,0,0
782.8052548429985,1,0,1
1789.124513099422,0,0,0
133.6330090288986,1,0,0
139.0126337579949,0,0,0
813.7755710278992,0,0,0
2925.808031949795,0,0,1
536.1395999127575,0,0,0
395.9239207269732,0,0,0
933.155453200115,0,1,0
2665.6892392483505,1,0,1
1813.562432872746,0,0,0
5400.042439159688,0,0,0
22.827151427937547,0,0,0
119.75038241641472,1,0,1
940.2447609114905,0,0,0
1718.0060076229354,0,0,0
335.8145321856739,0,0,0
273.3993420346303,1,0,1
1546.3495017981054,0,0,0
58.03370087179582,0,0,0
461.05601493702926,0,1,0
704.8336472616727,1,0,0
821.7733079230125,0,1,0
1304.217379834946,1,0,0
438.26580230776875,0,0,0
948.5152715758279,1,0,0
880.3818014102401,0,0,0
793.2241247937976,1,0,1
1022.9946304174326,0,0,0
300.36100626345325,0,0,0
88.44741150431102,0,0,0
127.00606841010331,1,0,0
254.35353367055208,1,0,0
693.5431299831438,0,0,0
1835.3524904115131,1,0,0
1208.2932643813792,0,0,0
1556.0896010009678,1,0,0
432.28500354747035,0,0,0
518.6120958927265,0,0,0
500.3504900363955,0,0,0
213.03628278197465,1,0,0
63.17055924404737,1,0,0
893.8349919684612,0,0,0
4529.755100391046,0,0,0
182.51722187543365,0,0,0
47.8097058700319,0,0,0
1512.001276159639,0,0,0
291.13603944710167,0,1,1
1769.8637713034411,0,0,0
1217.1818848236032,1,0,0
2912.743823626621,1,0,0
525.816148607665,0,1,0
1084.620155085518,1,1,1
625.2171311864823,0,0,0
995.8446142528844,1,0,0
597.1080047336873,0,0,0
209.03387071022874,1,0,1
709.0680801656101,0,0,0
752.0147749081377,0,0,0
1663.9144166000451,1,0,1
1329.992313521503,0,0,0
1090.024144401978,0,0,0
120.34680179467095,1,0,0
1275.1691397421469,1,0,0
693.7576795855878,0,0,0
2245.2556458948447,0,0,0
2524.1166209481507,0,0,0
56.736069559389065,1,0,0
1718.3690192639185,0,0,0
38.426314810791936,1,0,0
457.5528638308111,0,1,0
781.5412780585681,0,0,0
160.28706739959625,0,0,0
1371.657258356797,0,0,0
8.389800328416323,1,0,0
184.64310762977917,0,0,0
869.3995836314652,1,0,0
1253.1194991754016,0,0,0
2484.6239220862376,0,0,0
1222.4649073120752,0,0,0
1114.0689403916667,1,0,0
501.43839920078693,1,0,1
1.2852511082760287,0,0,0
128.01436372392158,1,0,0
764.760363686965,0,0,0
1124.3298252853062,1,0,1
540.3373144728948,1,0,0
1311.8513450622386,1,0,0
737.8565029000956,1,0,0
77.07133846051177,1,0,0
213.2133332473975,1,0,0
1832.5703590846103,0,0,0
1290.6669466377693,0,0,0
2251.5307037607613,1,0,0
125.0613638040742,1,0,0
4627.674991619463,0,0,0
234.97162037662494,0,0,0
11.849808769170842,1,0,0
5961.105697437969,1,0,0
329.9966879393366,0,0,0
1102.6789036875223,0,0,0
194.413143281258,0,0,0
868.0448400777336,0,0,0
2343.771596174504,1,0,0
385.9289389976945,1,0,0
1109.4325452113408,0,0,0
208.13621286178844,0,0,0
980.283798382421,1,0,1
410.15160030399284,0,0,0
237.25294556083222,0,0,0
375.68601562302825,1,0,0
197.0386054481221,1,1,1
2321.932124036366,0,1,0
506.14805784985026,1,0,0
281.40753854132987,0,0,0
594.9463482037872,0,0,0
386.4512724240954,0,0,0
1364.2168872242078,0,0,0
3548.0715158700064,0,0,0
576.3133182441265,0,0,0
1973.5216622952034,1,0,0
834.3952959304305,1,0,1
171.06791533506652,0,0,0
1173.1938473628784,0,0,0
720.383745362475,0,0,0
1051.5565513251067,0,0,0
2204.437239303356,0,0,0
580.5948155402273,1,0,0
2314.4312142180233,0,0,1
1388.974005288231,0,0,0
670.6128483145469,0,1,0
924.3786905558201,0,0,0
393.9038959939744,1,0,0
4110.309307630575,0,0,0
1100.6678891189938,0,0,0
44.83718262753379,1,0,0
395.4483028526002,0,0,0
976.3444813417176,0,0,0
57.98222368907985,1,0,0
24.174043172858024,1,0,1
597.8810735955458,0,0,0
404.50084270052383,0,0,0
576.7849013146608,1,0,0
304.7513402178592,0,1,1
179.98558363654732,0,0,0
1168.4234279959815,0,0,0
722.7224824492772,0,0,0
223.33633395729797,0,0,0
385.05887810498933,0,0,0
896.0174008256985,1,0,0
74.97071927568317,0,0,0
159.52695024818638,0,0,0
76.06669362010112,0,0,0
1673.0026822966663,1,0,0
1395.9780297071186,0,0,0
1399.6346762745923,0,0,0
1259.9272731140588,0,0,0
1106.802004034411,0,0,0
648.1583568687649,1,0,0
1027.999587633613,0,0,0
39.11673553863447,0,0,0
971.4452148991834,1,0,0
1504.5271728263058,0,1,0
693.8641582958456,0,0,0
442.4092070617669,0,0,0
324.93645901694936,1,0,1
1029.4651695317696,0,0,0
1180.2601795062994,0,0,0
2047.6917423005668,0,0,1
419.05820069719664,0,0,0
1468.686491865232,1,0,1
824.066728027723,1,0,1
2144.1848042284414,1,0,1
750.3782969627993,1,0,0
729.0434688100399,1,0,1
862.4587311524272,0,0,0
1383.5595247660256,0,0,0
3343.602629837865,0,0,0
76.40961575208148,0,0,0
54.91521657386787,0,0,0
2773.3944452648334,0,0,0
754.757992728456,0,0,0
954.2600662026531,0,0,0
658.5981349701749,1,0,0
98.33795676655568,0,0,0
1461.4032333489656,0,0,0
1375.25410994508,1,1,1
373.5353152364357,0,0,0
365.6281116681764,0,0,0
1819.1802925722247,0,0,0
75.10859633258703,1,0,0
2129.515776109881,1,0,1
296.60400801120505,0,0,0
898.9046194394787,0,1,0
2748.7812466612245,0,0,1
1133.5842453780183,0,0,0
535.1692268984365,1,0,0
1169.6815572865837,1,0,0
421.56344831919193,0,0,0
324.7035430503171,1,0,0
5708.778313507593,0,0,0
1389.460292114004,1,0,1
1034.8490043353156,1,0,0
438.9541222984246,0,0,0
50.41034656919646,1,1,0
31.549364412740687,0,0,0
807.8428119174565,0,0,0
1435.622098119723,1,0,0
770.8475462878865,0,1,0
1837.5002407412462,0,0,0
33.997969868477945,1,0,1
456.8932691044494,1,0,0
270.58950775190647,0,0,0
592.8910126309726,0,0,0
75.12922458664465,0,0,0
3081.979758479599,0,0,0
252.64368415363936,1,1,1
2555.000097189736,0,0,1
554.9397589335895,0,0,0
4235.272378574325,0,1,1
807.5672401501371,0,0,0
2671.2294450021245,1,0,1
5.363345754302759,0,0,0
1379.2742843437588,0,0,0
2333.5666338042056,1,0,0
150.4980203928479,0,1,1
101.06514479934617,0,0,0
552.6422224388531,0,0,0
2713.247274517523,0,0,0
781.7304691346432,0,0,0
749.6253960215273,0,0,0
152.13318768305817,0,0,0
0.7898229212405354,1,0,0
1661.4687984884704,0,0,0
91.64890972579917,1,0,0
1004.7116984193949,1,0,0
2460.6018725738977,0,0,0
234.01734879397856,0,0,0
1094.4395155187756,0,0,0
81.96801799436331,0,0,0
925.7229351685648,1,0,0
179.04499573158057,0,0,0
1331.6302841661904,1,0,0
358.4354853454127,1,0,0
622.4855852693554,0,0,0
914.8680993648819,0,0,0
187.86498604544335,0,0,0
1353.3928746642414,1,0,0
360.45399074517206,1,0,0
1085.8101663950313,0,0,0
172.311485981935,0,0,0
1165.1292751384503,0,0,0
137.18155816390768,1,0,0
554.0054239732568,1,0,0
283.963758940748,0,0,0
1379.8163862921515,0,0,0
303.8588870877084,0,0,0
2134.677811137417,0,0,0
2223.9607267523834,1,0,0
218.70506003449515,0,0,0
951.5188829413948,1,0,0
91.80573344780919,0,0,0
496.81933735593054,0,0,0
1249.3947007379911,0,0,0
1077.1147657250167,1,0,0
980.0313565001146,1,0,0
332.0392858098781,0,0,0
474.855298678322,0,0,0
108.63937937254957,0,0,0
1269.4818244537012,0,0,0
700.955177368684,1,0,0
1233.6269488324904,0,0,0
286.27443004121676,0,0,0
392.2106803668539,1,0,0
406.7889899433012,0,0,0
26.079543926041946,0,0,0
417.10439177790073,0,0,0
1626.098805092992,1,1,1
2275.92851512216,0,0,1
730.2642045424847,0,0,0
607.8904499642351,1,0,0
31.309691414143163,0,0,0
2113.6549012898636,1,1,1
13.095587551408345,1,0,0
2895.8883903538676,1,0,1
671.8089656039677,1,0,0
418.45079877417277,0,0,0
2579.900219641659,0,0,0
24.69338052851552,1,0,0
870.8989424757012,0,0,0
796.1383375868712,0,0,0
247.59045814479717,1,0,0
560.168945761876,0,0,0
1056.3117248883727,0,0,0
1298.764173969264,1,0,0
0.7171157726430868,1,0,0
2762.296748224814,1,0,1
179.7552993225995,1,0,0
266.02552319201396,1,0,0
305.8099890027934,1,0,1
38.5538775516863,0,0,0
131.30772234466576,1,0,0
4294.010112250766,0,1,1
378.65289571685753,0,0,0
122.50790693285697,0,0,0
113.1589122348449,0,0,0
1271.038846448485,0,0,0
1928.051221508926,0,0,0
296.9950364710894,0,0,0
21.13121205612556,0,0,0
252.43078918109262,0,0,0
58.17554472703613,1,0,0
109.13979997587562,1,0,0
564.7682488269562,1,1,1
261.2587578852589,0,1,1
725.5585572885687,1,0,0
292.35129399663174,0,0,0
2822.4060723135885,0,0,0
2363.8645884099565,1,0,1
836.56985677655,1,0,0
437.6123250270115,1,0,0
479.8873236872913,1,1,0
530.7771434917429,0,0,0
1300.4077976573376,1,0,0
600.8214416246606,1,0,1
1943.023943697275,1,0,0
2884.0976282221654,1,0,1
409.39203848483436,0,0,0
822.5601657658099,0,0,0
99.88280887183772,0,0,0
223.73003296890795,0,1,0
533.5242438113672,0,0,0
230.9271600320445,0,0,0
2092.0040468644743,1,0,0
172.31529410986957,1,0,0
608.1827366230905,1,1,1
930.6413118003238,0,0,0
1177.2137369778181,0,0,0
482.9986920726028,1,0,0
2033.3144916892106,0,0,0
840.0687394105782,1,1,0
578.9399178286263,1,0,0
69.60802571127356,0,0,0
624.9082676593251,1,0,0
1718.8948113569497,0,0,0
953.320494289243,1,0,0
1784.758753894771,0,0,0
681.2416743861647,0,0,0
126.08683520011502,1,0,0
13.733723158658242,1,0,0
361.28490595928577,1,0,1
1197.2967107731872,0,0,0
1561.886152588445,1,0,0
350.62589725374755,1,0,0
684.4925816430612,1,0,1
546.6581842156406,1,0,1
528.5192100509374,1,0,0
263.1178755211772,1,0,1
146.61212215811548,0,0,0
219.01279244708266,0,0,0
56.92214580874584,0,0,0
220.80970413492898,1,0,0
9.243487327556362,1,0,1
986.8698625086961,1,1,1
380.34635323811744,0,0,0
3617.2925100823218,0,0,0
215.32054445299408,0,0,0
424.38583696479213,0,0,0
442.9195894483672,0,0,0
8.487412463357721,1,0,0
1827.643382661033,0,0,0
32.51746873053621,0,0,0
2816.412462983105,0,0,0
2226.3127249908753,1,0,0
766.8409039424598,1,0,1
784.3759654042602,0,0,0
1060.6748686491815,1,0,1
489.4719319123584,0,0,0
1041.9171184028232,0,0,0
45.80144297230279,0,0,0
55.56305723331473,0,0,0
611.0703946322649,1,0,1
797.6687173834806,1,0,0
2187.62952049863,1,0,0
110.55245258666983,0,0,0
1729.6184101730075,0,1,1
235.782255939255,0,0,0
501.0133362853076,0,1,0
380.6785021217685,0,0,0
511.08444536640997,0,0,0
163.10203838164475,1,0,0
700.3129422221012,1,0,0
1617.6847736642596,0,0,0
582.561558260681,0,0,0
674.5483675539895,0,0,0
1888.9374551533776,0,0,0
1224.3732000193543,0,0,0
674.2359475352348,0,0,0
297.9959422719944,1,0,0
2162.1863694502454,1,0,1
860.4313320459551,0,0,0
249.93373772953254,1,0,1
313.50565295060505,0,0,0
1625.2273569066163,1,0,0
45.14963912146639,0,0,0
4839.904024537674,0,0,0
139.66637861353098,0,0,0
1589.9712503764385,0,0,0
502.15551265786496,0,0,0
677.6994796315043,1,0,1
2125.6997646218883,1,0,1
532.5791751793214,0,0,0
771.0952165494716,0,0,0
50.55636852009737,1,0,0
2.3502335038611544,1,0,0
280.77249598577276,1,0,0
1141.2581107222964,0,0,0
129.27178434698874,1,1,1
120.76969494142405,1,0,0
529.2622181711275,0,0,0
1043.6612520169056,0,0,0
1245.0448031777619,1,0,0
196.5632996048391,1,0,0
82.93404321158143,0,0,0
2820.0499401347606,1,0,0
302.00601546873014,0,0,0
1919.6826011894057,0,0,0
1991.3680323465205,0,0,0
1480.7043499728902,1,0,0
184.92527150218663,0,0,0
1724.8569528353003,0,0,0
1466.4228291842867,0,0,0
908.131583702163,0,0,0
411.28506399713615,1,0,1
304.5008576383135,0,0,0
129.98251116649587,1,0,0
712.8542289017165,1,0,0
880.1055720994963,0,0,0
445.2548083085067,1,0,0
645.0411888228547,0,0,0
451.7935750985179,0,0,0
1024.4497633958183,1,0,1
2315.257123057854,1,0,0
179.0312901192286,0,0,0
480.31066051238014,0,0,0
151.83340472694712,1,0,1
980.6793186733263,1,0,0
1305.158747459008,0,0,0
2686.9650524332133,0,0,0
326.9385239922088,0,1,0
2999.9653376498545,0,0,1
65.35236883050113,0,1,1
923.8539192184992,0,0,0
58.829747869118336,0,0,0
2242.188146617884,1,0,0
754.6164052268371,0,0,0
1106.6898770099888,0,0,0
1781.258354898527,0,0,0
162.88443450302572,0,0,0
39.355946712586096,0,0,0
2110.9829503091223,1,0,0
378.2389673084567,0,0,0
138.08908649535547,0,0,0
631.9791526968982,0,0,0
912.0648626902553,0,0,0
31.460330526255714,0,0,0
321.43971483750465,0,0,0
33.34984969489592,0,0,0
545.3055999304858,1,0,0
2254.7480406651894,1,0,1
4054.3017732332255,0,0,1
1013.4834546861211,1,0,1
176.30492561569116,1,0,0
2362.8595448697547,1,0,1
726.1825348034336,0,1,1
166.93964187907645,1,0,1
2547.5483400285584,1,0,0
1416.625950863978,0,1,0
1315.6691740848967,0,0,0
1235.0531799341272,1,0,0
223.56841792780148,1,0,0
236.99743942384612,0,0,0
1165.6916299242462,1,0,0
248.10597387896505,0,0,0
577.4493339386872,0,0,0
1523.2685905122473,0,0,0
1532.257071834537,0,0,0
603.7851514830622,1,0,0
1571.1307812546077,0,0,0
1824.004576863257,1,0,0
1063.5610768293557,0,0,0
259.32250331800486,0,0,0
320.22149071536484,0,0,0
378.1045776879672,0,0,0
124.20825443700603,1,0,0
319.0483858993221,0,0,0
235.1139418092652,1,0,0
607.5728769816227,0,0,0
2390.7340026079105,0,0,0
110.35107754867991,0,0,0
1273.9230051471193,1,0,0
1162.456664902017,0,0,0
100.6540514157361,1,0,0
2558.412036161807,1,0,0
840.4233491125813,0,0,0
452.1252382004189,0,0,0
1412.7968027941124,0,0,0
297.55122391428546,1,0,0
1182.5696188886855,0,1,1
40.521214313581225,0,0,0
1828.8885261021614,0,0,0
594.516786085149,1,0,0
1012.5068363887226,1,0,1
250.0495683051111,1,0,1
1130.3311943687847,1,0,0
1479.464047346407,0,0,0
640.9593414771889,0,0,0
961.6200672882003,1,0,1
609.405336346626,1,0,1
2245.178530714009,0,0,0
688.8945966547784,0,0,0
1843.9502759149993,1,1,0
1616.2211580651579,0,0,0
528.4887377461412,0,0,0
261.4744998401823,1,0,0
521.0142394823565,1,0,0
1749.9500468404633,0,0,0
258.2948523333513,0,0,0
743.2545381491408,0,0,0
1640.3959451400206,1,0,0
436.1472401217594,1,0,0
1027.8080423191489,1,0,0
281.87440173177896,0,0,0
115.72453186903009,0,0,0
1581.746022142371,1,0,0
104.215197794472,0,0,0
316.6048595697933,1,0,0
1931.776455906584,1,0,0
425.3657494379234,0,0,0
3613.5994367424682,1,0,0
3898.8271930828655,0,0,0
312.3519132546257,1,0,1
41.841495545164015,0,0,0
1220.9944683857082,1,0,0
599.6322524348277,1,0,0
106.19735900198164,0,0,0
1229.3686289535915,0,0,0
31.671188143780206,0,0,0
2041.7349780590862,0,0,0
149.25728931430956,1,0,1
136.17703639482335,0,0,0
193.18713149294612,0,0,0
3225.5570569769247,0,0,1
1181.4593456810876,0,0,0
1616.3192116776881,1,0,0
506.89168142860774,0,0,0
409.94421560740443,1,0,0
267.2051715920888,1,0,0
655.1734528630516,0,0,0
802.5798284034477,1,0,0
999.0606900095817,0,0,0
297.21874092660454,0,0,0
2969.169818073171,0,0,0
186.03865449839614,0,0,0
3371.2456886437285,1,0,0
14.967579956715033,0,0,0
656.0936059113806,0,0,0
405.5168666224573,0,0,0
596.2444766414683,0,0,0
845.5167983753845,1,0,0
571.9728494302033,0,0,0
535.8816716561955,1,0,1
1319.471259424838,1,0,0
1157.9683422956273,0,0,0
1791.3872307324882,1,0,1
287.6273822666438,0,0,0
940.4003207007038,0,0,0
879.9462313288645,0,0,0
461.6193729546584,0,0,0
665.6439690207601,1,0,0
376.56012631655096,0,0,0
152.96984117820256,1,0,0
240.54560588710794,0,0,0
111.5056320482276,1,0,0
1149.073009289166,0,0,0
1080.951344636666,1,0,0
3007.933842456464,0,0,0
1308.1429681679047,1,0,0
53.449131014447076,1,1,1
2156.2808929666385,1,0,0
1985.4060863241607,0,0,0
585.7652866552295,0,0,0
881.5585640314226,1,0,0
3732.9706396421834,0,0,1
759.9375447367722,0,0,0
2357.2718056348754,0,0,0
86.6900734969655,0,0,0
212.02047857571532,0,0,0
581.1675180632462,0,0,0
878.8909263782433,0,0,0
1694.0586140728408,0,0,0
4444.933646332414,0,0,1
492.4152993818688,0,0,0
48.57660492192068,1,0,0
1615.3126514474882,0,0,0
927.3029420057072,1,0,0
221.32378168505036,0,0,0
682.8572175297412,0,0,0
1355.998919714965,0,0,0
1471.4679532615205,0,0,0
692.3842956281919,1,0,0
364.15215751212617,0,0,0
3639.8067408554866,1,0,1
1088.7489248335708,1,0,0
524.6499397184404,0,0,0
329.1476409722695,0,0,0
1313.426809125347,0,0,0
277.31393528623977,1,0,0
188.39193105909717,1,0,0
754.6692189786288,1,0,0
342.4725522651899,0,0,0
991.2975749934077,1,0,1
125.49369577136734,1,0,0
1064.0401651212421,0,0,0
333.093091564951,0,0,0
0.24296394786243697,0,0,0
135.74648146529475,0,0,0
2712.289843223777,1,0,0
2020.0761716097015,0,0,0
266.06283741089675,0,0,0
1506.7545476034818,0,0,0
937.9526491728753,0,0,0
3537.1790234065948,0,0,0
467.7751693624183,1,0,1
1144.0091460496935,0,0,0
65.64390243194453,0,0,0
504.5906795180224,1,0,1
3319.1841573282,0,0,0
774.3157497530402,0,0,0
339.5081449998449,0,0,0
128.1413315708612,0,0,0
1215.803647512411,0,0,0
1035.2320602387167,0,0,0
468.3070110826722,0,0,0
3014.738795888855,1,0,0
22.45300569573935,0,0,0
362.0089324412933,1,0,1
2539.1873869792094,0,0,0
387.03907246706444,0,0,0
290.6903713223509,1,0,0
764.0427394331647,0,0,0
1736.1454969739716,0,0,0
108.86304332876567,0,0,0
2865.0674042850537,1,0,0
1585.100881012118,0,0,0
199.976804156757,0,0,0
1244.8224422774433,0,0,0
486.0658957654,1,0,0
514.6574191867484,0,0,0
1529.1956513135995,0,0,0
3291.038213455835,0,1,1
135.42561163620604,1,0,0
545.8143815444117,0,0,0
655.7388936367703,0,0,0
472.10474216634066,1,0,0
451.2825650064632,0,1,1
53.684221494628495,1,0,0
1156.8940102633196,1,0,0
573.0812719665113,1,0,0
216.6568885793622,0,0,0
1693.0016156799459,0,0,0
1622.3243275329696,0,0,0
666.2942262892634,1,0,0
354.46404855261187,1,0,0
1016.3672485770086,0,0,0
339.89106424633684,1,0,0
269.1978698743479,1,0,0
1311.2412649772277,0,0,0
41.16084329900907,0,0,0
99.56453489097495,0,0,0
6.811318475385713,0,0,0
165.9875103994546,1,0,0
71.48526998011965,1,0,0
5473.234669787087,0,0,0
340.81561337632877,0,0,0
161.65813851906296,0,0,0
275.7485714220042,1,0,0
2750.836178289058,1,0,0
734.3030287706334,0,0,0
453.84385860468336,0,0,0
2066.6552984773293,0,0,1
502.5107393434689,0,0,0
407.98112556375276,1,0,0
232.28839138124226,0,0,0
474.48858991801836,0,0,0
380.79838270690135,0,0,0
1131.044449284091,0,0,0
341.9027416978407,0,0,0
860.8554252288111,0,0,0
68.16339241982185,1,0,0
212.31385065630832,0,0,0
523.2445396151938,0,0,0
2763.8153833136316,0,0,0
473.61331346909054,1,0,0
1090.8647421634591,0,0,0
294.4881445323355,1,0,0
135.8581843325942,0,0,0
60.31980586259154,0,0,0
364.4385724094443,0,0,0
171.57276475250228,1,0,0
191.17315447108982,0,0,0
1430.285155934479,0,0,0
15.964833420840076,0,0,0
816.0159093633331,0,0,0
477.16743710175376,0,0,0
706.3337421787874,0,0,0
827.4336861295934,0,0,0
375.9563475904505,0,0,0
349.7118997014835,0,0,0
1322.0128080016696,0,0,0
2050.0923778859024,0,0,1
213.9133218234481,0,0,0
102.71818805457008,0,0,0
2280.782568708252,0,0,0
430.6221038655853,0,0,0
801.4395246358926,1,0,0
445.5735206011498,0,0,0
134.44876910974438,1,0,1
889.9693122366489,0,0,0
744.7370489625473,0,0,0
226.89251890863744,0,0,0
601.2410509701797,0,0,0
1594.2907324636526,0,0,0
892.6379355783232,0,1,0
101.94117612026534,1,0,0
794.1206605223792,0,0,0
1213.1423809886032,1,0,0
1573.6046889119848,0,0,0
991.870190148079,1,0,0
165.65108197099516,0,0,0
1238.472005559095,1,1,1
1131.1618632057318,0,0,0
24.730168309727755,0,0,0
530.5992863850641,0,0,0
404.89064358806775,1,0,1
1106.8825862563538,1,0,1
243.51950362619596,0,0,0
893.727025197345,1,0,0
2444.2173441697937,0,0,0
1598.5097044557224,0,0,0
2544.1184069287165,0,0,0
3839.9799141206063,1,0,1
10.727461016831105,0,0,0
974.8240573536343,0,0,0
532.4568982088197,0,0,0
1965.074041378884,0,1,0
290.1046070996064,0,0,0
3964.8695641946974,0,0,0
951.1616399750737,0,0,0
1577.636007580913,0,0,0
89.48667746268846,0,0,0
202.67678769223474,0,0,0
1420.4870159931825,1,0,1
22.231827896392957,0,0,0
1697.602604565759,1,0,0
14.047220535551224,0,0,0
1070.3713614170392,0,0,0
454.2781969054579,0,0,0
945.4488601481731,1,0,0
1190.8308953772053,1,0,0
419.272826189959,0,0,0
114.24704875779253,0,0,0
72.1899779484894,1,0,0
889.006413735262,0,0,0
735.3354282585661,1,0,1
1355.5751028413151,0,0,0
712.8102580016906,1,0,0
548.9529709153086,0,0,0
507.6426585058242,0,1,0
26.80291287112042,1,0,0
408.8064868466333,0,0,0
3730.5416983991,0,0,1
2067.952405115221,0,0,0
399.54973900441524,0,0,0
886.2354632477159,0,0,0
1879.258754185018,1,0,1
582.0966897077566,1,0,1
18.121062943484755,0,1,1
77.43245099642984,1,0,1
714.1516813681918,0,0,0
3488.042885438253,0,0,0
1181.5903123810303,0,0,0
73.55633050057403,1,0,0
209.9323002135541,1,0,0
1475.445377725653,0,0,0
1841.6206945030478,0,0,0
961.5354772201922,0,0,0
1034.0139339044647,0,0,0
28.746705975884023,0,0,0
1763.34846865214,0,0,0
1552.467999388228,1,0,0
299.80208275053025,1,0,1
1233.3217004808782,0,0,0
241.88636360463659,0,0,0
41.1659714355243,1,0,0
224.5652396723264,1,0,1
196.78023361003218,0,0,0
412.10912589659006,0,0,0
542.057461569242,1,0,0
710.3724707000953,1,0,0
647.7033242927798,0,1,0
315.63528986043445,0,0,0
29.60459192117248,0,0,0
929.1268186674587,0,0,0
503.7587031212968,1,0,0
354.77982279793594,0,0,0
2016.9629619944048,1,0,1
1373.3517109237484,0,0,0
1950.2785150951847,0,0,0
683.1627804108274,1,1,0
140.3330453692271,1,0,0
1191.4562512877922,1,0,0
230.76474388773582,0,0,0
582.0167473032931,0,0,0
67.20959348940872,1,0,0
1744.7331592951978,1,0,1
134.6069892111933,1,0,1
2334.050033371044,0,0,0
1996.7974372754707,0,0,0
624.7089564813596,0,0,0
1364.0171679085704,1,0,0
966.1247594521222,1,0,0
1624.9355952375756,0,0,0
565.290786698282,0,0,0
1540.8847307368387,0,0,0
620.7461818635211,0,0,0
2829.6381360630726,0,0,0
666.2562072583974,1,0,1
621.0484448761042,0,0,0
1537.4515465553477,0,0,0
1723.6020204702065,0,0,0
808.5335976249498,1,0,0
198.204400208511,0,0,0
630.6574397857654,1,0,0
3444.287662727786,1,0,1
1398.311045289649,0,0,0
1666.8689722104511,0,0,0
33.376343572544265,1,0,0
630.8476565458076,0,0,0
1040.2145218398546,0,0,0
1772.149117051285,1,0,0
50.529011350221886,1,0,1
1913.5128543837843,0,0,0
794.9605209822794,0,0,0
219.79163847602064,1,0,0
381.6341590085905,0,0,0
331.18759740944495,0,0,0
756.8519891478418,0,0,0
53.069270406230636,0,0,0
172.61223537717646,1,0,0
1675.0065286082786,1,0,0
142.2596484063167,1,0,0
265.7852597001801,1,0,0
603.9842301396461,0,0,0
727.988942605244,0,1,0
1442.274324441929,0,0,0
592.9985914247256,0,0,0
1560.0032942342539,0,0,0
963.2416444984972,0,0,0
120.02274879418378,0,0,0
169.99556103040914,0,0,0
574.5355557446505,0,0,0
505.6546713627221,0,0,0
1360.7992204454206,0,0,0
869.2572044436054,0,0,0
491.24047273411395,0,0,0
187.24600213676388,1,0,0
257.26551821768305,1,0,1
856.8456724540113,0,0,0
550.6737955565839,1,0,1
723.4569329469679,1,0,0
187.146098564667,0,0,0
1087.3942043616682,0,0,0
1914.1897875717436,1,0,0
298.3245118965476,1,1,1
676.3180399553154,0,0,0
3710.1982542723113,1,0,0
405.3277283712841,0,0,0
903.98265033395,0,0,0
94.52575776402291,0,1,1
931.4424477681571,0,0,0
93.90611659763758,0,0,0
3199.942087786592,1,0,0
1257.5939009346034,0,0,0
1551.9230061193148,0,0,0
1217.7484570000022,0,1,0
890.937449955458,0,0,0
597.6784334835392,1,0,0
1954.5611193538637,0,0,0
3142.7407623293975,0,0,0
691.221381909271,0,0,0
2681.433331160105,0,0,0
875.4677213268582,0,0,0
773.0223072182364,0,0,0
606.0208205992647,0,0,0
234.82117200571417,0,0,0
3.7265959592833093,1,0,0
276.4206896617385,0,0,0
712.7850914938828,0,0,0
477.9712098996148,1,0,0
595.086655520611,1,1,1
3944.970851545388,0,0,0
431.20203570977736,1,0,0
601.8138787171789,1,0,0
143.311117307577,0,0,0
49.14584647572164,0,0,0
1493.4765999637727,0,0,0
845.5601129798249,0,0,0
1430.0573680300215,0,0,0
162.35752944881847,0,0,0
848.2320960757755,1,0,0
292.55053667024544,0,0,0
258.8508058681202,0,0,0
11.592953412733241,0,0,0
139.65378032931636,1,0,0
370.0035355725912,1,0,0
124.29278382948347,0,0,0
4258.637328339708,0,0,0
369.08397350042884,0,1,1
139.63448920533642,1,0,1
221.99709977593372,0,0,0
886.011869378707,0,0,0
66.18630344124009,0,0,0
1983.652423066156,1,0,0
3257.088706220438,0,0,1
283.3546767059409,1,0,0
598.0102313789228,0,0,0
22.383093888224398,0,0,0
1023.6260426213854,0,0,0
534.3093165676217,1,0,0
314.79083859719594,1,0,0
231.72666938233994,1,0,0
1061.383204584576,1,1,1
538.2259937048772,1,0,0
198.03552383751725,1,0,1
1168.3131726587064,0,0,0
832.5754296013132,1,0,0
1956.6722376461985,1,0,0
124.96918049263243,0,0,0
1540.222541442795,1,0,0
1119.3767460353797,0,0,0
122.17999204841887,0,0,0
1186.8559041320002,0,0,0
582.5853352838882,0,0,0
2900.1455057462563,0,0,1
152.6983107468978,1,0,0
1029.5529136766318,0,0,0
481.23453315081196,0,0,0
3142.254438419255,1,0,1
400.44009758309227,0,0,0
3275.0734810489284,0,0,0
2317.555097472637,0,0,0
315.2358625674954,0,0,0
1627.305474991052,0,0,0
5427.106149660532,1,0,0
291.239060601906,0,0,0
574.0799375368406,0,0,0
734.3457805012031,1,0,0
349.45980122938994,1,0,0
15.382546699889067,0,0,0
248.62707071701513,0,1,0
331.19780898082246,1,0,1
586.2672821216834,1,0,1
187.65874839202422,1,0,0
2065.573009422475,0,0,0
1220.4787230289535,0,0,0
89.05033887088157,0,0,0
1050.086305505497,1,0,0
1060.324153708477,1,0,0
3128.604995004354,0,0,0
3.025443398058438,0,0,0
284.9291316806406,1,0,0
2628.1972258541773,0,0,1
2690.2188596061847,0,0,0
1275.0622269362243,1,0,1
1451.4232262790463,0,0,0
95.94163285145515,0,0,0
721.2912037167176,0,0,0
263.42271310236646,0,0,0
199.93746209342788,0,0,0
1662.328793459307,1,0,1
145.06986167022245,0,0,0
632.3374219932191,1,0,0
2789.991102479082,0,0,0
205.58861431633275,0,0,0
3816.413949302463,1,1,1
5165.183561136167,0,0,0
811.0688238573306,0,0,0
186.50156909813924,0,0,0
379.95071806095433,0,0,0
552.5035968170129,0,0,0
370.08477568731615,1,0,1
329.38720665360546,0,0,0
3583.7885065752025,1,0,1
166.48540606465005,0,0,0
1321.735497877455,0,0,0
0.41037363091626294,0,0,0
906.7926552586009,0,0,0
2476.2601858758785,0,0,0
339.58480737817206,1,0,0
205.21274249549097,0,0,0
1054.6330926077721,0,0,0
1246.8852020033178,1,0,0
1164.8499131108508,0,0,0
384.65839686916445,0,0,0
290.6229287461431,0,0,0
3121.7218904164906,0,0,0
2567.84715954642,0,0,1
611.2292044117772,0,0,0
1872.0623407446965,0,0,0
602.0704539762937,1,0,0
552.3232250552198,1,0,1
170.50715956002995,1,0,0
555.8335484902193,0,0,0
770.9291459377752,0,0,0
22.76141416943498,0,0,0
587.1902521073249,0,0,0
1520.3114414782378,0,0,0
1139.578219716323,0,0,0
1008.2881243985009,0,0,0
2403.0180848313275,1,0,1
18.19656772232136,0,0,0
814.292932747893,1,0,0
1548.1022418713742,1,0,0
779.4360172656328,0,1,0
391.4077068571167,0,0,0
146.47255813141538,0,0,0
2185.3628529202597,1,0,0
636.3177842391306,0,0,0
2104.6789179097295,0,0,0
881.5321767443515,0,0,0
1121.447386099571,0,0,0
1630.97392851105,1,0,0
1076.3290482856555,0,0,0
507.58893529626124,0,1,1
720.7925854073832,0,0,0
1624.782666674772,1,1,1
467.8464318667654,0,0,0
491.22147493741295,1,0,1
100.58318535846738,1,0,0
2460.226937437883,1,0,0
95.4501360377275,0,0,0
1044.7185341382146,0,0,0
533.0618237643873,0,0,0
520.2354076709825,0,0,0
1138.0347522784198,0,0,0
69.45054687922772,0,0,0
900.6777092953474,0,0,0
1478.5490719059255,1,1,0
1761.4985322976322,0,0,0
186.96880581994256,0,0,0
2277.103036761431,1,0,1
1067.5383974162391,0,0,0
2135.8409094433546,1,0,0
664.1336086968487,0,0,0
780.9589034075168,1,0,0
2513.77879190895,1,0,0
2301.6809354144475,0,0,0
594.4987124438186,1,0,0
320.773788871442,0,0,0
499.5073091684502,0,0,0
490.63798649394835,1,0,0
338.0871648921142,1,0,0
312.7668878653467,0,0,0
1973.7342288170923,0,0,0
72.42223147368449,1,0,1
1131.996952882909,0,0,0
189.73301567705533,1,0,0
422.3659665038688,1,0,0
63.51827817295681,0,0,0
314.67463159516393,0,0,0
1462.834518066683,0,0,0
2162.9564164310646,1,0,0
250.42116551909143,1,0,0
622.7778900557308,0,0,0
635.4898706262965,0,0,0
2068.10845052591,1,0,1
1438.8476189314854,0,0,0
719.6497277487082,1,0,0
1110.9294356516098,0,0,0
1879.640668173544,1,0,0
9.584741254990227,1,0,0
515.6539799565167,0,0,0
2377.7739120363003,1,0,1
1348.2783380988928,0,0,0
782.7248462003128,0,0,0
754.266544690837,0,0,0
427.3581681720071,1,0,1
735.054208602718,1,0,0
1065.3222023432827,1,0,1
541.9088032498039,1,0,0
1252.299088476951,0,0,0
1974.9534427416104,0,0,0
168.0457604295525,0,0,0
600.6537327822011,1,0,0
524.2825826555936,1,0,0
1163.0381891067598,0,0,0
287.5053750742546,1,0,0
1022.3484765181756,0,0,0
2099.5564302534362,0,0,0
541.5109733027736,0,0,0
2419.2953290719583,1,0,0
4985.51432450459,0,1,0
112.15247325739205,1,0,1
265.33782550160464,0,0,0
3003.35629230888,0,0,0
3177.918315083836,0,0,0
102.81628317140824,1,0,0
15.112115351447397,0,1,1
175.66379685240878,1,0,1
5524.661881045076,0,0,0
198.4504711760047,0,0,0
698.255418865816,1,0,0
1886.6267415717443,0,0,0
20.612598135984843,1,0,0
927.5766344088694,0,0,0
324.38125643266983,1,0,1
1982.9314743175494,1,0,0
333.32281024474327,1,0,0
1160.771946448222,0,0,0
1121.5318438299641,1,0,0
250.37800111382452,0,0,0
35.419116251444564,0,0,0
526.3616414348846,0,0,0
341.3545484850642,0,0,0
1655.365363551361,1,0,0
1611.2605146416126,1,0,0
610.6900708730944,0,0,0
932.7052797730452,1,1,0
926.9966259603335,0,0,0
1755.3782553376416,1,0,1
553.3894366687263,1,0,0
322.1999240571301,1,0,0
307.9322885720399,0,0,0
768.2852076459699,1,0,0
596.2894764841534,0,0,0
580.0341809845377,1,0,0
95.56128432710481,0,0,0
1267.9914275323338,1,0,0
240.46354008621807,0,0,0
219.34282100984322,0,0,0
532.3188237467941,0,0,0
258.4836479123338,1,0,0
876.7293731606596,1,1,1
464.36092223846316,1,0,0
595.8602695817318,1,0,0
770.3939971907031,0,0,0
227.5727488460302,1,0,1
169.30854197537568,0,0,0
2123.785588631445,1,1,1
568.6731623474265,1,0,0
531.1875438125228,0,0,0
36.26173154424331,1,0,1
689.1079544033673,1,0,1
807.8169411151506,0,0,0
818.3496317837553,0,0,0
1227.6890555654018,0,0,0
195.3847114691718,1,0,0
290.65065330522555,0,0,0
1664.583169959441,0,0,0
2940.687743880021,0,0,0
146.10467451212472,0,0,0
688.4573042527045,1,0,1
241.0227518252077,0,0,0
61.953245423187624,1,0,1
393.78855238457953,0,0,0
155.12004555868998,0,0,0
1237.6436013662963,0,0,0
762.9805773424296,1,0,1
155.2915465236134,0,0,0
9.284556819462377,0,0,0
1651.0782053369464,0,0,0
193.8207067194615,0,0,0
931.9543742611925,1,1,1
410.8625175667901,1,0,0
880.6483805311485,0,0,0
379.29109623270915,0,0,0
90.95320199359158,1,0,0
252.2505916336474,0,0,0
208.3270676274371,0,0,0
558.650121111126,0,0,0
1073.774662474155,0,0,0
306.2617098321391,0,0,0
12.143368456850208,0,0,0
731.757797530451,0,1,0
930.7941228236448,0,0,0
3293.3433155358352,1,0,0
890.3082273893276,1,0,0
637.0930995409068,1,0,0
851.9122842454078,1,0,0
2629.7099706798367,0,0,0
1762.4617434036795,0,0,0
390.0525935112594,1,0,0
270.83067635503284,0,0,0
304.6703764912344,0,0,0
702.02858314528,0,0,0
1362.771022023714,0,0,0
699.6064109117083,1,0,0
70.2040287434321,1,0,0
1285.8363647794436,1,0,0
1639.7431558489664,1,0,1
341.78332669188813,0,0,0
1091.01841311582,1,0,1
556.157601207073,0,0,0
2199.3009330184896,1,0,1
1865.786435855286,0,0,0
745.3503588919361,1,0,0
1176.051412503608,1,0,1
2148.574717484155,0,0,0
684.6176805462105,0,0,0
375.78603225825896,0,0,0
1401.067500193853,0,1,1
248.54630493793442,0,0,0
491.8912622021917,1,0,0
2007.88200396462,0,0,0
1288.8858036119389,0,0,0
517.1975568946125,1,0,1
241.74613951607367,0,0,0
440.00747152365386,0,0,0
334.2205824166469,1,0,1
193.6931140991053,1,0,0
1359.975417345374,0,0,0
290.44573699054166,0,0,0
605.4430722050021,0,0,0
487.5314630840894,0,0,0
4021.691600639632,0,0,0
496.0884909683889,1,0,1
83.36256868200789,1,0,0
94.11921711131123,0,0,0
893.4381558768531,0,0,0
914.7008757111596,0,0,0
542.5897896972347,0,0,0
565.358708527199,1,0,0
55.441446973615776,1,0,0
726.8001639366563,0,0,0
702.6713425042948,0,0,0
161.98885654884867,1,0,0
109.63562549912078,0,0,0
131.90128266113254,0,0,0
106.50366490542089,0,1,0
940.8606030605079,0,0,0
218.7565039977043,0,0,0
289.5907624254021,1,0,1
190.64265428041617,0,0,0
3166.172006389593,0,0,0
1928.3868253037524,1,0,0
262.00761663086934,0,0,0
396.85175068816903,0,0,0
235.58670006780025,0,1,0
677.0296869196283,0,0,0
19.80537042368075,1,0,1
1112.816722356309,0,0,0
740.5703940493546,1,0,0
2289.0661698316135,1,0,1
179.59649434572714,0,0,0
1630.1981530073217,0,0,0
1570.0297863952292,0,0,0
136.02729246922368,0,0,0
508.42720916997365,0,0,0
186.51350009748415,0,1,0
293.9959637891087,1,0,0
305.50146542741317,0,0,0
812.4632773121898,0,0,0
530.0270158330903,0,0,0
2951.3863323548385,0,0,0
135.0984964013412,1,0,0
3637.8873293809675,1,1,1
262.1945111549431,0,0,0
1482.2500693129941,1,0,0
413.95594269617266,1,0,0
154.41234204469686,1,0,0
1951.148140133525,1,0,0
369.41417190813485,1,0,0
1075.4488570504636,0,0,0
835.7335836708263,0,0,0
638.1975665059504,0,0,0
684.8208858557952,0,0,0
1317.6564318953654,1,0,0
91.8663222309149,0,0,0
1103.1646206996184,1,0,0
2261.55929266996,0,0,1
59.525185751424246,1,1,1
151.58287523375193,1,0,1
1261.0086493319793,1,0,1
574.9760393278173,1,0,1
516.757550931746,0,0,0
147.30192647253267,0,0,0
706.7797648445937,1,0,0
135.299023903315,0,0,0
647.4483731625589,0,0,0
1442.2947119642592,0,0,0
298.7623767726167,0,0,0
655.4394733071418,1,0,0
4830.311906918656,1,0,1
1160.4358533704067,1,0,0
1841.0974426403259,0,0,0
535.8829640690277,0,0,0
1460.4186176406556,1,0,0
41.35252370652351,1,0,1
131.14701755567697,1,0,1
226.98917741472087,1,0,1
514.084134642865,0,0,0
1869.1474130251042,0,1,0
425.0548157788701,1,0,1
1063.1134744904607,1,0,0
1235.5126463569675,1,0,0
882.3298710041239,0,0,0
441.9869368739738,1,0,0
860.5092112292662,0,0,0
418.95406559852324,0,0,0
87.60108379834746,0,0,0
4934.2269314941095,1,0,0
136.02874112789627,0,0,0
75.09903029771061,0,0,0
2108.0941281259416,0,0,0
359.2993287587274,1,0,0
1050.6709820291896,0,0,0
398.99468103682744,1,0,0
496.6832186707033,0,0,0
303.96454471293674,0,1,1
420.13824263881696,1,0,0
528.8205669052459,0,0,0
1274.452741992009,0,0,0
716.489902843661,0,1,0
2874.669593495071,1,0,0
42.782658949230644,0,0,0
699.3027324199502,0,0,0
877.6105225352997,1,0,0
2528.1940067467776,0,0,0
50.40792183650127,0,0,0
852.1419388626376,0,0,0
1921.6171281893253,1,0,0
276.97655239572384,0,0,0
2089.834146395086,1,0,1
19.227070420597503,1,0,0
1318.4661163133178,0,0,0
2704.753957217871,1,0,0
1070.6012709284003,0,0,0
578.0865031255621,0,0,0
45.919356181182806,1,0,0
2527.1523237919882,0,0,0
635.437339423619,0,0,0
29.425457798336296,0,0,0
1170.6059587505401,0,0,0
657.465903782357,0,0,0
132.7834637558187,1,0,0
241.14435973199457,1,0,0
66.66417121803772,0,0,0
854.0052305727256,0,0,0
972.9390738429057,0,0,0
704.6982345650964,0,0,0
1698.82738577806,0,0,0
1973.3448105128641,0,0,0
956.1350708177127,0,0,0
12.838542227578875,0,0,0
1188.196755663473,1,0,0
541.2834857539267,0,0,0
833.6916404427743,1,0,0
1047.1987172679496,1,0,0
431.1470044062177,1,0,0
2490.1021853001307,1,0,0
143.84134861194858,1,0,1
1113.2543847202942,0,0,0
4.3691106352031035,0,0,0
2585.6260242917056,1,0,1
119.35141481309141,1,0,0
99.69242097472699,0,1,0
404.97667698843287,1,0,1
467.7123139771923,0,0,0
241.18033084933907,0,0,0
879.769960591439,0,0,0
585.035828400081,1,0,0
34.77323048531338,1,0,0
385.1509385180867,1,0,0
1663.012299025739,1,0,1
1170.220653920534,0,0,0
1290.5146682082077,1,0,0
1197.7155024147937,0,0,0
372.47485254207714,1,0,0
104.98716544699718,0,0,0
318.096173095531,0,1,1
1782.5141404056315,1,0,0
3935.844384035481,1,0,1
680.9163129829454,0,0,0
9.747709854461796,1,0,0
150.8749982250319,0,0,0
388.7268407534482,0,0,0
864.1380098086476,1,0,0
78.06278530314334,0,0,0
2870.9921384648737,1,0,1
454.2620577235486,0,0,0
2437.0794396794504,0,0,0
1516.5023805895469,0,0,0
1408.2834488430904,0,0,0
933.2323841098996,0,0,0
985.5974482798549,1,0,0
1016.1200042577607,1,0,0
990.8025198501565,1,0,0
806.8271658979085,1,0,0
4298.71678865035,0,0,0
1317.853093460961,0,0,0
1500.3431256201936,0,0,0
2059.3473105016456,0,0,0
242.88687784417235,1,0,0
87.5251370454317,0,0,0
659.5082407877089,0,0,0
721.7127092367463,0,0,0
1767.155328550726,0,0,0
586.5978145730056,0,0,0
845.9558209285406,1,0,1
748.809877453243,0,1,1
38.95164446319488,1,0,1
955.0702735098793,0,0,0
1760.5124953189584,1,0,0
171.3822672909106,1,0,1
902.2195320080327,1,0,0
900.443329034818,0,0,0
179.34793924782016,0,0,0
131.7770167059941,1,0,0
3914.623532694205,0,0,0
500.4119838429175,0,0,0
258.021953302229,0,0,0
187.9266895872117,1,0,0
1101.421371198353,0,0,0
940.187235844257,1,0,0
1031.5672573554884,0,0,0
92.12189804308044,0,0,0
2239.9350742529623,0,0,0
493.09441621089354,0,1,1
375.95884088300335,0,0,0
620.5687796356121,0,0,0
494.40463218444506,0,0,0
1991.994949097323,1,0,0
2648.757880964118,0,0,0
361.62031852717183,0,1,1
1994.628500633999,0,0,0
1521.07512603621,0,0,0
2670.865294539402,0,0,0
282.0318148454557,0,0,0
860.2865327806006,1,0,0
320.95566235803494,0,0,0
1737.8083058665754,1,0,1
5.338414583716406,0,0,0
831.9936167774955,1,0,1
414.30924939163185,0,0,0
389.6169173556773,0,0,0
1035.373647879131,1,0,0
1907.0656077976907,0,0,0
939.5475661331104,0,0,0
1918.5001105763558,0,0,0
307.3367828464057,1,0,0
732.9319106520414,1,0,0
598.813002466877,1,0,0
11.713232349409703,1,0,0
813.7615427076748,0,0,0
1083.3030478415258,0,0,0
896.2783334909537,1,0,0
1332.866960933917,1,0,0
847.0901150249457,0,0,0
69.08243426624557,1,0,0
123.80232990955454,0,0,0
907.515788409154,1,0,0
321.5549238133067,1,0,1
82.99595400343927,1,0,0
561.4222195860207,0,0,0
808.1599027688324,0,0,0
398.60765678899793,0,0,0
1274.5158131758747,0,0,0
1032.1803963742357,1,0,0
404.6929479380822,1,0,0
1405.9769135722702,0,0,0
1046.1006080337672,0,0,0
1014.580136639517,0,0,0
806.1539674448376,0,0,0
11.4550271104334,1,0,0
1192.3973375498083,1,0,0
471.67188578683675,1,0,0
2857.8801564939877,0,0,0
1703.6649200059621,0,0,0
885.9906256588143,0,0,0
290.5956218099973,0,0,0
227.80112257648838,1,0,1
416.0987014134545,0,0,0
647.3480442579875,0,0,0
351.0699811864851,1,0,0
723.4610282851178,1,0,0
180.76727593032493,0,0,0
3803.7433318083736,1,0,0
114.20457034312628,0,0,0
2687.4264353615004,1,0,1
2448.5131378971673,0,0,0
745.1996721584611,0,1,0
1290.6579503022692,0,0,0
572.7866658541085,0,0,0
994.3457305282541,0,0,0
416.38845738325267,1,0,0
358.3320587460106,0,0,0
863.2946302387082,1,0,0
689.4135077670325,0,0,0
866.3972935592894,0,0,0
337.797928764695,1,0,0
457.21824265388375,1,0,0
87.62752381882723,0,0,0
53.69235116351659,0,0,0
292.30223521649816,1,0,1
77.1476666265713,0,0,0
109.56345635739147,0,0,0
1676.2638765433496,0,0,0
39.649449945123195,0,0,0
1075.7050560465468,0,1,1
318.2206629022172,1,0,0
2052.181929741119,0,0,0
663.5733970277074,0,0,0
364.6732154730355,1,0,1
729.0623492839554,1,0,0
481.1988934841464,0,0,0
830.803789446372,1,0,0
121.6399408291222,1,0,0
5805.98226153448,0,0,0
554.3524496033615,0,0,0
428.06452151937,1,0,0
1238.5982328209072,0,0,0
452.39856226107815,0,0,0
1791.4053621039297,1,0,0
605.6322583645979,0,0,0
1271.3898226413867,1,0,0
113.67634814963915,0,0,0
1871.5769083846758,0,0,0
1330.7385140884176,0,0,0
237.89783550402998,0,0,0
156.9883803303308,1,0,0
380.22486314303336,1,0,0
3732.646866785225,0,0,0
296.8325770016072,1,0,0
609.0398994464532,0,1,0
30.480058957084875,0,0,0
506.2154827587984,0,0,0
847.0445951387941,0,0,0
3060.2625282289846,1,0,0
727.1922837939643,0,0,0
1709.8513858956549,0,0,0
792.1449648794774,0,0,0
41.64005136619715,1,0,0
378.3485213618956,1,0,1
856.9599062537819,1,0,0
3007.6827151043826,0,0,0
1959.9203534949197,0,0,0
259.23147521265787,0,0,0
248.60217692971318,0,0,0
224.6108361426704,1,0,0
2557.4631014662173,0,0,0
1915.0541998436963,0,0,0
1491.1369320584606,0,0,0
498.79019797787123,0,0,0
701.9471959632003,0,0,0
624.240236382258,0,0,0
292.2231777598522,0,0,0
703.25417690502,1,0,0
30.971243555645685,0,0,0
141.34512446890417,1,0,1
2176.7421473548393,1,0,0
1393.036103808854,1,0,1
549.6849779197179,0,0,0
728.0499828726443,0,0,0
462.033691280626,1,0,0
1350.0776445291751,0,0,0
1533.3438175061476,0,0,0
1440.8991966254769,0,0,0
1282.3370388816606,1,0,0
228.78988526416674,1,0,0
412.4443754940074,0,0,0
634.5866828460727,0,0,0
401.66183686342504,1,0,0
1406.2530172339154,0,0,0
399.51314262429287,0,0,0
148.76928678100305,0,0,0
509.2276546128802,1,0,0
3907.753770712317,0,0,0
256.03020386424953,0,0,0
947.1589377894568,0,0,0
567.3484452370517,1,0,0
73.67298578098028,1,0,0
669.1896790693663,0,0,0
1211.2133829919703,1,0,1
719.9429536898081,0,0,0
2056.553981580506,0,0,1
340.99426893569137,1,0,0
90.1973610008746,0,0,0
2757.749161715658,0,0,0
475.1309105613025,0,0,0
858.9787707553832,1,0,1
1570.2322288658588,1,0,1
392.02631043634585,1,0,0
1259.36056849498,0,0,0
145.51010876492626,1,0,1
344.31415029741964,0,0,0
156.31543003512235,1,0,1
1667.228894310218,1,0,0
251.86359576592233,0,0,0
1263.7353898625515,0,0,0
2869.952801375501,0,0,0
750.2938019094004,1,0,0
776.5922529490362,0,0,0
618.1019884871295,0,0,0
394.3621893540198,0,0,0
645.6054733408993,0,0,0
923.3343104017013,1,0,0
4268.096142678809,0,0,0
2776.8306556227035,0,0,1
1981.6106019756253,1,0,1
2199.401767038343,1,0,0
630.8283397636541,0,0,0
1071.3210861024506,0,0,0
2254.430587348065,1,0,1
499.145379171438,0,0,0
3263.9380031886703,1,0,0
537.4880311638045,0,0,0
919.0010649939429,0,0,0
1237.2011801262865,0,0,0
3007.64318923211,0,0,0
280.5294125581221,1,0,0
1370.9368073200167,1,0,0
735.6697580522664,1,0,0
312.73617588697175,1,0,0
1498.8220096303808,1,0,0
803.4583307981371,1,1,1
1081.6779493612055,1,0,0
389.93788466029696,0,0,0
656.3793807009905,0,0,0
960.645655125606,1,0,1
519.0439926857327,1,0,1
221.11129256126395,1,0,1
3260.752863129132,1,0,0
716.3493614829698,0,0,0
1323.959655178974,1,0,0
529.4092234236713,1,1,0
438.7092683666391,0,0,0
522.8379815558416,1,0,0
526.2720475449238,0,0,0
785.6575385980592,1,0,1
784.1005788937592,1,0,1
687.4709526316699,0,0,0
144.7781552155455,0,0,0
685.3287810553819,0,0,0
185.2505225340997,0,0,0
134.830277290979,0,0,0
2697.7887900429882,0,0,0
928.7429730945097,1,0,0
1077.3109559468203,0,0,0
513.8195516543121,0,0,0
2396.685815550247,1,0,0
1015.9190678536811,1,0,0
1466.0732048774512,1,0,0
459.7562637437489,0,0,0
3219.172889465656,0,0,0
1717.3644405896007,0,0,0
1923.795726510119,0,0,0
188.97677461991313,1,0,0
316.03107893455575,0,0,0
336.3494837126674,1,0,0
315.9570324306351,0,0,0
1933.8404169383582,0,0,0
32.40418557280641,0,0,0
79.15142637857794,1,0,0
320.08801294600084,0,0,0
222.98478223049233,0,0,0
263.7827681159553,0,0,0
1599.206379801562,0,0,0
828.1118143945304,1,0,1
5.787375892727676,0,0,0
560.9314930783023,0,0,0
524.0542826671984,1,0,0
120.97655764895143,0,0,0
1127.449478113309,0,0,0
1210.9879811721291,0,0,0
1276.160842970389,0,0,0
1303.6861308166353,0,0,0
0.05282832768833213,1,0,0
3077.393707336985,1,0,0
1683.131639155188,0,0,0
2343.2164451594313,1,0,0
15.766942849995038,0,0,0
2715.9633645446356,0,0,0
1659.6188188499152,1,0,0
1815.3504180688342,0,0,0
97.92973102884548,0,0,0
1342.3847691855458,1,0,0
3216.7952318559996,0,0,0
1134.9049978365151,0,0,0
845.2765154727598,1,0,0
2911.9368208416327,1,0,0
585.0771580553018,1,0,1
914.5262053433529,0,0,0
646.9094014210882,0,0,0
2700.7700859698566,0,0,0
79.13490717842039,0,0,0
695.3890934202901,0,0,0
1161.4001555289049,1,0,0
1569.7679656928626,0,0,0
874.7137762746733,0,0,0
2395.992269993344,0,0,0
2847.16481178853,1,0,0
66.48091109596139,1,0,0
514.7843484224329,1,0,0
23.73856510262382,0,0,0
399.60728476707845,0,0,0
769.7436389809297,0,0,0
2416.8174081629913,1,0,0
1874.4086668722914,0,0,0
136.3923116356735,0,0,0
97.6463186680154,0,0,0
889.8127353882725,0,0,0
759.5390927448472,0,0,0
309.7608806281287,0,0,0
2297.130840049884,0,0,1
2622.3277845616576,0,0,0
515.1875202534726,0,0,0
2210.029222032073,1,0,0
484.42535503111725,0,0,0
1334.9050322966548,1,0,0
646.1533288851008,0,0,0
130.77309338297718,0,0,0
2630.175705584561,0,0,0
605.3132298356888,1,0,0
1326.0916271464316,0,0,0
457.5594829033183,0,0,0
19.06139822209619,0,0,0
105.94997679128237,0,0,0
685.614580936042,0,0,0
1171.0680111005609,0,0,0
407.5703123653795,0,0,0
1189.04629165599,0,0,0
1199.435080159777,1,0,1
1217.179318799293,0,0,0
678.3016311027701,0,0,0
2463.765508366424,1,0,0
671.7703380510113,1,0,0
598.3192870308393,0,0,0
222.36987444264327,0,0,0
367.671018862966,1,0,0
43.25671909804202,0,0,0
1003.853061381627,1,0,0
285.7316343628563,0,0,0
362.6287103202755,0,0,0
1473.2236541955351,1,0,0
396.33865589851416,1,0,0
277.3303594742752,0,0,0
185.19498008384247,1,0,0
1491.025751083043,0,0,0
138.924489824985,1,0,0
604.6854163495378,1,0,0
707.1043626064501,0,0,0
1162.7985924357884,0,0,0
1003.1661608314886,0,0,0
1664.5314340477655,0,0,0
45.78369375673922,0,0,0
351.6031483785829,1,0,0
328.6903604004956,0,0,0
157.84388116480852,0,0,0
341.33358927041684,1,0,0
370.72361478945896,0,0,0
737.9028642493967,0,0,0
1089.764978570977,0,0,0
479.8124001156824,0,0,0
1271.075432425459,0,0,0
409.7221643972274,1,0,1
342.8899343000988,0,0,0
779.1148606242518,1,0,0
24.002120348453182,1,0,0
83.15242176313444,1,0,0
541.2325020125559,0,0,0
2863.1738034208397,0,0,0
1278.3795179722829,1,0,1
92.2540808860695,0,0,0
1872.8698297157573,0,0,0
1317.8912070859765,1,0,1
944.0384787512662,1,1,1
1716.427312944715,0,0,0
517.6989371972003,1,0,0
250.38763755337885,0,0,0
717.4878027791533,0,0,0
795.9371265059472,1,0,0
772.8970704635992,1,0,0
832.5788978696453,1,0,1
2970.160403510225,0,0,1
2325.297304609958,1,0,0
2085.1943498666105,0,0,0
1616.5471780264747,0,0,0
2872.243011910058,1,0,1
103.68929257318277,0,0,0
308.0524964802263,0,0,0
683.3076393181451,0,0,0
1874.2794481078256,0,0,0
703.5323432146794,0,0,0
1378.4640555036367,0,0,0
149.61420798349624,0,0,0
290.90567999806603,0,0,0
1315.9331810016245,1,0,0
180.00505262800016,1,0,0
432.87114824758805,0,0,0
307.7028341639997,0,0,0
430.5701606072438,1,0,0
1232.111850066578,0,0,0
458.62411207543005,0,0,0
810.2729081584755,1,0,0
105.28482636056637,0,0,0
1634.84645907157,0,0,0
461.8586905356137,0,0,0
1045.6427532029686,0,0,0
1292.4019191468306,0,1,0
235.29321308957873,1,0,1
2160.0009190665505,1,0,0
957.6968855419199,0,0,0
559.8848221869844,1,0,1
201.3027862294822,1,0,0
2852.5143603871384,0,0,0
1406.775491404202,0,0,0
233.22490120072325,0,0,0
412.052922269507,1,0,0
1659.018243665701,0,0,0
1189.667820945796,1,0,0
1451.512762243915,0,0,0
581.9656240653637,0,0,0
1260.4594296622026,0,0,0
488.56478320285197,1,0,0
237.32224172761997,0,0,0
1001.513803856678,0,0,0
3730.281850317758,0,0,1
371.93503394493916,1,0,1
617.9832944743234,1,0,0
1120.8621033600207,0,0,0
779.8086888461963,1,0,1
1854.238006128756,0,0,0
1434.404123986763,0,0,0
60.06555722592435,0,0,0
6451.111701468771,0,0,0
1395.9506482348038,0,0,0
1994.3897362205084,1,0,0
1053.250027609153,1,0,0
1939.9239981886064,1,1,1
119.21490708997402,1,0,1
427.30870517265436,1,0,0
2090.874194954541,0,0,1
225.21470876441154,1,0,0
81.47266971045305,0,0,0
1551.7301992279874,1,0,0
1804.76055209486,0,0,0
177.51578486457296,0,0,0
1926.5212146505999,1,0,1
1160.8104963876635,1,0,0
734.1414466193065,0,0,0
1773.4296482222387,0,0,0
543.4336147262823,0,0,0
215.6640380214848,1,0,0
335.26671081439247,0,0,0
703.5289214095213,0,0,0
757.8580742555871,0,0,0
1637.7387624018372,0,0,0
1567.1101257193727,0,0,0
870.759580151341,1,0,0
1517.7045005786279,1,0,0
212.9128863593959,0,0,0
51.36121995053866,1,0,1
2068.571417211688,0,0,0
78.56117392983462,0,0,0
283.27636484191595,0,1,0
1188.489786011996,0,0,0
526.697480638971,1,1,1
2090.008939797165,0,0,0
353.7930928381555,1,0,0
11.942373789925334,1,0,0
357.612012222601,1,0,0
862.9278224320475,1,0,0
471.50615812238,1,0,0
765.444267298784,0,0,0
2092.30892317825,0,1,0
2435.9456914089415,0,0,0
309.2109167331588,1,0,0
620.1578556457632,0,0,0
796.6073147347305,1,0,1
2978.137117956093,0,0,0
6583.731029783406,0,0,1
268.41193833176345,0,0,0
1298.2097551811892,1,0,0
474.86512677162926,0,0,0
8.141247087515561,0,0,0
9.295592901109092,0,0,0
617.2348512822456,0,0,0
670.0849949386035,0,0,0
22.82829050703869,0,0,0
1161.3202200357719,0,0,0
348.14484120997895,0,0,0
820.737630522998,1,0,0
357.9887682929845,1,0,0
182.8828921563427,0,0,0
522.8539053723182,0,0,0
264.32155293510453,0,0,0
765.2899583380444,1,0,0
221.6802852684392,0,0,0
710.1020589000173,0,0,0
171.23743114952023,0,0,0
1111.620660307303,0,0,0
1402.1704598499082,0,0,0
116.97687422302509,1,0,0
630.7404526497567,0,0,0
73.50844491903558,0,0,0
911.7571380136085,0,0,0
307.0746290227721,1,0,1
749.9809674612432,0,0,0
728.6935519017776,0,0,0
2581.6952917372305,1,0,1
796.4724854842377,1,0,0
874.6654114305464,0,0,0
513.5846359494835,0,0,0
2977.4917123699734,0,0,0
1501.4175298390446,1,0,0
336.03973658681605,0,0,0
1859.2436736015366,0,0,0
566.3319210760246,0,0,0
1764.1470854689585,0,0,0
1730.9733637552897,0,0,0
209.32717203203308,1,0,1
1207.7838283401688,0,0,0
343.3963098142224,1,0,0
353.09944365453407,0,0,0
351.47147248080773,1,0,0
1293.0526739355723,1,0,0
261.1388699004781,0,0,0
0.906245762762458,0,0,0
1256.0975090906738,0,0,0
187.75800011149582,0,0,0
110.35339861021288,0,0,0
271.1739124867624,0,0,0
477.8753659467757,1,0,0
646.0848462734191,1,0,0
45.5938206705611,0,0,0
3525.853962270789,1,0,0
1259.0030845537672,1,0,0
390.3707019997509,0,0,0
383.748515502996,0,0,0
595.1905953383166,0,0,0
984.1543022341385,0,0,0
158.26102676154537,0,0,0
209.4006857814403,0,0,0
1962.0822959594186,1,0,0
296.05694249926773,1,1,1
478.3503632757327,0,0,0
2050.0524699591156,1,0,0
1088.1111077779797,1,0,1
418.11257015447626,0,0,0
1151.0627124547482,1,0,0
19.879509940616465,0,0,0
1330.4535305101165,0,1,1
667.5107023630685,0,0,0
1677.6211864717113,0,0,0
3093.072857376495,0,0,0
2600.836821234617,0,0,0
2399.812587681156,1,0,0
717.788204145521,1,1,1
446.50918062800383,0,0,0
625.5545618000119,0,0,0
1170.8475645787844,1,0,0
2154.1459231558542,0,0,0
231.91478511325136,0,0,0
2503.3944014833532,0,0,0
1688.3741556355133,1,0,0
3856.399819531079,1,0,0
2122.3638509985594,1,0,0
328.41702866540527,0,0,0
112.00018885465622,1,0,0
119.05505031465066,0,0,0
344.2147789038218,0,0,0
952.3939916983088,0,0,0
1631.2762735265344,1,0,0
2295.1161251234084,0,0,1
977.51045796079,0,0,0
5.6472283683679985,1,0,0
206.18414906431278,1,0,0
105.0563439820189,1,0,0
451.4951339875198,0,0,0
695.8528247838859,1,0,0
44.3669983137386,1,0,0
428.44407760973945,0,0,0
197.4510419888482,0,0,0
1041.4860130780653,0,0,0
624.1293987886922,0,0,0
683.8260514422018,0,0,0
558.0776006108993,0,0,0
3124.013711034237,0,0,0
241.7341978858234,0,0,0
727.0437526146615,1,0,0
1331.8719672626655,0,0,0
813.8343587115957,0,0,0
2645.369610241207,1,0,0
474.76431236227114,0,0,0
623.0164607778959,0,0,0
92.68816702237912,0,0,0
939.0454454748763,1,0,0
339.9751203886634,1,0,1
174.72135902332712,1,0,0
786.4282647617518,1,0,0
759.9501588569332,0,0,0
78.9043005642549,1,0,0
1198.041938381092,1,1,0
977.5604431323778,0,0,0
209.50853550871065,1,0,1
633.8125427051332,0,0,0
1274.1196144818089,0,0,0
753.8227523245193,1,0,0
503.33553826107004,0,0,0
389.1073163932547,0,0,0
942.6189646376042,1,0,0
2798.664943863772,1,0,1
1113.964047651577,1,0,0
77.68688042096049,0,0,0
617.4554140234761,0,0,0
2214.7952246215677,1,0,1
99.22650699345185,0,0,0
4498.624465342157,1,0,1
2977.2912325099473,1,0,1
81.50780118979591,1,0,0
2709.250728189885,0,0,0
451.19379304980777,0,0,0
1862.4555787465624,1,0,1
541.9437041244958,0,0,0
581.3466492545024,1,0,1
1005.7863492467634,1,0,0
1489.3349888042926,0,0,0
34.37319834719393,1,0,1
899.3254484040797,0,0,0
206.69580280810942,0,0,0
424.57074069230225,0,0,0
427.6626601660884,1,0,1
633.1068992652376,0,0,0
406.6704520576659,0,0,0
113.57316785517386,0,0,0
157.38944725652684,0,0,0
34.00981846159176,0,0,0
635.3483552259777,0,0,0
3088.8940495970214,1,0,1
122.93088975395037,0,0,0
2923.681285599671,0,0,1
1321.8615258122209,0,0,0
1014.7275024422757,1,0,0
1036.4202051108234,0,0,0
1752.8906356479881,1,0,0
113.07896459521567,1,0,0
702.7013235083012,1,0,0
1194.323305057189,1,0,0
883.8730228097173,0,0,0
1788.439412859406,1,0,0
75.0163789501845,0,0,0
1173.4469601088072,1,0,0
763.6291538904613,1,0,0
476.6832708307243,1,0,1
415.93217052865293,0,0,0
969.7775691983458,0,0,0
2216.3649631970234,0,0,0
685.5281315707297,0,0,0
1741.3886354149097,0,0,0
514.426067330991,0,0,0
108.02457533030022,1,0,0
63.47853534360795,0,0,0
52.698883158121696,1,0,0
478.2779947173991,0,0,0
411.3389516538731,1,1,0
1265.6249124889894,1,0,1
1357.9848888102285,0,0,0
52.192613215361874,0,0,0
249.90247783811955,0,0,0
320.5660043662664,1,0,0
793.2150252387196,0,0,0
156.08698114072362,0,0,0
143.80249674164827,0,0,0
2878.6408406967303,0,0,1
1630.676397299238,1,0,0
199.24991891031004,0,0,0
521.8323223533796,0,0,0
439.46976739547523,0,0,0
1565.4405203432398,1,0,1
713.7845057348634,0,0,0
136.7935499569162,1,0,0
1343.2044627587488,0,0,0
505.6523254207924,1,0,0
305.06460731515426,1,0,0
470.80174288686567,0,1,0
688.6703437784515,0,0,0
420.247100030987,0,0,0
276.9475905007201,1,0,0
508.3321164807897,0,0,0
19.359094636229802,0,0,0
1480.5955729274401,0,0,0
187.46865267562382,0,0,0
44.89759437109302,0,0,0
1060.446053122551,1,0,1
1486.9377038137216,1,0,0
1681.090379616866,0,0,0
680.2490850936756,1,0,0
229.87639699970205,1,0,0
1336.4673146980456,1,0,0
1203.016851908539,0,0,0
282.7220392503334,0,1,0
2337.256829421664,1,0,1
110.22952571982086,1,0,1
4056.369216023682,0,0,1
1967.8845032231982,0,0,0
1164.4272896926334,0,0,0
2792.7896055562355,0,0,0
1281.254102704289,0,0,0
211.28538439715413,0,0,0
583.6761731634939,0,0,0
74.18815541776733,1,0,0
493.7348766482501,0,0,0
1353.2581934314826,0,0,0
488.48268157293734,0,0,0
400.91673087853,0,0,0
904.7469250168892,0,0,0
2057.324175842667,1,0,0
48.752517051511695,0,0,0
486.8982383583859,1,0,1
172.2612222669722,1,0,1
1188.60565522223,1,0,0
111.74145330929973,1,0,0
1093.0510567645326,1,0,1
337.1256691788447,0,0,0
221.7904842939247,1,0,0
2754.3961405675805,0,0,0
18.698305564818124,0,0,0
575.857194236088,0,0,0
21.86428336033926,1,0,0
660.860157870073,0,0,0
695.2441332180218,1,0,0
388.1102851166278,0,0,0
141.7499613297539,1,0,0
472.22615760832804,0,0,0
1115.5436382239545,0,0,0
1525.077502441641,0,0,0
756.6208872417394,0,0,0
891.1942848352959,0,0,0
223.91431217988173,1,0,1
338.73726638419566,0,0,0
176.6126159150472,1,0,0
286.74298020977795,0,0,0
254.74617026732759,0,0,0
732.821472258198,0,0,0
827.1101080896444,0,0,0
2899.4665653488137,1,0,0
217.62213132364494,1,0,0
1026.3168650669475,0,0,0
1699.6869011324954,1,0,1
821.5294840305341,0,0,0
294.3759633006034,1,0,0
304.5573015893467,1,0,1
40.044227341868556,1,0,0
364.4828126666022,0,0,0
1364.9387403558128,0,0,0
48.68381489218277,0,0,0
247.55828322630768,1,1,1
1224.96663583228,1,0,0
1526.2535119245858,0,0,0
607.5538936985336,1,0,1
1197.5744458109227,1,0,0
490.9448437311557,0,0,0
174.2501127445807,1,0,1
507.7461926229873,0,0,0
867.4239520758298,0,0,0
2957.5367367315566,0,0,1
71.22853166599356,0,0,0
708.0458036090714,1,0,0
398.8665935839622,0,0,0
709.9102882041891,0,0,0
24.26753650895647,0,0,0
375.4578938478056,0,0,0
1714.0661825103095,0,0,0
807.305693913411,0,0,0
598.896639822335,0,0,0
336.20737210239207,1,0,1
353.8824505678515,1,0,0
483.0506666314334,0,0,0
1805.2746489966405,1,0,1
3417.729491269493,1,0,0
577.4202685673614,1,0,1
499.8079398783103,1,0,1
1874.3855537770894,1,0,0
556.7043414254957,0,0,0
803.0026105497948,0,1,0
262.58845357435877,1,0,1
1360.6365004984464,0,0,0
759.262022416142,1,0,0
1655.6627586090028,1,0,0
1517.4638824335984,0,0,0
242.07763544751256,1,0,0
1257.4985908276376,0,0,0
1609.7099892004842,1,0,0
424.81191770208335,0,0,0
189.478038917189,1,0,1
2.63562579184904,0,0,0
599.4813575935038,1,0,0
434.5326012892836,1,0,0
809.478396723623,0,0,0
208.3055467374538,1,0,0
1963.726760126558,0,0,0
298.0761921438378,1,0,0
256.7386048199741,0,0,0
655.3005966367757,1,0,0
690.8518643034796,1,0,0
242.1801387948176,0,0,0
317.26293964034545,0,0,0
185.9745076885884,1,0,0
1267.4813789673544,0,0,0
1470.0631374075997,0,0,0
620.5074953794021,0,0,0
1252.0677895857905,0,0,0
1331.5614782670368,0,0,0
148.8196970907267,1,0,0
3386.644534926593,1,0,1
1720.5479644690674,1,0,0
228.76364096890356,0,0,0
205.99768015226445,0,0,0
134.2872731783572,0,0,0
148.93927246285347,1,0,0
1378.9684573169563,0,0,0
634.2261397464272,0,0,0
1527.554620014236,0,0,0
1371.4250368917847,1,0,0
927.8895222911896,1,0,1
1159.5305120508074,0,0,0
18.526281039439215,0,0,0
373.6433054793171,1,0,0
1015.6199702487534,0,0,0
9.388891510842026,1,0,1
33.53294067202427,1,0,0
1909.786416303497,1,0,0
1152.091744731096,1,0,0
308.3879445944636,1,0,1
1164.6329960811318,1,0,0
1572.4151376867233,0,0,0
366.42847407443537,0,0,0
36.70275846270287,1,0,0
2699.771435165294,0,0,0
423.39464332941486,1,0,0
112.58853416532182,0,0,0
676.9921218614268,1,0,0
1463.0363035289563,0,0,0
250.57553440994863,1,0,0
314.01242725904126,0,0,0
278.01559283578916,1,0,0
4788.258376371876,0,0,0
219.90347320417655,0,0,0
856.8908997267525,0,0,0
2593.8019609069124,1,1,1
158.87448312947265,0,1,1
3535.4443857394945,1,0,0
2946.508572815588,1,0,0
2159.108207904097,1,0,0
241.5067797379193,1,0,1
1005.2723831554526,0,0,0
1430.8377420891113,1,0,0
4270.694812946098,1,0,0
198.96792853683775,0,0,0
1452.5448514565028,0,0,0
413.7006824365807,0,0,0
193.13153330501447,0,0,0
547.1040345101343,0,0,0
1579.0828842966612,1,0,0
625.2078307463487,1,0,0
771.158669661989,0,0,0
5330.718706198773,1,0,1
509.34222381031435,0,0,0
955.5534081518995,0,0,0
454.5149235282757,1,0,0
498.8734140640178,1,0,1
1189.5465431842,0,1,0
2778.7995873117857,0,0,1
781.6701368479448,0,0,0
1462.7432264991464,0,0,0
93.43914597895949,1,0,0
237.18927912683682,1,0,1
697.4195760970958,1,0,0
20.214670275580236,0,0,0
291.49597448896947,1,0,0
728.5697984532235,0,0,0
15.074245952720323,1,0,0
307.2676725674797,0,0,0
721.6100716518337,1,0,0
851.320853740436,1,0,1
2600.3403036509562,1,0,1
1036.6115503714427,0,0,0
535.6919140928732,1,0,0
2664.2894795892744,1,0,0
1536.5731355994471,1,0,1
223.15470276732145,0,0,0
140.23076780777217,0,0,0
1126.4305609561472,0,0,0
820.715054537837,0,0,0
1559.0947347801284,1,0,1
1342.4882159118156,1,0,0
981.3935024572149,0,0,0
4296.375435091705,1,0,1
762.6896246994477,0,1,0
120.02953320791784,0,0,0
1761.8525614618136,0,0,0
290.1562805761459,1,0,0
1501.9393506742654,1,0,0
3149.0488746561714,0,0,0
1193.347829691255,1,0,1
906.4150596242106,0,0,0
616.9015353974693,0,0,0
453.20136677391173,0,0,0
435.4163275867693,0,0,0
1011.6258526908786,1,0,1
1391.399839674968,1,0,0
1134.8108299780795,0,0,0
221.15815002030828,0,0,0
681.1932743308146,0,0,0
1568.488272539565,0,0,0
645.6990177841899,0,0,0
769.2149050508945,0,0,0
1474.6275487891546,1,0,0
1082.5380923554744,0,0,0
526.5230544243653,0,0,0
2257.7332566689624,1,0,1
177.4141004758921,0,0,0
5407.339821222104,0,0,0
126.53033273858024,0,0,0
15.062848342737135,0,0,0
2207.4467565790837,0,0,0
280.9759533057425,0,0,0
1308.2214474051648,1,0,1
1666.089616078419,1,0,0
1958.8988757587658,1,0,0
4778.837578024982,0,0,0
348.19628958636895,0,0,0
1238.713818345554,0,0,0
122.61955334085614,0,1,1
522.2393319510235,0,0,0
1883.6885472675383,0,0,0
458.3249647967353,0,0,0
894.2733543792284,0,0,0
700.7226898591508,0,0,0
1038.3214574581593,0,0,0
3608.014538860599,0,0,0
57.348989470403374,0,0,0
853.2256022894655,0,0,0
1987.9844427416108,0,0,0
656.589070043761,0,0,0
81.78200414311995,0,0,0
822.2071049255408,0,0,0
403.57772656950146,1,0,0
168.3497609067831,0,0,0
1890.7040330833377,0,0,0
737.3070583510861,0,0,0
2707.196751080308,0,0,0
1639.982198811467,0,0,0
1180.815658656631,1,0,0
5.038173674963946,1,0,1
558.3076929817356,0,0,0
220.0063296094742,1,0,0
2416.8508209357215,0,0,0
191.86775874595725,0,0,0
336.95642614504357,1,0,0
727.4007274224557,0,0,0
305.6608857456584,0,0,0
235.55105360692093,1,0,0
914.0415758797484,0,0,0
93.13502220629671,1,0,0
59.92810807943686,1,0,0
465.6057862470344,1,0,0
1275.3415477765948,0,0,0
809.2468400058256,0,0,0
549.6989426100797,1,1,0
834.1384759965581,1,0,0
454.84153242340346,0,0,0
2751.1613047615347,1,0,0
56.469712013852956,0,0,0
1118.9930088590881,0,0,0
2219.0040203645044,0,0,0
1629.0525719471232,0,0,0
203.3912130538832,1,0,0
350.8723103704414,0,0,0
1262.4777904125579,1,0,0
88.03432822307948,0,0,0
1670.5779474136853,0,0,0
1269.069506479026,1,0,0
1307.8775254830673,0,0,0
105.62874081318994,1,0,0
1264.9994364951897,0,0,0
1138.8660859553968,0,0,0
1777.398035009344,0,0,0
42.4858323649007,1,0,0
23.38190711968444,0,0,0
466.82006198360074,1,0,0
161.0943962145225,1,0,0
817.3156342072623,0,0,0
2493.1271638989974,1,0,1
496.72505623673817,0,0,0
1864.0100666705268,0,0,0
0.24090353279255042,0,0,0
184.54159139921836,0,0,0
30.895941657840478,0,0,0
397.7159810706829,0,0,0
2388.029651138401,0,0,1
101.97970770039949,1,0,1
932.4449534006496,0,0,0
600.5605956834004,1,1,1
2788.201365601428,0,0,0
130.70013873715064,1,0,1
238.29253302578655,0,0,0
29.98712162703547,0,0,0
569.0468073775594,0,0,0
325.4987258214729,0,0,0
2039.497504729227,0,0,0
928.7196853002242,1,0,0
952.1530096270825,1,0,0
759.0961826383536,1,0,0
96.34608712320787,0,0,0
588.8208301723696,0,0,0
7611.3361183828165,1,0,1
1803.2004130197392,0,0,0
2239.2258998071034,1,0,1
1732.8852306544698,0,0,0
108.74589897460993,1,0,0
258.0562874242478,1,0,0
3.126533873663858,1,0,0
361.70202266350253,0,0,0
114.97032268465576,0,0,0
640.1626731526842,1,0,0
1130.497735141796,1,0,0
2075.4917128388493,0,0,0
1383.1679139168562,0,0,0
2790.1108749011987,1,1,1
55.405200269659886,0,0,0
12.254617454226489,1,0,0
1082.7530552695546,1,0,0
341.5786263771253,1,0,0
292.3610231635948,0,0,0
401.8024553580402,0,0,0
314.43141110681415,0,0,0
716.2856343991807,1,0,0
580.0836147228113,0,1,0
718.3184380046365,0,0,0
1116.9196855699497,0,0,0
489.6032677864408,0,0,0
289.42717711776976,1,0,0
181.7623573456088,1,0,0
429.97419632157636,1,0,0
1354.0458792968136,0,0,0
1413.4802107011535,1,0,0
1099.328705285853,0,0,0
266.60989230298804,1,0,0
886.9412861449368,0,0,0
845.5752219937166,0,0,0
662.1645344260197,0,0,0
798.4610003832929,0,0,0
676.8617758056344,1,0,0
833.4589160140737,0,0,0
1257.04295576178,0,0,0
116.1161443957293,1,0,1
1384.7984890906268,0,0,0
146.0507481734208,0,0,0
68.95144207056305,0,0,0
3733.0272321541206,1,1,1
3146.3637599897143,0,0,0
62.339921100821876,1,0,0
585.6451542287618,0,0,0
206.09586526337293,0,0,0
664.2583058433701,0,0,0
1772.9999917033874,1,1,0
3008.0432383185926,0,0,0
1005.8124939312885,1,0,1
436.80975987239265,0,0,0
924.639399327829,0,0,0
373.96833946404064,1,0,0
2405.98797974788,1,0,1
2043.3060684178547,0,0,0
816.9698563089182,1,0,0
392.74472933373045,1,0,0
347.27593276131626,0,0,0
33.98913624046922,0,0,0
1691.8463593168963,0,0,0
598.5339945794067,0,0,0
393.23953846641024,1,0,0
636.9754794678171,0,0,0
1707.81172788188,0,0,0
133.09058431766297,0,0,0
1949.5085331736832,1,0,0
2277.9786802978415,1,0,1
2931.9674585352245,0,0,1
506.64768422691907,0,0,0
244.8019145717773,0,0,0
467.8313000090798,1,0,0
404.8334519920045,0,0,0
193.77155353756706,1,0,0
934.6244473085975,0,0,0
647.4554506481836,0,0,0
2007.6865643410295,1,0,1
32.63640109083359,1,0,1
1032.453626916196,0,0,0
1439.479458624577,1,0,1
1424.979345624751,0,0,0
2172.2058753429,0,1,1
1305.7609781406902,1,0,0
2628.454600795919,1,0,0
404.45052270538173,1,0,0
699.5867033564078,0,0,0
14.179722048099789,1,0,0
6.981904170624233,0,0,0
274.60346543932087,0,0,0
106.25780381055755,1,0,0
301.3907659302226,0,0,0
194.85168543411683,1,0,0
28.934622665959775,0,0,0
2400.2436385184883,0,0,0
8.257127833574804,1,0,0
1332.117377045885,1,0,0
165.04905335106196,0,0,0
2433.031215672106,0,0,0
2233.021154102729,1,0,0
1061.0308405949727,0,0,0
1115.45579686878,0,0,0
5.353446125505322,1,0,1
4191.179267022073,0,0,0
2102.363072882836,1,0,1
2254.8071145317003,1,0,0
1076.590176401571,1,0,1
422.7947964813154,0,0,0
2241.007034929315,1,0,1
344.6291130813628,0,0,0
827.1622177609742,0,0,0
105.06164070748572,0,0,0
2550.4777695712996,0,0,0
151.71917240524053,0,0,0
254.75910459673457,0,0,0
816.7489681544856,0,0,0
1444.3176203210755,0,0,0
965.8783920417877,1,0,0
264.1399266631212,0,0,0
0.9434874718509594,1,0,0
1415.31369976474,0,0,0
4213.623214754856,1,0,0
1660.274049786961,0,0,0
616.5688388598599,1,0,0
2340.9856611089394,0,0,0
527.3745942500519,1,0,0
744.301714561411,0,0,0
648.4219669198312,1,0,0
593.5260746471874,1,0,0
1492.5030999457663,0,0,0
748.17144166015,0,0,0
380.8463353539588,1,0,1
298.61922249763614,0,0,0
38.47819853163455,0,0,0
875.1371808441451,1,0,0
261.3146555210783,0,0,0
160.32594997298963,1,0,0
1060.8251906145128,0,0,0
1143.2203720785399,0,1,1
1394.9512934945744,0,1,1
700.3266843064492,1,0,0
2244.831461034926,1,1,1
2754.2421096851176,0,0,0
1646.9889072641413,0,0,0
1009.485226841339,0,0,0
362.00477024988004,1,0,1
4071.3072674153264,0,0,1
320.3928398641815,0,0,0
226.4702310704998,0,0,0
583.6725443298823,0,0,0
58.51994458612368,0,1,1
3839.444919858909,0,1,1
887.7848051106104,1,0,0
814.0773695566796,1,0,0
1066.5215873018017,1,0,0
687.2121234611377,0,0,0
32.58881069164273,0,0,0
947.5525521921536,0,0,0
1259.393471122423,1,0,0
539.1377574930445,0,0,0
1415.9109219627458,1,1,0
257.47791129964736,0,0,0
250.0993552948323,1,0,0
176.04170165024198,1,0,0
465.2067682639776,0,0,0
1877.3960233575206,1,0,0
1759.749666245702,1,0,0
482.6013814974434,1,0,0
889.4510015532396,1,0,1
1275.885349898011,0,0,0
276.02596904234457,1,0,0
184.09242693301624,1,1,1
3578.984988004128,0,0,0
961.1764753989685,0,0,0
3985.4393155709417,0,0,0
412.1211914630918,0,0,0
1214.1298797955421,1,0,0
251.80493840006173,0,0,0
302.72826248424866,0,0,0
717.2393220718942,0,0,0
385.10105830390864,0,0,0
183.46809042121325,0,1,0
305.0055301356148,0,0,0
36.40301683515461,0,0,0
1218.8280033767517,1,0,0
677.5034977077403,0,0,0
98.98429414878221,0,0,0
188.37261935603303,0,0,0
108.1806419369386,0,0,0
948.2789641027613,0,0,0
98.94818931705747,0,0,0
1403.5720974214416,0,0,0
20.724189511023084,0,0,0
286.85013593480755,0,0,0
2213.354043643307,1,0,0
1267.7340920223392,0,0,0
75.76755318603585,1,0,0
1721.0742157447373,1,0,0
679.3135510452985,1,0,0
1875.9002390970488,0,0,0
918.1418803186722,1,0,0
1145.1789774954493,0,0,0
5036.193191777946,0,0,0
264.4025500621366,0,0,0
978.0213980921889,1,0,1
616.7814833788261,0,0,0
40.25127503940856,1,0,0
14.576362374301679,0,0,0
126.95713939732329,1,0,1
1047.2304587348085,1,0,0
837.3942683799897,1,0,0
806.1581333560188,0,0,0
32.375230057651926,1,0,1
633.5640352166238,1,0,0
2585.2506736742953,0,0,0
506.8201054272579,0,0,0
980.6225271502066,1,0,0
1513.3038703845095,0,0,0
1532.1310012192555,1,0,0
732.4704703561949,0,0,0
1951.5898659699217,0,0,0
496.5580470368536,0,0,0
2195.465059259618,0,0,1
274.73579353424435,0,0,0
328.80467741551024,1,0,1
54.58356898709566,0,0,0
1587.587562283011,1,0,1
539.6628419447569,1,0,0
260.21816706761126,0,0,0
263.6925070928563,0,0,0
2316.683421321323,0,0,0
1795.2652099284421,0,0,0
806.3850531906351,0,0,0
957.4013107801524,0,0,0
643.0732132952152,1,0,0
497.032098146786,0,0,0
2470.730186989978,0,1,0
134.23187049650434,1,1,0
542.0528059926161,1,0,0
422.45142415592005,1,0,0
689.4554439154437,1,0,0
611.8103098371046,0,1,1
731.6583713180327,1,0,1
150.72868164555393,1,0,1
719.7817556416921,0,0,0
277.6245709550711,0,0,0
203.74707142123057,0,0,0
67.03145929929535,0,0,0
1438.230214561736,0,0,0
557.641100413787,1,0,1
985.2220426982129,0,0,0
1300.459267798107,0,0,0
1137.301139063753,0,0,0
635.8234719957666,1,0,0
490.85720784704966,0,0,0
471.5406653057521,0,0,0
1021.7868037472442,1,0,0
682.7897146606147,0,0,0
1891.3516404102527,0,0,0
2077.0602538113576,0,0,0
187.00496043546593,1,0,0
146.45297678065072,1,0,0
995.3364447264034,0,0,0
358.42754751194514,0,0,0
18.745319583426333,1,0,0
2195.0110532558397,1,0,0
257.34786508125313,1,0,0
2649.0360757094763,1,0,0
1263.844723021602,0,0,0
1438.2341377435703,1,0,0
224.97209181733913,1,0,1
266.8269608022248,1,0,0
736.6138228805194,1,0,0
188.86272685679378,0,0,0
364.46476695618173,1,0,0
387.8154997592083,1,0,1
173.9129285094545,1,0,0
229.64316989046645,0,0,0
1553.775426419893,1,0,1
182.95678396474224,1,0,0
28.870153014103742,0,0,0
992.5103929985065,1,0,0
3728.9983372270417,1,0,0
402.29087326098676,0,0,0
126.30692711487545,0,0,0
844.8712328882714,0,0,0
2368.235817420686,0,0,0
1532.7629299332812,0,0,0
974.2267467069489,0,0,0
378.41892092072516,0,0,0
780.6244986859506,0,0,0
95.67957345644092,0,0,0
1136.1441524862848,1,1,1
1291.3334019138026,0,0,0
3353.3111376174193,1,0,0
301.64220828175223,0,0,0
18.62886384997542,0,0,0
788.7960394492887,0,0,0
1226.8679233986102,1,0,0
1562.589994552014,1,0,0
215.34768448550702,1,0,1
303.47664463321314,0,0,0
718.6515193088296,1,0,0
401.37470019967014,0,0,0
1969.7730222395717,1,0,0
641.9981886870704,0,0,0
1607.3333490919474,0,0,0
868.9772777005038,0,0,0
1483.2024400005278,1,0,1
404.47507814508526,0,0,0
1780.324826236008,0,0,0
320.99388847092564,0,0,0
789.8757434013121,1,0,1
240.80753643341518,0,0,0
645.3604179651486,1,0,0
382.9825595825112,1,0,0
310.205062247635,1,0,0
3410.7938213917105,1,0,0
174.44161185399943,1,0,0
1547.9940378610806,0,0,0
4145.530040309295,0,0,0
20.102185574160238,1,0,0
1200.736094932793,0,0,0
291.5720359674045,0,0,0
41.330274014378276,1,0,0
515.6532228208629,0,0,0
2736.724561717601,1,0,0
11.83485075654205,1,0,0
886.4545213414744,0,1,0
695.9440453330312,0,0,0
2066.597693137436,0,1,0
87.74078605716643,1,0,0
1144.2145337984086,0,0,0
1139.7771495643149,0,0,0
1105.8786756159259,1,0,0
2853.0961167374926,0,0,0
1732.1001828839283,0,0,0
42.87903194210469,0,0,0
636.9234769785247,0,0,0
507.4198569815731,0,0,0
371.27706805586024,1,0,1
600.2703683656885,0,1,0
484.82360041514323,0,0,0
566.2218850127165,0,0,0
3875.781032427396,0,0,0
92.80958113338818,1,0,0
2554.010711097123,0,1,0
654.3817892634426,1,0,0
977.4808531634371,0,0,0
1773.0336957526129,1,0,0
447.0108475142889,0,0,0
562.8593818571495,0,0,0
526.8169398187239,0,0,0
469.5733578829518,1,0,0
2597.349810222179,0,0,0
1765.6818134803302,0,0,0
115.4108401341966,1,0,0
114.42744349510653,0,1,1
558.3881927315731,0,0,0
103.86982366122766,1,0,0
965.2002782560489,0,0,0
155.12469583223168,1,0,0
738.9257385015552,0,0,0
7.246136957276143,0,0,0
380.66959605014426,0,0,0
1130.6936059256868,1,0,0
661.7239819060886,1,0,0
3829.0378310123306,1,0,0
2072.2974898257226,0,0,1
444.83624788227837,1,0,0
46.55353583430948,0,0,0
1868.3789934330516,0,0,0
2421.7550810644702,1,0,1
1718.2900356599155,0,0,0
136.90844951878327,0,0,0
6173.050892134471,0,0,1
299.1937065291545,1,0,0
1288.0971267198404,0,0,0
2386.345864411774,0,0,0
268.7780374363352,1,0,0
2388.781035381578,0,0,1
370.3126290011074,0,0,0
3747.0689944715973,1,0,0
330.25562836668024,1,0,1
3066.9238051343464,0,0,0
55.03148418685902,1,0,0
1235.3671969662298,0,0,0
759.5244767275609,0,1,0
649.8522343823936,0,0,0
252.95131414826477,0,0,0
1222.801591198737,0,0,0
211.7209031768958,1,0,0
804.8428230134474,1,0,1
292.018612384274,1,0,1
3114.997452122244,1,0,0
29.04906183198695,0,0,0
222.8039591212119,0,0,0
277.4817482785209,1,0,0
534.5512397350215,1,0,0
264.91683393384403,1,0,0
675.9933332229633,0,0,0
2059.3685451213387,0,0,0
1245.0150363229714,0,0,0
867.4100492661908,0,1,0
93.21587018345512,0,0,0
1184.144387784771,0,0,0
182.0187438195593,1,0,0
1543.4974961064045,0,0,0
287.75775332904385,0,0,0
539.6516781503758,1,0,1
431.5065660453615,0,0,0
1957.6765046348837,0,1,0
135.29804791387443,0,0,0
833.8928361073042,1,0,1
153.22298795003513,0,0,0
1220.0880811120276,1,0,1
2354.7011235728614,0,0,1
570.2353708982032,0,0,0
669.6108660098795,0,0,0
2623.1049587374396,0,0,0
736.0367039652983,0,0,0
668.6466606612394,1,0,0
863.5301334266353,0,1,0
1168.7013419094405,1,0,0
113.03810762626208,1,0,0
1720.9871372728944,1,1,1
571.8238014608822,0,0,0
75.09916619079219,1,0,0
1542.6332228635945,0,0,0
473.12846114951236,0,0,0
105.76892692975044,1,0,0
1004.5184106496789,0,0,0
2121.3587476723005,1,0,1
2187.05801711565,0,0,1
3162.105085820726,0,0,0
2022.7244767905402,0,0,0
2.1432143895517264,0,0,0
478.4248547007125,0,0,0
1706.7342528304432,0,0,0
456.1054672808518,1,0,0
920.1695105689373,1,0,0
932.209128376373,1,0,0
454.17012976346945,1,0,0
2348.3560559952684,0,0,0
699.6248059208081,1,0,0
625.0852600233915,0,0,0
5996.977982959355,0,0,0
680.2316740944799,1,0,0
196.499492727137,0,0,0
719.6337181420424,1,0,1
1682.0985852306135,0,0,0
1499.9573668100265,0,0,0
1553.916951500949,0,0,0
1231.0829320788964,0,0,0
293.32171748547523,1,0,1
1981.1110972172294,1,0,0
2239.079593141766,0,0,0
215.86100432235196,0,0,0
139.78592469683528,0,0,0
3713.375798119841,1,0,0
2027.410643131926,0,0,0
2237.1358667675204,1,0,0
2174.863912472012,1,0,0
780.2025382266636,1,0,0
1039.5938596158899,0,0,0
788.2556554020955,1,0,1
52.5639425721214,1,0,0
1368.466566258652,1,0,0
703.8685158991781,1,0,0
1043.2979526673298,0,0,0
698.4407769018123,1,0,1
676.9024876092263,1,0,1
188.48745832873507,1,0,0
326.7191541287471,1,0,0
172.98847613589214,0,0,0
217.74104072239035,0,0,0
3611.0810014937697,1,0,0
166.18853163851946,0,0,0
313.71182516613646,0,0,0
893.0373440774097,0,0,0
942.06653250733,1,0,1
167.2053403444371,0,0,0
1578.5083306510091,0,0,0
1538.0612679860249,0,0,0
270.9137226208783,1,0,0
340.6136240859524,1,0,0
2780.425194692182,0,0,1
1746.8135187573575,0,0,0
1196.656411397264,1,0,1
85.81197457192998,1,0,1
541.7386814804206,1,0,1
819.3951551051584,1,0,0
207.53018671841892,1,0,1
594.6177918066371,0,0,0
918.8587200568843,0,0,0
396.56980902425016,1,0,1
1518.4316126416918,1,0,1
1835.3953041291095,0,0,0
390.984661810397,1,0,0
1824.223702914176,1,0,0
109.3423951648217,1,0,0
1818.4881096464421,0,1,0
165.7599779877194,0,0,0
86.568368779233,1,0,0
1026.595127394027,0,1,1
638.5403768478618,0,0,0
2384.778282435903,1,0,1
451.2826786581469,1,0,1
338.4874345820298,0,0,0
694.6180740820272,1,0,0
608.7071137994008,0,1,0
422.2472124924296,0,1,1
1183.3251051132042,1,0,0
1425.2923281647868,1,0,0
1917.2136439326218,0,0,0
3606.6215296124533,0,0,0
310.14064495017135,0,0,0
1259.1102587042396,1,0,0
501.30151491361374,1,0,0
1130.356771098234,0,0,0
646.2286531899147,0,0,0
5078.877106830324,0,0,0
1305.2754007481299,1,0,0
3046.842435960163,1,0,1
1801.62527350968,0,0,0
2332.02431736803,1,0,1
1684.264897248349,0,0,0
614.6301845790928,0,0,0
290.06952461150314,0,0,0
462.5438037824021,0,0,0
20.443790089870976,1,0,0
742.3230707879104,1,0,0
703.3142914544344,0,0,0
744.9679083960415,0,0,0
3650.860423155572,0,0,0
2424.2331270101276,0,0,0
176.39449060147695,1,0,0
460.26325557007544,1,0,0
551.5715438592525,0,0,0
447.12013364563137,0,0,0
1601.9458660536652,0,1,0
742.4165662596072,1,0,1
848.8653278231288,0,0,0
1917.4149344706868,0,0,0
1639.5268452591315,0,0,0
141.80728390412952,0,0,0
1251.4648557011938,0,0,0
571.7017554724076,1,0,1
349.05959029518834,1,0,0
51.313106059786044,0,0,0
667.9660245857455,0,0,0
439.1822158499812,1,0,1
289.70149635155855,1,0,0
1186.3677847630179,0,0,0
1467.441022960867,1,0,0
280.7587858433166,1,0,0
50.71181787710194,0,1,0
1888.8390372073484,0,0,0
10.009671230119777,1,0,1
2766.4077665075315,1,0,1
987.8401023038093,0,0,0
388.3818148535398,0,0,0
282.9969442607008,0,0,0
9.046460374311465,1,0,0
268.49586649096864,0,0,0
148.18486252634327,0,0,0
947.1784350756752,1,0,0
182.17627366062172,0,0,0
752.1115860637958,1,0,0
891.8821165449222,0,0,0
353.88127607511655,0,0,0
35.69448459082297,0,0,0
37.96553705524865,1,0,1
26.70064283308365,1,1,0
1343.7126376355957,0,0,0
382.7398511729099,1,0,1
1591.1078686985595,1,0,0
565.1635902968768,0,1,0
603.3030045917111,0,0,0
719.2501223417911,0,0,0
1248.3826733239223,1,0,0
319.5207406866783,1,0,0
129.6388066155551,0,0,0
812.0598582024389,0,0,0
395.9767006223073,0,0,0
584.2771949047367,0,0,0
1041.1362655603568,0,0,0
681.4671408551729,0,0,0
968.3180247854712,0,0,0
785.7011668077358,1,0,0
1346.29076963468,0,0,0
1223.9599488638828,0,0,0
763.9772210559306,0,0,0
1136.0120857780325,0,0,0
2067.9842460576738,1,0,0
566.1115937028037,0,0,0
532.326916650951,0,0,0
1444.9647822535194,0,0,0
873.5996940049099,0,0,0
73.65383860460757,0,0,0
2226.6617724285366,1,0,1
31.26685543900553,0,0,0
1379.9002717875223,1,0,0
1422.1045304451554,0,0,0
3059.973991423193,0,0,0
55.654800788239214,0,0,0
908.4635959408241,1,0,0
558.3376037583117,0,0,0
401.42272186125956,0,0,0
94.66080702145665,0,0,0
827.0309087817864,1,0,0
652.0834085654776,0,0,0
110.43387245286863,1,0,0
948.0123520962106,1,0,1
1339.2318608948667,1,1,0
1457.9119644335963,0,0,0
2357.8144209077095,1,0,0
526.7360965430166,0,1,0
3059.15714563452,0,0,0
2005.6663483622317,1,0,1
351.689635584329,0,0,0
173.50022422685274,1,0,0
571.6189821276595,0,0,0
513.9951546864529,1,0,0
857.3600270576351,0,0,0
875.5957030002917,1,0,0
1386.2422999949954,0,0,0
713.1253175965032,0,0,0
110.73341379304749,1,0,0
1953.9819877406558,1,0,0
370.7225557912019,0,0,0
3550.7696690721536,0,0,0
125.40462861306037,0,1,0
3176.0839055046777,0,0,0
95.42317375866996,0,0,0
262.7113040099249,1,0,0
47.69969813456134,0,0,0
1221.1635441444337,0,0,0
1899.1135478579788,1,0,0
569.2867949128823,0,0,0
2638.366618804916,0,0,0
892.3278287633394,1,0,0
994.271558520428,1,0,1
1867.0383530055162,1,0,0
352.11422420939056,1,0,0
437.3671931447909,0,0,0
2363.949129553293,0,0,0
2312.266769929424,1,0,1
3750.0221986697907,0,0,1
2321.1393275618407,0,0,0
136.24597208752584,1,0,0
1735.7059536730635,1,0,0
527.35901363348,0,0,0
4688.699191217472,1,0,0
639.1912663175847,1,0,0
807.0688664620259,1,0,0
754.5437952068759,1,0,0
388.2202046746328,0,0,0
77.98542163907669,1,0,0
2260.0164366345143,1,0,0
1622.9072811018973,1,0,0
150.272785906268,1,0,1
1499.544905128331,0,0,0
983.08958176611,0,0,0
526.1825871462084,0,0,0
293.0580291742968,1,0,0
1964.1774697440162,1,0,0
1204.60053228609,0,0,0
793.4978431129334,0,0,0
940.5028280458489,1,0,0
95.48299502641427,0,0,0
642.301532082141,0,0,0
215.29976041376415,0,0,0
233.6784477411871,1,0,1
1082.6522177413556,1,0,0
2422.00116947179,0,0,0
517.1063235971814,0,0,0
232.87736278728102,1,0,0
1046.2483387612483,1,0,0
2049.3938985545865,1,0,1
1379.5920761841935,0,0,0
2030.7064688304717,0,0,1
769.0668534915361,1,0,0
1393.827642643196,0,0,0
150.89796157442285,0,0,0
428.1319949879214,1,0,0
493.5575201754784,1,0,0
715.9977705205303,1,0,0
2646.151477277253,1,0,0
2073.829798781625,0,0,0
144.47735862885943,0,0,0
189.6962654929496,0,0,0
442.6072403669439,0,1,1
343.53855660399745,0,0,0
953.9171947263322,1,0,0
2330.738175697237,0,0,0
3277.8708508755212,0,0,0
1060.1696258152472,0,0,0
1821.142151638323,1,0,0
744.8662502733619,0,0,0
233.60678408988386,1,0,0
743.7847154647039,0,0,0
809.8666352538502,1,0,0
1356.5707732855838,1,0,1
248.31135735364762,0,0,0
459.3571163664617,1,0,1
452.59990716369595,0,0,0
3204.9629528150745,1,0,1
586.8879974128296,1,0,1
1406.8806820001196,0,0,0
1389.545164758847,0,1,1
308.6254414788815,0,0,0
848.327665655386,1,0,0
2247.17775941009,0,0,1
644.7336958147283,1,0,0
2902.5608764528597,1,0,1
241.38164551910998,1,0,1
77.05287958910314,0,0,0
2220.5800640382995,0,0,1
1881.7795727429652,0,0,0
4904.908096743419,0,0,0
1137.5407274484764,0,0,0
2759.67923606247,0,0,0
1754.1690751929364,0,0,0
1860.6359175501475,0,0,0
841.9757125678685,0,0,0
481.8569598883641,0,0,0
2726.5921333206948,0,0,0
565.8401766411522,0,0,0
773.9654846382447,0,0,0
590.7969440748102,1,0,0
831.9916660358759,0,0,0
635.8317060401779,1,0,0
49.15616764898439,0,0,0
2137.479093913934,1,0,0
587.6955431022219,1,0,0
889.0249656297541,1,0,0
149.87892001653344,1,0,1
3.3935997339962127,0,0,0
281.4218335599494,0,0,0
1219.3776254169236,0,0,0
104.4659493603499,0,0,0
2395.6596179891285,0,0,1
242.10031238524965,0,0,0
228.9021179427797,0,0,0
200.2916093062162,0,0,0
14.080377869303364,0,0,0
1477.5568053743093,1,0,1
2079.717829805954,1,0,1
952.3395077457419,0,0,0
208.50125201003556,0,0,0
335.86161880345526,0,0,0
646.1237139199827,1,0,1
3086.662992922566,0,0,0
284.1567893275778,1,0,0
1315.447916529036,0,0,0
578.8336648093225,0,0,0
353.60444611708783,1,0,0
608.6515165314646,1,1,1
73.869081119477,1,0,0
1602.8962107502232,0,0,0
278.7909531677762,1,0,0
1292.4839351769956,0,0,0
70.79632328061265,0,0,0
3103.2853280847085,0,0,0
214.45018016055803,0,0,0
2143.3792936157874,1,0,1
1657.9624623631491,0,0,0
3437.651556554091,1,0,1
649.8782512438045,0,0,0
1299.7398325714423,0,0,0
463.1641233420224,1,0,0
203.79229795487828,1,0,1
585.3263731835633,1,0,0
181.22098111575517,1,0,1
4019.865642690685,0,0,1
101.19862296147578,1,0,0
889.6773394377293,1,0,0
984.7405060099674,0,0,0
772.3625734465397,0,0,0
1085.2594925086557,0,0,0
123.50273387656455,0,0,0
809.7226251099627,1,0,0
338.5720392427887,0,0,0
2816.349418869372,1,0,0
1435.7857155125866,0,0,0
3594.0960370153707,0,0,0
38.27946879256558,1,0,1
335.6590126304882,0,0,0
217.43809174507172,0,0,0
11.217266261957548,1,0,1
277.5017089773813,1,0,1
1135.616528597742,0,0,0
262.7799496275362,0,0,0
711.3181684884458,0,1,0
2187.633751379359,1,0,0
1183.3793798219642,1,0,1
501.91390123163325,0,0,0
465.9621094596098,1,0,0
608.3205139953845,0,0,0
194.8494332300926,0,0,0
1005.124042347964,0,0,0
452.7970261252812,0,0,0
1913.0146332705742,0,0,0
1412.8546229188369,1,0,0
942.9252116549573,0,0,0
452.8747263428067,1,0,1
235.63604822284745,1,1,0
1496.7874218063735,1,0,0
666.328242867458,0,0,0
254.56977024680083,0,0,0
217.12993818579668,1,0,0
180.80379457959634,0,0,0
1501.3066218460615,1,0,0
260.05028467536573,0,1,1
747.9038624512204,0,0,0
600.6525260352307,1,0,0
866.574566167667,1,1,1
2096.831069871949,0,1,0
2023.0414737067401,0,0,0
599.7954114175386,1,0,0
15.485535112357496,0,0,0
555.899362407858,0,0,0
931.8957021046077,0,0,0
815.9133192477102,0,0,0
1053.6468746828214,0,0,0
167.3254416726118,0,0,0
1039.9710879123136,1,0,1
201.6898597649777,1,0,0
1388.3924834269378,1,0,1
414.1339944551263,0,0,0
1237.513846446285,0,0,0
49.04907653575863,1,0,0
524.0122287878411,0,0,0
1220.8969541116994,1,0,0
257.3087364426544,0,0,0
1586.146499588779,1,0,0
996.3618837780822,1,0,0
885.6688350873296,0,0,0
436.25765084032264,0,0,0
658.6519811980861,0,0,0
909.6858446880807,0,0,0
639.5345942486962,0,1,0
1198.366296671217,1,0,0
568.6258902085973,0,0,0
225.9890731517126,0,0,0
240.7142443012143,0,0,0
5.820676158503701,0,0,0
358.04404581495373,0,0,0
1381.974268088192,1,0,0
1580.6692710136704,1,1,1
226.23274558488464,0,0,0
3195.2568828804624,0,0,0
697.9643514799325,1,0,0
2488.658668035487,0,0,1
1226.781904866556,0,0,0
1281.6944575347884,1,0,0
88.87888840158364,0,0,0
248.44998359003745,0,0,0
8.853913765533424,1,0,0
1259.230580146966,0,0,0
422.262835935855,1,0,1
1544.8330626042011,0,0,0
413.90495352365167,1,0,0
1711.1038852106756,0,0,0
140.06498009701136,0,0,0
190.40190314858478,1,0,0
416.8444169338693,1,0,0
525.0722752200093,0,0,0
428.7892291814223,1,0,0
1442.4289663879042,0,0,0
101.9788982505394,1,1,0
432.6570090134334,1,0,0
1815.4785528716225,0,0,0
69.13260688752923,0,0,0
2853.252422326062,0,0,0
4291.589565355199,1,0,1
92.73848066667755,0,0,0
344.2842018782271,1,0,0
465.8533193656266,0,0,0
1497.8579367142263,1,0,0
906.1592593012424,1,0,0
1033.8523246861607,1,0,0
1416.7940758930743,1,0,1
125.5394130967008,0,0,0
1791.016486769466,0,0,0
1222.8831640237606,1,0,1
861.1912874157248,0,0,0
2204.8717556605143,1,0,1
1204.9945056977638,1,0,0
225.27076551969398,1,0,0
561.6723180269739,0,0,0
681.3033305476766,0,0,0
56.80067086743842,1,0,0
3093.0698009606162,0,0,0
137.62807061617346,1,0,0
1195.5459674822507,0,0,0
705.6875555871659,0,0,0
25.966479746254425,0,0,0
2586.905832584975,1,0,1
1909.4409695671225,0,0,0
742.8794369569903,0,0,0
259.9921172160924,1,0,0
129.67926808383748,1,0,0
451.6019505566217,1,0,0
294.94609979329596,0,0,0
706.6199338982759,1,0,0
3393.505920633426,0,0,0
855.5566883495322,1,0,1
2206.6483448891686,1,0,1
1052.3362465302378,0,0,0
644.8267011269326,0,0,0
1928.3187285323702,1,0,1
637.4629497875385,0,0,0
2029.7235833615703,1,0,0
344.71358080447544,0,0,0
137.89871409098683,1,0,0
1933.1926113842492,0,0,0
885.3134308203175,0,0,0
2199.0578409782324,0,0,1
2777.837786382405,0,0,0
55.11996504713251,0,0,0
695.087665801949,0,0,0
469.94690937358473,0,0,0
983.1209357655291,1,0,0
1577.8965970706324,0,0,0
329.3241475550602,1,0,0
813.7304981883148,0,0,0
1233.4997314156537,0,0,0
144.368280540826,0,0,0
1682.3683793952994,1,0,0
931.6825805969382,0,0,0
2986.523546604237,0,0,1
414.8019396735117,0,0,0
114.45277227375922,0,0,0
706.2348538236703,0,0,0
89.71769581573245,0,0,0
3490.8985908856966,0,0,0
39.45309673973471,1,0,1
1400.4091116177606,0,0,0
744.6560732234371,0,0,0
459.84841244972176,0,0,0
68.10986628152087,0,0,0
973.30277923869,0,0,0
880.0078139313557,1,0,0
329.73158821750553,1,0,1
2410.4119966913263,0,0,0
362.5636876670311,0,0,0
597.3378718722709,0,0,0
784.7416751017341,0,0,0
105.6181912714316,1,0,0
2690.628630001688,1,0,1
469.26174842904067,0,0,0
84.22893942470307,1,0,0
489.86545373217285,0,1,0
916.7972278530419,0,0,0
720.8322433002203,0,0,0
1185.9429043673458,0,0,0
57.08259066885621,1,0,0
334.830439488883,1,0,0
1710.5329650172393,1,0,0
83.266058866697,0,0,0
1934.3785768172656,1,0,1
96.39647088971847,1,0,0
1798.5074752447113,0,0,0
447.5197386977229,0,0,0
947.2889074039259,1,1,1
165.92131770633924,1,0,0
68.45950131680698,1,0,0
243.26744033508382,0,0,0
136.79822911021037,0,0,0
374.55658270573593,1,0,0
722.3355392368819,1,0,0
888.5769888755586,0,0,0
1560.0198853154056,0,0,0
1067.81122897425,1,0,0
938.4298156405574,1,0,0
530.6576982215506,1,0,0
642.0899404552785,0,0,0
535.3246719660502,1,0,0
1846.2116216302404,0,0,0
261.3653518597748,1,0,0
5.7373587534140595,0,0,0
1053.6003880878568,1,0,1
226.22602681267114,1,0,0
2208.3221550816793,1,0,1
1959.3240220778644,0,0,0
79.83071640083057,0,1,0
112.48405617040638,1,1,0
683.5366940743952,0,0,0
939.6173512047455,0,0,0
321.45720106021673,1,0,0
1261.593854692852,0,0,0
903.6608776149585,1,0,0
392.78204390390744,0,1,0
25.698893965063103,1,0,0
1386.8956670621492,1,0,0
241.7578089284106,1,0,1
1798.6254469759256,1,0,0
545.2277490771573,0,0,0
860.5661962046776,1,0,1
2063.1645764205705,1,0,0
1992.332176237556,0,0,0
464.45039740915325,0,0,0
234.3168567485131,1,0,0
1492.3043219709098,0,0,0
567.53743782082,0,0,0
213.24519403813483,0,0,0
2347.8475810660298,0,0,1
220.77659756204113,1,0,1
26.14601566512803,0,0,0
20.48843565174785,0,0,0
973.6957078987606,1,0,1
1083.748486484685,0,0,0
372.5745396364538,1,0,0
385.6786416000157,1,0,0
414.7489424353085,1,0,0
1139.92986459004,1,0,0
59.89204318370445,0,0,0
2646.7155164940464,0,0,1
251.69870176122032,0,0,0
8026.178235781022,0,0,0
188.1658339055015,0,1,0
1476.4224035963905,0,0,0
252.84601547152525,0,0,0
84.30246936965585,0,0,0
2078.9082786950094,0,0,0
1957.2328236211056,0,0,0
516.7940535437542,0,0,0
1211.9920142134777,1,0,1
814.334352257224,1,0,0
1917.0241903224373,1,0,1
378.41815109264536,1,0,0
741.64942617977,1,0,0
664.3116907283852,1,0,0
436.8100060362315,0,0,0
2220.5910401845335,0,0,0
181.37551402860507,1,0,0
161.9410253644185,0,0,0
860.1692583163867,0,0,0
1071.4667746624687,0,0,0
216.44013738713357,0,0,0
495.4731488478034,1,0,1
2929.267664366931,0,0,0
283.1821094105922,0,0,0
1103.7073528434464,0,0,0
1347.648404251943,1,0,0
594.4404110940085,1,0,0
2773.004596856971,0,0,0
1334.2969085413247,1,0,0
612.3501356750105,0,0,0
842.4252218064931,1,1,0
1179.649181511564,1,0,0
896.9543417526231,1,0,1
2109.4685442369096,0,0,0
441.4374162041571,0,0,0
356.51172876734586,0,0,0
240.59353236061122,0,0,0
38.51524883893587,0,0,0
43.96647946433352,0,0,0
2040.6454810577777,0,0,0
1134.4254309774954,1,0,0
1080.3768164726246,0,0,0
953.5846317556576,1,0,0
1891.927785672588,1,0,1
654.4399177874985,1,0,1
2043.3860522453556,1,0,0
445.4203317925656,1,0,1
2613.297053762901,1,1,1
1199.5060620266368,0,0,0
297.2976691808961,0,0,0
830.3078291193173,1,0,0
761.4914656136767,0,0,0
148.3826390235819,0,0,0
894.6342009594865,1,0,1
378.0235316036423,0,0,0
53.76874189647887,1,0,1
2969.210266186915,0,0,0
1025.7997547685452,1,0,0
2094.912050233543,0,0,0
1127.1846331101276,1,0,0
441.5851929201174,0,0,0
718.8508523725416,1,0,0
1126.2304646163038,0,0,0
3225.203935226382,0,0,0
292.5866926239625,0,0,0
2079.258027512532,0,0,0
2578.046216961698,1,0,0
1109.9225532287217,0,0,0
2677.5204247970046,0,1,0
507.296172077101,0,0,0
3057.951907585785,1,0,1
1213.2923539555318,0,0,0
42.91352129955697,0,0,0
2373.7893200734757,1,0,1
662.5652301328535,1,0,0
616.7918501959117,1,0,1
835.7864522328146,1,0,0
161.79512888256517,0,0,0
633.3060158103807,1,0,1
1778.6096091698396,1,0,0
15.603564035284384,1,0,0
318.71486065589534,0,0,0
2.457603879865734,1,0,0
537.3600846490164,0,0,0
1303.1138510167987,1,0,1
1603.3158362168333,0,0,0
2903.878261732671,0,0,0
937.7815464324123,0,0,0
293.8703358557986,0,0,0
2578.9705351444118,1,0,1
1493.0592129758109,1,0,0
854.3222675437303,1,0,0
1189.5447764365053,0,0,0
2581.193192177251,1,0,0
1246.1638900438516,1,0,0
459.4586357697097,0,0,0
1248.3713338665855,1,0,0
41.11178935608501,0,0,0
488.437390773811,0,0,0
521.4199322016108,0,0,0
182.52745929542147,0,0,0
23.35612365527907,0,0,0
143.1561182118337,0,0,0
1063.114349708392,1,0,0
1620.9479816836517,0,0,0
4439.951785136702,0,0,1
425.203897198042,1,0,0
914.7399905480175,0,0,0
2766.9242646562416,1,0,1
182.77179574208296,0,1,0
1264.5922111198493,0,0,0
1406.4102687318102,0,1,0
93.1855279327322,1,0,0
1975.0770952523658,0,0,0
1677.208569223627,0,0,0
33.97363004302423,1,0,1
95.50305477156219,1,0,0
50.374657402532605,0,0,0
407.5826462093547,1,0,0
711.8999001891663,0,0,0
760.0302676821353,0,0,0
311.5196223973369,0,0,0
2425.8480900523446,0,0,0
459.2817780662377,0,0,0
46.62018404385448,0,0,0
356.9994416415409,0,0,0
757.3858480856362,0,0,0
524.623414633796,0,0,0
319.98837183893966,1,0,1
140.7842019334254,1,0,0
1710.16750127273,0,0,0
5558.447081771211,1,0,1
399.79441719664686,0,0,0
480.65381232774615,0,0,0
962.4329073392854,0,1,0
1267.4149479869266,0,0,0
497.6289751754606,1,0,0
2353.1367359658025,1,0,0
820.9896185402904,0,0,0
598.5464822070402,0,0,0
1040.3606066167617,0,0,0
3053.4429204172575,0,0,1
1582.563751501428,1,0,0
40.835672254549436,1,0,0
403.9311513316035,0,0,0
635.9065083445081,1,0,0
377.6324144572784,0,0,0
1204.5982026148727,1,0,0
1750.2480156477966,0,0,0
1314.3276047071588,1,0,0
4540.627305010829,0,0,0
318.2067774670129,0,0,0
2079.3575054063544,1,0,1
1455.098672561774,0,0,0
449.69721915670743,1,0,0
1324.7272890813326,0,0,0
109.89964238884453,1,0,1
1557.478880816388,1,0,1
759.9936484780961,0,0,0
345.7211177586495,0,0,0
1066.4664525334672,1,0,0
1026.1613994226389,0,0,0
235.07219391977978,1,0,0
30.868997428403567,0,0,0
568.4946154021435,1,0,0
842.835526561621,0,0,0
2092.366942903811,1,0,0
2634.104752960579,0,0,1
752.4837208927653,1,0,0
1401.6252154884576,0,0,0
578.5751120172076,0,0,0
1370.7445153595638,1,0,1
229.1635413216504,1,0,0
463.72694459475923,1,0,1
1005.7450872714146,0,0,0
18.32484467421162,1,0,0
1281.794933312052,1,0,1
1805.060545248071,1,0,1
509.3960812056167,0,0,0
594.1029214376156,0,0,0
1905.7048107234978,1,0,0
1494.5686079103546,0,0,0
339.88734612166354,1,0,1
391.526858240637,0,0,0
1135.9348894356708,1,0,1
828.2754874551194,1,0,1
177.01116722067286,1,0,0
370.9621057225198,0,0,0
2302.4178757621676,1,1,1
1165.3113395814353,0,0,0
4266.865178882908,1,0,1
1456.770603603957,0,0,0
2846.871540460048,1,0,0
243.58681545921746,1,0,0
1476.1528774771862,0,0,0
20.424691288625322,1,0,0
1110.968376822095,0,0,0
633.5249963013531,1,0,0
425.8107928710665,1,0,0
1983.4359840201187,0,0,0
1925.9838515661313,0,0,0
22.554148257082097,1,0,1
940.3404274566309,0,0,0
458.6004522190456,0,0,0
537.2739876826537,0,0,0
1784.0338243354865,0,0,0
370.8314931713251,0,0,0
2865.560704980772,0,0,1
198.00448519434178,0,0,0
1086.8490181287407,1,0,0
1115.0620481748867,0,0,0
290.613246050747,0,0,0
392.6731881494366,1,1,1
1800.5892931181277,1,0,0
1434.6666834082016,0,0,0
399.12904389668716,1,0,1
763.4764022829723,1,1,0
63.66455249608309,0,1,0
234.13610161770754,0,0,0
665.1829671752498,0,0,0
89.89597192249045,1,0,0
1853.6286275950329,0,0,0
1265.8702299448294,1,0,0
2875.8832960657137,1,0,0
1182.429555418421,0,1,1
2820.1227297092164,0,0,0
808.5862158376011,0,0,0
916.8374089297541,0,0,0
3771.003359783029,0,0,0
1027.5831030966176,1,0,0
31.27043217122518,1,0,0
1286.6400910282346,0,0,0
2358.8241992170433,0,0,0
1587.579800048134,0,0,0
876.6693120563949,0,0,0
1112.6204862106254,1,0,1
4624.535412628404,0,0,0
95.0385140690747,1,1,1
1100.3482805301285,1,0,0
333.2342569389452,1,0,1
1021.902380691524,0,0,0
935.5336343495466,0,0,0
166.59408297163327,0,0,0
231.61262002507968,1,0,0
971.8816109356864,1,0,0
137.2295908848276,1,0,1
308.13089866675574,1,0,0
1803.2990816126378,1,0,0
396.14592589478684,1,0,0
669.5481535596243,0,0,0
2832.599230142057,1,0,1
257.66911941956465,1,0,0
493.68342337706184,0,0,0
932.5669120365671,1,0,0
1407.8814119293527,1,0,0
2319.2571700496383,0,0,0
2470.6841220175434,1,0,1
1498.9707923801716,0,0,0
259.1993656189182,0,0,0
25.12226817274325,0,0,0
484.14138659930654,0,0,0
152.6255029867771,0,0,0
1239.2119655069462,0,0,0
1082.1404576901111,1,0,0
44.96770279480687,0,0,0
1811.5160258669246,0,0,0
286.00782983336575,0,0,0
566.0337209887203,0,0,0
1102.420737980706,0,0,0
561.0997654770736,0,0,0
582.1207913609259,0,0,0
67.88062811871548,0,0,0
513.2344380644162,0,0,0
1447.5227113285714,1,0,0
2467.1807324985525,0,0,0
533.5777295081454,1,0,0
550.9288261220853,0,0,0
1212.7683934396769,0,0,0
2860.7120091916127,0,0,0
310.69271866810357,1,0,0
580.0760400896538,0,0,0
1589.5041346811704,1,0,0
940.823128820712,1,0,0
117.19284681153658,0,0,0
988.1432298830385,1,0,1
206.71214505297863,0,0,0
713.7906667988838,0,0,0
753.1164609379287,0,0,0
2089.1150776221275,0,0,0
620.8158660369469,0,0,0
327.7299531142403,1,0,0
262.62054998666036,0,0,0
2073.474394044754,1,0,1
187.5482173200502,0,0,0
554.8969208678626,1,0,0
207.23712559736032,0,0,0
1484.14554304067,1,0,0
643.1627583237325,1,0,1
432.5439898064316,0,0,0
448.0067688860759,0,0,0
1911.9913963530646,0,0,0
806.92962642024,0,0,0
1265.3797047991063,0,1,1
2273.400304868465,1,0,0
2320.155309588841,0,0,0
398.25474685936143,0,0,0
3046.000054936333,0,0,0
25.19051558847009,1,0,0
472.94484801801667,0,0,0
2261.4321853164683,0,0,0
321.0828940888243,0,0,0
318.9408439305319,0,0,0
360.4280997706276,1,0,0
947.5579586229603,1,0,0
576.8457318928007,1,0,0
1297.312659790339,0,0,0
2252.944267545875,1,0,0
1121.469664285832,0,0,0
228.74259700402848,0,0,0
2698.3261685332927,0,0,0
307.1950494532285,0,1,0
162.39457879218335,0,0,0
94.27472282204202,0,0,0
828.7005947584452,0,1,0
120.770263272078,0,0,0
149.40051122797055,1,0,0
356.7184885946395,1,0,0
330.8025532529356,0,0,0
926.9460747785855,1,1,1
1696.878178507223,1,0,0
1432.755794939995,1,0,1
304.46811263976747,0,0,0
281.4488699324629,1,0,0
3375.2820078846753,0,0,0
8.270346824797073,1,0,1
2117.9373526991635,1,0,1
222.80425778377634,1,0,1
2942.8423930941494,0,0,0
419.01745495256347,1,0,0
580.4468602994356,0,0,0
1227.9944064041924,0,0,0
885.9289789606453,0,0,0
382.63666572116534,1,0,0
807.0572864030396,1,0,0
1311.9548434084877,1,0,0
43.25719252461166,0,0,0
11.262489665389717,0,0,0
612.6127889942388,0,0,0
141.3753536975524,0,0,0
1091.6693213376045,0,0,0
240.86522698286595,0,0,0
567.1334114833024,0,0,0
220.23645211765157,1,0,0
795.1435518559646,1,0,1
123.35869259007804,1,0,1
23.378001177898746,0,0,0
52.485202434867915,0,0,0
3084.7480182812537,0,0,0
153.48482327170416,0,0,0
1232.6406726701107,1,0,0
70.34328741269128,0,0,0
114.46892964196653,1,0,1
711.0591491532541,1,0,0
625.2473091347705,0,0,0
3027.8487182375775,0,0,0
2897.434796907953,1,0,1
1512.3504154598181,1,0,0
921.5591610254003,1,0,0
606.8966748466513,1,0,1
440.3338185303973,0,0,0
2939.1165609324257,0,0,0
923.5893305262389,0,0,0
865.2947349293471,0,0,0
263.8368064250128,0,1,0
47.823340473489424,0,0,0
2903.8567081916685,1,0,1
376.49180565271666,0,0,0
584.4524714917653,0,0,0
121.76087330656478,0,0,0
1813.540952213169,0,0,0
28.020773456034895,0,0,0
1795.7118421685552,1,0,0
151.1543548816524,1,0,0
2176.5174706562107,0,0,0
1308.491590397369,0,0,0
179.9287368810383,1,0,0
834.2914615017467,0,1,0
374.92084162791906,0,0,0
196.29849945926858,0,1,0
1960.2884186121016,1,0,0
516.714204991028,0,0,0
508.40142179507274,1,0,0
186.19305113417005,0,0,0
482.99270496564185,0,0,0
2052.736098272089,1,0,0
451.18770110986975,0,0,0
3028.329073336081,0,0,0
2924.5080120271136,0,0,0
156.53528994325052,0,0,0
195.17734366906444,0,0,0
1985.3981299375853,1,0,0
498.83269219970964,1,0,1
4.383576129278681,1,0,1
320.02872286201824,1,0,0
910.380713477174,1,0,1
1605.774460874571,1,0,0
143.1646346290362,1,0,1
117.14227595556127,0,0,0
2552.2350246768783,0,0,0
1390.8984148185634,1,0,0
891.0607046390486,0,0,0
1466.1465102665447,1,0,1
560.1110428405071,0,0,0
1420.7025817200854,0,0,0
464.9014535484879,1,0,0
279.8390065174331,0,0,0
1305.6859843951477,1,0,0
544.1623214797613,1,0,0
3983.3635050564526,1,0,1
429.9912023621889,0,0,0
2547.557935672475,0,0,0
2702.503839149649,0,0,0
276.87791092172716,1,0,0
1600.5831398422893,0,1,1
567.5273862598,0,0,0
2495.256754571937,0,0,0
598.0629765321119,0,0,0
1363.7649346763435,1,1,1
629.1727106514847,0,0,0
258.5126738016074,0,0,0
222.33154226366904,1,0,0
554.1354225572458,1,0,0
1408.5181176033796,1,0,0
929.0505056001739,1,0,0
1166.7710827746464,0,0,0
331.7403407446545,0,0,0
656.6905646939797,1,0,0
45.41090850856764,1,0,0
1701.1827434245236,1,1,1
4594.444140225549,1,0,0
522.3569591666646,1,0,0
11.02419690383469,0,0,0
186.07977752794883,0,0,0
1057.0679630130207,1,0,0
946.9543886176509,1,0,0
1550.5310926565062,1,0,0
292.8742095789071,1,0,0
1442.3650091089582,0,0,0
1164.700879418838,0,0,0
389.81003727163784,0,0,0
788.5312888222277,1,0,0
159.3167777428315,0,0,0
602.5106387263687,0,0,0
2130.291477991555,1,0,1
546.7833911522116,0,1,0
1829.8770394739086,1,0,1
892.2162743503002,0,0,0
213.0406493064993,0,0,0
870.1379585117043,1,0,0
705.1860157179992,1,0,0
508.5637424100273,0,0,0
127.41350457097103,1,0,0
539.0684984911431,0,0,0
75.54540995373883,0,0,0
103.99372946771224,0,0,0
537.7113833060198,1,0,1
364.39247903396097,0,0,0
2597.551308682704,0,0,0
471.1335559810138,1,0,0
1418.2314521866524,0,0,0
755.5493748508947,0,0,0
1217.685287637414,0,0,0
301.26183887254143,1,0,1
2845.6752098085467,0,0,0
755.2108933143516,1,0,1
1779.7759865419034,0,0,0
454.202240908663,0,0,0
105.59537551360383,1,0,0
1119.973772375643,0,0,0
7.7899110623067545,1,0,1
644.9152227596718,0,0,0
214.1861670645189,0,0,0
987.1840807194362,0,0,0
3883.429384253745,0,0,0
624.3730914693228,0,0,0
1700.9955527212048,0,0,0
708.838014257873,0,0,0
684.8616626679224,0,1,1
2665.3283142952214,0,0,0
2206.964677196806,0,0,0
1540.847292716759,0,0,0
351.3402747897667,0,0,0
787.4763562988142,0,0,0
253.47033626006277,1,0,0
586.8371722966953,1,0,1
662.0615169138731,0,0,0
1781.6509736716876,0,0,0
2263.6371605515887,0,0,0
535.4941765731174,1,0,1
17.863043480275365,0,0,0
1978.8640931551292,0,0,0
191.49794556122643,0,0,0
972.5488672668387,1,0,0
25.28796272108078,1,0,1
510.0034206352483,0,0,0
4265.866398803299,0,0,0
106.13148066810383,1,0,0
551.1150379095118,0,0,0
366.94168154588374,0,1,0
2354.8064324955863,1,0,0
2035.1575754336056,0,0,0
271.4134737347761,0,0,0
84.67351597259162,0,0,0
986.5479578413247,1,0,1
410.02857271721774,0,0,0
1114.9989921354597,1,0,0
32.64691430497454,0,0,0
143.17688712131638,1,0,0
1159.5484509710434,1,0,0
238.72767453452576,0,0,0
1949.0287371368552,0,0,0
60.37747055284359,1,0,0
242.6857405789256,1,1,0
6543.284739359699,0,0,0
567.530203992452,1,0,0
1213.9075359010733,0,0,0
201.70384424629054,0,0,0
941.272019527604,1,0,0
1295.014358378103,0,0,0
377.5726972148744,0,0,0
1765.4902190673395,1,0,0
924.8713868043069,1,0,0
492.85966514466907,1,0,1
815.6366591864822,1,0,0
859.8178872067674,1,0,0
180.96482879838604,0,1,0
515.3899743621062,0,0,0
420.7268604696156,0,0,0
512.3312943511335,0,0,0
1431.7545474629114,1,0,1
658.8199739237587,0,1,0
2818.6938687172155,0,0,0
347.6818084744688,1,0,1
537.3468534948004,0,0,0
1546.2603661232733,0,0,0
789.7122527180759,0,0,0
791.9252888167637,1,0,1
54.81545096311449,0,0,0
508.49444760055576,0,0,0
315.71636321088823,0,0,0
7315.908242813281,0,0,1
368.6825628995074,0,0,0
2158.454747685602,1,0,1
1127.7334279731263,0,0,0
416.904907595225,0,0,0
784.2418903790574,1,0,0
1835.9363347224046,1,0,1
2148.734155492846,0,0,0
174.82239592904457,0,0,0
414.86889727283113,1,0,0
408.30390399941894,0,0,0
42.95426210032609,0,0,0
911.8948077518294,0,0,0
1929.7812921357583,0,0,0
480.5783657255659,1,0,0
1347.2119074631555,0,0,0
988.0564090381145,0,0,0
471.04214510550497,1,0,1
152.0559746624588,0,0,0
1235.545527676734,0,0,0
1928.0271892095607,0,0,0
1157.899000415254,1,0,0
18.04023493784827,0,0,0
243.64336193472766,1,0,0
72.01169306511056,0,0,0
844.868379644809,1,0,0
1412.5466726542275,1,0,0
117.18480008721211,1,0,1
1822.2464333457192,0,0,0
810.8254230971567,0,0,0
1171.0830256655508,0,0,0
3554.4131999113206,0,0,0
87.39070883343621,0,1,1
2314.9008513419467,0,0,0
134.79241136015906,1,0,0
499.15862636479585,1,0,0
1906.757586606739,0,0,0
2367.1688070233945,0,0,0
705.9724205682403,1,0,0
901.6598823408486,0,0,0
1231.5061745954117,0,0,0
1788.3174106306717,0,0,0
129.55208576440273,0,0,0
1661.0960535239449,1,1,0
656.3836193326906,1,0,0
598.9711438495012,0,0,0
551.4735917578624,0,0,0
711.7421712447666,0,0,0
2901.3416690586237,1,0,0
794.5240255633386,1,0,0
3061.3922395561617,0,0,0
198.80481915608487,1,0,0
1287.8472115999732,0,1,0
1672.5882700965594,0,0,0
1136.7155801343795,1,0,0
933.7479264270432,0,1,1
831.978952176308,0,0,0
1972.7813455393148,1,0,0
1723.9882878218225,0,0,0
130.43757904006117,0,0,0
1887.7484157461895,0,0,0
534.5525942828659,0,0,0
292.62336722660325,0,0,0
2038.4421652396347,0,0,1
565.6775225411791,1,0,0
1652.1611411595088,1,0,0
305.71517853443606,0,0,0
3.9370614877606016,0,0,0
684.1065562414392,1,0,0
105.61416631652851,1,0,0
1403.9531865439274,0,0,0
323.06767108323976,1,0,0
586.3498614849452,0,0,0
91.05616258054731,1,0,0
337.7960603154124,0,0,0
1520.9246121645733,1,0,0
164.38880828174985,0,0,0
1041.739338762159,1,0,0
2494.058635394111,0,0,0
1138.924287501152,0,0,0
1666.1230286676464,1,0,0
115.37901060850808,1,0,0
288.6583168260284,1,1,1
2249.4126615765394,0,0,0
1255.6367414915944,1,1,1
1020.4126437443138,1,0,0
1089.9501221574374,0,0,0
534.7777908242596,0,0,0
45.57978615055011,1,0,0
1534.5231397313007,1,0,1
1135.4212095238777,1,0,0
640.1837634183179,1,0,0
2300.1841312933207,1,0,0
409.7136177355875,1,0,0
348.59587373748593,1,0,0
2061.9657376085656,1,0,1
1594.4884877943005,1,0,0
723.5647613818693,0,0,0
140.10695226075282,0,0,0
242.1626117970046,0,0,0
1067.7766041494012,1,0,0
486.20006682284225,0,0,0
1810.7783367399352,0,0,0
2994.832864787426,0,1,0
1638.0273498274287,1,0,0
474.0846219731788,1,0,1
1554.4121312990637,1,0,0
433.0033385926238,0,0,0
182.84179741440275,0,0,0
33.963489661927156,0,0,0
487.2990773699135,0,0,0
2338.8270056338656,1,0,0
273.1042967759928,0,0,0
231.3183301171158,0,0,0
3500.6018445707286,0,0,1
25.322026301486574,0,0,0
1540.761792945287,0,0,0
387.67915372593416,0,0,0
38.208700555265395,0,0,0
2498.630880190492,0,0,0
150.40708108984606,0,0,0
802.4694976341517,1,0,0
320.2799328258964,1,0,0
67.41497650186069,0,0,0
51.211703677614715,1,0,0
122.79687013491511,1,0,1
74.0416816164743,0,0,0
1429.4445451041597,0,1,0
664.6884050355728,0,0,0
419.9070294620804,0,0,0
541.9188984350141,1,0,0
2644.3254800000955,0,0,0
2416.334169320221,1,0,0
1257.642534667118,0,0,0
2160.0650222906243,1,0,0
385.145008235229,1,0,0
479.8266390339595,1,0,0
951.1725445061418,1,0,0
977.1718090808205,0,0,0
657.2007412500423,1,0,0
511.9226393308486,0,0,0
4281.66100855927,1,0,1
1721.060360451437,0,0,0
570.8945004641017,0,0,0
1299.3554032975499,1,0,0
314.1105048176806,0,0,0
105.54867362212575,0,0,0
434.52996683887693,0,0,0
515.7926056950647,1,0,0
16.675389258123566,1,0,0
1686.275769991476,1,0,0
445.0275873839574,1,0,0
868.4966964861741,0,0,0
76.84129055914734,0,0,0
192.3680487161579,1,0,0
2204.4944670112377,1,0,0
938.2488767311725,0,0,0
3001.4294752410165,0,0,0
6684.639241099963,0,0,1
464.99239103332724,0,0,0
354.96649571539035,0,0,0
1954.4388009479085,0,0,0
6579.478704851662,0,0,0
993.2831059287889,0,0,0
1585.4319868350021,1,0,1
1522.0951099419783,1,0,0
439.03178034083345,0,0,0
853.9508296563558,0,0,0
1790.1024903613607,1,0,0
1165.117145813196,0,0,0
21.390978319746615,1,0,1
410.5364489933047,0,0,0
156.04077763096373,1,0,0
265.23224890744444,0,0,0
2359.044101383172,0,0,0
37.59106222317869,1,0,0
248.20589444771036,1,0,0
370.4397488862365,0,0,0
959.417651440251,1,1,1
763.7878877381173,0,0,0
246.24520505693596,1,0,0
179.41506540300878,0,0,0
270.2325836366471,0,0,0
698.219275315837,1,0,0
316.3254528631577,0,0,0
2948.896429400145,0,0,1
623.3696969621107,0,0,0
60.59538982237062,0,0,0
1306.6199889780505,1,1,1
398.75559959930627,0,0,0
1059.8405187504777,1,0,1
327.940851334455,0,0,0
845.7011997728474,0,0,0
1479.0787545627118,0,0,0
2631.2105808727733,1,0,1
302.62942213662427,0,0,0
407.75315017966926,0,0,0
624.1182942552892,0,0,0
2619.6937480030256,1,0,1
2316.550728190587,0,0,0
94.17693028489553,1,1,0
141.48272168389312,0,0,0
684.205630296722,0,0,0
112.74244272284615,0,0,0
424.0072663528398,0,0,0
160.62117633270768,0,0,0
1010.7122832383968,1,0,0
2985.6914861814785,0,0,0
5724.118954507035,0,0,0
470.3895156853954,0,0,0
913.8253661736712,0,0,0
1939.8024139701333,0,0,0
124.95351409690547,1,1,1
1169.7788421293767,0,1,0
525.6747647903238,1,0,0
230.8559156373658,0,0,0
515.4255518108017,0,0,0
79.00022878884587,0,0,0
1188.7793075729187,0,0,0
291.3456668905772,0,0,0
373.1029259691118,0,0,0
129.0628750413401,0,0,0
1999.9586009103798,1,0,0
680.1209500564153,0,0,0
848.9753146955942,1,0,0
842.6515982210846,0,0,0
528.4688789055648,1,0,1
213.8492715537979,0,0,0
1367.0124517204126,0,0,0
135.88417580109126,1,0,0
109.67401686308544,0,0,0
1238.3746107512773,0,0,0
234.2512900261487,0,0,0
366.3974134205041,0,0,0
644.7903807587932,1,0,1
596.658271601767,1,0,0
1232.9867510846882,1,0,0
976.6560886366063,1,0,1
1033.9379831673996,0,0,0
1251.9534535351365,0,0,0
346.1769942067443,1,0,0
389.0997222468986,0,0,0
576.2494217931907,0,0,0
367.39241863416606,0,0,0
4195.571564022229,1,0,0
1682.287818554099,0,0,0
179.9100926195069,1,0,0
5.6098617734097,0,0,0
43.72544320857568,0,0,0
279.79783627587886,1,0,1
121.36714748501953,1,0,0
762.1502982977581,0,0,0
1951.8945791817014,0,0,0
1334.6519671449566,0,0,0
242.84773888553096,1,0,0
509.65839861469556,0,0,0
709.0615643256997,0,0,0
1661.8152125822642,1,0,0
1827.1064981755724,0,1,0
2404.8206288001716,0,0,1
711.8107678344468,1,0,0
1185.0684445207132,1,0,0
118.55875408632244,1,0,0
833.0737443786292,0,0,0
285.9393378577616,1,0,1
565.1355425873061,1,0,1
1005.2599559417936,0,0,0
297.04030827090645,1,0,0
53.59600442917544,0,0,0
10.286582352212626,1,0,1
22.408746532183812,1,0,0
8.384791838029603,1,0,0
116.93283580633403,0,0,0
273.7643279058849,1,0,0
250.02863065033148,0,0,0
4327.280465995899,1,0,1
365.29211564506966,1,0,0
136.30183631567314,0,0,0
788.6949857640169,0,0,0
1951.6286563782508,1,0,0
1133.3912565708788,0,0,0
351.09353350843907,1,0,0
824.6604048658814,0,0,0
1254.7608726788808,1,0,0
1302.3374496123934,0,0,0
1098.2277285139116,0,0,0
2046.4743780068027,1,0,0
2041.0323757735296,1,0,1
864.9717664077423,0,0,0
561.8669658807639,1,0,0
1026.0227206380403,0,0,0
1704.914113556749,1,0,0
5.668138429978233,0,0,0
4827.939934031838,0,0,1
201.98617094532642,0,0,0
635.3481670832751,0,0,0
2055.9573455090444,1,0,0
254.94437878645792,1,0,0
647.7823502500477,0,0,0
142.23450384582551,0,0,0
502.65298657627744,1,0,0
194.96367847669475,0,0,0
451.9715861893656,0,0,0
467.54939022395644,0,0,0
4986.546219451843,0,0,0
5261.60543309331,0,0,0
121.92617009010173,1,0,0
1294.513235028071,0,0,0
53.132331400078776,1,0,0
30.657181036043472,0,0,0
111.30469650927807,0,0,0
3366.3803024398308,0,0,0
2827.9077578131887,1,0,0
215.58198748350227,0,0,0
176.3462472311726,0,0,0
275.1411548744404,1,0,0
724.7348473507683,0,0,0
843.2834038606628,1,0,0
250.50630831996423,1,0,1
1413.1427268459997,0,0,0
370.41631040478535,0,0,0
2552.7315318754854,0,0,0
1069.2167224383447,1,0,0
573.3239063683412,0,0,0
1560.2287965269445,1,0,0
1703.2796142368736,1,0,0
343.1688568674303,0,0,0
415.08302812760365,1,0,0
2748.17171802362,0,0,0
180.01346851611527,0,0,0
43.0645247824275,1,1,0
605.2376318315133,0,0,0
1615.5057860179795,0,0,0
1476.9550344184636,1,0,0
2519.878650349014,1,0,0
761.8558018120519,0,0,0
105.43237553583363,1,0,0
888.4055972390609,0,0,0
1506.8615334799867,1,0,1
97.97465867433586,1,0,0
189.53640263042436,0,1,1
12.366815970172139,0,0,0
900.5467696480576,1,0,0
2178.0197046530106,1,0,0
1110.6746958714407,0,0,0
4019.613093123431,0,0,0
65.1079125431742,0,0,0
2333.055487670158,0,0,0
1682.3758091675666,1,0,1
377.22978394667786,0,0,0
3631.6130044062506,1,0,1
339.5899390486277,1,0,0
2200.9741125196665,1,0,1
2126.521216992963,0,0,0
1417.4037452967464,1,0,1
828.8992629497365,1,0,0
127.83649607941189,0,0,0
759.2265885132742,0,0,0
441.2937397023202,1,0,0
1571.261172662944,0,0,0
1419.3516065507454,1,0,0
2414.7745100867787,0,0,0
14.941228746144876,0,0,0
1656.0223992203119,0,0,0
2788.101272086587,0,0,0
1557.3220896794867,0,0,0
139.4856094095514,0,0,0
84.77290769525366,0,0,0
21.065569075372693,0,0,0
990.8667292255456,0,0,0
993.3679397790769,1,0,0
4336.190484030294,0,0,1
507.569554026049,1,0,0
403.32682321588777,1,0,0
979.2969001559941,0,0,0
1746.4534964248778,0,0,0
2761.038871664994,1,0,0
1625.1820341301343,1,1,1
556.3007548121493,0,0,0
1007.6229812534136,1,0,0
1940.0228005644803,0,0,0
674.540735682701,0,0,0
244.22246343986797,0,0,0
185.99642856894747,0,0,0
0.15775702104124137,1,0,0
1266.6925182079,1,0,0
117.76739573042705,1,1,0
279.50109435790154,0,0,0
353.645724549773,0,0,0
821.8442434365169,0,0,0
507.42686824419445,0,0,0
1122.9274979552904,0,0,0
57.24640994188313,0,0,0
132.31977751457467,0,0,0
691.5714297741009,1,0,0
410.9271798699719,1,0,0
350.71184823128675,0,0,0
69.38017401909823,1,0,0
2260.6677761391884,0,0,0
1177.0666633170663,0,0,0
129.67387877252855,1,0,0
67.25790356152507,1,0,0
3683.7937455306173,0,0,1
1143.1052330108027,0,0,0
540.3506819544617,1,0,0
1209.759651728714,0,0,0
1411.947759685977,0,0,0
1513.9559400632331,1,0,0
649.8526720769804,0,0,0
561.9132518040482,0,0,0
11.08934439446762,0,0,0
2611.2472516036955,1,0,1
924.5948114748996,1,0,0
227.0937646311218,0,0,0
2520.7836338190186,0,0,0
2464.303187602127,0,0,0
4526.743956366517,0,0,0
2071.9223866240445,0,0,0
6112.226534467454,0,0,0
280.6219712196754,0,0,0
1846.741148082396,1,0,0
1731.76549589878,0,0,0
262.5867562038958,0,0,0
103.62596419680506,0,0,0
3883.4605089265956,1,0,1
351.01179775126667,0,0,0
2047.1043926618338,0,0,0
4.135694883399153,1,0,0
21.248976118538696,1,0,1
627.1184741059396,1,0,0
272.74706883058633,0,1,0
1170.671123608307,0,0,0
833.7073902720064,1,0,0
80.6525074683432,0,0,0
177.48721664835244,0,0,0
491.1035063420396,1,0,0
205.3086233204232,1,0,0
1571.2867481786523,1,0,0
537.9745697448446,1,0,1
98.08909093046157,1,0,0
662.3132736917418,1,0,0
95.2321820137872,0,1,1
138.04132471986028,1,0,0
273.92359852537254,0,0,0
1962.7450000265071,0,0,0
2585.1142290954826,0,0,0
1750.1822808911652,0,0,0
406.5815572323889,0,0,0
318.0676621773832,0,0,0
796.6332114741832,0,0,0
1279.6061052185862,0,0,0
5016.571100214452,0,0,0
141.06911501393822,0,0,0
50.54830777353377,0,0,0
1185.3338898131567,1,0,0
1785.1361529168835,0,0,0
1873.0700494441576,0,0,0
1134.6443640552093,0,0,0
3079.457509334398,1,0,0
715.402530954686,1,0,0
2451.2567904842517,0,0,0
3436.1658226885124,1,0,0
1878.3470182476087,1,0,1
370.7138342736321,1,0,0
218.42426862997849,0,0,0
794.3387649266822,1,0,0
603.333442883869,0,0,0
2101.75539175089,1,0,0
105.39570635162674,1,0,0
298.05577548048046,1,0,1
1393.5161536771934,0,0,0
99.80557845994655,1,0,1
386.78725139653193,0,0,0
489.64387282296553,0,0,0
974.4332088820097,0,0,0
172.1328136337915,1,0,0
1970.4399931523606,0,0,0
593.3782927950916,0,0,0
2489.1762943282565,0,0,1
630.8672962869391,1,0,1
321.6391552427114,1,0,0
152.9516990277108,1,0,0
3.752125137045746,0,0,0
759.6235460733202,1,0,0
113.34418598529231,1,0,0
497.13274004374347,1,0,1
889.8235027429199,1,0,1
322.5301366224992,1,0,0
192.64379914536278,1,0,0
1490.4184086721948,0,0,0
2933.5309618441497,0,0,0
105.84998861013148,1,0,0
169.1175045054156,0,0,0
3219.192306261121,1,0,0
38.51655181781312,0,0,0
3800.1389591129673,0,0,0
4.655302209042451,0,0,0
2068.8471066336942,1,0,1
367.1946265527541,1,0,1
2790.163997380963,0,0,1
381.1803181328424,0,0,0
1062.2022184064676,0,0,0
83.41701148521015,0,0,0
277.5070954852412,0,0,0
1485.8024643968947,1,0,1
752.2304299688961,1,0,0
2630.659554857416,0,0,0
559.930802144559,0,0,0
2038.7785292474923,1,0,1
595.9395973794102,1,0,0
3875.126081624741,1,0,0
3214.743907978057,0,0,0
399.1898968297715,0,0,0
2170.887496894084,0,0,0
1881.3212724757968,1,0,0
236.58396706060944,1,0,0
978.9387765110737,0,0,0
75.45907049596234,1,0,1
1812.2319307839061,0,0,0
191.82159984812986,1,0,1
73.4470997626642,0,0,0
511.19084968420947,0,0,0
860.1990473701828,0,0,0
1930.4490009036,0,0,0
3659.0304229923445,1,0,1
578.912678075406,0,0,0
62.35096676459965,1,0,1
1382.7629201078137,0,0,0
832.807617402021,0,1,1
594.01041302542,1,0,0
370.0046464130392,1,1,1
697.9557790477488,0,0,0
413.51684318786533,1,0,1
1414.7426753007287,1,0,0
785.0293749097341,0,0,0
2094.334080312683,1,0,0
784.2627821493941,0,0,0
272.15315706784327,0,0,0
1904.4258225253486,1,0,0
814.6800893030733,0,1,0
231.73162112268156,0,0,0
976.857975532963,0,0,0
442.72589647960115,1,0,0
1860.5027366034133,1,0,0
603.8545950248551,0,0,0
1296.2392673332768,1,0,1
100.41300550219063,0,0,0
504.2213903073224,1,0,0
4088.845895978384,1,0,0
1652.660126204144,1,0,0
174.28291625520524,0,0,0
325.40339219917723,1,0,0
400.2026922238625,0,0,0
1050.8671288840296,1,0,1
1414.6722699879379,0,0,0
1384.4025868853244,0,0,0
713.0928929573716,0,0,0
1665.0591791980416,0,0,0
574.6143509714777,0,0,0
132.25285635253175,1,0,1
831.1269477568868,0,0,0
3042.8529087860106,0,0,0
1575.005816585676,0,0,0
864.4116473642212,1,0,0
1040.7368362841937,0,0,0
2667.3214002365953,0,0,0
559.2157582191605,0,0,0
402.56053887039354,1,0,0
3782.8194330920637,0,0,1
1991.0141467927062,0,0,0
390.1483871948707,1,0,0
623.2118683834877,0,0,0
536.2769945288769,0,1,0
161.45558760083728,0,0,0
3165.7930730798957,1,1,1
518.038962820669,0,0,0
2082.077674329618,0,0,0
209.9265663453838,0,0,0
793.7873228135605,1,0,0
24.253128929840965,0,0,0
1444.858164212502,0,0,0
869.6788867252491,1,0,0
982.4027128366433,1,0,0
53.1063923774755,1,0,1
237.03754006237259,0,0,0
77.23842174443914,0,0,0
340.962344208986,0,0,0
987.3545168000502,1,1,1
835.1393720227132,1,0,0
947.1361521082481,1,0,0
796.8452374859257,0,0,0
318.8684111407182,1,0,0
280.3854210041226,1,0,1
147.40974850181428,1,0,0
1890.944922577698,1,0,0
958.3618357412571,1,0,0
206.4228896046667,0,0,0
195.05352114828435,0,0,0
2063.8485587999517,0,0,0
1357.6325193312798,0,0,0
1077.0438093636906,0,0,0
522.3317452585196,0,0,0
303.7783441960967,1,0,0
3884.9314731733725,0,0,0
1595.7301694184578,0,0,0
359.2199270001254,0,0,0
1881.0156668570196,0,0,0
1422.6760144572017,0,0,0
352.5129739325836,1,0,0
556.089507499608,0,0,0
205.7377222207032,0,0,0
117.71703775966557,0,0,0
1282.879054377706,1,0,0
311.308125735745,1,0,0
1715.1282921925165,0,0,0
5428.132590272592,1,0,1
79.7142267197653,1,0,0
640.6213836747662,0,0,0
1619.8042543274184,0,0,0
1555.6644547666015,0,0,0
1427.1045154226101,0,0,0
429.2378569296542,1,0,0
604.8675768658087,0,0,0
903.7900849065279,0,1,0
3647.3761009842638,0,0,0
396.8234613350499,0,0,0
2565.8202769209647,1,0,1
313.83019863500175,0,0,0
4516.652612305335,0,0,0
1109.4619949257199,1,0,1
622.7101157583262,0,0,0
950.3399532376532,0,0,0
318.184124895843,0,0,0
320.4447659919059,0,0,0
120.53568253897099,0,0,0
121.09509940768653,0,1,0
427.2073797462263,0,1,1
1439.0855257925932,0,0,0
936.4198898509898,0,0,0
108.23638069748408,1,0,0
1912.1424253378577,0,0,0
919.7156577177707,1,0,0
3240.497313301762,1,0,1
1109.2248049736377,0,0,0
192.58387111837254,1,0,0
642.0422923045778,1,0,0
1045.538732896181,0,0,0
28.671837792311017,1,0,1
15.022539578712362,0,0,0
138.57609645679406,0,0,0
289.90378535647324,1,0,0
561.3282194709163,0,0,0
668.3384259529305,1,0,0
148.5320377616558,1,0,0
1118.9933152993817,1,0,0
906.6821962989495,0,0,0
348.79762144488853,1,0,0
13.754038053636405,0,0,0
80.82825776996854,0,0,0
497.0785090203878,0,0,0
167.20560206442892,1,0,1
472.9192453633173,0,0,0
989.3524175659225,0,0,0
792.3874142535868,0,0,0
262.89305232976545,0,0,0
421.32393404825564,1,0,0
951.9987377803265,0,0,0
1972.2389256440317,0,0,0
1399.2314403738105,1,0,0
806.0919996598586,0,0,0
449.8763461328003,1,0,0
454.21103538440576,0,0,0
2115.419539521766,0,0,0
40.03436315885731,0,0,0
4421.4033757646,0,0,0
1091.7620378584902,1,0,1
1142.995927922796,0,0,0
38.738580194988934,1,0,1
930.2103490321659,0,0,0
663.1575198705486,0,0,0
111.80222665938005,1,0,1
325.6221275978826,1,0,0
2210.1376999074373,1,0,1
798.481954029,1,0,0
533.4403791862976,0,0,0
75.45889822599182,1,0,0
1252.188479453872,0,0,0
1213.5209881510368,0,0,0
952.0308873305709,1,0,0
713.8860442788264,0,0,0
568.7803584806259,1,0,0
899.6083916043782,0,0,0
265.7841930092007,0,0,0
2834.6184217357045,0,0,1
888.6622604068981,0,0,0
372.79335664070703,0,0,0
597.2550808041688,0,0,0
1638.273638873968,1,0,1
176.27912200425763,0,0,0
346.492140053305,0,0,0
1137.898034874047,1,0,1
379.0508659078652,1,0,0
1572.6320447006951,0,0,0
139.78345286047247,1,0,0
1438.3718384969177,0,1,0
70.79991197006295,0,0,0
12.67257158468787,1,0,0
2284.9762313426895,1,0,1
870.6942739030916,0,0,0
433.5974841785389,0,0,0
264.74011261389063,0,0,0
959.4221182298519,0,0,0
711.3155983191714,1,0,0
4779.258790332023,0,0,0
4087.328432151305,0,0,0
1007.9252321622556,0,0,0
584.95758152563,1,0,1
675.5842539034954,0,0,0
1147.2115297106368,1,0,0
107.11154140386695,1,0,0
398.0209951138798,0,0,0
78.25589938724379,1,0,1
76.19095800454437,1,0,0
217.9560818973423,0,0,0
664.0802557619813,0,0,0
1536.0681323615006,1,0,0
664.5517376677591,0,0,0
408.68520289429574,0,0,0
85.94248337283437,0,0,0
799.1646301363472,1,0,0
316.4500462508157,0,0,0
954.340992858483,0,0,0
3780.4571302113354,0,0,0
118.0116734542568,1,0,0
238.4163372215785,0,0,0
640.734135715813,0,0,0
3461.3874620568936,0,0,0
1477.5756832693817,0,0,0
2285.0319857644267,0,0,0
406.0375446323823,1,0,0
4833.1345611474435,1,0,0
108.51305309078022,1,0,0
54.4275759055377,0,0,0
1935.1862455838357,0,0,0
2620.930795293964,1,0,0
94.95413649597859,0,0,0
120.39229189571576,1,0,0
33.73690084079522,1,0,0
110.38150267920213,1,0,0
234.98819395391092,0,0,0
3509.1151279154833,0,0,0
1102.1993813182248,0,0,0
1507.5721110162265,1,0,0
1496.7317587682967,1,0,0
765.8764876490869,1,0,0
1596.9609628700302,0,0,0
905.8641094904856,1,0,0
377.67402892708037,1,0,0
823.506714606963,0,0,0
762.5156642971613,0,0,0
1734.1684536099008,1,0,0
4002.342614861587,0,0,0
529.4013652100886,0,0,0
1441.3449302484173,0,0,0
105.09722147626333,1,0,0
1499.8276024753884,0,0,0
464.28705920145416,0,0,0
40.18694921430627,1,0,0
451.37216366775215,1,0,0
943.2579787213792,1,0,0
126.98165214566941,0,1,0
2577.475889482383,0,0,0
80.85481839177129,1,0,0
2659.356039157504,1,0,1
1228.0521246320677,0,0,0
400.0480699100091,0,0,0
495.52715719359196,0,0,0
1350.191444526854,1,1,0
919.9752636352679,0,1,1
1113.6536086513638,0,0,0
492.92777757334824,0,0,0
669.0664269368058,0,0,0
4592.00562412561,0,0,0
240.70036223205992,1,0,1
541.0377595797679,1,0,1
345.06148140200986,0,0,0
1448.6443899646652,0,0,0
1443.9769739711896,0,0,0
345.94056550631325,1,0,0
84.89396570575082,0,0,0
11.49853213745418,1,0,0
557.6561424698043,1,0,0
528.2050996371538,0,1,1
4455.878030257455,1,0,0
634.5049000682582,1,0,1
296.27672701102,0,0,0
2218.5145788941554,0,0,1
675.440767715501,0,0,0
914.2319406663731,0,0,0
100.55951495871872,0,0,0
482.75078180597524,0,0,0
2886.405773348211,0,0,0
890.392466315563,0,0,0
422.3598059005592,1,0,1
982.6099859267972,1,0,0
2412.5237342739983,1,0,0
320.19231723370103,0,0,0
703.433339107684,1,0,0
3186.666507080385,1,0,1
189.22067301823935,0,0,0
1271.7661298298995,1,0,0
953.1648218303375,0,0,0
1138.4195829852692,1,0,1
432.66103352457924,1,0,1
376.7018263116883,1,0,0
1152.6768001385635,0,0,0
242.7638837354052,0,0,0
544.1320850586088,0,0,0
208.47004329972702,0,0,0
8.339518442922525,0,0,0
3508.471728796667,0,0,0
565.1110720378949,1,0,0
3485.110036575465,0,0,0
151.19914628674525,1,0,1
885.1961664564553,0,0,0
224.36183410846922,0,1,0
1561.0007961181318,1,0,0
1531.102763783754,1,0,0
119.46749623307828,0,0,0
2431.1511519036776,1,0,0
216.45304177524102,0,0,0
949.2720388015712,1,0,0
4242.864530440721,1,0,0
2140.436777679316,0,1,1
3136.465043937082,1,0,1
419.4607485997026,1,0,0
111.57494329768542,1,0,0
208.68221394347762,1,0,0
694.1374608789141,1,0,0
1576.1466586066613,0,0,0
162.69970369982903,0,0,0
1078.020361952914,1,0,0
390.93755197881575,1,0,0
417.33842639117927,0,0,0
1084.4660112169283,0,0,0
629.2327657610135,1,0,0
1671.4904223983706,0,0,0
169.50623651488021,0,0,0
1560.4014441573415,0,0,0
66.39116748875618,1,0,0
215.73838764995529,0,0,0
1067.5489329219308,0,0,0
1930.5089542375808,1,0,1
291.2613072631142,1,0,0
396.29469392815105,0,0,0
770.2890543446698,0,0,0
237.7152122757068,0,1,0
1666.8353867805884,1,0,1
1485.6138053198638,0,0,0
156.9950518474479,0,0,0
623.3035038348175,1,0,0
1490.8896880742625,1,0,0
411.4774426786815,0,0,0
1002.6845433722463,0,0,0
51.51765793156055,0,0,0
938.2520267673876,0,0,0
165.64496339629625,0,0,0
1775.3940666289616,0,0,0
439.2020478545649,0,0,0
330.66454179600163,0,0,0
1838.1530607555749,1,0,0
51.44490911396676,1,0,0
505.1895352841989,0,1,0
462.041079572718,1,0,0
335.1935784025429,1,0,0
2427.630672209012,1,0,0
1390.0148476214868,0,0,0
66.05771633517985,0,0,0
1254.170030965979,0,0,0
749.2925073128148,0,0,0
2311.3019183839283,0,0,0
375.3418302833679,1,0,0
853.6962858115054,0,0,0
694.658872071993,1,0,0
672.4839555031066,0,0,0
608.9998000105016,1,0,0
230.20527108391215,0,0,0
1409.3989175580014,1,1,0
600.2691063632848,0,0,0
3182.4540974012416,1,0,1
302.1981591427761,0,0,0
1148.045754536896,1,0,0
2825.434035360031,0,0,0
1089.0332832311346,1,0,0
2050.0606785104096,1,0,1
1757.2476703816956,1,0,0
446.4710499972679,0,0,0
916.600629736279,1,1,1
169.9124766621335,0,0,0
766.8494439074457,0,0,0
261.9129296929935,0,0,0
1361.550296009108,0,0,0
750.9000762525425,1,0,0
529.7151845081573,0,0,0
313.06428752483293,0,0,0
6644.223881484721,1,0,0
74.41165613711664,1,0,0
44.53793233632601,1,0,0
244.95137329986176,1,0,1
3542.96114901239,0,0,0
3874.6389933619716,1,0,1
1064.0014194567964,1,0,0
2121.152824886794,0,0,1
240.74979924046116,0,0,0
3577.055263442471,1,0,1
154.06634187996173,1,0,0
106.6115069119228,0,0,0
119.02178424188304,0,0,0
851.2708967568169,1,0,0
1518.5666642985473,0,0,0
456.759209666514,0,0,0
3811.9961387972276,1,1,1
569.9037699104629,0,0,0
163.04677557602693,0,0,0
627.2971726462447,1,0,1
1136.4299426873695,1,0,0
1785.1361350385296,1,0,0
613.9077923040104,1,0,0
900.4341792397512,1,0,0
311.07996350635455,1,1,1
1038.2225925307084,0,0,0
4266.695951156422,1,0,0
50.297550923392535,0,0,0
2176.2227050556826,1,0,0
826.1815601845173,0,0,0
290.48420751750234,0,0,0
3098.644899057954,0,0,0
660.3979451262222,1,0,0
403.00351781911996,1,0,1
200.27898452192775,1,0,0
280.31224348785656,0,0,0
1788.8579323092106,0,0,0
952.9806743553883,0,0,0
2444.6743656181206,0,0,0
263.92446875858985,1,1,1
129.12804315485968,1,0,0
6.1061355345930695,0,0,0
708.9961904481372,0,0,0
6381.212055582757,0,0,0
1187.3296361319583,0,0,0
368.73970560430627,1,1,1
2094.4218525502683,1,1,1
1521.9870178246404,1,0,0
15.535215063830227,0,0,0
1697.507015205865,0,0,0
357.42773755746936,0,0,0
162.13484395466105,0,0,0
256.6109382923454,1,0,0
632.2022418154232,1,0,1
553.1555725043352,1,0,0
340.92435171809774,0,0,0
189.00583352810423,1,1,1
1436.4547801569836,0,0,0
4616.209266540803,0,0,0
1504.139510593904,0,0,0
350.88739227460405,0,0,0
280.78453049791057,1,0,1
245.47336123212187,1,0,1
146.98731831159412,0,0,0
801.468853212891,0,0,0
929.8836280026426,0,0,0
1222.485310441111,0,0,0
1140.1012897555074,0,0,0
345.782074788323,1,0,0
400.9418615248083,0,0,0
1144.1784421929215,1,0,0
429.9334935441519,0,0,0
239.04835178161477,0,0,0
468.94203884705655,0,0,0
317.5698385364202,1,0,0
92.45824378310851,0,0,0
1772.7742481329262,0,0,0
1918.0807288081585,1,0,0
248.14128253735169,0,0,0
66.96514249665084,1,0,1
1342.5739305551197,0,0,0
237.65917744023085,1,0,1
499.94419094009345,0,0,0
66.28431319932709,0,0,0
256.5317667846869,0,0,0
1574.564511749927,0,1,0
1631.6653564911974,1,0,0
232.039030140188,1,0,0
409.3433865773339,0,0,0
144.14571905646417,0,0,0
77.06748750905864,0,0,0
4850.011751882843,1,0,0
1065.933943414497,0,0,0
781.0968358458939,0,0,0
1450.2932962561201,1,0,1
1833.0638281155739,0,0,0
1643.5882952970433,0,0,0
16.677753080908836,0,0,0
206.7879097572793,1,0,1
1063.9364130003537,0,0,0
471.2193243900602,1,0,1
4044.5635211965837,0,1,0
1094.8338140175126,0,0,0
3136.119312032766,1,0,0
224.95328996102157,0,0,0
1994.784473411534,0,0,0
387.6531458940128,0,0,0
4562.571361794493,0,0,0
171.60558494815152,1,0,0
726.372723894541,0,0,0
1574.285723344267,1,0,0
566.7656282928865,1,0,0
631.2698099965679,1,0,1
4294.440426685595,1,0,1
553.9212954050115,1,0,1
926.5231565246729,0,0,0
56.08333853776835,0,0,0
1846.4907522701978,0,0,0
1044.6016292550755,1,0,0
517.5483421212375,1,0,0
16.301693476413224,0,0,0
895.6767196081985,1,0,0
12.738621293521987,0,0,0
1.2043388339837953,0,0,0
957.3694316043178,0,0,0
209.50826989033217,0,0,0
213.05405900347532,1,0,0
1059.2134159037244,0,0,0
55.19266383480251,0,0,0
376.01149801255133,1,1,1
161.85080232329778,1,0,0
867.9205839861986,0,0,0
1084.0148162679643,0,0,0
1277.0305462124288,0,0,0
294.68146705362926,1,1,1
93.48657039142475,1,0,0
81.95182389715615,1,0,0
555.3899392135897,0,0,0
2915.8940617922885,0,0,0
245.5540949348779,0,0,0
296.71151725731175,0,0,0
106.34856150980687,0,0,0
930.3142886423713,1,0,0
1139.0370931636887,0,1,1
1029.826821538083,0,0,0
1974.2187854328265,1,0,0
666.3608297136057,0,0,0
144.39827043539754,1,0,0
341.6528156639061,0,0,0
1085.9823040328708,0,0,0
949.6458132580319,0,0,0
757.1591837840566,1,0,0
1148.7412675194623,1,0,0
1014.4297475911587,0,0,0
2131.365683135471,0,0,0
881.9288650656258,1,0,1
1507.790395585313,0,0,0
285.95976443139,1,0,0
1133.7709271469773,1,1,0
2324.7705645132123,1,0,0
487.3244977868614,1,0,0
1510.0641245467143,0,0,0
1290.2182972085438,0,0,0
61.37148482550244,0,0,0
871.098244982285,0,0,0
139.47973378067303,1,0,0
3420.9666797698483,0,0,0
1668.1666905955728,1,0,0
116.22352872271442,1,0,0
129.826262416275,0,0,0
902.5699313340684,0,0,0
422.950857923948,0,0,0
35.52962703671266,0,0,0
780.1036670554744,0,1,0
490.76992340701463,0,0,0
106.55733419477116,0,0,0
1619.0862697785706,1,0,1
2466.0075514783575,0,0,1
1413.0241768581132,0,0,0
1728.3470757758735,1,0,0
243.9721780321347,0,0,0
305.9450987912827,0,0,0
233.86019533805342,1,0,0
1448.4397219776556,1,0,1
2954.9181946074077,1,0,0
1261.7333055037504,0,0,0
2132.5618925785234,0,1,1
1018.0441356647071,0,0,0
490.46743278272135,1,0,1
554.710663878354,0,0,0
78.30909609485636,0,0,0
31.962600153587434,1,0,0
1189.0040774357722,1,0,0
577.0168734827752,1,0,0
803.442224456045,0,0,0
815.6792823510698,0,0,0
324.86598910623496,1,0,0
646.0584836929991,0,0,0
636.3136826495651,0,0,0
491.7213141385758,0,0,0
1718.55761499546,1,0,0
599.9556137731956,0,0,0
925.4438049993604,1,0,0
2258.760765644822,0,0,0
2011.660454787312,0,0,0
2211.1205142181507,1,0,0
314.71758933574563,0,0,0
35.6090309767799,1,0,0
302.54775440011747,0,0,0
326.71032338781896,0,0,0
2400.863266913279,1,0,1
1047.6608412918076,1,0,0
85.2354562550328,1,0,0
145.46355111135688,0,0,0
169.21912048507994,0,0,0
995.3927833942779,1,0,1
1329.5890351574321,0,0,0
1963.5725896227311,1,0,1
2824.076575447292,0,0,0
225.27652121106854,1,0,0
370.73400345658774,1,0,0
274.86177905845574,0,0,0
444.35392159340944,1,0,0
2461.171850959686,0,0,0
855.9310085269549,0,0,0
1340.1434761170513,0,0,0
673.5783769254109,0,0,0
29.282491155177095,0,0,0
66.34867687904587,0,0,0
772.0238027892082,0,1,0
1268.6501255669982,0,0,0
242.49270404465682,0,0,0
1279.808944772448,0,0,0
1664.2414314235632,1,0,1
530.853989754821,1,0,0
1372.0728985856451,1,0,0
517.5648654084324,0,0,0
1134.2932380834236,0,0,0
1443.9109711513952,1,0,0
4819.182839631282,1,0,0
423.7258177279296,0,0,0
529.39833469632,1,0,0
181.06641610489186,0,0,0
228.24787926178917,0,0,0
1182.1950132590505,1,0,1
2489.4641010640867,0,0,0
501.8740615842956,0,0,0
198.26125773336753,0,0,0
335.61190594799274,0,0,0
607.0643600270445,0,0,0
343.4066855442171,0,0,0
266.02376032039325,1,0,0
1331.7474228537792,1,0,1
7.8758545208976285,0,0,0
774.8574203550645,0,0,0
1578.747745716835,0,0,0
309.5573155246631,1,0,0
924.5535516707072,0,0,0
1105.3351534220944,0,0,0
1064.2824482958881,0,0,0
590.3192106483004,0,0,0
425.5320917933576,1,0,0
1807.4259889525777,1,0,0
1420.6620503857755,1,0,0
387.51002973565437,0,0,0
108.72081563858623,1,0,1
74.51618132410088,0,0,0
99.02063071010299,0,0,0
874.3558237329686,0,0,0
53.04448559556889,0,0,0
410.8700007063417,0,0,0
1399.1757791486732,1,0,0
348.6333168336779,0,0,0
1440.9958871683514,0,0,0
1368.324935492184,1,0,0
282.1336701871583,0,0,0
1304.980511263221,1,0,0
1377.4402279891958,1,0,0
506.5911446192083,0,0,0
236.25473312124495,0,0,0
736.6202003024772,1,0,1
2543.3528929974104,1,0,0
1020.5871817176977,0,0,0
189.85687326752063,0,0,0
1148.0869999970816,0,0,0
557.2239484087359,1,0,1
895.3338625289845,0,0,0
1324.4997323508974,1,0,0
723.4978403577029,1,0,0
1681.922450772323,1,0,0
1280.6939597767962,1,0,0
954.7024563951277,0,0,0
163.45208926459995,0,0,0
1807.5785999711102,0,0,0
2747.3980533264507,0,0,0
147.300175979818,0,0,0
669.9017208018714,1,0,1
299.60451916800804,0,0,0
1404.5532748515202,1,0,0
1278.8028073545074,0,0,0
151.85262970042572,0,0,0
2095.7926657669805,0,0,0
199.63830675414803,1,0,0
1595.826103121051,1,0,0
610.6097895881529,0,0,0
397.9022193214315,0,0,0
172.2594650665194,1,0,0
183.45931116701874,0,1,1
1084.3856332518274,0,0,0
799.464571537242,0,0,0
130.20598125463843,0,0,0
119.5697238266387,0,0,0
75.05827330217434,0,0,0
1361.6694478885584,1,0,0
1244.385456351073,0,0,0
60.20763654986247,1,0,0
821.5945487021282,0,0,0
88.47734762808864,0,0,0
2340.7623650543715,0,0,1
2376.4191553735936,1,0,1
1198.1000488058528,0,0,0
2606.246442645376,0,0,0
1668.4081276089485,0,0,0
1763.396970196494,1,0,0
843.2908837147354,0,0,0
365.36862213689466,0,0,0
245.64368538601363,0,0,0
396.3072030804284,1,0,0
990.1941136592347,0,0,0
189.53535679434688,1,0,1
299.2692608972904,1,0,0
631.2261999359739,1,0,0
265.33379725092004,0,0,0
888.295456439933,0,0,0
2566.2385580559094,1,0,1
1378.680880171372,0,0,0
1097.892390303869,0,0,0
874.0013568445372,0,0,0
669.3289193854697,1,0,0
206.4878552625369,0,0,0
2251.0411565750564,0,0,0
285.7319778067203,1,0,0
95.75004186543566,0,0,0
1386.355079878018,1,0,0
193.1182733398341,0,0,0
465.0495203989166,1,0,0
28.69265359631419,0,0,0
147.41931931827978,1,0,0
190.1968425241659,1,0,0
55.94634278336426,1,0,0
1069.0252051454509,1,0,0
1814.0529063321121,0,0,0
467.3119053725602,1,0,0
2076.0590823961056,1,0,0
239.96750184020925,1,0,0
393.6211607263795,1,0,0
163.38635622848955,0,0,0
969.0566769717705,1,0,0
544.5023573880874,0,0,0
950.0630164962992,1,0,0
1434.1195936412128,0,0,0
789.0041450962864,0,0,0
987.868248452997,1,0,0
2737.226433925211,1,0,0
355.3391359688013,1,0,1
444.9816092713732,1,0,0
1264.796852080303,1,0,0
944.9616348325794,1,0,0
196.66339652455284,0,0,0
471.84101221725973,1,0,0
630.8073493794534,1,0,0
543.6757249067979,1,0,1
196.34925651572158,1,0,0
2582.6971145097577,0,0,0
1436.824837869865,0,0,0
656.5372419527391,1,0,0
1139.6250148353533,0,0,0
2275.774453159242,1,0,0
146.38408415197586,0,0,0
288.1795971393023,1,0,0
782.4183757582018,1,0,0
1604.501971022277,1,0,0
36.92843369366219,0,0,0
4136.301587919134,0,0,0
606.7981281432142,1,0,1
445.0864808846819,1,0,0
346.3349264204078,0,0,0
191.59244819125095,0,0,0
1568.1707798666218,0,0,0
3110.3390656041142,1,0,1
533.8294526821381,1,0,0
3045.3573760099866,1,0,1
1736.1220322857873,0,0,0
655.9499121838905,0,0,0
1120.9382049078656,1,0,0
570.9015467595227,0,0,0
818.0834078763708,0,0,0
59.79919565651827,0,0,0
1191.5946484407787,0,0,0
54.27103343848683,0,0,0
1698.7334247283825,0,0,0
1742.6660908073247,0,0,0
270.5985471352602,0,0,0
391.06348269919096,1,0,0
656.4496066128794,0,0,0
907.9826074479017,0,0,0
338.7700008995831,0,0,0
897.680983991306,0,0,0
353.51860645868754,1,0,1
57.08976791843334,1,0,0
2.53074947863351,1,0,0
106.6402874592299,0,1,0
1571.423215476173,0,0,0
3255.3145333543057,0,0,0
556.8105749691706,1,0,1
718.8424001651812,1,0,0
158.81775093301573,0,0,0
800.8022214734067,0,0,0
156.25026809573023,0,0,0
944.7270671544978,0,0,0
2706.9308415317605,1,0,1
217.78112896415152,0,0,0
1446.3149671332874,1,0,0
23.783009793237227,0,0,0
470.79953200691955,0,0,0
117.37519014599415,0,0,0
434.59855809016426,1,0,0
190.60003257829425,0,0,0
467.29528432172356,0,0,0
540.4652464246774,1,0,0
357.51976181247767,0,0,0
1068.9232506545895,0,0,0
2511.481262715133,0,1,0
511.81840658726605,1,0,0
213.61800927873742,0,0,0
315.7013150129034,1,0,0
1924.1542976757964,0,0,0
847.7906694279792,0,0,0
606.9897272888397,1,0,0
162.09163434126813,1,0,0
597.3413205776712,1,0,1
326.411817471886,0,0,0
2867.5700063551694,0,0,0
2154.769662108875,1,0,0
87.63252458353092,0,0,0
727.0214690098433,0,0,0
254.96753699787368,0,0,0
528.9507111107444,0,0,0
2094.33589999192,0,0,0
749.7482624433595,1,0,0
406.78892402205696,1,0,0
233.0529300634855,1,0,1
1611.063530067197,1,0,0
979.5447859311369,0,0,0
631.2348431252306,0,0,0
245.24136170444052,0,0,0
406.8356080500254,1,0,0
3214.9691343935774,0,0,0
734.156562648309,0,0,0
511.99177219158986,0,0,0
736.9361604571526,0,0,0
1509.5405693127984,0,0,0
415.6805128921691,0,0,0
196.87428100041,1,0,0
879.3228388845714,0,0,0
1094.234196956466,1,0,0
1247.290977537892,0,0,0
2136.965497046812,1,0,1
463.900882049156,0,0,0
78.34528668929306,1,0,1
3178.4199044875213,0,0,0
570.9506585673316,1,0,0
976.193374449591,1,0,0
1097.528845189896,0,0,0
790.7902385524267,0,0,0
229.73715358183836,0,0,0
1407.081116985631,0,0,0
1628.3759825184095,0,0,0
805.1420684493954,1,0,0
670.5272717755004,0,0,0
120.96856007501248,1,0,0
87.68614441191664,1,0,0
414.8563363170948,1,0,0
372.2907462711554,0,0,0
3071.673176015221,0,0,1
1530.731832003184,0,0,0
1078.5870251544472,0,0,0
729.0813255564951,0,0,0
183.16294753587192,1,0,0
3837.6891244926296,1,1,1
470.06874855028747,0,0,0
113.08538964670689,0,0,0
680.8212493558043,0,0,0
2071.4575913066296,1,0,1
2182.946018863909,1,0,0
11.026484916302456,0,0,0
2174.1544536963993,0,1,0
316.7459892024919,0,0,0
39.75211284825259,0,0,0
1882.4959089412314,0,0,0
1994.1211374927254,1,0,1
906.9125444716376,0,0,0
854.3346610561878,1,0,0
1677.290038148023,0,0,0
1543.2268191549126,1,0,0
2208.2342226590754,1,0,1
804.6318497268726,0,0,0
3431.0513929173817,1,0,1
5558.859335073802,0,0,0
123.91448085555237,0,0,0
1894.0829982293849,0,1,1
692.791759226769,0,0,0
490.3146498572254,0,0,0
949.5174506526334,1,0,0
57.59262755096875,0,0,0
706.153636519262,0,0,0
2047.0949398518576,1,0,0
240.11362715189853,1,0,1
555.8053726437925,0,0,0
2804.7960582937417,0,0,0
559.6025041836224,0,0,0
443.73977534257966,0,0,0
580.7772549364759,1,0,1
732.829754711116,0,0,0
999.6488197079514,0,0,0
1612.907930572972,1,0,0
601.666516297877,1,0,0
1700.9006461562008,0,0,0
762.9703852897524,1,0,0
413.2158330765317,1,0,0
1072.8007748259024,0,0,0
1264.863780494741,1,0,1
816.5562076353219,0,0,0
58.28077971724967,1,0,0
186.18847388310826,1,0,0
335.8892158571723,0,1,1
332.15740723282147,1,0,0
1119.0827876963958,1,0,1
18.519086294583612,1,0,0
1409.28371098915,1,0,0
308.35084047699803,0,0,0
371.0953430748149,1,0,0
750.5852691511888,1,0,1
243.2513663726083,1,0,0
2158.2364125468935,1,0,0
89.23433246343666,0,0,0
587.6749232873626,0,0,0
1893.275846096833,1,0,0
956.7062840585894,1,0,1
345.77671148575195,0,0,0
546.0387382271042,0,0,0
1226.5401430817544,1,0,0
3621.6225073918167,1,0,1
2236.2237190697583,1,0,0
419.20832757719097,0,0,0
6318.791134169171,1,0,0
3.5108192509843414,1,0,0
28.01863738724186,1,0,0
1736.365530462508,1,0,1
222.47213530570716,0,0,0
62.694109400441924,1,0,0
270.6913336825254,1,0,0
555.3003821739377,0,0,0
1311.4328202944496,1,0,1
979.0588918294795,1,0,1
271.3117569879839,1,0,0
699.7095621631074,0,0,0
2606.5876957052956,0,0,1
1687.4414925374647,0,0,0
390.36437747038815,0,0,0
4032.1904578059316,0,0,0
1233.1283960283927,0,0,0
64.48450197453299,0,0,0
35.79373378087395,1,0,0
184.41328173808355,0,0,0
1301.4234561574513,0,0,0
203.02103136858588,0,0,0
716.3887233396376,0,0,0
97.89966181974016,1,0,1
2536.8674236929132,0,0,0
421.5344515714409,1,0,1
2387.40313050098,1,0,1
2898.163589918651,0,0,0
6.147504558374805,0,0,0
623.8733646458753,0,0,0
24.965106813115398,0,0,0
2393.5252645406176,0,0,0
730.6570510873478,1,0,0
77.9010164889496,0,0,0
116.84479525273572,0,0,0
483.71159475371724,0,0,0
2817.321568730241,1,0,0
1180.611651940576,0,0,0
2022.0701395080685,0,0,0
456.4268464243669,1,0,0
44.175213979828044,0,0,0
3661.9507952190556,0,0,0
17.322156684216015,0,0,0
2949.8349196443805,1,0,0
459.93833288118833,0,0,0
10.141658227183205,0,0,0
1168.4680628916265,1,0,0
3939.4098257458195,0,0,0
3370.4467512191845,1,0,0
175.46949929297,0,0,0
199.97381242240903,0,0,0
833.648900128006,1,0,0
1014.1925397250897,1,0,0
1344.837356738005,0,0,0
199.73268721764967,1,0,1
3194.3560751307873,1,0,0
1018.1552996219192,0,0,0
1877.624063903947,1,0,0
776.671659017777,0,0,0
534.9080371984575,0,0,0
3780.2453131686684,0,0,0
872.5642494332484,1,0,0
2016.4560969351414,0,0,0
3063.8483088518174,1,0,0
1125.0218524275558,0,0,0
796.1519809144272,0,0,0
3.5170284108018954,1,0,0
40.84245383267667,1,0,1
224.2081378493135,0,0,0
205.80527157869557,0,0,0
294.04734817067856,1,0,0
363.74939136125187,0,0,0
446.38944153788,1,0,0
545.6546572628843,1,0,1
104.10168438073072,1,0,0
43.285371928675396,1,0,1
1120.6875105156432,1,0,0
770.7516503129244,0,0,0
587.2463748812775,0,0,0
1006.3246936424679,0,0,0
1758.398625489101,0,1,0
558.0795594921772,1,0,0
1024.7657176071907,0,1,0
3069.8573746116763,1,0,1
1830.2373125536046,1,1,1
555.1272946886712,1,0,0
1034.840167493943,0,0,0
194.885256885819,1,0,1
822.1680407079374,0,0,0
3980.745795806861,1,0,0
730.4651447100397,0,0,0
2626.0781138963857,1,0,1
523.1258295944834,0,0,0
6763.50532250495,0,0,0
865.6452309249248,0,0,0
43.18832774205763,1,0,0
883.7141495870567,1,0,1
320.9944124772226,0,0,0
33.0205488752907,0,0,0
1719.5502819246924,0,0,0
322.5905267193034,0,0,0
1592.327897390849,0,0,0
339.98300831267375,0,0,0
216.07652402248425,1,0,0
3647.1838868794707,0,0,0
448.86123748983243,1,0,0
919.7371927111848,0,0,0
941.5610866624978,1,0,0
822.0572273255381,1,0,0
2461.5309256264786,0,0,0
1122.211793371777,0,0,0
517.0667325400163,0,0,0
1983.2618093133926,0,0,0
199.74799797572317,0,0,0
785.7818095874917,0,0,0
3006.800742554572,0,0,0
981.8901619243929,0,0,0
1698.0967392235618,0,0,0
1060.0477298096537,0,0,0
1828.6570713709477,0,0,0
2891.153900904663,1,1,0
318.72114222721143,1,0,1
185.92132570260404,1,0,0
661.630587949106,0,0,0
1210.200244054299,0,0,0
257.72367780188716,0,0,0
4.10988444701662,0,0,0
419.97250713438694,1,0,0
3469.2407726558918,0,0,0
1187.3368215271219,1,1,1
513.0371406030368,1,0,0
213.90646652644512,1,0,0
440.1958075340503,0,0,0
186.13614304735918,0,0,0
112.39164433755757,0,0,0
2372.3894283346876,0,0,0
6053.483950756781,1,0,0
179.26356473630256,0,0,0
56.06525037320969,0,1,0
400.076314491926,0,0,0
619.263426383824,0,0,0
229.18834315651262,0,0,0
358.7126068480849,0,0,0
224.23256368756313,1,0,1
1488.3739025425764,1,0,0
1246.8035624478575,0,1,0
1007.725100689681,0,0,0
489.7458011226431,0,0,0
2397.34577825475,1,0,1
3491.0961005241306,0,0,0
190.72393324896254,1,0,1
252.33119826019612,0,0,0
745.7698381601364,0,0,0
95.68587657999099,0,0,0
573.4963770650324,1,0,0
871.7746045388666,0,0,0
738.2984728499845,0,0,0
401.8345810712279,0,0,0
781.8599446201544,0,0,0
3189.3401845174108,0,0,0
230.69373773768118,1,0,0
1063.7221651332566,1,0,1
44.3664919150792,1,0,0
68.72476937392955,0,0,0
802.5786919845556,0,0,0
110.8636080752755,0,0,0
22.600261222518593,0,0,0
188.15413040758693,1,1,0
832.0625746572523,0,0,0
1215.171794643699,1,0,0
226.2465658647802,1,0,0
1103.4020529210063,0,1,0
201.47542384603503,1,0,1
950.5132660020987,0,0,0
530.9597618286509,0,0,0
1060.737218949342,0,0,0
5308.9239134718355,1,0,1
2777.67306937593,0,0,1
4.290950811969496,1,0,0
2166.6457898844087,1,0,0
68.80445549703737,1,0,1
3058.599363720899,1,1,1
331.0429526326096,0,0,0
481.32318300151246,1,0,1
96.11252729230175,0,0,0
119.09074345365164,0,0,0
1297.3336245410342,0,0,0
2888.3540383313134,0,0,0
943.5296017483611,1,0,0
1258.2530658820172,0,0,0
1435.357489848803,0,0,0
304.9154165765177,0,0,0
46.28441863979351,0,0,0
1.874499696485281,0,0,0
431.78231217473194,0,0,0
276.36532006528483,1,0,0
64.34411342177381,0,0,0
197.87585106194766,0,0,0
132.9588688537645,0,0,0
2463.6742288678242,0,0,0
151.1336513405851,1,0,1
771.4297767788217,0,0,0
899.2024594027123,0,0,0
784.1434854758376,0,0,0
104.31265842534505,1,0,1
383.8969252501528,0,0,0
52.63138129314245,0,0,0
503.6347304834396,0,0,0
208.9928110694104,1,0,0
824.6977552360432,1,0,0
1180.2836018094606,0,0,0
759.5431274151719,1,0,0
569.5794801384951,0,0,0
489.93440759103225,0,0,0
1843.2113115331597,0,0,0
247.65151431824273,1,0,1
1325.0801325584794,0,0,0
1416.6806835911639,1,0,1
543.348827990033,0,0,0
352.8260735318074,1,0,1
635.9004664831972,0,0,0
97.84871764875301,0,0,0
47.01826874426398,0,0,0
118.33678833247814,0,0,0
207.20257583024414,0,0,0
701.5359084328306,0,0,0
1891.3807270531695,1,0,0
268.71944753162643,0,0,0
2735.86359349585,0,0,0
3099.0484122641337,0,0,0
3191.859203786226,0,0,0
1817.463411299125,0,0,0
452.28166038783485,1,1,1
75.46079095725347,0,0,0
841.2267013478556,1,0,1
817.9883149553357,0,0,0
1896.9584453314014,1,0,1
5519.226153335959,0,0,0
709.5963423947609,0,0,0
423.431589643056,0,0,0
205.67417279511275,1,0,1
4.811380969675986,1,0,0
711.5427309306428,0,0,0
810.8472197414719,0,0,0
1742.6178229351162,1,0,0
702.3432710673455,0,0,0
2482.5296610580817,0,0,0
989.085849275879,1,0,1
1834.6851638562946,1,0,0
160.52296371371395,1,0,0
1933.3423676237119,1,0,1
1124.3728236995526,0,0,0
186.61037958640745,0,1,0
210.42917038775374,1,0,0
2610.4782951691723,1,0,1
32.74569626196719,1,0,0
620.8915318763208,1,0,0
376.1130601525545,0,1,0
1093.8559380540387,0,0,0
1830.2678146060312,0,0,0
446.8780921604757,1,0,0
556.6986995927202,0,0,0
4012.8263928867573,1,0,0
1532.0904167182134,0,0,0
2275.0101109298726,0,0,0
577.6106141522704,0,0,0
266.6725971982917,1,0,0
530.7961563144362,0,0,0
1259.1047475446146,1,0,0
115.89402639882144,0,0,0
315.3535618358562,0,0,0
47.75839211399909,0,0,0
566.2462631253812,1,0,0
1757.0435179475317,0,0,0
24.972932381754333,1,0,1
1124.9260595578112,0,0,0
2695.566564656332,0,0,0
270.40270630995394,0,0,0
1182.9775575277993,0,0,0
3692.9638278318757,0,0,0
3277.513394979932,0,0,1
267.78689130700195,1,0,0
105.72842022871272,0,0,0
160.5004243987078,0,0,0
1210.781492533593,0,0,0
1293.7475429877643,0,0,0
1121.5838101924771,0,0,0
409.59119030327673,1,0,0
186.06086701820382,1,0,0
869.314335282954,1,0,0
661.02941401529,0,0,0
1305.0246420613123,0,0,0
582.2501612964747,0,0,0
413.45649639283187,0,0,0
347.4017551078008,0,0,0
237.58523225986124,0,1,0
308.9007735211861,1,0,0
99.63299243871919,1,0,0
425.9592011328803,0,0,0
37.255250797958986,1,0,1
206.3034540169178,1,0,1
1373.4588681128125,0,1,1
393.7376276330676,1,0,0
1103.3344715765488,0,0,0
1261.8991915606027,1,0,1
870.3268023463019,0,0,0
3186.8380920213685,0,0,0
21.67303938236324,0,1,0
1341.9049157844966,1,0,0
3188.99289895672,0,0,0
1982.4725882410644,0,0,0
183.79387028174546,0,0,0
395.74298089304824,0,0,0
189.28797387938997,1,0,0
919.5670025291948,1,0,0
1245.4477271640712,1,0,0
381.36843309682325,1,0,0
775.4566991417596,1,0,0
1174.1569803315358,1,0,0
547.0398763136506,1,0,0
1924.2550359144054,0,0,0
1476.4376277066115,0,0,0
66.85110654369717,1,0,0
970.5497330227039,1,0,1
268.3050925407282,1,0,0
815.3560914702717,0,0,0
3143.964165451482,1,0,0
2112.4772990408474,1,0,1
518.3814356797271,0,0,0
344.62478016176266,0,0,0
267.10294201712514,0,0,0
760.3877377250659,1,0,0
121.31878898694441,1,0,0
796.8978995875937,1,0,0
1.3345295793972716,0,0,0
391.3397879501388,1,1,1
248.3771498065021,0,0,0
3548.032533958601,0,0,0
1299.1714954352792,0,0,0
430.2497973981556,1,0,0
97.44204580034408,0,0,0
727.3258630961965,0,0,0
240.09629208816494,0,0,0
768.7969009934584,0,0,0
1804.008305947198,1,0,1
956.5726433628681,0,0,0
1004.5440239348029,1,0,0
778.7710603425758,1,0,0
2620.9412775522765,0,0,1
2686.8174854083595,1,0,0
718.9229417448014,0,0,0
364.93681820153336,1,0,1
615.4216278103523,0,0,0
206.48054378840064,1,0,0
1011.5477802147268,1,1,1
693.3318691783047,0,0,0
109.03445388173215,0,0,0
220.20759186369972,0,0,0
653.2189412229837,0,0,0
2185.593398977956,0,0,0
835.6114283271544,1,0,0
1144.2427007727808,0,0,0
414.04463180894413,0,0,0
847.2577782937148,0,0,0
593.0843536561064,0,0,0
1076.253849722687,0,0,0
51.89933702483382,1,0,0
679.8365932597071,1,0,0
350.96644723118965,0,0,0
394.79977740046655,0,0,0
3242.0787312973234,0,0,0
201.74270762026862,1,0,0
372.8700257309233,1,0,0
713.130678703249,1,0,0
1987.9710743244234,0,1,1
539.0023576750453,1,0,0
1362.0517263911388,0,0,0
1940.5432640848162,0,0,0
371.0873857614145,1,0,1
498.815013345615,0,0,0
440.92062746216226,0,0,0
1788.898417649687,0,0,0
45.36025807942564,0,0,0
368.7780184497734,0,0,0
1137.5877315993962,0,0,0
833.4293072077744,0,0,0
573.2142075315119,1,0,0
776.4162463134886,0,0,0
220.1288324345735,1,0,0
563.3769400225751,0,0,0
696.5589624270374,0,0,0
2314.5475786149873,0,0,0
302.23432851441345,1,0,1
2023.6549736363431,1,0,1
1033.5028703464259,0,0,0
20.55055461305025,1,0,1
1289.6444860150789,1,0,0
36.199235070022176,0,0,0
5945.0111353287975,1,0,0
2060.7115497744862,0,0,0
352.88747907612014,0,0,0
297.61286016081414,0,0,0
480.3628323584388,1,0,0
440.3158494028478,0,0,0
465.75318461402685,1,0,1
383.13119621694216,1,1,0
970.5711328264792,0,0,0
179.44210286807277,0,0,0
1870.681206323026,1,0,1
1673.4564836027691,0,0,0
647.1861725007391,0,0,0
1915.4874064767798,1,1,1
283.8827258255373,1,0,1
17.721559039682642,1,0,1
965.5017878093862,0,0,0
612.322145688239,0,0,0
837.3976377435876,1,0,0
2296.0009065842296,1,0,1
3504.0800884900664,0,0,0
1006.3607994073232,1,0,1
1444.1590519250342,0,0,0
87.52980242578325,0,0,0
175.2056369821252,0,0,0
1321.2739746717205,0,0,0
564.5173295669559,1,0,0
590.5279053990023,0,0,0
369.04786181875147,0,0,0
934.8529067179421,1,1,0
204.76969596226706,1,0,0
985.9524322823905,0,0,0
190.91702074185264,1,0,1
65.95395942157047,1,0,0
401.01157288304745,1,0,0
262.8468254941389,1,0,0
2198.149752185508,0,0,0
56.52109753591563,0,0,0
194.32979909492775,1,0,0
795.6664155547193,1,0,1
655.9808663310544,0,0,0
46.936502555599226,0,0,0
7.278854720575889,1,1,1
4428.5265482071945,0,1,0
1075.388169470965,0,0,0
454.7700609284917,0,0,0
635.6941668160437,0,0,0
309.99601427809716,0,0,0
422.927365258912,0,0,0
1047.0957509156233,0,0,0
2143.974079836869,1,0,0
203.500278725573,1,0,1
1834.8434287215273,1,0,1
129.60383503576182,1,0,1
242.06165499196877,1,0,0
37.88390664901818,0,0,0
151.76736129700151,0,0,0
2492.5737123076347,0,0,0
615.1473210683786,0,0,0
80.847715198382,0,0,0
3212.0699881786663,1,0,0
2111.901163163464,0,0,1
1405.20207411337,0,0,0
2710.14427135102,1,0,1
248.62729721384957,0,0,0
1810.1431768887244,1,0,1
1171.1545830491082,0,0,0
2038.3706148256517,0,1,0
1594.1137580666693,1,0,0
425.4051915115442,1,0,1
1488.9852745266692,0,0,0
304.4299423334061,0,0,0
398.3785219217451,1,0,0
114.18345380726676,0,0,0
2734.5474117002473,1,0,1
343.90449632625683,1,1,0
735.2668190966605,0,0,0
496.48369017506263,1,0,0
3217.0804521023792,1,0,0
408.04218232094854,0,0,0
1507.5395796226915,1,0,0
1933.8956949396336,1,0,0
572.0035712613916,0,0,0
475.0914534252268,1,0,0
1377.3180527206496,0,0,0
2440.652245858311,0,0,0
1406.218466728994,1,0,1
257.63971800370774,0,0,0
2192.0079346473253,1,0,0
490.3396800438496,0,0,0
858.5630356929412,0,0,0
1780.4375208153158,1,0,0
208.74122378720497,1,0,0
1534.841403850946,1,1,0
906.7434473586904,1,0,0
2238.1244670240512,0,0,0
188.70637867000124,1,1,1
545.9041385513243,0,0,0
1788.822344007415,0,0,0
19.41903840170288,0,0,0
119.01032608061952,1,0,0
4663.35165014928,0,0,0
329.05168715297606,0,0,0
3710.8467265020395,0,0,0
201.54297146153885,0,0,0
447.9986336613683,1,0,0
1397.838517232438,0,0,0
1072.2968196847676,0,0,0
870.1765256722011,0,1,0
754.8080877202507,0,0,0
1854.3187897303465,0,0,0
267.81220928969867,0,0,0
584.2406281170194,0,0,0
168.95405191601367,0,0,0
906.195846446494,1,0,0
288.4082350724762,1,0,0
406.22849592959477,0,0,0
637.2409039389331,0,0,0
27.135444221179164,1,1,1
96.44255020667944,0,1,0
1158.1369067180342,0,0,0
560.3134975338048,0,0,0
2000.9277955024377,1,0,0
1186.3686823129385,1,0,0
8.13393256759137,0,1,1
958.969477129099,0,0,0
98.41233919476133,0,0,0
1518.3784805918876,0,0,0
4768.594028149034,0,0,0
757.5764687122141,1,0,0
1148.1581639267602,0,0,0
270.9090767795781,0,0,0
575.5379266761503,0,0,0
1938.6042280637103,0,1,0
183.22950615075365,1,0,0
308.61376053198813,0,0,0
589.5688675971641,0,0,0
1245.6593802807454,0,0,0
471.41895802423585,0,0,0
2627.3777195425528,1,0,1
99.2205718267934,0,0,0
463.3127790612835,0,0,0
1234.2743727876061,0,0,0
256.1663069100271,1,0,0
1068.3153149509355,1,0,1
179.38621898912595,1,0,0
57.6082283743013,0,0,0
128.98826171693767,1,0,0
2659.042676759136,0,0,1
802.4061362468577,0,0,0
1591.3317010795406,1,0,0
404.44737752924163,0,0,0
898.1037420701987,0,0,0
683.1020694559762,0,0,0
2913.9303646865555,0,0,0
1376.6396622946747,0,0,0
1311.345088517378,1,0,1
47.46197950331166,0,0,0
797.7738966338657,1,1,1
629.2178209895158,1,0,0
2628.900814560824,0,0,0
297.5196204270803,0,0,0
314.4826246844983,1,0,0
529.9171270693339,1,0,0
278.88053772233576,0,0,0
138.3244814973223,0,0,0
1947.815890382911,1,0,0
817.0712135101465,0,0,0
1975.8942453984212,1,0,1
1778.6543105984729,0,0,0
331.34470163164804,1,0,1
793.4923924039363,0,0,0
86.88524247954388,1,0,0
2468.071763420104,1,0,0
517.9555061855659,0,0,0
500.3410856088397,1,0,0
360.6189550756676,0,0,0
617.4160523283838,0,0,0
290.030676992829,1,0,1
469.7672936500799,0,0,0
1609.1731904004794,0,0,0
1797.3078546012016,0,0,0
362.66783352377496,0,0,0
633.0204342917522,1,0,1
2070.0440470187937,0,0,0
54.11129472839889,0,0,0
2199.5318951098725,0,0,0
247.4161949709304,0,0,0
1134.8798087407386,0,0,0
873.5945660337003,1,0,0
805.064138766664,0,0,0
1961.5534431183714,0,0,0
107.10886940977159,1,0,1
426.2210684301255,0,0,0
772.7376076081106,0,0,0
1667.5377607634994,1,0,0
243.91157580622266,0,1,1
1624.1954784892628,0,0,0
510.22327603703997,0,0,0
209.38101156020247,0,0,0
1422.9020833542368,0,0,0
95.29897148914087,1,0,0
723.1268619541083,0,0,0
66.00710176041372,1,0,0
440.7056068804824,1,0,0
918.9863593314419,1,0,1
812.1909789900475,0,1,1
518.614911495332,0,0,0
560.4501253493057,0,0,0
257.17815496690406,1,0,1
608.5902253114083,0,0,0
3063.044894328149,1,0,1
1900.1440045197164,0,0,0
156.92620863530402,1,0,1
30.233240564497354,0,0,0
2710.9190029314063,1,0,0
748.1309603788405,0,0,0
771.8394173534111,1,0,0
1517.396686690645,0,0,0
377.88249102807686,1,0,0
657.6016141003804,1,0,1
3462.9529993656474,0,0,1
1115.1950871940783,0,0,0
166.93458416229157,0,0,0
142.97786810749722,0,0,0
228.48875943616403,1,0,0
1455.4801415870866,0,0,0
350.0923764242374,0,0,0
21.62090296651483,1,0,0
2885.5220797205884,0,0,1
185.98435633550125,1,0,0
9.604158787181511,0,0,0
270.6697427619397,0,0,0
267.9170760834183,0,0,0
548.1904948591954,0,0,0
2530.6134493160826,0,0,0
2113.4941484528504,0,0,0
610.451788181299,0,0,0
529.1591691776565,0,0,0
809.7014160689779,0,0,0
278.9919570815879,0,0,0
53.595934974271294,1,0,1
2800.562545326156,1,0,1
206.65398565719585,1,0,1
221.14645838962065,1,0,0
639.5312104956619,1,0,1
676.5129887138014,0,0,0
18.606237151120194,0,0,0
160.11563005909548,0,0,0
475.06412166330006,1,0,0
1151.161192615753,1,0,0
259.31291844393394,0,0,0
549.9380496016104,0,0,0
814.9647395835661,1,0,0
2194.560580538427,0,0,0
394.62977640032403,0,0,0
143.36041486115658,0,0,0
671.9185624282441,1,0,1
1373.266006637837,0,0,0
116.3762523245564,0,0,0
552.834940403711,0,0,0
17.945197475215092,0,0,0
34.13521515967859,0,0,0
659.6222019979065,0,0,0
354.10296595575005,0,0,0
1865.0226534275187,0,0,0
921.6910527095749,0,0,0
605.0135300836702,0,0,0
524.1394795404071,1,0,1
687.6532601948757,0,1,1
41.27921487607571,0,0,0
2232.997058577851,1,0,1
6378.98506709931,0,0,0
200.26615212813948,0,0,0
128.2686534752216,0,0,0
154.99140716282577,1,0,0
1081.8349925877899,1,0,0
1083.0564262758066,0,0,0
1883.3759501823597,1,1,1
1393.626731067194,0,0,0
597.2729296360868,1,0,0
948.9569130514963,0,0,0
1165.664912693147,1,0,0
718.9501734791562,0,0,0
645.5977561739472,0,0,0
1035.912021955343,0,0,0
815.2572997489592,1,0,0
1032.6624975978302,1,0,1
948.955395268604,0,0,0
1270.1003580225017,1,0,0
1029.469253048409,1,0,1
733.4328323486546,1,0,0
1145.0651420236538,0,0,0
596.8955625666122,0,0,0
276.63824855483153,0,0,0
1.4192267599470187,0,0,0
820.8990716300041,1,0,0
893.1975113092051,1,0,0
3577.301041630954,1,0,1
448.5996715782298,0,0,0
501.0951897423381,1,0,0
225.39556186524848,0,1,1
73.14536893739304,1,0,1
1481.9443672502998,0,0,0
287.2569152963275,1,0,0
938.8044264209942,1,0,0
1164.024905461546,1,0,0
637.2143712395908,0,0,0
2090.3173739370436,0,0,0
586.6180617483546,0,0,0
335.344944512259,0,0,0
2263.513650227403,1,0,0
1977.3492073130096,1,0,0
179.17445062333334,0,0,0
26.303953916569327,0,0,0
94.29480745392848,1,0,0
337.63927532138416,0,0,0
3584.8727171026303,0,0,0
817.6138466081792,1,0,0
467.2262609530285,1,0,0
2195.6706368421005,0,0,1
603.5557425027569,0,0,0
378.6848640414961,0,0,0
2833.9456007669096,0,0,0
1893.9095850232234,0,0,0
1855.775729452024,0,0,0
718.0235332824379,1,0,1
1557.9770264642148,1,0,0
197.66266323187455,1,0,0
851.4935509643533,0,0,0
4125.58280591461,0,0,0
343.84112302341885,1,0,0
1581.5909106410609,1,0,0
674.2830468602984,1,0,0
40.61960169273958,1,1,1
1439.7769885201722,1,0,0
184.60714002103094,0,0,0
998.2428389422507,0,0,0
89.55737242935831,0,0,0
2934.9645560179274,1,0,0
344.92127145644906,0,0,0
256.7839625349352,1,0,0
138.2699206696067,0,0,0
2918.811850632545,1,0,0
1244.4606270534478,0,0,0
1353.4821722944605,0,0,0
691.9570118522738,1,0,0
643.838646520694,0,0,0
116.55768507055845,0,0,0
820.6194708674758,0,0,0
283.57916106091363,1,0,1
3778.599928687332,1,0,1
1592.4870928510486,1,0,0
532.7169331686647,1,0,0
164.09812717610677,1,0,0
1538.6611916005452,0,0,0
130.16992535576873,0,1,1
209.8988428584071,0,0,0
237.64889415314744,0,0,0
813.9386732027581,1,0,0
1546.7291298274072,0,0,0
377.33676351946633,0,0,0
88.47042008493202,0,0,0
624.6262189838781,0,0,0
1378.763752106787,1,0,1
250.59676982884633,0,0,0
248.36463069400838,1,0,0
2941.756100892509,0,0,0
3082.461372987924,1,0,0
4652.862819130626,0,0,0
1648.4885682368092,0,0,0
208.48177386571282,1,0,0
238.23373863686408,0,0,0
415.8567772431701,0,0,0
382.9199674911656,0,0,0
3135.632454277839,0,0,0
1556.2478367621213,1,0,0
1287.3862694301931,0,0,0
205.74973471038578,1,0,1
2402.6878920585395,0,0,0
1759.5074784660042,0,0,0
178.69833817864526,0,1,0
2049.2641499185947,1,0,0
317.79431109311525,0,0,0
84.32743199315307,1,0,0
1069.5069091514151,0,0,0
1060.7520949797317,1,0,0
99.7452105523409,1,0,0
383.9753884831765,0,0,0
4935.684919598777,1,0,1
1134.529664918649,0,0,0
1309.611753569941,0,0,0
239.42193520346214,0,0,0
82.05864857184767,1,0,0
324.2100906051473,0,0,0
286.2143303699577,0,0,0
267.28367592676614,1,0,0
214.12722319771214,0,0,0
855.0914297014172,0,0,0
397.65093222289136,1,0,0
1716.7170176724883,0,0,0
203.27648718160796,0,0,0
624.7917111251444,1,0,0
13.751962697424576,0,1,0
657.1669475866831,0,0,0
57.45775132968266,0,0,0
3804.223500792497,1,0,1
1563.471391235057,0,0,0
673.5631587963226,0,0,0
90.5675379277935,0,0,0
897.5804676324833,0,0,0
1421.9785381154636,1,0,0
211.60692113691402,0,0,0
839.8120774091849,1,0,0
1683.1431108505749,0,0,0
1462.086485137993,0,0,0
1624.5110326241504,0,0,0
2114.641244856335,0,0,0
2775.5066096873875,0,0,0
520.0701483516326,1,0,0
841.111607322874,1,0,0
1563.7932905167415,0,0,0
1194.4840121296504,1,0,1
5408.183185723603,1,0,0
13.772051950756374,0,1,0
438.7115188910508,0,0,0
329.9327624468354,1,0,1
304.23952724589265,0,0,0
251.7099411272258,1,0,0
1234.8576722029604,1,0,0
88.56837751372116,0,0,0
1353.2806947453046,1,0,1
1182.295601864031,0,0,0
288.75482431222184,0,0,0
291.46760610511615,0,0,0
991.1775062200202,0,0,0
1436.2037944688866,0,0,0
2091.3976364792006,0,0,1
1911.4864491380404,1,0,1
3349.0697690846537,0,0,0
870.8033858575315,0,0,0
2393.1178774898376,0,0,1
1652.9367848284369,0,1,1
2250.6344456934,0,0,1
11.694718711611284,1,0,1
3378.545636542191,0,0,0
641.5612384062385,1,0,0
1600.3938811306991,0,0,0
136.0535641556475,1,0,0
504.08356231563033,0,0,0
316.7136575788563,0,0,0
344.8293388257739,1,0,0
131.5397999634392,0,1,0
1638.6805022725428,1,0,0
9.285289768909408,1,1,0
374.7013869059341,0,0,0
191.65765470510038,1,0,0
889.2568149802834,1,1,1
293.36807733506885,0,0,0
299.7525680311396,0,0,0
670.0913096183962,0,0,0
1057.5347601013264,0,0,0
129.31709050077637,0,0,0
192.99202727361185,1,0,0
283.9221426479361,1,0,0
3640.0212586571815,1,0,1
506.0910163012985,1,0,0
913.7691403375701,0,0,0
276.4689257100724,0,0,0
674.2459891556088,1,0,0
77.00975065925259,0,0,0
35.36000703828904,1,0,0
632.4915508881841,0,0,0
508.59359579212503,0,0,0
147.20191813006048,0,0,0
1163.4754350370981,0,0,0
4948.152291799861,0,0,1
503.59651881909264,0,0,0
979.6529742120214,0,0,0
3296.1873712652355,0,1,1
1781.0271023450402,0,0,0
622.7860623812403,0,0,0
1337.4641385524997,1,0,0
137.12072973823854,0,0,0
717.652714351435,0,0,0
327.1997473833588,1,0,0
175.7396903527075,1,0,0
555.6153861685674,0,0,0
140.4289023421744,0,0,0
1200.595540953714,0,0,0
609.2473869598961,0,0,0
757.460943095573,1,0,0
158.26439132738614,1,0,0
150.55741461981867,1,0,0
875.6658013940403,1,0,1
4200.355144423824,0,0,0
101.2031508623176,1,0,0
336.49623690131114,0,0,0
2036.0688180477564,0,0,0
75.01670581736961,1,1,0
2086.5525359119465,0,0,0
742.9384107157509,0,0,0
524.6993772955549,1,0,0
370.60083830393944,0,0,0
352.5650555802808,0,0,0
364.99889559807286,0,0,0
2161.112275524129,1,0,0
1286.6127686947484,0,0,0
1107.82360638715,0,0,0
1603.2031338824718,0,0,0
297.21357053988675,1,1,1
962.4467501687167,1,0,1
616.3088116846973,0,0,0
1525.288120544028,0,0,0
369.98616136075043,0,0,0
1030.5199497746537,0,0,0
2138.872376790419,0,0,0
514.4161891292491,0,0,0
68.94510909273002,1,0,0
725.7753826173142,1,0,0
424.6058608363991,0,0,0
1115.4290425985657,0,0,0
3016.607140365121,0,0,0
664.7702764788284,0,0,0
627.7157397354653,0,0,0
1063.0081078436608,0,0,0
109.25420132684735,0,0,0
292.367952626696,0,0,0
2513.0509161422524,1,0,0
1108.4887407425936,0,0,0
13.535233367736785,0,0,0
228.94217156296708,0,0,0
1148.3402804514496,1,0,0
1445.6164425014954,0,0,0
1831.7041778888672,0,0,0
345.56093876524443,1,0,1
2674.06329909363,1,0,1
805.0778851120394,1,0,0
1192.502251338438,0,0,0
908.1709437094974,1,0,0
130.95192764904314,1,0,0
3299.941080172577,1,0,0
131.10642654047444,0,0,0
294.21262538387634,0,0,0
1680.0099599293512,1,0,0
963.8986191488145,1,0,0
1821.080141850594,1,0,1
725.12545541678,1,0,0
473.1979020941387,0,0,0
2549.0676364123424,0,0,0
36.9257587921011,1,0,1
1938.8466965465589,1,0,0
262.42738720380515,1,0,0
1888.7307911414803,1,0,0
149.88915535476042,0,0,0
868.0220457711124,0,0,0
2190.2204348143387,1,0,0
641.5792529954301,0,0,0
1372.6545035760282,1,0,0
1633.0731257778891,1,0,1
1333.679932937796,0,0,0
2594.673350097134,1,0,0
592.0975584016177,0,1,0
190.1022752273809,1,0,1
48.99180138445274,0,0,0
282.9730037239622,1,1,0
154.54784654780215,1,0,0
816.329434023146,0,0,0
204.5000970845767,1,0,1
39.711889341503976,1,0,0
36.65343346114031,1,0,0
1781.2320674758655,1,0,0
895.1408053458413,0,0,0
443.2998531128434,0,0,0
2246.4698489466673,0,0,1
72.78212530092514,1,0,0
3928.257714440601,0,0,0
957.8728856966234,0,0,0
202.6845879449165,0,0,0
1136.5294406347211,0,0,0
1441.3051242497497,1,0,0
560.9665707307205,0,1,0
1977.8428578149906,1,0,0
163.3809565792881,0,0,0
326.8909015699612,1,0,1
98.1558225502443,0,0,0
236.83414199333652,0,0,0
272.7656270595168,0,0,0
2496.5727256613472,0,0,0
81.32903077957207,0,0,0
557.5942928625623,0,0,0
760.1392419179186,0,0,0
2289.6002995172553,0,0,0
6073.20344569284,1,0,1
1399.9394936299627,0,0,0
3533.27807514072,1,0,0
1546.9380266641315,1,0,0
3302.329201910146,0,0,0
1228.5070764297125,0,0,0
83.12449574664514,0,0,0
514.0310673699446,0,0,0
1040.1470332247486,1,0,0
431.88892665709767,0,0,0
319.35702637332713,0,0,0
861.3274396159081,0,0,0
2710.581552807798,1,0,1
35.60839389848237,1,0,0
1466.3389508080948,1,0,0
1282.753701356394,1,0,0
3322.943437471253,0,0,0
2669.472324320263,0,0,0
1436.4622344805562,0,1,0
734.8211309803352,0,0,0
228.4922717921293,0,0,0
787.9760565258111,0,1,0
1449.66873419803,0,0,0
2260.18877968796,0,0,0
1559.277303042175,1,0,1
217.2446530644794,1,0,1
915.506824779772,0,0,0
403.72680912269345,0,0,0
9.248301398070863,0,0,0
223.4197591919264,1,0,0
120.15908740808972,1,1,0
1849.7220499860694,0,0,0
299.08854919669295,0,0,0
335.050404346534,0,0,0
3217.291375743039,0,0,0
476.5638574429912,1,1,0
9.631878110464179,0,0,0
333.8602584926228,1,1,1
127.03775696079059,0,0,0
108.48601910994176,1,0,0
80.65412553174164,0,0,0
899.5798156995206,0,0,0
209.9160759098913,1,0,1
448.230856183059,1,0,0
1980.629979819806,1,0,0
552.234838923964,1,0,0
2473.270810123663,1,0,1
689.0317672931674,0,0,0
508.8885258850483,1,0,1
1387.851280853475,1,0,0
75.99061881765658,0,0,0
93.73763817694346,0,0,0
1055.4772673561288,1,0,0
667.3638717545103,1,0,1
1562.6270883388631,0,0,0
2480.1679433357044,1,0,0
491.6226495453064,1,0,1
907.3558336870066,0,0,0
694.5414076335898,1,0,0
3995.9838931185272,0,0,0
1778.3561406408387,0,0,0
2427.4423098915404,0,0,0
293.4856641952459,1,0,0
1480.7211931062197,0,0,0
308.528830659773,1,0,0
234.13186914285828,0,1,1
2887.167769951625,1,0,0
19.493180232085457,1,0,0
3363.575166486764,1,0,0
161.65094981739165,1,1,0
1711.6815228765856,1,0,0
322.8569214169894,0,0,0
431.86400399703336,0,0,0
244.31319448650405,0,0,0
880.7161831014832,1,0,0
427.85727305176505,0,0,0
1071.1713765870666,0,0,0
15.77102942027191,1,0,1
66.54039930862835,1,0,1
104.98408954974501,1,0,0
542.9936535321999,0,0,0
1686.2982910007458,0,0,0
2190.8461561891036,0,0,0
280.7868857309193,0,0,0
854.1842068283423,0,0,0
1462.5923905289114,0,0,0
340.84297629051326,0,0,0
525.9523525860459,0,0,0
742.2832301808531,0,0,0
144.8810962828304,0,0,0
26.32579657853305,1,0,1
165.82534179857683,1,0,0
985.7845000037084,1,1,1
76.46888472134347,0,0,0
210.3462433477199,1,0,0
412.269030927075,1,0,0
81.06913727077144,0,0,0
212.8211005498517,0,0,0
2422.1548499512096,0,0,0
19.487791733621464,1,1,0
1059.6760126200406,0,0,0
485.17238478214466,1,0,0
1116.7214932772522,0,0,0
888.4122735408953,1,0,0
252.9570322152155,1,1,1
1878.6874956263487,1,0,1
677.1564812212617,0,0,0
1728.9876141145958,0,0,0
520.897064536171,1,0,0
4178.958707502905,1,0,1
1471.8058823704357,0,0,0
3379.931270268884,1,0,0
722.2186481226358,0,0,0
641.8670376112054,0,0,0
1408.3510689950406,0,0,0
2122.6936783837405,1,0,0
3328.2944486742617,0,0,0
392.37896544103256,1,0,0
1602.9816681178222,0,0,0
236.53987981787188,1,0,0
788.7209579430391,1,0,0
198.26577100160884,0,0,0
426.7868521561556,0,0,0
2678.8560363006704,1,1,1
157.9302966570908,1,0,1
1000.7623235829946,0,0,0
898.8297483207809,0,0,0
128.67276086788684,0,0,0
394.4940762220473,0,1,0
827.7797610184782,0,0,0
207.24388482274026,1,0,1
1612.5610664704518,0,1,1
3581.1560754678467,0,0,0
241.765111297204,1,0,0
206.91589090622236,0,0,0
606.8503570982068,1,0,0
1377.395185071191,1,0,0
330.7296114311051,0,0,0
20.0801726795626,0,0,0
779.1858555766047,0,1,1
3137.308920157379,0,0,0
496.39172121668855,0,0,0
544.9591923263707,1,0,1
3470.6026739912545,0,0,0
1186.1578099748938,1,1,0
1270.012621950664,0,0,0
827.1404063754409,1,0,0
3673.3688031357656,1,0,1
1167.5331484015428,1,0,0
2254.106897531024,0,0,0
1201.9044971926346,0,0,0
1328.4626234103955,0,0,0
343.0692400756963,1,0,0
361.6569018994854,1,0,1
1527.787188662611,0,0,0
351.98067807968135,1,0,0
827.2960684846702,1,0,0
286.818859669429,0,0,0
1698.1783150131846,0,0,0
117.09729096418012,1,0,0
1768.7070679466603,0,0,0
923.138626544895,1,0,0
206.91290234931046,1,0,0
780.9633587831205,0,1,0
331.9807102309856,1,0,1
390.7745468466879,0,0,0
433.1365168650633,1,0,0
65.41276661595103,0,0,0
4265.964859192567,0,0,1
32.04255116894584,1,0,0
1086.1805040732938,0,0,0
463.98600791369176,1,0,0
1038.4874367418179,0,0,0
440.4421133575178,0,1,0
1120.093301217261,1,0,0
1306.5058745640597,0,0,0
1172.967283389785,1,0,1
120.99541886670293,0,0,0
1069.7136110220881,0,0,0
328.4867746966835,0,0,0
29.224269890145205,1,0,1
535.8540238703094,0,0,0
568.3542875584668,0,0,0
629.5606124217231,1,0,1
1220.1840506862827,0,0,0
369.38944478346247,0,0,0
378.74603277219387,0,0,0
62.4630830073774,0,0,0
1160.9810565989121,0,0,0
838.9272055413945,0,0,0
429.89886497126986,0,0,0
1221.4207344178403,0,0,0
770.8012000801948,0,0,0
633.4546558261927,1,1,1
716.0566983145142,1,0,1
1011.558257072606,0,0,0
1078.8173219147995,1,0,0
341.0235248355498,1,0,0
151.68763955918567,1,0,0
170.35446634312146,0,0,0
1019.960693720902,1,0,0
2062.570940079952,0,0,1
526.7793408168279,1,0,1
185.75162515354563,0,0,0
1413.0593626303378,0,0,0
1786.7090904044467,0,0,0
2125.129046295361,0,0,0
933.5168250170457,0,0,0
1971.3304399488409,0,0,0
15.535004184988171,0,0,0
113.43278870744048,1,0,0
97.14553679934488,1,0,0
1246.8966041991023,0,0,0
72.12109880294916,0,0,0
685.9022336159461,0,0,0
639.9987154751398,0,0,0
372.0838008956184,0,0,0
2043.3423873881989,0,0,0
186.85164442025382,1,0,0
434.5790112288267,0,0,0
1487.979417440977,0,0,0
30.89467795138998,0,0,0
1117.6434383835488,0,0,0
1694.9834172208475,1,0,1
2692.1941577772673,0,0,1
2089.8688414357866,0,0,0
384.7571801815895,1,0,0
882.7692606170211,0,0,0
80.44407245594357,0,0,0
298.2308537853729,0,0,0
98.961454223412,0,0,0
378.6098943881172,0,0,0
2080.940372034909,1,0,0
426.43367955480073,0,0,0
825.3037541132851,0,0,0
568.0678907361162,1,0,0
614.181713145225,0,0,0
3492.393745429388,1,0,1
351.1963620466453,0,0,0
987.0471293965129,1,0,1
544.8352322786484,1,0,0
63.095489259931206,1,0,0
672.0333184535556,0,0,0
1678.484333810759,0,0,0
103.9758843486678,0,0,0
72.13191534434966,1,0,1
166.80045911179715,0,0,0
1445.6202999947411,1,0,0
1287.3376892915653,0,0,0
832.450096787782,0,0,0
631.5374518244797,0,0,0
2192.169707070517,0,0,0
1455.4207722377869,1,0,0
1671.0061893938712,0,0,0
1678.0503278250137,1,0,1
1029.2275272676047,0,0,0
612.5162600392565,1,0,1
2000.0963270613,1,0,1
2603.7904286838852,0,0,0
24.093986142743667,0,0,0
52.931343959830684,0,0,0
3187.941680213611,0,0,0
324.56823066424755,1,0,0
2066.481405428082,1,0,0
492.32305516924464,1,0,0
126.81123226468141,1,0,1
83.86346437070726,0,0,0
170.20474168780672,0,0,0
287.5396757471592,1,0,1
670.4435767969605,0,0,0
1208.9783128937565,1,0,0
4297.58082151914,1,0,0
582.512734474458,0,0,0
730.1949363696575,0,0,0
737.7590588408771,1,0,0
775.299882931338,0,0,0
729.2732538317856,1,0,0
8.813479925673755,0,0,0
1.7263113281668305,0,0,0
102.77089177017929,0,0,0
107.0915724382078,1,0,1
1220.430522519467,0,0,0
229.30755042841952,0,0,0
2251.0758171105,0,0,0
2639.5460631042893,0,0,0
3725.267040832053,0,0,1
2798.2151708664605,0,0,0
317.30083859256445,0,0,0
712.8945725767866,0,0,0
192.9235237945397,0,0,0
1640.9784010577357,0,0,0
2193.11836567118,0,0,0
1905.7493731712266,0,0,0
568.0433605952217,0,0,0
1421.6060846349367,1,0,1
102.67431514512876,0,0,0
41.07699642553033,1,0,0
1399.324543658419,0,0,0
554.0032975418384,1,1,0
5414.685969389369,1,0,0
102.31428884991081,0,1,0
1935.359771282783,1,0,0
653.8939016465335,0,0,0
1755.332243676046,0,0,0
1698.9648991190054,0,0,0
2476.843262792108,0,0,1
353.6082386415829,0,0,0
2991.7273731244236,0,0,0
164.48198486327132,0,0,0
85.523877603952,1,0,0
564.957183223945,0,0,0
1762.1402919654836,0,0,0
641.3541592602367,0,0,0
1767.7696061259157,0,0,0
1308.1740136994406,0,0,0
234.99903331629054,0,0,0
2973.6112554012943,0,0,0
62.70677967213543,0,0,0
2285.5284633221954,1,0,0
363.0429610612373,0,0,0
693.4433907546523,0,0,0
548.7903719881394,0,0,0
188.54233406951778,1,0,1
443.3957653281859,1,0,0
214.3503702611,0,0,0
228.0134845386576,0,0,0
207.09408088961322,0,0,0
671.4197017768178,0,0,0
1599.147874492452,1,0,0
841.5776640591957,0,0,0
2236.859044909937,0,0,0
1012.098378980814,0,0,0
1169.056584638387,1,0,0
1101.4379663186173,0,0,0
596.8541987433011,1,0,0
1169.0524211467546,0,0,0
72.2564910927291,1,0,0
1965.0525038571943,0,0,0
1504.23205423275,0,0,0
281.3421565664648,1,0,0
1461.1578061274267,1,0,0
12.723199115511274,0,0,0
244.9375399680648,1,0,0
67.3555397937511,1,0,1
1515.1597041014616,0,0,0
1410.071412795485,1,0,1
1680.0536561473443,0,0,0
4.491766220077328,1,0,0
695.6156781515306,0,0,0
1220.2248140904858,0,0,0
168.8934729016281,1,0,0
1049.2243817899503,0,0,0
87.85911728502717,0,0,0
200.0691450018529,1,0,0
645.8759121757706,1,0,0
1060.0605088578825,0,0,0
157.67084980812322,0,0,0
204.84122885257122,1,0,1
228.71701306923438,0,1,0
272.72883767693685,0,0,0
256.8992281038021,0,0,0
502.7733116543054,0,0,0
1060.7087430898453,0,0,0
576.3099843077151,1,0,1
1495.9927551150831,1,0,0
1270.3566036487553,0,0,0
135.27796161606065,0,0,0
50.07469331063509,0,0,0
2103.2553653151263,0,0,0
83.1980024945214,0,0,0
160.56693085172182,1,0,0
22.38189181021506,0,0,0
989.7660415435276,1,0,0
873.1607543768522,1,0,0
4335.422968502768,0,0,1
2179.7693764776755,0,0,0
529.0628786147125,1,0,0
464.5558408884632,1,0,1
352.1879317654007,1,0,0
165.35461689442303,0,0,0
148.59706245032814,1,0,0
141.8904702953509,0,0,0
121.16785955003071,0,0,0
275.1108127738386,0,0,0
366.2472271412732,0,0,0
3259.1503400877023,1,0,0
863.8720421110806,0,0,0
4389.718099360384,1,1,0
465.95893657558895,0,0,0
611.8006449431763,1,0,0
392.4185742027585,0,0,0
201.9786793738395,1,0,1
154.50956996112782,0,0,0
2901.863091630991,0,0,0
4328.348004169338,1,0,0
45.949174937930884,0,0,0
162.92592375784096,0,0,0
550.821730781181,1,0,0
206.20467301855652,0,0,0
452.36867298805385,0,0,0
138.2239280643395,0,0,0
609.7472041576711,0,0,0
317.0348354599821,1,0,0
433.7180744717512,0,0,0
99.06112241111691,0,0,0
558.8401775416913,1,0,0
4089.811509740919,1,0,0
398.7373605614964,1,0,1
2090.941613488299,0,0,0
1852.778696742071,0,0,0
3037.7720571369937,0,0,0
1561.1693712724618,0,0,0
1077.6245611125382,0,0,0
1942.0088785092785,1,0,0
78.6587365157052,1,0,0
621.4418844626548,0,0,0
4533.43002915329,0,0,0
1467.9390068217808,0,0,0
3272.1547218189257,1,0,0
1512.4670946774636,1,0,0
2078.497726750456,0,0,0
1225.9786066617125,1,0,0
1429.2102313404678,0,0,0
740.6120439914449,0,0,0
2580.154482282514,0,0,0
1743.1916762004623,0,0,0
1857.1621438988072,0,0,0
1117.8229401634837,0,0,0
363.23922330882397,0,0,0
36.28002841383633,0,0,0
2743.4980592211336,1,0,1
882.1800450153783,0,0,0
354.0255583025588,1,0,0
161.50192664117085,0,0,0
1769.1558595290805,0,0,0
1811.0658097140915,0,0,0
1684.7433527388062,0,1,1
1035.8704517580272,0,0,0
455.7305954890947,0,0,0
362.50660762661226,1,0,1
8.591572203292053,1,0,1
1793.4061764359033,1,0,0
91.49344007399243,0,0,0
996.2948933176859,0,0,0
701.3304661745206,0,0,0
748.0033595978654,1,0,0
2613.3699283900714,1,0,1
32.12555514457498,1,0,0
1484.5346177764402,0,0,0
53.45605079405185,0,0,0
38.90051459510386,0,0,0
561.7991414654198,0,1,1
65.15222871671376,0,0,0
1556.5796119490217,0,0,0
754.0934280951036,0,0,0
29.468752435717548,0,0,0
41.343678992605575,0,0,0
948.4744402486142,1,0,0
1640.4736657719322,0,0,0
575.8967867761036,0,0,0
808.7391293564423,1,0,1
1608.5855460510672,0,0,0
942.9072649954745,0,0,0
254.58292671124323,1,0,0
949.4650287606471,0,0,0
989.6129410729596,0,0,0
1324.6612348616532,0,0,0
969.8871700328624,0,0,0
3481.609397407758,0,0,1
219.7596690037053,0,1,1
3017.787298763264,0,0,0
772.9254856159699,1,0,0
1114.6079615341316,0,0,0
104.7624694699801,1,0,0
478.965170379643,0,0,0
1466.980243593083,0,0,0
1227.2790133395883,0,0,0
40.967201067851214,1,0,1
790.9678887991671,1,0,0
92.42037159036676,0,0,0
5486.197345547158,0,0,0
2275.909944812513,1,0,1
21.306030477726075,1,0,1
1956.513215735768,0,0,0
2518.623949509003,0,0,0
436.25667375090524,1,0,1
1271.1874543853346,0,0,0
583.5822589905873,1,0,1
1064.8849574393269,0,0,0
415.99647524198366,1,0,0
389.4331641959143,0,0,0
552.4011814102611,0,0,0
157.31807582865295,0,0,0
1778.6791770779737,1,0,0
428.7816819927125,1,0,0
511.0749113452995,1,0,0
2244.831531809671,1,0,1
686.41750384244,0,0,0
785.8194433007753,0,0,0
3134.951233244198,1,0,1
2177.948999008796,1,0,0
185.6872651071971,0,0,0
640.9628401162673,0,0,0
3550.726716372421,0,1,1
465.7985601204767,0,0,0
464.5355799392691,1,0,0
216.95055728636407,1,0,1
121.40308351416112,1,0,1
1348.2466077534439,1,0,0
1469.8084514495026,0,0,0
3474.1863394737184,0,0,0
1484.6492994843027,1,0,0
278.8577800067825,0,0,0
40.9434376113724,0,0,0
4229.297607406898,1,0,0
416.1985492607394,1,0,0
373.92507916063363,1,0,1
2363.9841181705647,1,0,0
879.7175071145091,0,1,0
241.90746491793456,0,0,0
2199.0925052740245,1,0,0
5014.772097090512,1,0,0
90.66739151077675,0,0,0
1982.3266517266898,0,0,0
495.1420854119914,1,0,1
742.4896348775873,0,0,0
2462.9413717075204,1,0,0
3626.0622551686397,0,0,0
304.0335798746368,0,0,0
239.33743095399774,1,0,0
83.94324335604222,0,0,0
825.0749514725267,0,0,0
13.697783194919666,1,0,0
530.855382791521,1,0,1
76.21605669013408,0,0,0
519.5734125604937,0,0,0
40.75136083321572,0,0,0
1803.1274036957318,0,0,0
235.39200066743823,0,0,0
397.9564344246507,0,0,0
2040.59010136393,0,0,0
1371.4690465198726,0,0,0
247.22924896860317,0,0,0
74.61516700182013,0,0,0
1257.6330269964628,1,0,0
495.44870799627245,1,0,0
1452.7760986511494,0,0,0
589.3184277274083,1,0,0
424.65161709180046,1,0,1
600.0310572334438,0,0,0
1380.546852419975,0,0,0
2325.0381522958837,0,0,1
51.04826818637005,0,0,0
742.571782519083,0,0,0
33.38661091892712,1,0,0
631.881907579562,1,0,0
2165.285563321421,1,0,0
448.77498612741533,1,0,1
2694.893448209618,1,0,1
995.8981450225019,0,0,0
2720.4570050805487,0,0,0
1415.379772128329,0,0,0
109.18467025704761,1,0,0
262.8611657339597,0,0,0
501.15661066955676,1,0,0
186.45835999203888,1,0,0
683.0218249782819,0,0,0
637.4630359126776,0,0,0
3129.473928908029,1,0,1
568.6805440443218,0,0,0
1540.0368776011314,0,0,0
2845.771126458417,1,0,0
2095.4801226427035,1,0,1
234.03720290039522,0,0,0
685.2383266650405,1,0,0
427.3116897693723,0,1,0
510.5901433890302,1,0,0
447.54856394528093,1,0,0
1750.7665399260059,0,0,0
601.733774457601,0,0,0
741.695471696863,1,0,0
4042.5507448003605,0,0,0
61.85335310111522,0,0,0
669.347922581269,0,0,0
1487.4933565765295,0,0,0
163.88687434104253,1,0,0
945.5434371012138,0,0,0
273.7328561059467,1,0,1
2020.4492215046175,0,0,0
396.1580515374003,1,0,0
399.07976323467733,0,0,0
911.7855915702524,0,1,0
202.80541561441584,1,1,1
335.31699862993946,0,0,0
538.9368170042159,0,0,0
436.39534889325574,1,0,0
744.1820199405686,1,0,0
915.3914964799357,1,0,0
836.2498405488018,0,1,1
1061.8030731237438,0,0,0
367.80741863997014,0,0,0
135.16269636870663,1,0,0
1430.4867851245638,1,0,0
1902.3361161471362,0,0,0
297.06762221669294,0,0,0
522.7159614153564,0,0,0
690.2897009732733,0,0,0
762.1261437570527,0,0,0
1077.3112876936284,1,0,0
42.49342532793832,1,0,1
1278.2549347920897,1,0,0
63.974421049984365,1,0,0
631.6543572413985,1,0,0
1758.3506252141872,1,0,0
600.049106163838,0,0,0
161.44861868274035,0,0,0
4201.963960967047,0,0,0
2200.800120647786,1,0,1
1475.4037915580404,1,0,0
530.198068532602,0,0,0
203.1518817029704,1,0,1
2837.2114097950002,0,0,0
760.0375349939021,1,0,0
1912.947653443445,1,0,0
418.6947437340543,1,0,1
408.4018918583864,1,0,0
4236.402304438826,0,0,0
737.7953365402974,0,0,0
151.63184925033454,0,0,0
248.04436675801009,0,0,0
657.6724737678347,1,0,0
43.39917769786563,0,0,0
620.8897495901236,1,0,1
542.9027064532522,1,0,0
1511.1152987478263,0,0,0
438.414988698041,0,0,0
4048.3446609093594,0,0,0
199.39030576765214,0,0,0
894.007568379106,0,0,0
93.9802912073831,0,0,0
1323.7477625208637,0,0,0
5250.229937233486,1,0,1
1710.0244956381898,1,0,0
811.2632382826998,1,1,0
663.0862857466002,0,1,0
1801.9914050052603,1,0,0
2748.4673511881006,1,0,0
4528.813568043029,1,0,1
505.07424066399966,0,0,0
4701.403018702089,1,0,1
169.51540926253927,1,0,0
292.4263433042846,0,0,0
93.23008191603392,0,0,0
317.09511462219547,1,0,1
1460.748769476368,0,0,0
1916.8082543346268,0,0,0
1509.1069266451927,0,0,0
997.1369114489852,1,0,0
721.4777531810419,1,0,0
1233.416339511169,0,0,0
495.6637305006115,1,0,0
1840.792277281255,0,0,0
1130.691655252946,1,0,0
1196.6817768964236,0,1,1
767.7327904270159,1,0,0
2164.816302681106,0,0,0
290.3719986335451,0,0,0
479.88857006833626,0,0,0
1503.4691453482862,1,0,0
678.7491240919622,1,0,0
2200.154987615155,0,0,0
425.2586946823756,0,0,0
460.9728003231759,1,0,0
2195.8476302427575,1,0,0
624.3122525518851,0,0,0
725.9278107769943,0,0,0
404.6110459266393,0,0,0
323.8896494841723,0,0,0
1066.964536322479,0,0,0
127.65232146998237,0,0,0
2114.2205086510107,0,0,0
1510.5121710438214,1,0,0
211.64524061837267,1,0,0
1184.2353615874438,1,0,0
922.8947939810224,1,0,0
203.99683851508172,1,0,1
319.1087664263964,0,0,0
525.9164255150145,1,0,0
1201.4517689593163,0,0,0
1018.1114334534344,1,0,0
759.7889202889007,1,0,0
1462.7890572643776,1,0,0
1418.560311560136,0,0,0
961.9660316878437,1,0,0
1546.4165574776948,1,0,0
406.86114428217616,0,0,0
2130.730864055112,1,0,1
954.2784285897783,0,0,0
1728.0160292787011,1,0,1
790.2730382488178,0,0,0
246.46111111488233,0,1,1
781.7819735109679,1,0,0
463.80156391820884,0,0,0
1195.670814862085,0,0,0
645.8701448488378,0,0,0
1808.576922749837,1,0,1
1133.428952343928,0,0,0
1153.7374406156134,1,1,1
244.82098516352494,1,0,1
4150.90008787058,0,0,0
1843.1067183647501,1,0,0
1555.920295350778,0,0,0
400.7988497851724,0,0,0
767.0771900670733,0,0,0
147.46016407932265,0,1,0
773.221171491994,0,0,0
157.69440564364348,0,0,0
805.2813501217422,1,0,0
1046.1770050400428,0,0,0
494.61763121584266,1,0,0
690.2411637824471,0,0,0
2084.6823521644246,0,0,0
114.92067391581917,0,0,0
1568.9338548487704,0,0,0
187.23908925709713,1,0,1
37.398676188044284,0,0,0
205.27244843765823,0,0,0
1448.3535688373652,0,0,0
519.4057838490421,0,0,0
2059.7998437727383,0,0,1
743.8249616405054,0,0,0
22.501625281460413,0,0,0
1261.296912840466,0,0,0
116.79554569650986,0,0,0
1557.6979767497664,1,0,1
184.04610273507376,0,0,0
423.80178072359695,0,0,0
1432.4280612428834,0,0,0
3084.156083406656,0,0,0
464.3141660147906,0,0,0
1768.434934657723,0,0,0
211.69961549873287,0,0,0
1645.9969759744477,0,0,0
1071.4662761930606,1,0,0
214.11382628209788,1,0,0
360.25844322590655,0,0,0
141.29964592209052,0,0,0
482.8327898355598,1,0,0
227.71478490453495,1,0,0
1032.8187999176207,1,0,0
5203.935657741124,0,0,0
12.081855654062101,0,0,0
778.5303854591541,1,0,0
852.5336039502515,1,0,1
2455.8387215682546,0,0,0
705.2305609758808,1,0,0
784.6079022631695,0,0,0
638.0016381407394,0,0,0
313.21091748775484,0,1,0
57.65997480535532,0,0,0
525.3602113389322,1,0,0
54.02488625379812,1,0,1
799.6026720760175,1,0,1
367.1490972125069,0,0,0
762.7167930273524,0,0,0
144.21334423448644,0,0,0
2697.5549554652366,0,0,0
2249.245707004686,1,0,1
210.71672169812976,0,1,0
420.7477195244278,0,0,0
950.6047095822607,0,0,0
100.57886300866582,0,0,0
437.83514178498336,1,0,0
289.16622234959436,0,0,0
2471.201737196904,1,0,1
1913.9992162376345,1,0,0
867.1024119003704,0,0,0
734.6909706610803,0,0,0
2669.68265773802,1,0,1
2694.5583712239677,0,0,0
3484.474387974222,1,0,0
133.9644968099589,0,0,0
175.01766816291243,0,0,0
1129.2881134679744,1,0,1
779.6520893386433,0,0,0
18.63852811372724,0,0,0
63.97871624639277,0,0,0
2189.9743640954075,0,0,0
2031.572148256462,0,0,0
442.0319841182321,0,0,0
2216.8718801181844,0,0,0
900.602130092408,1,0,0
1639.410882578676,0,0,0
557.6221510810572,0,0,0
120.35947007800382,0,0,0
568.6790955368947,0,0,0
611.1982256941221,0,0,0
800.6081090759324,0,0,0
111.58284862008769,1,0,1
4756.209732866885,0,0,1
279.8948990847582,0,0,0
221.33569090044853,1,0,0
748.2433152315376,0,0,0
770.4779575329043,1,0,0
579.498435465477,0,0,0
1477.9367194439021,1,0,0
727.0233547547467,1,0,0
940.8279603462857,1,0,1
1286.435941739072,0,0,0
25.34355350941241,1,0,1
845.4692925087023,0,0,0
2155.842970841068,1,0,0
17.541702897005308,0,0,0
519.4999770897886,0,0,0
2606.7685705762965,0,0,0
435.64765636533633,0,0,0
613.8348765512939,0,0,0
3992.2245156104077,1,0,0
222.29873196281054,0,0,0
67.48171649095762,1,0,1
1961.9969872043534,0,0,0
2028.484897166497,0,0,0
638.8064203091034,0,0,0
721.9730308995826,0,0,0
1806.7088745422732,0,0,0
1341.5485476206154,1,0,0
308.08752442538565,0,1,0
17.037675473845386,1,0,0
653.3500230702174,0,0,0
1958.3737811018173,1,0,0
2261.775994782504,0,0,0
3128.719747298442,1,0,0
2116.630457270779,0,0,1
867.6042761729708,0,0,0
588.076785608043,0,0,0
1490.9877506185287,0,0,0
1346.3878615011283,0,0,0
772.5008908232045,0,0,0
91.37803066007143,1,0,0
2604.7900713346908,0,0,0
608.0756693135254,0,0,0
451.5097511903393,0,0,0
993.0837540819377,1,0,0
1120.3609694696345,0,0,0
236.59349392214028,0,0,0
1813.6299633247554,0,0,0
342.4017123960421,0,0,0
206.63546997460975,0,0,0
521.5493392423688,1,1,1
1311.4098481711883,0,0,0
3365.584469953071,0,0,1
1656.955524591437,1,0,1
2819.23393332594,0,0,0
151.52756130208266,1,0,1
73.8368692201721,1,0,0
815.7776604029166,1,0,1
342.9093869505623,0,0,0
1760.5804635414072,0,0,0
1114.704693849709,1,0,0
3531.1294534192953,0,0,0
294.09238229779464,0,0,0
665.1120907248561,0,0,0
695.6312180788333,0,0,0
273.35426723999274,1,0,0
891.8259488642589,1,0,0
585.7036109089389,0,0,0
591.8938887921231,1,0,0
450.57228337183034,0,0,0
17.074292063974752,1,0,0
738.3438067491962,0,0,0
408.3409930543511,0,0,0
1.320740778584804,0,0,0
368.0879793636336,0,0,0
326.6007864292006,0,0,0
499.9650690474562,0,0,0
141.39306001445973,1,0,0
708.6341360343814,1,0,1
1179.0862349955921,1,0,0
994.7539371414415,1,0,1
1628.391133181057,1,0,0
601.495116212508,1,0,0
732.0787346303788,0,0,0
1662.8489258116233,1,0,0
558.0939953829745,0,0,0
1209.3182320342507,0,0,0
570.2260231866613,0,0,0
540.8316599132266,0,0,0
1427.9734917478693,1,0,0
192.1742339604471,1,0,0
413.37526901554014,1,0,0
253.8247895630657,1,0,0
444.8973546625096,0,0,0
261.85166494490875,1,0,1
866.0864040263054,0,0,0
1600.3334967804158,0,0,0
1544.6481473198555,1,0,0
453.34470613315455,1,0,0
4488.312546757754,1,0,0
901.0434760794218,0,0,0
509.82662589439667,1,1,1
1805.0835168722274,0,0,0
1308.8668089748753,0,0,0
1383.3999014093235,0,0,0
218.32934538943238,0,0,0
631.721575839145,0,0,0
1979.2569399208385,0,1,0
701.2559834770913,1,0,0
1150.2827386574209,0,0,0
886.5711004164791,0,0,0
1847.4209495372834,0,0,0
334.8587147143325,1,0,0
856.7850367318482,1,0,1
131.5159028148407,0,0,0
1171.8631375936595,0,0,0
1316.6482995248452,0,0,0
43.78191366730152,0,0,0
1126.36679723737,0,0,0
535.6139209672069,0,0,0
132.4997833274824,0,0,0
544.5677876247016,1,0,1
215.96057290204317,0,0,0
537.1003546230276,0,0,0
485.0588370203584,1,0,0
1340.906691011225,1,0,0
1488.1745320601142,1,0,0
934.0185816910451,0,0,0
22.948148290392595,0,0,0
2673.97171161036,0,0,0
1159.105499426783,0,0,0
34.7937943518765,0,0,0
1708.3354648496338,1,0,1
223.47630006643107,1,0,1
865.6479742711604,1,0,0
628.5481049124364,1,0,0
544.4492526090362,0,0,0
2204.6757496201026,1,0,0
575.1175825249896,1,0,0
78.33362968394712,1,0,0
2930.6700248659995,0,0,0
2532.441515793261,0,0,0
1153.3832745309987,0,0,0
630.9097952533058,0,0,0
97.45790475316917,1,0,0
1564.2165783864318,1,0,0
78.47833922886585,1,0,0
71.0675058696197,0,0,0
770.8576020804637,0,0,0
174.50606568602953,0,0,0
7.760300734488559,1,0,1
550.1096193142566,0,0,0
147.59233639822148,1,0,0
174.96716508779843,1,0,1
80.02923306093197,1,1,1
229.5311004940894,1,0,0
1256.9664198418734,1,0,0
1655.1013328589265,0,0,0
602.4542694614547,1,0,0
706.3414754600211,0,0,0
33.20010939302525,0,0,0
71.83576013750076,0,0,0
297.82362546142303,1,0,0
785.0397326814561,0,0,0
1345.348785378482,1,0,1
928.8772643339169,1,0,0
497.7907069367687,1,0,1
125.93072020295409,0,0,0
1517.6486277454799,1,0,1
452.2203753539231,0,0,0
1332.0107970829176,0,0,0
719.447711082182,1,0,0
1341.9408952687438,0,0,0
2378.2742070602485,0,0,0
2538.681117263009,1,0,0
765.9475341746987,0,0,0
716.4329310146652,0,0,0
308.8082883889295,1,0,1
2745.7494441353247,0,0,1
612.3401506543784,0,0,0
136.49720262275653,1,0,0
566.8756778751368,1,0,1
135.88072183911908,1,0,1
698.2234113604841,1,0,1
823.8836594114753,0,0,0
412.12085074486566,1,0,0
74.3471237667113,1,0,0
2873.5772203672527,0,0,1
1484.3620386560099,1,0,0
1825.6125562478833,1,1,1
457.0769705271688,0,0,0
1430.5849894821497,1,0,0
664.3127088721482,1,0,0
224.4988297968992,0,0,0
132.87261184790955,1,0,0
423.1977094499286,1,0,0
147.9805510035409,1,0,0
6359.042255955127,0,0,0
50.43996408482899,0,0,0
581.8627249980252,0,0,0
601.6506678947391,1,0,1
357.5781067842167,1,0,0
847.1181965105969,0,1,1
162.49189945314242,0,0,0
1532.071308120363,0,0,0
404.1375670523141,1,0,1
894.8781018151211,1,0,0
1257.5115514248128,0,0,0
2198.604588324963,0,0,0
1806.5935712014295,0,1,0
937.2820870915701,0,0,0
491.66565453793544,1,0,0
699.5771487189754,0,0,0
1464.190146389654,0,0,0
2100.0160941188824,1,0,0
109.57151188882915,1,0,1
485.8993189602819,1,1,0
1496.6298912808552,1,0,0
565.0209541016286,1,0,0
403.8081277580744,1,1,0
529.8771178329376,1,0,0
923.4280087119935,1,0,0
8543.250420404893,1,0,1
679.2293427697671,0,0,0
233.8184192107154,0,0,0
177.74792215931944,0,0,0
43.272648542606525,1,0,0
818.2960560972601,1,0,1
786.5178437186925,1,0,0
229.70745514950286,0,0,0
1188.5241071738005,0,0,0
1351.3405908551686,1,0,0
299.8871933490854,0,0,0
421.74658091690213,0,0,0
4653.486059113252,1,0,1
468.8274697537389,0,0,0
1430.462245876997,0,0,0
602.8046402157788,0,0,0
1576.7037098400274,0,0,0
1465.438174311626,0,0,0
1101.8857160860537,0,0,0
1929.4940575145083,0,0,0
2800.4697283529977,0,0,0
867.4608552839477,1,1,1
271.111993919154,0,0,0
508.54316662766007,0,0,0
1420.0816304155412,0,0,0
1052.3495589831257,0,0,0
195.76958380189998,0,0,0
52.59892650847399,0,0,0
1148.7323564249311,1,0,1
289.1218070782621,1,0,0
692.4878854008762,1,0,0
1373.3653916604915,0,0,0
827.0598587933496,1,0,0
86.97783185605194,0,0,0
205.27936626956074,1,0,1
247.6004274822103,0,0,0
298.2231059771497,1,0,0
833.3370159544259,1,0,0
701.1103623495549,0,0,0
227.10142131399067,0,0,0
69.94494255104493,0,0,0
188.05661622341916,0,0,0
4159.2871725833365,1,0,0
632.1404196107418,0,0,0
2020.0073105603185,0,0,0
1888.837490758508,1,0,0
716.4558440487018,0,0,0
1226.5173961391738,0,0,0
214.1243597930751,0,0,0
1166.0243903524577,1,0,1
317.98263858707116,0,0,0
1784.1609914431067,1,0,0
87.4377949207361,0,0,0
1483.4163419401025,0,0,0
105.29041430233877,0,0,0
2130.2232776246387,1,0,1
362.69950972458986,0,0,0
1062.4540432509293,0,0,0
668.4590140678087,1,0,0
456.1845859951693,1,0,1
1036.882865182078,1,0,1
2947.3799299995035,0,0,0
42.14552351370161,0,0,0
2511.491178285351,0,0,0
939.2565771770012,1,0,0
1646.6949189210652,0,0,0
484.30533837822935,0,0,0
638.361643348459,0,0,0
2031.419305062078,0,0,1
535.8835848464425,1,0,0
764.9860267417871,1,0,0
20.401628207430015,1,0,0
172.68573777628157,0,0,0
1026.3469997139837,1,0,1
1262.2267629873547,0,0,0
873.7125286743282,0,1,0
154.67919512174404,0,0,0
589.5179341243022,0,0,0
438.6518975749328,0,0,0
684.5073001206649,0,0,0
2042.755072042215,1,1,0
1495.4908409505142,1,0,0
87.72745300814074,0,0,0
2210.0897600161634,0,0,0
638.2180908783234,0,0,0
1362.0394829007373,0,0,0
150.86850852435145,0,0,0
1110.8453859434421,0,0,0
269.614305508186,1,0,0
576.931411786591,0,0,0
17.00666712197521,0,0,0
164.41559518502092,1,0,1
96.59955312494137,1,0,0
274.1002877888059,0,0,0
105.38061588685929,0,0,0
1177.3634173026421,1,0,1
29.469905468475574,1,0,0
961.6555832718051,0,0,0
151.64628773319797,1,1,1
2903.3619960833717,0,0,0
2704.4677224963857,1,1,1
255.54162497050325,0,0,0
953.0099517520846,0,0,0
28.404947244963868,1,0,0
2685.1427377895434,1,0,1
740.2121808832209,0,0,0
44.18509279442116,0,0,0
419.3105042962059,0,0,0
79.9629612030411,0,0,0
499.13495895398063,0,0,0
1108.4394438565205,1,0,0
634.6705733303932,0,0,0
484.05740205952077,1,0,0
126.87592721106769,1,0,0
280.9567988113533,0,0,0
105.51973693102842,1,0,0
1647.6525364794365,1,0,0
145.30306827910997,0,0,0
904.7905297933513,1,0,0
419.6762298396355,1,0,0
256.1554789802673,0,0,0
1020.1757796039541,0,0,0
610.6502120534531,1,0,0
511.0680986349111,0,0,0
898.5785352914156,1,0,1
675.833193420274,1,1,1
361.6648134443649,0,0,0
818.8493877175252,0,0,0
1107.1443127426196,0,0,0
27.055890484548495,0,0,0
627.1192608292127,1,0,0
59.4138449726516,0,0,0
206.29308872925807,0,0,0
822.1374348142645,0,0,0
2011.3262891707877,1,0,1
2143.9218602529463,0,0,0
72.51049049502326,1,0,0
543.1854098951225,1,0,0
874.6846040776923,1,0,0
159.0776862558601,0,0,0
1450.010678470678,0,0,0
1363.497235292447,0,0,0
2336.5660999654706,0,0,1
8.522223288662264,1,0,1
244.21939989870026,0,0,0
1755.5435404133057,0,0,0
1110.4219009198157,1,0,0
2248.000829924939,0,0,1
58.879528316628246,0,0,0
908.7293059370701,0,0,0
841.7552571158668,1,0,0
36.32629902911205,0,0,0
720.5637574453135,1,0,0
940.3793246529078,0,0,0
212.31881845858922,0,0,0
319.2822510428093,1,0,0
1022.6165641272098,1,0,0
631.677640681366,0,0,0
1952.0244060651144,1,0,0
419.130707536366,0,0,0
310.1453716061429,1,0,0
4190.8074689204805,1,0,0
2420.645581100239,0,1,1
29.42133903899262,1,0,0
1472.8488910904823,0,0,0
116.9100373836422,1,1,0
27.869979779577317,1,0,0
319.78595258533966,0,0,0
313.81508997761273,0,0,0
1711.0209182466722,1,0,0
1240.1778550984739,0,0,0
3995.9171006666465,1,0,0
1243.1049091526884,0,0,0
541.7240226227754,1,0,1
1200.4047140220116,0,1,1
7522.215476112905,0,0,1
1238.3637259391692,1,1,0
1434.1466603395131,1,0,1
2786.525634433773,0,0,0
120.64479556355863,0,0,0
1220.048981193344,1,0,0
1902.507524767511,1,0,0
3087.3783791440374,1,0,0
236.95003584139963,1,0,0
701.0362329110544,0,0,0
1141.1696870199128,1,0,0
284.31139889501037,1,0,0
917.4735892999337,0,0,0
297.83851830915967,0,1,1
405.65065611860274,0,0,0
582.534137328418,1,0,0
753.3008731174272,1,0,0
596.6847042228002,1,0,0
679.6299903767712,0,0,0
354.66091102001735,1,0,0
173.1221145466474,1,0,0
48.50768026494872,0,0,0
218.12954559074868,0,1,1
872.1390266124511,1,0,0
1542.3188852452377,1,0,0
185.42347971778386,0,0,0
114.91193869682479,0,0,0
1383.4598244144775,0,0,0
364.0712730935518,0,0,0
3026.1799187829133,0,0,0
1252.875872005035,0,0,0
395.64752949642906,1,0,0
341.8464990448887,1,0,0
741.7039831300625,0,0,0
82.45233245696845,1,0,0
125.19652450916946,1,0,0
193.41228981378396,0,0,0
1490.42715653278,0,0,0
721.25319869793,1,0,0
10.62335128280519,1,0,0
1119.3759516758641,0,0,0
551.1098786241669,0,0,0
715.0909229340914,1,0,0
240.94638987295698,0,0,0
802.4760673395983,1,1,1
3870.5567265750756,1,1,1
76.28153833667727,0,0,0
333.9597550781956,0,0,0
278.38884570936057,0,0,0
285.74968837732905,0,0,0
475.95145464692473,0,0,0
1704.3519867914683,1,0,0
2440.224224717383,0,0,0
225.91625101952607,0,0,0
782.9623491162376,1,0,0
1013.0741698456118,1,0,1
737.7836793178608,1,0,0
569.2961819678682,0,0,0
213.16290638987152,0,0,0
669.8591816835403,0,0,0
512.8523891202252,0,0,0
1587.497192596841,1,0,0
1442.248433395992,0,0,0
143.86884756366828,1,0,0
92.68458750981841,0,0,0
2387.6413994075465,0,0,0
766.8117810947709,1,0,0
1950.5273529328251,0,0,0
59.910442505002784,0,0,0
747.6363479381804,0,0,0
775.2828585504489,1,0,0
1971.1399894166111,0,0,0
102.70847789824519,0,0,0
275.02328561865687,1,0,0
521.7826228494469,1,0,1
2008.733158992938,1,0,0
2794.9703743148543,0,0,0
4923.259177755946,1,0,0
3198.9135646895556,1,0,1
5.959478312200004,0,0,0
48.88392709160305,0,1,0
159.70737873991956,1,0,1
429.03382628882514,1,0,0
1771.474787473849,1,0,1
2231.7184678782,1,0,0
206.82050788026294,0,0,0
966.7006050660615,0,0,0
2493.2854750942556,0,0,0
623.1207504505686,0,0,0
109.3055894078548,0,0,0
612.1455176026527,0,0,0
471.2762823862031,1,0,0
861.9398573094008,0,0,0
577.4261527717117,0,0,0
17.498130081605435,1,0,0
5115.618116700942,1,0,0
784.2547268201306,0,0,0
641.7523267504855,1,0,1
3092.625879405118,1,0,1
169.43735682253495,0,0,0
209.78024257057666,0,0,0
1650.3367279403424,0,0,0
302.22880502697666,1,0,0
1605.5808917684024,0,0,0
316.8136158423991,0,0,0
33.75083568046083,1,0,0
727.7691100317254,0,0,0
219.01014826522115,0,1,1
1418.1826012782487,0,0,0
1024.9891265910733,0,0,0
2571.807504596355,1,0,0
1527.8042737276655,1,0,0
199.3976731265894,0,1,0
1610.2294089087923,0,1,0
1026.4880505104588,0,0,0
1105.4908168763354,1,0,1
1785.3573225944397,1,0,0
852.9030348422723,0,0,0
627.3660212290157,0,0,0
1012.3640500309956,0,0,0
353.76123428554854,0,0,0
201.62319805520693,1,0,0
958.6447276197795,1,0,0
266.37517724583745,1,0,0
83.28934074655115,0,0,0
0.5543382022885974,0,0,0
937.3085708111711,0,0,0
449.65022578046234,0,0,0
1395.5812336309878,0,0,0
470.2859063831422,0,0,0
665.5387221841572,0,0,0
522.7041833637979,0,0,0
1051.4657347987852,1,0,0
440.2726663139643,1,0,1
3317.8029112135396,0,0,1
2751.1715026059637,0,0,0
1884.0583451006091,0,0,0
2529.48908808192,1,0,1
596.274020045482,1,0,1
768.7987365114637,1,0,1
1355.1546443601394,1,0,0
1191.2077090657954,0,0,0
2213.463071366211,0,0,0
1259.9473095800533,0,0,0
6158.562522552043,1,0,0
428.48678473098556,0,0,0
1789.7479471323263,1,1,0
1196.1197961775115,1,0,0
1175.6654165407517,0,0,0
394.281273252273,1,0,1
1539.9202100024447,0,0,0
2306.3524038827477,1,0,1
246.60214194619294,1,0,0
982.1550304442495,0,1,0
497.8021800007205,0,0,0
4560.973344982197,0,0,0
651.6843977851718,1,0,0
259.18554788042906,0,0,0
481.036468157873,1,0,0
1060.849531518163,0,0,0
79.13993425815154,1,0,0
925.336320688485,1,0,0
2676.9114705985385,1,0,0
1899.5414987712143,0,0,0
70.07224307534594,0,1,1
5019.153280213913,0,0,0
1199.738195298192,0,0,0
177.07234720937868,0,0,0
12.493812823871519,0,0,0
187.87611839884198,1,0,1
1821.2454639579946,0,0,0
21.876888533419105,1,0,1
265.46054771246827,0,0,0
1415.9522210471723,0,0,0
882.1563357293444,0,0,0
1526.640741902792,0,0,0
1371.0137223328265,0,0,0
51.92653391697127,1,0,0
2230.3706611882444,1,0,1
257.51741401411834,0,0,0
806.0750123341328,0,0,0
1033.6343043430102,0,0,0
184.67818452314899,1,0,1
3739.3838682114647,1,0,1
669.7353020761852,1,0,1
59.37077228662763,0,0,0
2768.7886680455863,0,0,0
882.5364787634392,0,0,0
1201.2870740682959,1,0,0
744.8106275175574,0,0,0
1800.2229119958172,1,0,0
33.69480979985328,0,0,0
312.49179111090234,0,0,0
634.2150139550266,0,0,0
79.69668521939725,1,0,0
1223.8581107505786,0,0,0
500.3200247522974,1,0,0
318.3722210592678,0,0,0
3.38456800228332,0,0,0
1272.3598299101336,0,0,0
1794.6194081947651,1,0,0
502.59382432241506,0,0,0
830.6131079726682,0,0,0
258.3648863609494,0,0,0
973.3840938656674,0,0,0
12.211718762839489,1,0,0
670.6890569206439,0,0,0
1033.401910953669,1,0,0
2503.3774686667934,1,0,1
480.1926690572315,1,0,0
1448.9794669456326,0,0,0
910.5249607834714,0,0,0
2617.461782082287,1,0,0
508.12539875613015,1,0,1
384.33298244700524,0,0,0
2181.6248760977255,0,0,0
50.49824358557238,1,1,1
146.6286663271361,0,0,0
85.99854598602606,1,0,0
1852.2100793599682,0,0,0
10.664083117746477,0,0,0
1978.02029434007,0,0,0
600.1447440411666,0,0,0
4.033402095098636,0,0,0
513.5713518497647,1,0,1
206.77923146979313,1,0,1
979.2318294980807,1,0,1
1137.4325065858527,1,0,0
668.5083653288207,0,0,0
41.36331333984372,0,0,0
1067.4881230256465,1,0,0
1845.405741944574,0,1,0
1274.1244802760855,0,0,0
1771.7093370067967,1,1,1
223.78065866261173,0,0,0
2197.216034281055,1,0,1
388.8933571942623,1,0,0
13.495469833560367,0,0,0
1854.0071528447952,0,0,0
2844.23543716578,1,0,0
1065.830135795868,0,0,0
263.23226066967635,0,0,0
290.01073405755795,0,0,0
628.4703066853419,1,0,0
2281.1277531510814,1,0,0
162.0456957817606,1,0,0
1748.5486669831312,1,0,0
344.3269363530526,1,0,0
1653.3175425378527,0,1,1
2529.124373294688,1,0,0
557.731839670977,0,0,0
454.210053516191,0,0,0
1620.6066460436184,1,0,0
753.9229388531344,0,0,0
1153.4351154698152,1,0,0
975.0572417284652,0,0,0
165.92335993541715,1,0,0
1862.9785616255308,0,0,0
217.87633674261104,0,0,0
2692.4053830391613,0,0,1
288.444084605508,0,0,0
1323.811601389082,0,0,0
334.99088525515737,1,0,1
382.41102046476817,1,0,0
371.0663665861839,0,0,0
1377.898719461335,0,0,0
813.7682550726258,0,0,0
2145.175066448556,0,0,0
367.26325882627845,1,0,0
1177.6312172667492,0,0,0
1398.158865473739,1,0,0
164.26411383465677,0,0,0
511.80836870133163,0,0,0
659.359457773321,1,0,0
439.57125123700314,0,0,0
388.7740755839567,1,1,1
1159.7004300106078,1,0,0
243.17586200144808,1,0,0
1235.7756813163392,0,0,0
2734.048184826359,1,0,0
832.8634226882037,1,0,0
945.2928486979291,0,0,0
71.42371873654679,0,0,0
1998.6132001828867,0,1,0
336.09920828474657,0,0,0
954.6448510027968,1,0,0
3868.588574045096,0,0,0
905.1099716088503,1,0,0
1289.9283297026677,0,0,0
589.3632198147313,0,0,0
62.26467470299154,1,0,0
1597.506127590733,0,0,0
35.62597688116289,0,0,0
1206.1679749103591,1,0,0
23.188357028661343,1,0,0
1982.7159028498784,1,0,0
171.54309665686966,1,0,0
722.1054437728101,1,0,0
909.1927435084998,0,0,0
611.6508972980696,1,0,1
416.67291561737403,1,0,1
630.7627832213182,0,0,0
373.117606470643,0,0,0
576.4711522205479,0,0,0
444.59009180058456,1,0,0
835.1827998469985,0,0,0
271.7092036348539,1,0,0
4479.115227350448,0,0,0
694.8886027200707,1,0,0
215.87264530014284,0,0,0
648.3014512980931,0,0,0
2013.0182692385738,1,0,0
22.048075415812136,0,0,0
1138.0418752486676,0,0,0
794.0018556566512,0,0,0
185.79718303549745,0,0,0
1700.876014593175,0,0,0
460.26658430313194,1,0,0
347.85966835449176,1,0,0
1760.9889268202576,1,0,0
1017.5625238545645,0,0,0
2285.3257330900824,0,0,0
993.9380083281266,0,0,0
1350.223441562712,1,0,0
1810.611433656239,0,0,0
56.294871880763644,1,0,1
1496.3278173973717,0,0,0
951.1577887661734,0,0,0
72.04158177984914,0,0,0
710.4518908622437,1,1,0
86.05700852661725,0,0,0
1331.6062023592067,0,0,0
790.7637887017456,1,1,1
3069.885667927229,1,0,0
202.28189132911353,0,0,0
931.4892781628831,0,0,0
237.72704359817726,0,0,0
952.0862779065259,0,0,0
1282.473959327896,1,0,1
1281.229474742433,0,0,0
1687.7994835407287,1,0,0
1921.072762270321,0,0,0
80.42048247756141,0,0,0
420.47797496390376,1,0,0
1161.943603923388,0,0,0
690.3237449905314,1,0,0
211.55588187283013,1,0,0
804.5471641817836,0,0,0
523.2958089433821,0,0,0
494.3590740366188,0,0,0
1659.4358221719222,1,0,1
523.5703840201684,0,0,0
26.810722319279108,0,0,0
59.817245404288094,0,0,0
1939.6381510618953,1,0,0
3234.0100215830153,0,1,1
1166.0649283860066,0,0,0
453.1359621465951,1,0,0
2790.3505870788704,0,0,0
1087.0882058492784,0,0,0
1860.0396967018248,1,0,0
1451.80318340531,1,0,0
476.6485632355362,0,0,0
651.4338090677187,0,0,0
205.95727796363943,0,0,0
345.331101363484,0,0,0
1505.6440992031935,1,0,0
2244.112355485334,0,0,0
1289.0240064466047,1,0,0
625.813251449679,0,0,0
90.48204983815562,1,0,0
58.633800309387766,0,0,0
468.9251144325462,1,0,0
623.2885589757537,0,0,0
939.356263300869,1,0,0
6.510669876281292,0,0,0
4577.836232257082,0,0,0
452.4606249822081,1,0,1
1884.4977403142393,0,0,0
765.6462752384294,0,0,0
139.76731510294024,1,0,0
1597.3391610628103,1,0,0
1237.2782403341348,0,0,0
749.582271205448,0,0,0
722.6853511619104,0,0,0
91.54484391324829,1,0,0
1066.6746150033173,0,0,0
2421.877269066069,1,0,1
97.88289754985905,0,0,0
305.8615905851135,0,0,0
2325.935334748945,0,0,0
334.55554838992833,1,0,0
1061.153720006591,0,0,0
765.3269066991971,0,0,0
907.1516334559645,0,0,0
537.4928915664522,0,0,0
356.6627590896981,0,0,0
49.75074864916575,0,0,0
1363.6758562256775,1,0,1
1370.7890410725993,0,0,0
1110.864258700261,0,0,0
1031.796391806765,1,0,1
279.33980898485413,0,0,0
22.598364170695945,1,0,0
1653.9928913236263,0,0,0
675.5794717676403,0,0,0
366.4917294375419,0,1,0
107.50938591614411,0,0,0
64.77491270400364,0,0,0
429.0409293023451,0,0,0
1633.4082428636148,1,0,0
2509.901424830963,0,0,0
2270.6152638197605,0,0,1
2525.73907873338,0,0,0
2382.9857486245214,1,0,0
749.1351653612834,0,0,0
247.71245845744863,0,0,0
1599.7182162781407,1,0,0
240.43338126869338,1,0,0
310.89239574325734,0,1,1
265.6001125508391,1,0,0
723.5701076632192,0,0,0
388.35361066920143,1,1,1
167.4203922118978,1,0,0
603.6235503947487,1,0,0
2070.737442775312,1,0,0
845.2566067136966,0,0,0
2106.488892770314,0,0,1
217.99704865599588,0,0,0
182.69027316854806,0,1,1
857.0249757174206,0,0,0
622.369851717524,1,0,0
1079.317559880417,0,0,0
1582.9264234261227,0,0,0
1391.5372637545559,0,0,0
2851.825431565663,1,0,0
507.9238532390111,0,0,0
231.15901731454917,0,0,0
800.5378443477302,1,0,1
117.3691315415947,1,0,1
340.87348056586995,1,0,0
233.05255279116815,1,0,0
505.1148228039356,0,0,0
117.90168957297331,1,0,1
32.3597180310203,0,0,0
1069.4244424941976,0,0,0
942.2471495975392,0,0,0
1232.231465849565,0,1,1
1079.9468968124559,0,0,0
121.37098092594714,0,0,0
344.0110158689566,0,0,0
138.71808876536184,0,0,0
1851.333705951702,1,0,1
1373.9850538724631,0,0,0
225.05412895366018,1,0,0
417.5011118077967,0,1,1
3399.6483499579153,1,0,1
901.7947035242137,1,0,0
1615.2326560834595,1,0,1
307.3285192302443,0,0,0
235.78932333357804,0,0,0
1532.092356559853,0,0,0
1157.9561820176973,0,0,0
1142.4949911666938,0,0,0
804.379528016778,1,0,0
829.146399253108,0,0,0
1330.6610185449063,0,0,0
314.7141436416341,0,0,0
435.05119047080456,0,0,0
2052.891303506144,1,0,1
369.42039610971364,1,0,0
790.340188808275,0,0,0
1212.8099504883219,0,0,0
9495.716214841172,1,1,1
571.4453117842471,0,0,0
558.778672507984,1,0,0
1848.891117475387,1,0,0
1637.3391122462465,0,0,0
1313.3260274071897,0,0,0
622.184906117546,0,0,0
391.47214806038295,1,0,0
938.3586536048176,0,0,0
2089.2760877399805,0,0,0
2152.2484620579557,1,0,0
114.84798533791502,1,0,0
559.2288594749087,0,0,0
624.968959047861,0,1,1
3799.380605728802,0,0,1
1133.19756961382,0,0,0
522.9765097901405,0,0,0
26.40340830241289,1,0,1
833.2950656295561,0,0,0
101.0099659695817,0,0,0
1798.4817573493078,0,0,0
1396.420096059719,0,0,0
617.129472941854,1,0,1
560.7352785292221,1,0,0
2276.322645617565,1,0,1
340.3213254537991,1,0,0
286.3762082727012,1,0,0
2800.1232676409004,0,0,1
1656.769783385931,0,0,0
1718.2799987716664,1,0,1
217.1537936273398,0,0,0
154.66280094165037,0,0,0
26.37431442111563,0,0,0
270.55165143006576,0,0,0
1488.0635188277486,0,0,0
274.48739798496564,1,0,0
1306.0176510235228,0,0,0
290.22966864418913,1,0,0
503.0104055465409,0,0,0
4084.1342599015766,0,0,1
280.78819828121357,0,1,1
472.1990410768991,0,0,0
358.22926622230887,1,0,0
116.1125413305403,0,0,0
673.1370103529227,0,0,0
475.9261943946321,0,0,0
1187.073360417778,0,0,0
1701.5233056898064,0,0,0
785.8102389740568,0,0,0
32.7261276751513,0,0,0
964.7521352074976,1,0,1
56.98390791269399,1,0,0
958.0410832234194,0,0,0
1155.2777217216553,0,0,0
220.3569719571875,1,1,0
1711.172502610869,1,0,0
2420.075901560971,0,0,0
1677.1118190332547,0,0,0
364.00055397895716,0,0,0
883.443682734511,0,0,0
2462.931668365255,0,0,0
386.6404974774215,0,0,0
1714.953008180063,1,0,0
9.520305901466013,0,0,0
3.6533682147718483,0,0,0
1425.9156615076301,1,1,1
1433.1662113644961,1,0,0
1555.7890369059105,0,0,0
2659.6435088510557,0,0,1
125.45700619056655,0,0,0
263.9459952230902,0,0,0
2340.5457722112137,0,0,0
195.08611557451678,0,0,0
1146.4251234457756,0,0,0
756.0081762841273,1,0,0
86.8590360684687,0,0,0
335.8415622562513,0,0,0
734.7449268164701,0,0,0
1912.9114610656911,1,0,1
1229.4222093949772,1,0,1
972.5520344430154,1,0,1
685.2442708604201,1,0,0
354.79668584768405,0,0,0
126.97568410988056,0,0,0
526.067923940834,0,0,0
28.933046795958816,0,0,0
237.05979621790817,0,0,0
566.4852364391705,0,0,0
542.3252101814782,0,0,0
45.3064419293335,0,0,0
889.3084341397322,1,0,1
797.8062886021404,0,0,0
81.32318983032712,0,0,0
2867.56867987718,0,0,0
104.67494954627396,1,0,1
1929.8784056146826,1,0,0
0.30977989184242033,0,0,0
2139.455657778573,0,0,0
19.916760657542824,1,0,1
1418.0411266037856,0,0,0
448.93249124212235,1,0,1
1340.2385992091224,0,0,0
513.7385378922603,0,0,0
73.54743025944063,1,1,1
1458.8938517687945,0,0,0
73.91857428287021,0,0,0
2552.5916963522805,0,0,0
52.319121201333914,1,0,0
652.6297657406881,0,0,0
1283.8620796209173,0,0,0
499.63260792686685,0,0,0
244.92080701180763,1,0,0
1423.3358499158473,0,0,0
1533.8421769255583,0,0,0
2559.9964348649232,0,0,0
471.86954567528295,1,0,0
705.7294756789541,1,0,0
451.1872808624633,0,0,0
297.1693639507282,1,1,1
1390.434766932906,0,0,0
414.98807549479653,0,0,0
558.8775839616513,1,0,0
516.9672074478549,0,0,0
1247.0933609016167,1,0,0
2498.5467680032593,1,0,0
1098.8805085579804,0,0,0
637.8687698859018,0,0,0
1510.521129425776,1,0,0
1024.3530165867535,0,0,0
62.52493069785294,0,0,0
100.55384889926279,0,0,0
38.654495321435945,0,0,0
610.3077587974294,1,0,0
1747.858002944338,0,0,0
375.542055735141,1,0,0
484.7683867520221,1,0,0
2402.152514050603,0,0,1
1813.4128935307954,0,0,0
1093.7683765236923,1,0,0
310.34192136629525,1,0,0
124.47705874384755,0,0,0
16.189162863185043,0,0,0
113.18064958178324,0,0,0
346.1539748328693,0,0,0
802.493548248147,0,0,0
66.13989091521867,1,0,0
146.44617724820822,0,0,0
199.76973760075114,1,0,0
999.6236816256331,1,0,1
956.5654776730512,0,0,0
800.2107597679217,0,0,0
288.3508623031187,1,1,1
463.8143284948675,1,0,0
101.68917034308893,1,0,1
256.7786778265394,0,0,0
2279.8966969932203,0,0,0
3896.727896049611,1,0,1
1043.1574844615113,0,1,1
2486.7879225534766,1,0,1
1029.2967903547806,0,0,0
33.759995597425984,1,0,0
5732.980102929303,0,0,0
104.19708347041193,1,0,0
1147.7241791378394,0,0,0
291.4708448938797,1,0,0
497.54933320069244,0,0,0
1038.272464487674,0,0,0
573.5654955461574,0,0,0
288.4104162045455,1,0,0
407.1357832264658,0,0,0
417.8638309669497,0,0,0
3202.11469343612,0,0,1
1602.5269280127727,0,0,0
613.5022839647138,0,0,0
222.91972679149234,0,0,0
1666.0935070405383,1,0,1
171.00479946150867,0,0,0
236.30758973996257,1,0,1
455.7274475442637,1,0,1
2123.1693861955937,1,0,0
141.31782105613013,1,0,1
130.37545538544106,0,0,0
681.1691806895578,1,0,0
323.5310931371364,0,0,0
841.0161621433057,0,0,0
600.8172275563251,1,0,0
570.857172315428,1,0,0
118.75309781243969,0,0,0
152.04420529485742,0,0,0
1720.8085496713757,0,0,0
2170.5287414607083,0,0,0
267.465848195676,1,0,0
120.42959893282723,0,0,0
54.89627410382954,0,0,0
937.2529462735004,0,0,0
1256.5062094390194,1,0,1
466.50573673604373,1,0,1
1138.4218817479402,1,0,0
1248.1295737250343,0,0,0
2738.647790278316,1,0,1
67.0736121245226,0,0,0
213.55432925579666,1,0,1
70.98698798451363,0,0,0
2024.9073978769547,0,0,1
1573.0440759109536,0,0,0
854.824277725867,0,0,0
87.37152552752933,0,0,0
319.2585480456756,1,0,0
353.4228777265888,0,0,0
822.6710620301575,0,0,0
298.46519394827806,0,0,0
75.75841760378007,0,0,0
1312.160653323874,1,0,0
355.36182310996537,0,0,0
602.1630300385224,1,0,1
136.58362879870913,0,0,0
1622.2612987038654,1,0,1
833.6327015803356,0,0,0
2318.568410488838,1,0,1
684.1310742068073,0,0,0
2837.458764016061,1,0,0
2224.4044660525738,0,0,1
859.1069794395336,0,0,0
2716.4872654912797,0,0,0
390.2151037241611,1,0,0
455.1420716270664,0,0,0
46.544536351371384,0,0,0
889.6510082423732,1,0,0
1279.8607132186578,1,0,0
1485.095062779123,1,0,0
162.3028187879688,0,0,0
587.2731269478095,0,0,0
194.63288566858145,0,1,0
1085.0862262535632,1,0,0
171.91157605748833,1,0,0
2345.1135839605718,1,0,1
262.1893191311562,1,0,0
344.46728481758583,1,0,0
1903.1804601962847,1,0,0
613.3523992712592,0,0,0
24.288538684304157,1,0,0
682.3778806043235,1,0,0
88.33225119285832,0,0,0
4222.954509323588,0,0,0
887.0027683828188,0,0,0
296.4303844019979,1,0,0
829.4657212129414,1,0,0
79.9820715088469,0,0,0
1608.8945814092233,1,0,0
2594.6508111184626,0,0,0
2075.006496696527,1,1,0
418.182029929628,1,0,0
394.1811910992565,1,0,0
35.71797058988732,0,0,0
1053.8311748724107,1,0,1
765.5131291730728,0,0,0
614.976447927812,0,0,0
2381.96334925698,0,0,0
183.777297169415,1,0,0
9.713288307056576,1,0,0
76.14314399562936,0,0,0
252.7930838743625,1,0,0
33.85212110096849,0,0,0
698.8508368126529,0,0,0
377.0095188914822,0,0,0
199.0401465020842,0,0,0
1386.6307174759966,1,1,0
228.7232466933655,1,0,0
1163.487189555144,0,0,0
429.6526410135023,1,0,0
717.0869859390207,0,0,0
2716.088015728498,0,0,0
38.06707905350835,0,0,0
693.6763354926494,1,1,1
1927.0498502124628,1,0,1
886.6694276304366,0,0,0
324.1669815238111,0,0,0
506.9682980632347,0,0,0
1140.2647176804553,0,0,0
2214.683143891369,1,0,0
41.93341790852994,0,0,0
74.2267104693959,1,0,0
393.1189222964502,0,0,0
264.98127562465737,0,0,0
307.7907518395967,0,0,0
250.09088962868842,0,1,0
217.93843254839763,1,0,1
139.97952794486753,0,0,0
2717.4058055380538,0,0,1
155.70626367786127,1,0,1
228.6634765655313,1,0,0
282.7153921610364,1,0,0
2703.2846712551386,0,0,0
1409.4161558553205,0,0,0
1559.217487363765,1,0,1
110.66149610370594,1,0,0
1809.7801202833202,0,0,0
524.5748490157822,0,0,0
304.9272883628179,0,0,0
857.4325717336086,0,0,0
1726.9998177607258,0,0,0
1508.0198378313712,0,1,1
2207.252027825521,0,0,0
2632.926764208197,0,0,0
271.96893485275774,0,0,0
551.4009372028451,0,0,0
14.73659134269747,0,0,0
2114.6266140819544,1,0,0
167.9124501508906,0,0,0
1976.7031095477737,1,0,0
399.56353965092865,1,0,0
459.0772837308856,0,0,0
39.91850121396729,0,0,0
395.82986119365756,0,0,0
2192.5088590457417,1,0,1
25.87940269688365,0,0,0
521.4274130674626,0,0,0
31.90316682512049,1,0,0
463.50228900638103,1,0,1
189.51614482240413,0,0,0
290.6443132492077,1,0,0
2100.4476178273603,0,0,0
572.7883018985688,1,0,0
319.92705410365045,0,0,0
889.98570760272,1,1,1
153.27584907464055,0,1,0
300.2832784318827,0,0,0
790.2044143010163,0,0,0
271.18298977430743,1,0,0
1136.7121708778595,0,0,0
676.2729589387689,0,0,0
1478.3617136972346,0,0,0
2961.2252625068913,0,0,1
123.07752729020464,1,1,0
407.4646207787484,1,0,0
384.9995577681565,1,0,0
163.91156857811256,1,0,0
1662.3279405726094,0,0,0
1426.6110834732542,0,0,0
662.4734095143781,0,0,0
771.6943589833653,1,0,0
61.390561701163406,1,0,0
810.8217648332453,0,0,0
1567.0564498108176,0,0,0
852.9112577593161,0,0,0
308.3016967629214,0,0,0
1101.2606093787515,1,0,1
448.6154830241471,0,0,0
787.179402728713,1,0,0
668.5821142084686,1,0,0
479.9327618833184,1,0,1
1268.9664704276329,1,0,0
2153.097657660456,0,0,0
5.22615104533952,1,0,0
2712.3070370413884,0,0,0
716.4467927965857,1,0,0
1206.4153862126143,0,0,0
1935.338192868184,0,0,0
629.4284184222444,0,0,0
1801.652686303481,0,0,0
195.55248410373866,1,0,0
173.36284751000974,1,0,0
1071.4000301931158,0,0,0
2041.321476723287,0,0,0
2229.577946504131,1,0,0
1032.0957642554827,0,0,0
745.4709640544671,1,0,0
402.55896657592837,0,0,0
3912.043785610621,1,0,0
385.215061310564,1,0,0
1363.3050802550842,0,0,0
759.2480947287727,0,0,0
937.8012902943382,1,0,1
500.01848283294413,1,0,0
3347.3663859232397,1,0,1
847.8901299758477,0,0,0
2777.201431786442,0,0,1
7.620377639135489,0,1,0
850.200095245455,0,0,0
1262.9689872127267,1,0,1
1366.8061799712998,0,0,0
2353.6350673198112,1,0,0
4.411324604696945,1,0,1
0.33021377404406893,1,1,1
639.1580985860306,0,0,0
29.73133327969982,0,0,0
3670.354256594628,1,0,0
251.11253021691016,0,0,0
639.9187455585578,1,0,0
63.086381349467395,1,0,0
738.2458406819748,0,0,0
477.9650375555108,0,0,0
45.68801114658575,0,0,0
408.15512300050386,1,0,0
496.6532286517556,0,0,0
4597.349971226159,1,0,1
233.04979643737943,1,0,0
786.9736154725538,0,0,0
4367.37838199063,1,0,0
1570.3095494109953,1,0,1
5015.773604947324,1,0,1
3451.3854342177806,0,0,0
672.4421019565565,0,0,0
1191.9646907433912,0,1,0
117.0318356865396,0,0,0
581.8720757044881,0,0,0
1655.5789355784218,1,0,0
703.8751620788578,0,0,0
1213.0102957618226,1,0,0
1369.4424750770884,0,0,0
292.3183249375131,0,0,0
2085.052235768345,0,1,1
615.857361827426,1,0,1
235.9566693572683,0,0,0
2005.5658612178936,0,0,1
540.9735499893976,1,0,1
1387.5448962319656,0,0,0
794.1462704587036,1,0,0
481.05932239773097,0,0,0
1660.0809711052977,0,0,0
878.2003006253443,0,0,0
495.2182260264857,1,0,1
116.08208721675199,1,0,0
2258.0450312206463,0,0,0
36.1139130139647,0,0,0
1989.1427953802997,0,0,0
446.2269870653266,0,0,0
1019.8161642760315,0,0,0
2553.610298134236,0,0,0
164.52873074170532,0,0,0
836.9031825518593,0,0,0
1445.759320677916,1,0,1
1417.0993303075452,1,0,0
745.7717071693154,0,0,0
980.1347206723801,1,0,1
1416.8648908124162,0,0,0
1839.0249142444238,0,0,0
1434.6996062587864,1,0,1
436.9634272121595,1,0,0
5721.865305317092,0,1,1
570.0497468666695,0,0,0
24.768935830822677,1,0,0
450.38447224659296,1,0,1
136.71698073971803,1,0,0
129.47405274654463,1,0,0
330.638343068273,0,0,0
54.85277358949701,0,0,0
1166.395069640742,1,0,0
76.86904030639194,0,0,0
227.26397289883985,0,0,0
97.50226661552622,1,0,0
65.25102120203512,0,0,0
311.63556782729637,0,0,0
848.3960543890845,0,0,0
3343.463232916541,0,0,0
2083.904721663248,1,0,1
2086.9409959843133,0,0,0
193.66610679674827,0,0,0
307.7585203904466,0,0,0
79.46896548997947,0,0,0
1507.1897647910114,0,0,0
72.3731870560439,0,0,0
813.4987714787991,1,0,0
284.85350638450774,1,0,0
278.9808832053589,0,0,0
4680.438627121487,0,0,0
1413.788101821085,0,0,0
1813.6331123390123,0,0,0
848.5916294149049,0,0,0
2048.053635744556,0,0,0
1037.020245541958,0,0,0
2921.993172785653,1,0,0
330.3649446169519,1,1,1
904.6575252345185,1,0,1
1171.6067743126664,0,0,0
499.1232066464597,0,0,0
2117.8330123514434,0,0,1
3902.2292761509384,1,0,0
680.7631627794514,0,0,0
495.3471274953431,0,0,0
638.5414426332966,0,0,0
1915.5334484940227,1,1,0
1036.957869326504,0,0,0
45.80561351886804,0,0,0
781.2571472052846,1,0,0
17.45151851553412,0,0,0
1507.4923907514724,0,0,0
397.961739233657,0,0,0
638.6731660530407,1,0,0
1602.8501887516159,0,0,0
47.56217660493037,0,1,1
172.61862556128423,1,0,0
507.4320159807346,0,0,0
261.2675786564984,1,0,0
412.3408304671322,1,0,0
6306.031681693018,0,0,0
1745.3403284217725,0,1,1
2153.3190231318235,1,1,1
2765.4881282823344,1,0,1
416.93445075180995,1,0,1
352.5078637135579,0,0,0
266.65469556188395,1,0,0
1772.6447920925232,0,0,0
1138.0348325176128,0,0,0
269.41262311809805,1,0,0
473.1988552845963,1,0,0
706.6616184478371,0,0,0
751.0730689422778,1,0,1
2195.775185178115,0,0,1
478.94933574568273,0,0,0
2391.6789696144447,1,0,1
582.2635539739088,0,0,0
1371.8893129820917,1,0,0
2662.8997954683505,1,0,0
2381.365390777751,0,0,0
58.639015938846356,1,0,0
230.29946260501956,0,0,0
647.9930005428911,0,0,0
564.8494671908987,1,0,1
1024.1311667613513,1,0,0
2895.1460515778454,0,1,0
119.23939582190947,0,0,0
601.2221149482982,0,0,0
213.7020601543638,0,1,1
2245.331779637814,0,0,0
3340.483892311813,0,0,0
651.4328135519543,0,0,0
109.8263590734087,1,0,1
1538.488733803564,0,0,0
1194.4890855945177,0,1,0
437.9947460281641,1,0,0
2183.9799417580884,0,0,0
3722.721274444212,1,0,0
816.1147934832919,0,0,0
834.0840089353188,0,0,0
353.1291023202762,0,0,0
878.2871918278065,0,0,0
579.1799857950107,0,0,0
359.809891223651,0,0,0
69.54859357605189,0,0,0
291.29908557627846,0,0,0
220.46545272078802,0,0,0
780.9777684016083,1,0,1
920.4745261575821,1,0,0
937.9529841819393,1,0,1
491.31879355606884,1,1,0
546.849656804716,0,0,0
1797.2048462628436,0,0,0
646.7079939971258,1,0,1
4404.135822425758,0,0,0
579.1352109035579,0,0,0
1048.6255396001322,0,0,0
51.67547161153779,0,1,0
1059.4105884421429,0,0,0
1906.6747830334655,1,0,0
2855.2373569708748,1,0,1
5922.166734301341,0,0,0
331.5345509887052,1,0,0
856.53723013906,0,0,0
599.1432818096058,1,0,0
829.6945006970581,1,0,0
171.32578115106986,0,0,0
1938.9812178102766,1,0,0
2403.167523509644,0,0,1
597.2220319112239,0,0,0
329.1012752286936,1,0,0
151.7924615395595,1,0,0
1151.269116806918,1,0,0
374.3034740309579,1,0,1
2402.831706007973,1,0,0
1111.7354463972613,1,0,0
1037.5698487594327,1,0,0
819.6226469364578,0,0,0
46.85718996853049,0,0,0
2687.1075721723437,0,0,1
988.6934100593498,0,0,0
5126.380104246095,1,0,0
770.7982940506777,0,0,0
1238.2568150132356,0,0,0
57.851126744966216,1,0,1
998.9556868650538,0,0,0
1446.6798607873238,0,0,0
1507.3972281599156,0,0,0
1470.1615324047614,1,0,0
256.5486236186743,0,0,0
3704.946951992251,1,0,0
5335.421411412277,0,0,0
78.60593841272502,1,0,1
2755.8719935800696,0,1,0
341.7148270407075,0,0,0
1168.8762303936428,0,0,0
412.6572910659382,0,0,0
3434.37130280823,0,0,0
107.03286692860634,0,0,0
688.6509377389845,0,0,0
558.6998434393153,1,0,0
394.55996433987923,0,0,0
1037.142821613181,1,0,1
140.47630240445534,1,0,0
1261.1162234560595,0,0,0
3942.0763058603175,0,0,1
1632.4952744275456,1,0,0
1966.2325271727073,1,0,0
445.71967486319915,1,0,0
392.8746118202196,1,0,0
727.8387435713178,0,0,0
46.80508125128268,0,0,0
2906.954921852454,1,0,0
155.23396822454012,1,0,0
2333.178733927849,1,0,1
87.28292876595516,1,0,1
1729.4887357701466,0,0,0
164.83045298528538,1,0,0
38.877650661079535,1,0,0
1271.143944243251,0,0,0
328.87260733917907,0,0,0
1253.4997746155664,0,0,0
809.8725892647822,1,0,0
115.1947022919578,0,0,0
2690.162248290093,0,0,0
602.0534680522495,0,0,0
1325.9418809845286,0,0,0
695.1904105646719,0,0,0
927.2543001560791,1,0,0
360.6450893420043,1,0,0
223.59403277005907,0,0,0
782.1318561135073,1,0,0
580.2095948849374,1,0,0
494.48193483314367,0,0,0
1116.4724208197215,0,0,0
1172.8186152329072,0,0,0
47.00781239828616,0,0,0
413.6149695587293,1,0,1
530.6279864470469,1,0,0
101.91330984296579,0,0,0
269.05774260263763,1,0,1
53.02299706399156,1,0,0
5583.894620224656,1,0,0
1333.9190236375816,0,0,0
91.51257200659191,1,0,0
20.457208873856707,1,0,0
1270.425334329615,1,0,0
578.3769734639478,0,0,0
1545.509150902338,1,0,0
2570.1513560640374,0,0,0
914.5432321824672,1,0,1
207.1575398496014,1,0,1
1524.150686151347,0,0,0
3119.296207876535,0,0,0
868.0514028626425,1,0,1
1145.6958688151028,0,0,0
411.6965256801554,0,0,0
480.50286529086134,1,0,0
1326.7225204946853,1,0,0
2627.915014107129,0,0,0
991.5219155825074,0,0,0
1559.923765095871,1,0,0
188.30142149777575,1,0,0
238.20527455556527,0,0,0
759.3611029766665,0,0,0
194.257538746396,0,0,0
1007.8444192468093,1,0,0
344.8214540888887,0,0,0
1567.9726944275146,0,0,0
1650.834794120026,0,0,0
623.2246587417949,0,0,0
199.44000700483937,1,0,0
1040.6499211510163,0,1,0
4931.872857501295,0,0,0
974.4255285391614,0,0,0
36.43028835491484,0,0,0
17.44526334566556,1,1,1
386.1949320865183,0,0,0
217.88714900967824,1,0,0
1676.9205346181502,0,0,0
1863.0771863069053,0,0,0
299.24030732149805,0,0,0
393.99826973880727,1,1,1
269.51079824577107,0,0,0
2390.1334945693584,1,0,0
698.4599375385895,0,0,0
1067.5120849440705,0,0,0
536.9678513191056,0,0,0
996.9971004633258,1,0,0
487.5248357723689,0,0,0
415.0283470508505,1,0,1
1006.4344819172271,1,0,0
894.1919145299743,0,0,0
347.47164475705546,0,1,0
161.75269409519998,0,0,0
459.7787916581574,0,0,0
536.4813335196782,0,0,0
990.702724842227,1,0,1
2459.575376445675,1,0,1
36.85570143374001,1,1,1
279.2656071934272,1,0,0
215.31916963044998,0,0,0
697.7465588905651,0,0,0
561.5941559410377,0,0,0
1305.775301025497,0,0,0
277.62074121794916,0,0,0
902.6303752245776,0,0,0
2152.9353580962256,1,0,0
2415.5045491317414,1,0,0
3188.9434207020017,0,0,0
1483.956373467552,1,0,0
2364.331848167659,1,0,1
267.2663938750084,0,0,0
220.1242942994452,0,0,0
6.509222880540837,1,0,0
1227.0516076899478,1,0,0
2772.063865021342,1,1,0
206.94464620238054,0,0,0
1013.1970172013934,0,0,0
1372.2327278063829,0,0,0
2625.7456169894117,1,0,1
1040.8913344657924,0,0,0
3516.3972368742393,0,0,0
422.6211464617455,0,0,0
430.6729740923092,0,0,0
783.0992626734347,0,0,0
483.70000766529205,1,0,0
1.426745605168217,0,0,0
1315.9180074107105,0,0,0
1393.1862214390621,0,0,0
1374.2654185598913,0,0,0
423.1515959217106,0,0,0
738.7503226372033,0,0,0
446.24572563550515,1,0,0
16.16637451516365,0,0,0
826.5618743287157,0,0,0
132.11601312854702,0,0,0
83.42652743856806,0,0,0
1408.5361610633693,0,0,0
9.551674769351912,1,0,0
3194.3891751629762,1,0,0
724.1330506505177,1,0,0
4075.508914426316,0,0,0
59.747427416215906,0,1,0
875.9397655484561,1,0,0
429.74812240833324,0,1,0
1854.5874082572068,0,0,0
448.19945381046483,1,0,0
301.7642005657809,0,0,0
1948.7861705425175,1,0,0
469.44872987608915,0,1,1
16.976610503670326,0,0,0
494.7703699600359,1,0,1
1062.8270922972522,0,0,0
293.51175046079356,0,1,0
565.6120161776632,0,0,0
58.38696167118063,0,0,0
886.9571771201768,0,0,0
1411.7964891070687,0,0,0
533.2630735421989,1,0,0
545.128346937197,1,0,0
92.42509411278586,1,0,0
225.57257965636438,1,0,0
168.03446877928647,0,0,0
657.1774551097621,0,0,0
753.4398819883913,0,0,0
2974.7564383483686,1,0,1
76.05147953213893,0,0,0
915.9607192219389,0,0,0
747.6002561776123,1,0,0
726.1520955809848,0,0,0
2064.823211090832,0,0,0
230.0907154432725,0,0,0
41.62781321053988,0,0,0
1115.5697805638388,0,0,0
423.3604755094196,0,0,0
17.746457200289637,0,0,0
289.5157623545278,0,0,0
370.088467525637,0,0,0
959.2983860849434,1,0,0
189.4498557153099,0,0,0
532.8230493916587,1,0,1
658.6983045680239,1,1,0
614.7748974796874,0,0,0
3647.3831270114306,0,0,0
46.57207562744382,0,0,0
3015.2859354735688,1,0,0
872.1236519812346,0,0,0
1588.3014445589022,0,0,0
562.8079590246626,0,0,0
604.8394265347204,0,0,0
2114.666719437934,0,0,0
2262.734734761743,1,0,1
272.7131760627044,0,0,0
222.19634828344417,0,0,0
685.6457346306728,1,0,1
2305.3592085739187,1,0,1
389.1318648269344,0,0,0
1055.5947981905595,0,0,0
1231.5210902532936,0,1,0
1508.1215553967356,0,0,0
829.9397889920018,0,0,0
514.9259825573013,0,1,0
3411.732343987882,0,0,0
945.0265626045157,1,0,0
1304.0333586362206,0,0,0
423.09385391254636,0,0,0
1108.5086394175626,1,0,0
298.1333804874208,1,0,1
281.1659055605338,0,0,0
1254.2918429615415,0,0,0
736.8791053713841,1,0,1
1149.726474114697,0,0,0
313.9418497592601,1,0,0
913.1041670109277,1,0,1
586.8676567850729,0,0,0
908.7201780829531,1,0,1
343.7301367145835,1,0,0
1256.849680510954,1,1,1
1639.5330942226853,0,0,0
300.9922259883797,1,0,1
357.5618512042214,0,0,0
1082.21034809647,1,0,0
1189.363949527368,0,0,0
1217.7326529913782,0,1,1
1147.9028680682466,0,0,0
498.9097620600991,0,0,0
502.28498970504086,0,0,0
294.1262900839848,0,0,0
170.59106866398753,0,0,0
1179.5318637174414,0,0,0
97.82099383095537,1,0,0
2777.276280281809,1,0,1
1752.6520529048366,0,0,0
1948.4535604865061,0,0,0
2371.6009784799985,0,0,0
525.271076609634,0,0,0
1875.3632116438835,1,0,0
172.04807058682488,1,0,1
21.879412823542346,0,0,0
1536.6122372969187,1,0,0
77.7417256276755,1,0,0
4467.555532250674,0,0,0
1123.303922283745,0,0,0
1400.189291062664,0,0,0
282.1028072415778,0,0,0
1120.4450807491921,0,0,0
44.18173343489256,0,0,0
1819.0837190703085,0,0,0
185.87678075776478,0,0,0
1195.2049110018806,0,0,0
254.22215320352888,0,0,0
70.90881583603017,0,0,0
656.8030595824275,0,0,0
185.46996014583132,0,0,0
1307.2761349463924,1,0,0
271.2391262074579,1,0,0
419.2687762360095,0,0,0
838.0325029696068,0,0,0
335.4283702475777,1,0,0
474.79608065370473,1,0,0
1690.766039040111,0,0,0
197.48780459014867,1,0,0
85.77750886201196,0,0,0
398.0294985966741,0,0,0
552.3019417082276,1,0,1
782.3266125630731,0,0,0
465.8900156477406,1,0,0
1560.227361510064,0,0,0
40.11337863579812,0,0,0
565.2246802516117,0,0,0
481.68100867387056,1,0,1
1042.9273504798548,0,0,0
3389.552998330341,1,0,1
714.1163174868866,1,0,0
4333.377199775531,0,1,1
359.89353936894423,0,0,0
31.354590222756663,0,0,0
181.1180822317572,1,0,0
502.73326337405354,1,0,1
380.28565188229527,0,0,0
102.09267307999421,0,0,0
566.7966975215646,0,0,0
412.6646199996805,0,0,0
130.81419664159475,0,0,0
351.14331537666556,1,0,0
2175.3892117653545,1,0,0
359.6061865348137,1,0,0
1251.6076175175979,0,0,0
946.8712860451874,0,0,0
557.1857770195692,0,0,0
273.15560999759856,0,0,0
460.47271203071955,0,0,0
896.750917225495,0,0,0
431.9423799330241,1,0,0
241.93963814938598,0,0,0
123.821825000452,1,0,0
2118.3232357141765,0,0,0
580.3775367587897,0,0,0
981.3849320205271,0,0,0
674.1495068319886,0,0,0
2060.160763134511,1,0,1
791.719350259176,0,0,0
655.4303244582604,1,0,1
2584.9611396209793,0,0,0
1271.8577042877864,0,0,0
118.27680330478177,0,0,0
195.65541228671214,1,0,0
1547.0401010100602,0,0,0
1806.9826836807197,1,0,1
787.8773525999504,0,0,0
808.4575385050716,0,0,0
999.4901912388941,1,0,0
578.2407660272237,0,0,0
1140.056737760223,0,0,0
114.82881841862623,1,0,1
3251.3794498071948,0,0,0
1386.913848142046,0,0,0
997.430844000145,0,0,0
380.2683158223443,0,0,0
175.4915196394576,0,0,0
526.5197410689487,0,0,0
1083.4579200839137,1,1,1
1004.3292091228358,0,0,0
482.3048278102614,1,0,0
950.0708956584974,0,1,1
1680.6562704491603,0,0,0
26.63639215248278,0,0,0
598.9668168125309,1,0,0
1421.1145213463783,1,0,0
789.9763484622094,0,0,0
1054.0484368716216,0,0,0
727.0688550698317,1,0,0
4812.753513236277,1,0,0
56.16994117551398,1,0,0
675.3953248008912,0,0,0
95.86853968416315,0,0,0
174.09813652585842,1,1,1
482.9484132779984,0,0,0
169.05801751481803,0,0,0
3315.5840452839484,0,0,0
2933.5047342758985,0,0,0
409.638272991445,1,0,0
1020.9506930822281,1,0,0
763.0404299664402,0,0,0
1690.5773657737682,0,0,0
987.3722379072677,1,0,0
0.25248636256127227,0,0,0
1440.4312129443256,0,0,0
1373.765659286698,0,0,0
712.7841409352685,0,0,0
2332.209321676307,0,0,0
2390.8285635036423,0,0,0
742.1518888215494,0,0,0
936.4634171845274,1,0,0
5661.31854315817,1,0,1
354.99098375505935,1,0,0
392.47570039337467,0,0,0
201.83948148188784,0,0,0
2262.085766441033,1,0,1
1364.4874298590885,1,0,1
111.6500856786586,0,0,0
4004.5414017770977,0,0,0
1312.9015606674984,0,0,0
1900.6067874225275,0,0,0
49.34864872476395,0,0,0
703.1185678979783,1,0,0
1199.3113084231484,0,0,0
782.9550121432273,0,0,0
1098.5546874249255,1,0,0
1703.0568729039946,0,0,0
468.9434921260381,1,0,0
1888.2836447105128,0,0,0
177.83098026035114,1,0,0
315.9252560687112,0,1,0
44.31310210866247,1,0,0
453.22802792680477,0,0,0
477.889916139738,0,0,0
1636.1443621210442,0,0,0
1058.8071413960386,0,0,0
573.9829803162735,0,0,0
1055.8803776365037,1,0,1
54.22743742631714,0,0,0
198.78213504911133,1,0,0
986.0370708297131,0,0,0
1025.4551934393637,1,0,0
1487.8162922786762,0,0,0
515.8377619943102,1,0,0
1282.129307560381,0,0,0
1151.9508285983968,0,0,0
3307.526136082076,0,0,0
242.2374684962062,1,0,0
802.2470427625897,1,0,1
920.7115947804023,1,0,0
6606.085197157936,0,0,0
224.6248255677366,0,0,0
740.695957500754,1,0,0
424.9313128026416,0,0,0
746.3221780914471,0,0,0
264.133010510977,1,0,0
48.78316154281297,0,0,0
849.9541108602357,1,0,1
409.25374974715425,0,0,0
200.8213089407662,1,0,0
391.4668910288846,1,0,0
50.53589859758443,1,0,0
3004.616301730064,0,0,0
870.2374404151466,0,0,0
1686.1498638695784,1,0,0
550.1178818946188,0,0,0
2336.293569167095,1,0,1
660.3281095561447,0,0,0
853.1875893075127,0,0,0
676.8683625594961,0,1,0
1321.5494707816013,0,0,0
836.2235881962472,1,0,0
316.90345334339185,1,0,0
157.285040015823,0,0,0
931.7201273552266,1,0,0
671.7379260455142,1,0,0
100.89903476561803,1,0,0
503.54794673979706,0,0,0
723.1455086997818,0,0,0
1753.8467293235176,1,0,1
79.15258110656937,0,0,0
428.47074237519547,1,0,0
1729.6646216761005,1,0,0
1045.3291808220756,1,0,1
342.43160898484507,1,0,0
1866.4945802924315,1,0,1
679.8234974719649,0,0,0
689.8563837969517,0,0,0
3754.4783431259298,0,0,0
2939.663959232721,0,0,0
443.9970445795311,0,0,0
151.49652199604594,0,0,0
394.0308277807177,0,0,0
30.957538137391065,0,0,0
20.98657232718442,1,0,1
503.39022870683306,1,0,0
2830.553869448867,1,1,1
2050.7168054831,0,0,1
716.2987906359539,0,0,0
832.9297998417804,0,0,0
5.951169881545696,0,0,0
242.71018014826834,0,0,0
25.08617013172549,0,0,0
1404.6193740232873,0,0,0
157.40941243102887,1,0,0
2032.9175813302345,1,0,1
1030.928351754578,0,0,0
260.6100834135448,0,0,0
171.64315491012147,0,0,0
987.8530647883637,0,0,0
2310.990119297018,1,0,1
1267.126396615918,1,0,0
428.5494914329475,0,0,0
885.2369197283101,0,0,0
372.16819748105655,0,0,0
7069.764666152594,0,0,0
1381.6618615814355,1,0,0
952.9071026405827,1,0,1
550.3622342703572,0,0,0
962.7334154647548,0,0,0
417.96702613092594,1,0,0
29.28962311526798,0,0,0
502.673149601658,1,0,0
2666.1525872180105,0,0,0
984.3048720477485,0,0,0
87.69055638436785,1,0,0
2162.76761646551,0,0,1
313.1706291550462,0,1,0
279.4090459464523,0,0,0
352.5277963699732,0,0,0
860.8613138504602,1,0,1
786.7725859487988,0,0,0
676.1204704472749,1,0,0
1264.2072272204268,0,1,0
380.5838274654497,0,0,0
1523.5562305167043,1,0,0
192.7618818695488,1,0,0
1526.111934796684,0,0,0
1090.0791157177762,0,0,0
1149.5108490184023,0,0,0
656.9182404677522,1,0,0
1099.6173916575246,0,0,0
83.16103170219137,0,0,0
1907.514602552227,0,0,0
57.149602277454555,0,0,0
161.03944784891274,1,0,0
859.886080437977,0,0,0
1344.8125732648323,0,0,0
79.31550019477619,0,0,0
2535.3348126864103,0,0,1
3634.681038108119,0,0,0
931.2779132327234,0,0,0
656.3205913757738,0,0,0
1352.4533707597075,1,0,0
398.02885419752107,1,0,0
679.7659777362212,0,0,0
2478.7380366364546,0,0,1
3115.764905590467,0,0,0
2618.243081549165,0,0,0
304.4187755712214,1,0,0
264.57646185457236,1,0,0
353.3440773381859,1,0,0
582.1625124382311,0,0,0
377.12172301013163,1,0,0
468.74489496671777,0,0,0
969.2616224310772,1,0,1
1437.695775432088,0,0,0
1330.134083152877,0,0,0
1684.2884444895549,0,0,0
32.71370904230041,0,0,0
48.910650590323186,1,0,0
1557.713774144104,1,0,0
761.5948199799865,1,0,0
863.0833706668407,1,0,0
54.02001927726096,0,0,0
294.79235896213686,0,0,0
1017.0902892153955,0,0,0
1960.2862221561759,1,0,1
2488.7146572306583,0,0,0
693.9865243806014,0,0,0
788.5006733262977,0,0,0
1790.0587027655704,1,0,0
771.3781653475552,1,0,1
727.4457604284431,0,0,0
2354.7633868881985,1,0,0
1560.327423649696,0,0,0
2397.693083214302,0,0,1
246.2165151823403,1,0,0
743.1265735579989,0,0,0
1848.1528750602422,0,0,0
117.82434240999322,1,0,0
1583.098628517097,1,0,0
202.08360621322774,1,0,0
1650.878613862555,0,0,0
946.7523557454638,0,0,0
214.72408406678554,0,0,0
641.2270234242309,1,0,0
1145.4057219834924,0,0,0
1004.7201161707673,0,0,0
557.3010623863181,0,0,0
2296.2703621499863,1,0,0
732.4357981533971,0,0,0
704.9511714076971,0,0,0
64.27251912346195,0,1,0
2552.59110359643,0,0,1
194.94072707113364,0,0,0
751.5068428874541,0,0,0
1627.4369343463457,1,0,0
242.649150845949,0,0,0
749.4493986254377,0,0,0
275.3384483698242,0,0,0
1425.8463199766059,1,0,0
830.8958370641167,0,1,0
1937.774357310668,1,0,0
2249.594267563071,1,0,1
1046.210034373343,0,0,0
1292.407907638329,0,0,0
796.776084959762,1,0,0
485.20455300500265,1,0,0
1044.4591680938672,1,0,0
2389.1088451174132,1,0,0
539.0200103200717,0,0,0
377.47553603799247,1,0,0
491.7372033381197,0,0,0
571.6335658842729,0,0,0
76.407105882527,1,0,0
690.0357070879264,0,1,0
681.8398461993086,0,0,0
887.8097618397779,0,0,0
450.7031365805318,0,0,0
949.6086503337103,1,0,0
2105.508842970358,0,0,1
3111.614403218712,1,0,0
876.138280186205,0,1,0
43.52455353098628,0,0,0
3481.4100149532733,0,0,0
1223.7064410492912,0,0,0
409.4183848500809,0,0,0
159.1806266173542,1,0,0
154.8059420736677,0,0,0
183.61568117933297,0,0,0
46.64361734489077,0,0,0
2324.3623929332625,0,0,0
778.2002569865851,0,0,0
1203.8375225230557,1,0,0
1760.8918690885296,0,0,0
1568.012930146876,0,0,0
2142.2162750254543,0,0,0
3418.993472662939,0,0,0
578.1602543623935,0,0,0
3002.4642156821396,1,0,1
1284.7850659347746,1,0,0
73.2894352705433,0,0,0
1145.0221198980412,1,0,1
1160.6472570463284,0,0,0
2362.978231900317,1,0,1
466.70050253242937,1,0,0
879.2635291294249,0,0,0
12.262428213320169,0,0,0
403.57974978563874,0,0,0
64.26519972930357,0,0,0
737.8788344414825,0,0,0
1700.7183005549507,1,0,1
231.22951998404574,0,0,0
749.5927685253428,0,0,0
228.16694308451284,1,0,1
128.61602753049434,1,0,0
715.3862290673175,0,0,0
82.45662485759347,1,0,0
885.1667259265456,1,0,0
31.838984379123094,0,0,0
112.84956859432859,0,0,0
798.5021084275119,1,0,0
895.0367389533823,1,0,0
29.415350527804332,0,0,0
851.8540628019821,0,0,0
1823.2657731205468,1,0,0
1281.27214093576,1,0,0
140.62518437025855,1,0,0
897.6521336686494,1,0,1
1115.5117843589192,1,0,1
37.94198090234879,1,0,0
1933.4221307429125,1,0,0
2367.309202443584,1,0,0
1900.1396953741698,0,0,0
1740.865622146904,1,1,1
1366.3552665118502,0,0,0
1003.5713213217346,0,0,0
1135.1528521965697,0,0,0
1641.9367931489303,0,0,0
1086.1852008616281,0,0,0
397.0907065211514,1,0,0
471.542576275653,1,0,1
2273.5843918239957,1,1,0
17.270363696764633,1,1,0
1200.0491162153653,0,0,0
3096.1616876619837,0,0,0
1224.9519012483086,0,0,0
5101.4337254059055,0,0,0
1163.2945178218417,1,1,1
34.967322045345526,0,0,0
1754.5208054621091,0,0,0
334.955264520468,0,0,0
590.6938929933715,0,0,0
374.10004867604914,0,0,0
312.73202736787886,1,0,1
564.5881108914995,0,0,0
476.02403306805877,0,0,0
1003.3164230823857,0,1,1
1677.4555506201937,1,0,0
352.5245020756007,0,0,0
240.4437820659921,0,0,0
1099.2983365561822,0,0,0
1109.632991632442,1,0,1
2313.9619576532386,1,0,1
16.07418675937529,0,1,0
1917.5993435053263,1,0,0
736.059218008144,0,0,0
971.0164607838188,0,0,0
95.81889379490433,0,0,0
566.7170750221751,0,0,0
257.8675194072598,1,0,0
293.33137318772583,1,1,0
701.3711341059054,0,0,0
1673.74152998028,0,0,0
1361.7224588190295,0,0,0
894.0400229049976,0,0,0
775.2647903206167,1,0,0
557.4038118197531,1,0,0
3601.2339754600994,1,0,0
821.4182711144562,0,0,0
292.98463731584405,1,0,1
261.4826828268544,0,0,0
945.0838815484382,1,0,0
739.877275482845,0,0,0
7.727583970582781,0,0,0
1772.34145821535,0,0,0
1217.8092690077744,0,0,0
1084.2044508751003,1,0,1
71.26043084789673,1,0,0
449.5045389244646,1,0,0
2739.266304230059,0,0,0
1984.7806005225093,0,0,0
336.2323784068413,1,0,0
170.85817407136204,1,0,0
596.1801144566429,0,0,0
439.7932003960753,1,0,0
1146.4160261402394,1,0,0
3394.2657634611355,1,0,0
450.9878996803218,0,1,1
64.24434857295466,1,0,0
2279.005375953339,0,0,0
38.6885742137902,1,0,1
3052.6391293431952,0,0,0
1092.3700957823926,1,0,0
2841.968098843627,1,0,1
222.71825007882583,0,0,0
41.551213725346045,1,0,0
669.8408518835754,0,0,0
598.9711246676793,0,0,0
402.70732417467417,0,0,0
3161.9397476985755,0,1,1
1729.2565118534385,1,0,0
1083.4735243386133,0,0,0
177.76191773095036,1,0,1
1325.4755302800481,0,0,0
1298.3291064485852,1,0,0
553.50380802436,0,0,0
2587.416694753777,0,0,0
182.69508522182517,1,0,0
311.07020487576534,0,0,0
65.31144830283677,1,0,0
1586.947518937366,0,0,0
972.2247411500365,0,0,0
378.24929952593925,1,0,0
178.90380029639672,1,0,0
40.97593348152028,0,0,0
182.4162436277353,1,0,0
603.826989220295,0,0,0
283.92509740982655,0,0,0
299.7306019266681,0,0,0
2084.0631381653475,1,0,1
723.8902911477193,0,0,0
1306.566680767166,0,0,0
36.36418390975069,1,0,1
454.38756622094945,0,0,0
652.3303330521843,0,0,0
206.30715128906064,0,0,0
128.05105593498692,0,0,0
2042.5603206966114,0,0,1
2803.982421480307,0,0,0
82.08538206226592,0,0,0
429.27438149152135,0,0,0
3176.909560741561,1,0,1
86.82419429027513,1,0,0
1031.8176756422397,1,0,1
3583.4882937378643,0,0,0
3826.931613744249,0,1,0
637.1891118864978,1,0,1
177.63150165581473,1,1,1
225.75234498097856,0,0,0
2203.6577822153176,0,0,0
2426.822713446506,1,0,0
936.1864553812171,0,0,0
1453.1882917961289,0,0,0
1346.8092654972274,0,0,0
1084.1817061450295,1,0,0
1756.0658624998916,1,0,0
1156.474340837416,1,0,1
763.5745928247394,1,0,0
270.440057443371,0,0,0
1362.1409928951205,1,0,1
641.3859445668688,0,0,0
349.2620361392807,0,0,0
1619.216950454689,1,0,0
1193.0777065492762,0,0,0
2770.0250213263166,0,0,1
180.85260425587114,1,0,0
1047.508473444608,1,0,1
280.03070971100516,0,0,0
2339.0725919197957,0,0,0
104.80446390172449,0,0,0
1067.5840998385838,1,0,0
1565.8312620040106,0,0,0
438.3775910188924,1,0,0
3082.1201224426054,0,0,0
1902.0031185740568,0,0,0
349.0162037975306,0,0,0
7.5696705182303194,0,0,0
351.9108476001698,1,0,1
330.325823238801,1,0,0
2206.953214948413,0,0,1
3414.926544434651,0,0,0
73.04390797729,1,0,0
637.3243343119617,0,0,0
794.8078790562273,1,0,1
97.51543706034644,0,0,0
474.0079705496806,0,0,0
381.3810963747306,0,0,0
767.9921874230664,0,0,0
1082.3184562696267,0,0,0
1215.6578442556934,1,0,1
147.05676214789383,0,0,0
1676.367032482224,0,0,0
1134.8884741482636,0,0,0
2198.9002311807726,1,0,0
596.6305641301865,1,0,1
2243.2767509497794,1,0,0
2008.2312440923506,0,0,0
576.9820438574488,1,0,0
479.8815602332906,1,0,0
2700.2608416388716,0,0,1
1255.8442817534337,0,0,0
2634.502568439682,1,0,0
1594.4250657651878,0,0,0
939.8087227870091,0,0,0
123.131688360103,0,0,0
344.5779408714633,0,0,0
3468.697310590952,0,0,0
384.81298690207706,1,0,0
97.8938714267323,1,0,0
1229.4730423489575,0,0,0
1324.2749648534805,0,0,0
336.1131095170827,1,0,0
353.3547182025797,1,0,0
632.79174416366,0,0,0
22.029834439208578,1,0,0
1557.4291732537483,1,0,0
381.39042387052916,0,0,0
1922.527383221575,0,0,0
1622.6772753081511,0,0,0
1082.9418137866078,1,0,0
392.8572232156129,0,0,0
726.324639270438,0,0,0
588.4795685807632,0,0,0
413.8227656058821,1,0,0
1884.7718005105808,0,0,0
660.6936876656509,1,0,0
1788.1047426675357,1,0,0
111.17569569219796,1,0,0
152.01521492338955,1,0,1
3786.2852531661965,0,0,0
886.1701035206595,1,0,0
712.8799442347046,1,0,0
740.5660180304219,1,0,0
242.41400713065008,1,0,0
1268.3476037625403,1,1,0
88.59148695676207,0,0,0
851.7296635759836,0,0,0
845.7595695306063,0,1,1
2455.601364729835,0,0,0
746.933707005627,1,0,0
147.41323940703546,0,0,0
850.3935854489156,0,0,0
95.77069462686602,1,0,0
227.89712579319618,1,0,0
31.602731355285464,1,0,0
720.094176405741,1,0,0
88.32054116419303,0,0,0
633.7362427837886,1,0,0
2702.242627612961,0,0,0
1272.113942281367,1,0,1
80.5721615535765,0,0,0
253.87317191503723,1,0,0
1119.8229115990016,1,0,1
2250.959533542391,0,0,0
33.47259551531117,1,0,0
1673.7158367064858,1,0,0
825.1115281287325,1,0,0
789.8592582160925,0,0,0
3165.647494263646,0,0,0
1376.9169174908127,0,0,0
1897.9127527507144,0,0,0
436.9489169330635,0,0,0
808.2528953045523,1,0,0
955.5662078390957,0,0,0
387.99452196987784,1,0,0
844.5472716045538,0,0,0
270.04568450348523,0,0,0
154.75581246269815,0,0,0
468.3573998689209,1,0,0
1344.3451765034706,1,0,0
2479.1689189797794,0,0,0
611.9618364024637,0,0,0
1029.5257487393926,0,0,0
108.74081240119267,1,0,1
2348.249611885525,1,0,1
840.7293122744429,1,0,0
1515.666404984438,0,0,0
1582.0231590691506,0,1,0
296.36032158646873,0,0,0
753.2676424977624,0,0,0
3230.942119709715,0,0,0
93.9091609925839,0,0,0
1149.0109245279666,0,0,0
3277.142800926101,0,0,0
357.4997240535339,0,0,0
1976.5090052909052,0,0,0
2712.9252459709282,1,0,0
1374.7065969187577,1,0,0
263.0913347180644,0,0,0
406.4666877615404,1,0,0
36.46617656934554,1,0,0
1780.5420261266654,0,0,0
1894.5312486307455,0,0,0
1001.6043961562262,1,0,1
434.6794998684584,1,0,1
79.92132831688917,0,0,0
1398.6002080803946,0,0,0
1296.549433589237,1,0,0
2437.288849584736,0,0,0
1311.3057120387339,1,0,0
1764.3093483669918,0,0,0
1370.2423582538318,1,0,0
996.1112659092724,0,0,0
556.8109151058657,0,0,0
2323.9855442826006,1,0,1
1052.5933089930727,0,0,0
508.0882437548212,0,0,0
87.15971000710849,1,0,0
343.48355684910524,0,0,0
784.6633832324279,0,1,0
322.46038080242334,0,0,0
250.0463941847938,1,0,1
749.492190429822,1,0,0
186.1131508855419,1,0,0
1611.4903338362146,0,0,0
662.3622397368578,0,0,0
852.9938577362416,0,1,0
159.4451496938776,1,0,0
392.41513408060854,1,0,1
527.7847591637608,1,0,0
1651.369014059768,1,0,0
1470.3697893313229,0,0,0
252.28593905744685,0,0,0
957.5791935248702,1,0,0
278.9950577574301,0,0,0
4443.659998770632,0,0,0
3039.138398458141,1,0,1
828.42803521972,0,0,0
1200.3213851919818,0,0,0
1616.6155209906335,0,0,0
1276.5378342553142,1,0,0
1203.401937576106,0,0,0
3183.3640956713293,1,0,1
907.4700148025933,0,0,0
1011.4332732329923,1,0,0
1892.2568321269296,0,0,0
1108.331975732574,1,0,0
1320.2543004229988,0,0,0
266.7933504597585,1,0,1
464.0484750120829,1,1,1
159.34907141280667,0,0,0
704.7450613948412,0,0,0
608.3050559449961,0,0,0
5864.942661588827,1,0,0
944.7124618275118,0,0,0
1543.8600403327766,0,0,0
406.4876368490175,1,0,0
1781.0885941250763,1,0,0
954.7326612262557,0,0,0
1193.9971655370375,0,0,0
348.75039478379296,0,0,0
795.4864684938766,0,1,1
1005.2229709394218,0,0,0
889.3924458065097,1,0,1
2467.3855812046595,0,0,0
2285.459226326761,0,0,0
3539.909871657185,0,0,0
1100.898919036762,1,0,1
3572.488680562477,0,0,0
1786.6405932486832,1,0,1
315.85131331461696,0,1,0
557.6301822705201,0,0,0
272.32387195785685,1,0,0
4.2059936338786,0,0,0
208.3149814442974,1,0,1
4.068852853031144,1,0,0
1272.3889184211628,0,0,0
554.314883599383,1,0,1
374.80214928045433,1,0,1
1434.312565926427,1,0,0
1786.6929733393383,0,0,0
3700.9333573801277,0,0,0
1027.2602393216318,0,0,0
619.0215601363368,1,0,1
364.22379582859776,0,0,0
251.43784774363704,0,0,0
239.4329441175605,0,0,0
526.259743922988,1,0,0
4801.958518331362,0,0,0
0.8540620445848283,0,0,0
219.65700791528647,1,0,1
208.73902444830992,0,0,0
1262.730680856247,0,0,0
434.6128989654665,0,0,0
611.126377546382,0,0,0
160.90156809673624,0,0,0
519.1888967714922,0,0,0
108.92219748495381,0,0,0
761.5187191611224,1,0,0
103.07243019283868,0,1,0
1563.071546019981,0,0,0
836.0981528330227,0,0,0
1287.2380206675527,0,0,0
542.1724873907024,1,0,0
480.44401003320024,0,0,0
103.37237005067952,0,0,0
742.034124202287,1,0,0
722.5804502866351,1,0,0
631.3036209141329,1,0,0
1349.0693483696793,1,0,0
1786.7981969119257,0,0,0
1389.458060136255,1,0,0
155.32807262352696,1,0,0
973.0185277195105,0,0,0
83.73287246130855,1,0,1
1186.2058667272743,0,0,0
481.0064938610582,1,0,0
142.13856401059195,0,0,0
1980.8701905608839,0,0,0
951.939513478487,0,0,0
438.07864678878536,0,0,0
31.20915837037152,0,0,0
770.6985553565048,0,0,0
2566.887655068258,1,0,0
907.2810232237289,1,0,0
3563.1495760020475,0,0,0
146.7047741620224,1,0,0
840.036200893757,0,0,0
1600.106822807991,1,0,0
745.5795047129725,0,0,0
95.48318635531504,1,0,1
874.3957169595687,1,0,0
946.0746670005703,0,0,0
1304.564149376204,0,0,0
1432.177119587304,1,0,0
1473.0411398559208,1,0,0
1088.991894333948,0,0,0
243.10545397782653,0,0,0
517.9102536617211,1,0,1
1496.6896304142115,1,0,1
3066.733948496548,0,0,1
82.23766005968626,1,0,0
766.8726857343689,0,0,0
374.72584461966545,1,0,0
255.40062956336658,1,0,0
704.8366034672749,0,0,0
931.6311480780448,0,0,0
9.82029304212679,1,0,0
1515.0671382839994,0,0,0
1714.1438160607402,1,0,0
3367.1097597686685,1,0,1
199.23628754743183,0,0,0
902.7640374067016,1,0,1
556.2159774299915,0,0,0
407.70940198572094,1,0,0
833.8665193991349,1,0,0
1525.0190704356235,1,1,1
23.322654443040946,0,0,0
3486.758948664122,0,0,0
1660.1081678229243,0,0,0
1390.919856832645,0,0,0
1428.7317521095063,0,0,0
492.7576858251718,1,0,0
1392.7976652149864,0,0,0
489.0155496730286,0,0,0
2289.7362892973515,0,0,0
195.06932539746592,0,0,0
345.80201789532845,1,0,1
801.4844394340332,0,0,0
384.5029120295536,0,0,0
552.0595873270222,0,0,0
678.1062435077647,0,0,0
1940.398806139808,0,0,0
740.6419167369082,1,0,1
450.13802136747904,1,0,0
284.66817086627304,0,0,0
525.3911525803614,0,0,0
725.1252820408934,1,0,0
1370.8733079475385,0,0,0
129.0258733625988,0,0,0
250.5265521871407,0,0,0
477.47791766732234,1,0,0
446.9098044662138,1,1,0
497.1661532300843,0,0,0
1577.5578483499528,0,0,0
391.7906357767439,1,0,0
696.9507658332109,1,0,0
977.9189131167279,1,0,0
264.1980600820434,1,0,1
1268.3171652828423,1,0,0
792.1089226344656,0,0,0
592.0016288518354,0,0,0
1659.5951510002094,0,0,0
279.0464789989832,0,0,0
2147.086498705986,1,0,1
823.3668865722738,1,0,0
939.4950808887402,1,1,1
2079.913366323121,1,0,1
1701.4582927391593,0,0,0
920.2035490233915,1,0,0
1399.1271658588275,0,0,0
567.9596089035523,1,0,0
792.6973943166502,0,0,0
64.0801053818764,0,0,0
94.15455759301341,0,0,0
1768.582565835455,0,1,0
61.526162244561895,0,0,0
185.60589509233137,0,0,0
1588.8153221369416,0,0,0
1.1466077317308827,1,0,1
331.84900064964796,1,0,0
877.1629505067392,1,0,0
904.9797713284673,1,0,0
1501.2694298406388,0,0,0
705.0704905312107,1,0,0
712.129957868169,0,0,0
1292.114185132008,0,0,0
690.3998843689998,1,0,1
937.7469964122836,0,0,0
2280.56989812441,0,0,0
513.2468987083988,1,0,1
486.3363992058912,1,0,0
3.5553044764299413,1,0,1
950.4326439545116,0,0,0
30.224088124475006,1,0,0
701.4787715309373,1,0,1
1630.834132889985,1,0,0
798.3323127531576,1,0,0
314.2124651888544,0,0,0
1542.5665899386154,0,0,0
314.32315432225244,1,0,0
1320.6256574264119,1,0,1
942.2714651608529,0,0,0
186.32511645205088,1,0,1
2355.288590136426,0,0,0
223.94847887799347,0,0,0
4564.707373470272,0,0,0
7.337341227451716,0,0,0
305.8234732634165,0,0,0
222.96893815272375,1,0,1
14.092241004738709,0,0,0
1318.1420033155982,0,0,0
1182.295471661685,1,0,0
1571.9059530525924,0,0,0
296.653591736274,1,0,1
587.5899849942261,1,0,0
1076.2057651058615,0,0,0
579.4051947593294,1,0,1
1195.0982014247452,1,0,1
1005.0492936856725,1,0,0
121.76975045354858,0,0,0
1518.8804684477968,0,0,0
1275.3841661920708,0,0,0
1066.6323061148753,1,0,1
168.52943441322347,1,0,0
311.96991366013935,1,0,1
499.5181805227338,0,1,1
328.40632404964697,0,0,0
258.5250216797155,0,0,0
1636.591610591743,0,0,0
1016.7528375779016,1,0,0
833.4951972086606,0,0,0
256.1223101699417,0,0,0
2501.9701540772994,1,0,1
212.18264104238466,0,0,0
1584.5059764091209,1,0,0
3401.3773990230998,0,0,0
1298.623208985289,1,0,0
4941.870974573477,0,0,0
1052.8298344925668,0,0,0
245.21067875151732,1,0,0
227.92935215763316,1,0,0
392.3972915515211,0,0,0
7.1555602883880365,1,0,1
1144.7561381798307,1,0,0
312.88745547780877,0,1,1
1688.3903895440892,1,1,1
444.9952039878546,0,0,0
653.8428044897971,0,0,0
3372.2868446555067,0,0,0
277.29899438551587,0,0,0
1277.4546556153582,0,0,0
1406.9779567208204,0,0,0
249.74186793271622,0,0,0
695.1428437961948,1,0,1
431.09361868314915,1,0,1
1477.998521395152,0,0,0
974.1405232667688,0,0,0
646.2312571315673,1,0,1
1511.2376631236787,0,0,0
268.08282532407253,0,0,0
1400.887852338707,0,0,0
2005.2570337160346,1,0,1
2108.8423141031467,0,0,0
1530.9668684984842,0,0,0
524.272575124795,1,0,0
4006.774590755902,0,0,0
477.38060244280956,0,1,0
1017.8401830458928,1,0,1
175.63298890205297,0,0,0
3934.723658403173,1,0,1
1217.3482645210483,0,0,0
1399.896635002266,0,0,0
68.03979375037306,0,0,0
1441.4596228366024,1,0,0
1490.426428165786,0,0,0
1114.0490031152865,0,0,0
345.18352929885714,1,0,0
672.7369774065036,1,0,1
117.02199304509575,0,0,0
637.8772298340347,0,0,0
279.4809307368896,0,0,0
429.3946286619886,0,0,0
177.45391310165368,1,0,0
261.4353740907344,1,0,0
79.65881001013422,0,0,0
2524.496484190927,0,0,0
755.8967704704501,1,0,0
505.4102654279565,1,0,0
765.780698526913,0,0,0
989.6499841465999,0,0,0
2549.493727232078,0,0,0
196.85824710431135,1,0,0
350.34146941967987,0,0,0
3720.962095938438,1,0,1
463.9308843805563,0,0,0
22.820058940069643,1,0,0
159.750403800818,0,0,0
26.691778884571924,0,0,0
4597.5138130305895,0,0,0
326.9370301258951,0,0,0
2571.023608599444,0,0,0
5493.426519583705,1,0,1
915.8938634946151,0,0,0
33.75981868465049,0,0,0
85.11314020370783,0,0,0
656.9870213349188,0,0,0
521.1655855831133,0,0,0
931.8544856457322,0,0,0
577.7631263133117,0,1,0
2719.2655982774386,0,0,0
765.1582781984818,0,1,0
1183.275353524804,0,0,0
2268.041383090234,0,1,0
158.84553858850802,1,0,0
261.0202184562152,0,0,0
113.525604425197,0,0,0
150.40251209391676,1,0,0
718.6372432443179,0,0,0
387.3981906490741,0,0,0
550.2126059209048,0,0,0
4044.973526451921,1,0,0
170.43766810788065,1,0,0
778.2957209034537,1,0,0
104.10702943742356,1,0,0
383.4536181226601,1,0,0
749.7723984732598,1,0,0
2930.5392035303703,0,0,0
496.31182909959256,0,1,0
67.10896452741717,1,1,0
491.2868351288962,1,0,1
157.52105836373624,0,0,0
261.35127499349716,0,0,0
962.5719319360653,1,1,1
69.80448597513443,0,0,0
624.97232188767,0,0,0
940.2289432492782,1,0,1
547.9364444123705,0,0,0
19.311625493500898,0,0,0
4234.942480225247,1,0,1
457.4677603576845,0,0,0
1507.6812239673836,1,0,1
394.0008132643607,1,0,1
644.3889349826086,1,0,0
491.7808695487571,1,0,0
419.3701813636194,0,0,0
22.09365444777347,0,0,0
446.3198185612415,1,0,0
2202.649177507231,0,0,1
1172.4526213277622,0,0,0
157.14850442791837,1,0,1
894.4191791797508,1,0,0
2227.7639318881274,1,0,0
1204.0862806469815,1,0,0
160.97235236696346,1,0,0
2023.6851967176729,1,0,0
358.8831134212517,0,0,0
605.2757714099779,0,0,0
746.8491834298898,1,0,1
1900.5030635699814,0,0,0
2682.492038539939,1,0,0
2654.313403018302,1,0,0
7.985984536630004,1,0,0
2549.617801319193,1,0,1
55.92184858601478,1,0,0
308.9379284451758,0,0,0
723.5813465599118,0,0,0
653.7835718559388,0,0,0
928.135084820959,0,0,0
652.8620893215168,0,0,0
2723.808914549437,1,0,1
275.159275294594,0,0,0
320.2392785629398,0,0,0
2534.9956468082646,0,0,0
79.84386733428127,0,0,0
940.4830757508644,0,0,0
1144.8739013267043,0,0,0
704.2925064634458,1,0,0
1184.928238217369,0,1,1
189.65394840889968,0,0,0
1914.8239986591448,0,0,0
150.85276165735624,1,0,0
512.1806152119956,1,0,1
78.24006815543125,1,0,0
787.9218771592763,1,0,0
1107.8926405070351,0,0,0
2833.981435582942,0,0,0
1344.5238088634478,0,0,0
778.929312916757,1,0,0
2697.362773214399,0,0,0
650.9248959421298,1,1,1
823.7244337517191,0,0,0
906.5843111361648,0,0,0
527.598379768639,0,0,0
1823.142962903718,1,0,0
204.78306492933498,0,0,0
809.326431303269,1,0,1
1280.9735685249134,0,0,0
2343.1589086942245,0,0,0
2153.4618561863076,0,0,0
710.7823489307076,0,0,0
1030.4718436507467,0,0,0
501.267673727838,0,0,0
631.4459862302087,0,0,0
2367.2920824341327,1,0,0
2669.367996271502,0,0,0
2257.74613472985,0,0,0
148.93033501824843,1,0,1
1897.6802840283751,1,0,0
2963.5309662235068,0,0,0
448.241659301683,1,0,0
731.1529140970439,1,0,0
1510.0236921592332,0,0,0
825.7147807888025,0,0,0
5033.421187966504,0,1,0
608.2792686052202,0,0,0
1251.563177758032,1,0,0
1573.0632656639389,0,0,0
681.4170795039943,0,0,0
1944.7974083605657,1,0,0
789.9986481941858,1,0,0
530.4346243718013,0,0,0
114.09149088339572,1,0,0
499.9080650371733,1,1,0
1324.0201067504486,1,0,0
2541.939478743659,0,0,0
289.92378836749094,0,0,0
438.8701720154225,0,0,0
167.1898141792312,0,0,0
1173.5176215229924,0,0,0
3223.5977056695433,1,0,0
1024.2998070049437,0,0,0
959.9201270162499,0,0,0
806.2933268491807,1,0,1
92.61512947125478,0,0,0
1307.4973265604724,1,0,0
921.4277627259128,1,0,0
1083.1625593134809,1,0,0
2290.7661430323938,0,0,1
1532.2953463904387,1,0,0
1518.2966475583655,1,0,0
2619.8163936762426,1,1,1
4598.686397547275,1,0,1
870.5593647751296,0,0,0
115.27799393006568,0,0,0
614.5761542484172,1,0,0
1549.2893872826135,1,0,0
28.116926748508966,1,0,0
58.56963799618922,0,0,0
69.51920538650579,0,0,0
1313.1768388048677,0,0,0
695.4831639722746,1,0,1
460.2876918337815,1,0,0
111.6212345242365,0,0,0
1317.6651565203792,1,0,0
387.1633279181424,0,0,0
308.3257886520325,0,0,0
1056.4704659785841,0,0,0
818.7351036064165,1,0,0
450.0608420677861,1,0,0
1025.7916706147746,0,0,0
316.3854619906379,0,0,0
1583.917650266135,1,0,0
260.4806749365273,0,0,0
172.97064759609472,1,0,1
1525.2778902321036,1,0,0
1230.6317871736644,0,0,0
201.67439152098146,0,0,0
123.5762557743466,0,0,0
1822.625492358402,0,0,0
1498.784598263975,1,0,1
396.39244996980693,0,0,0
1073.521925571545,1,0,1
132.57206612287024,0,0,0
707.3427811087417,1,0,0
18.907925562797356,0,0,0
496.9258101888188,1,0,0
77.79163317132821,1,0,0
644.6373988499683,0,0,0
547.6307779440572,0,0,0
587.6797185695826,1,0,0
46.390911828951175,0,0,0
448.8158304201312,0,1,1
1412.572010527346,1,0,0
460.3137257323009,0,0,0
1255.8696232875664,0,0,0
461.2083789185,1,0,0
550.3280751867605,1,0,0
829.8656186039224,0,0,0
3009.4648716736833,0,0,0
115.25423823896365,1,0,0
33.46761342103035,0,0,0
936.3842201819132,1,0,0
2977.8351650851523,0,0,1
4577.859788613965,1,0,1
661.9668730708332,0,0,0
631.2652245033095,1,0,0
1035.5354404750167,0,0,0
811.1084358076788,0,1,0
1005.3625691023817,0,0,0
2071.4688128179905,0,0,0
1371.627130715984,0,0,0
686.9213844838041,1,0,0
619.6448156067087,1,0,0
1020.5456048499452,0,0,0
608.2662594846198,0,0,0
612.08225939971,1,0,0
16.440306061075507,0,0,0
191.2381566688033,0,0,0
670.4343606043813,0,0,0
1729.6496020427564,0,0,0
326.7375819135557,0,0,0
739.4915477062494,1,1,0
423.06215915843944,0,0,0
110.71257858459911,1,0,0
3177.2177736519798,0,0,0
1928.7748914720876,0,0,0
81.74428103454338,0,0,0
1272.2061873982589,1,1,0
427.06660606941875,0,0,0
5268.721101278648,0,0,0
360.107284584827,0,0,0
272.77828156760677,0,1,0
839.0763624241991,0,0,0
1802.5747238798112,0,0,0
213.83559483309637,0,0,0
1235.8170589283031,1,0,0
63.37288943410208,0,0,0
2512.5008080527537,1,0,0
84.55067915203982,0,0,0
2456.1020310266263,0,0,0
674.9286493458384,1,0,1
594.3723057417441,1,0,1
3623.3568985612,1,0,1
4644.345380792131,1,0,0
1050.331185365354,1,1,0
135.95637836379683,0,0,0
705.5641240258363,0,0,0
753.2435314668138,0,0,0
722.4656536415939,1,0,0
842.7889971523817,1,0,1
18.902240836030977,1,0,0
1242.1153413511204,0,0,0
1246.1648409288243,1,0,1
122.69859431874949,0,0,0
844.5270682863242,1,0,1
840.1661108930405,0,1,0
1147.121315959978,1,0,0
89.2659444015158,0,0,0
984.8461292439079,0,0,0
329.5489887492794,1,0,0
707.2521708730008,1,0,0
1484.231620576066,0,0,0
1222.9719381437194,1,0,0
126.58757701373285,1,0,1
894.492027272507,0,0,0
3477.534220133238,0,0,0
170.51485580708464,0,0,0
1916.690835577155,0,0,0
1212.5026823644266,1,0,0
1487.2349387100357,0,0,0
331.22767142687803,1,0,0
339.5213816745746,1,0,0
2364.6674944803112,1,0,0
446.024687206981,1,0,1
65.08842237787897,1,0,0
917.7836046029595,0,0,0
133.32303609435797,1,0,0
1592.5623167178983,1,0,1
1026.514282109782,0,0,0
2077.25597354446,1,0,1
1536.3605594624457,0,0,0
118.91152654324192,0,0,0
479.764191224182,1,0,1
1489.7023393960228,1,0,0
540.1539816690639,1,0,0
3588.6897360971434,0,0,0
1330.8235144626983,1,0,1
15.621296281651134,1,0,0
2120.1443063152265,0,0,1
106.25512110748843,0,0,0
151.43205684394852,1,0,0
1326.1118157758772,0,0,0
2002.2476345515433,0,0,0
768.6245191902432,0,0,0
341.15279950972246,1,0,0
432.8088827517807,0,0,0
419.90282657989974,0,0,0
395.5317632549688,0,0,0
278.2727087816441,0,0,0
938.7078653193886,0,0,0
2306.646515065038,0,0,0
366.8442090622226,0,0,0
206.64822222869185,0,0,0
1823.731158316571,1,0,1
1353.956243744459,0,0,0
2671.2896977450314,1,0,0
180.9461857763324,1,0,0
155.77853720444597,0,0,0
779.6410063495711,0,0,0
953.0419991914498,1,0,1
654.2600650818537,1,0,1
913.7106539492518,0,0,0
198.91417877742316,0,0,0
653.1839626778524,0,0,0
1073.2152245731968,1,0,0
566.8783830355887,1,0,0
1137.708697295304,0,0,0
600.0053144930328,0,0,0
405.86455914152253,0,0,0
361.8383185111093,1,0,0
529.1628256033432,0,0,0
23.36036367744023,1,0,1
1104.2033046482754,0,0,0
1865.0119491382547,1,0,0
437.92698109941415,0,0,0
47.12634203825893,1,0,0
4325.691473188646,0,0,0
306.11526526498824,1,0,0
135.38582151915043,0,0,0
461.64269225249416,1,0,0
1341.539147888474,0,0,0
348.0219137503384,0,0,0
854.9680100673787,0,0,0
537.1011456599832,0,0,0
125.29567631633174,0,0,0
400.9060352305974,0,0,0
1290.5134038361903,0,0,0
946.759984077986,0,0,0
127.58156217510877,0,0,0
178.31647949129123,0,0,0
1023.6904344484375,0,0,0
1678.8706002021374,0,1,0
429.9747749698115,1,0,1
904.6357948944294,0,0,0
187.10528711094517,1,0,1
373.0603646038458,0,0,0
20.478465409831003,1,0,1
1462.208045419662,0,0,0
512.5100746120273,1,0,0
1693.5022198693662,0,0,0
1232.279676903249,0,0,0
1764.5973176031905,0,0,0
336.3943770683825,0,0,0
204.70058620929746,0,0,0
3572.1879526904154,0,0,0
1263.4673107331607,1,0,1
1796.022149112593,0,0,0
13.220379084792604,0,0,0
437.6706131366771,1,0,0
1357.9661821043226,1,0,0
81.19143628215963,0,0,0
837.8029160392571,1,0,1
560.493516072343,0,0,0
17.77352460207717,0,0,0
269.1555232054171,0,0,0
335.1818542162037,0,0,0
118.62583034768984,0,0,0
998.4147344932152,0,0,0
277.5969338563954,0,0,0
325.2032700722851,0,0,0
2285.124403936341,1,0,1
629.4648246268641,1,0,0
497.79118727224153,1,0,0
1286.8872699105273,1,0,0
2403.6636436178783,1,0,0
25.35507661459648,1,0,0
594.6400193788238,0,0,0
943.6140266263114,0,0,0
383.5516192574455,0,0,0
1480.19950579079,0,0,0
3557.046963265721,0,0,0
2872.22991335328,0,0,0
309.22246233985294,1,1,1
256.6205531723931,0,0,0
3158.0284283672077,0,0,1
613.6495212717723,0,0,0
233.56987082643133,1,0,0
1227.5723069826504,0,0,0
334.662328957982,0,0,0
310.9465712127607,1,0,0
2114.0250616591975,1,1,1
177.309124102439,1,0,0
66.55970525204546,1,0,0
313.59689987714347,0,0,0
933.8067781278727,1,0,1
131.34846654600668,0,0,0
637.8916236383812,1,0,0
987.0810492960098,0,0,0
1888.7351863849472,0,0,0
261.1954163995503,0,0,0
1700.1633966403408,0,0,0
267.7569181933669,0,0,0
1129.380434301172,0,0,0
563.301321271859,1,0,1
121.80752071957211,0,0,0
1252.685091404338,0,0,0
245.5970276581943,1,1,0
194.34162040882626,1,0,0
443.67010587445,0,0,0
1059.2672892756548,0,0,0
266.56851237303533,1,0,1
202.92622911129828,0,0,0
10.003494236813697,0,0,0
637.9832711699839,0,0,0
559.745542654772,1,0,0
266.4004657084526,0,0,0
55.145086190467154,0,0,0
560.8142863905765,1,0,0
1552.1369777001069,0,0,0
1256.256523503557,0,0,0
1971.8068209810028,0,0,0
9.628897108816783,1,0,0
3393.80428223293,1,0,0
417.65751326311033,1,0,0
4645.762633102698,0,1,1
291.18080000291576,0,1,0
637.7813267105521,0,0,0
436.8438257003304,0,0,0
439.685061321464,1,0,0
1846.9472768594703,0,0,0
1372.0717427148743,1,0,0
4847.424595756865,0,0,0
950.661400596083,0,0,0
622.2351467134835,1,0,0
94.3918508390544,0,0,0
5672.696542136989,1,0,1
801.9149452643893,0,0,0
1205.5656378457863,1,0,0
522.1265513698565,1,0,0
793.4443326597618,0,0,0
2857.323104771306,0,0,0
182.02492631105,0,0,0
345.83757286008125,1,0,0
164.94507937131337,0,0,0
1571.2557374363466,0,0,0
64.05358318893875,1,0,1
85.15671595680521,1,0,0
354.5259871546211,1,0,0
721.9339336054662,0,0,0
521.3386938691644,0,0,0
45.85161214998303,1,0,1
3158.052584447195,0,0,0
3054.835361100271,1,0,1
327.61047084905834,1,0,1
1314.9997709569611,0,0,0
864.1144294880963,0,0,0
271.1222070405873,0,0,0
304.04393633793876,0,0,0
675.6082395683322,0,0,0
543.4124220008771,1,0,0
344.22325784877506,0,0,0
1647.7193676150607,0,0,0
656.7437353306069,0,0,0
1063.7705600258048,0,0,0
209.82451992911197,0,0,0
762.5136843740911,0,1,0
382.69050364184324,0,0,0
747.4209339901512,0,0,0
1517.8885840055493,0,0,0
1464.9619251324914,1,0,1
437.29744042465563,0,0,0
1185.076198714846,0,0,0
2835.1443639783975,1,0,0
982.6157276073884,1,0,0
160.65023351895215,0,0,0
1138.5241639697063,0,0,0
110.8247355186711,1,0,0
2056.5879559844843,0,0,1
727.0359650107976,0,0,0
486.36187689440357,0,0,0
58.69598963897813,1,0,0
479.3006886280332,0,0,0
2335.1771704997545,0,0,0
21.20626815128505,0,0,0
643.687065204229,0,0,0
2675.942578659832,0,0,0
502.26404517412413,1,0,0
558.9234806941562,0,0,0
864.0779914046399,1,0,1
621.6404940326738,0,0,0
184.64628637008613,0,0,0
18.729852775844495,0,0,0
941.1257281710283,0,0,0
2535.8621529110715,0,1,1
112.45689441755987,1,0,1
236.92903503023473,0,0,0
462.39978917076246,0,0,0
1654.1331745316636,1,0,0
313.6979927380283,0,0,0
2137.5318140440854,0,0,0
56.52577539204643,0,0,0
2829.4828723283085,0,0,0
822.6798994015204,1,0,0
1075.2210448939688,0,0,0
458.374743655289,1,0,0
1523.2340032845923,1,0,1
182.20106415477153,0,0,0
50.148502836243935,0,0,0
503.3816376204325,1,0,0
1922.0666752883897,1,1,1
1406.1984870486765,0,0,0
728.0615977465347,1,0,0
848.9539743730677,1,0,0
139.13888675819615,0,0,0
1836.8499898171046,1,0,1
1546.2738493260324,0,0,0
1068.4819814761763,0,0,0
627.7172499626265,0,0,0
3337.07586782133,0,0,0
2112.228998684453,1,0,1
1034.0345313101539,0,0,0
464.8982800948468,0,0,0
962.3929932320981,1,0,0
856.7041227963877,0,0,0
501.27469252182675,0,0,0
366.25493109895933,0,0,0
522.5790795384245,0,0,0
853.107987277166,1,0,0
558.852057895884,0,0,0
305.947186281672,0,0,0
1431.1382566554616,0,0,0
758.149800750638,0,0,0
70.07398770997708,0,0,0
459.36681031884086,0,0,0
2162.0708876569684,0,0,0
1407.4629682376585,0,0,0
390.44859829215756,0,0,0
2783.5793310337344,0,0,0
79.69591853323624,0,0,0
3250.229862805341,1,0,0
281.971863417615,1,0,0
9.13578479134652,0,0,0
568.8221001852309,1,0,0
444.67969159196565,1,0,0
774.5503244887672,0,0,0
1593.4310120084094,1,0,0
1847.8905657772941,0,0,0
512.8777272436118,1,0,0
561.8483296893234,0,0,0
160.37737758668501,1,0,0
48.71515630781366,0,0,0
1025.031928474671,0,0,0
66.60746050691043,1,0,1
1323.6205252582708,1,0,1
774.5527974539946,1,0,0
221.37384095834653,1,0,0
775.4922475739122,1,0,1
202.11338926936762,1,0,0
577.5660473309264,0,0,0
1607.2419066319742,0,0,0
619.7467178231789,0,0,0
160.98988531428142,1,0,1
1286.7338877979357,0,0,0
206.73935916022583,0,0,0
1341.511737836005,0,0,0
652.6816448579865,1,0,0
604.6634463599133,0,0,0
1906.732960889926,0,0,0
1233.0704798057325,0,0,0
33.464540580602744,0,0,0
351.22455945169867,0,0,0
2047.3280315039094,0,0,0
18.496172995471337,0,0,0
788.0150399786914,1,0,1
1301.3124958344083,1,0,0
972.4804295891096,0,0,0
1429.3363267220077,1,0,0
1293.5031655294729,1,0,0
1177.7551605629394,1,1,1
1723.3900132078024,0,0,0
1037.584929465843,0,0,0
514.864593194259,1,0,0
638.486869777038,0,1,0
1261.3363545512104,0,0,0
2089.944745046545,0,0,0
317.7548265639231,1,0,0
418.6670656703374,0,0,0
2669.8790245161367,0,0,0
863.9634791782057,1,0,0
197.18566285842155,1,0,1
1089.7372057236175,0,0,0
4684.446704026012,0,0,1
1734.1713463918434,1,0,0
1369.4023835063454,0,0,0
233.25279580464598,1,0,0
2088.6016450917473,1,0,0
746.1025787097165,0,0,0
2200.841308478098,0,0,0
400.2206286008767,0,0,0
64.05975857378769,1,0,1
646.2177343763315,0,0,0
314.4883104264764,0,0,0
1256.0709480487064,0,0,0
3149.0362119420743,0,1,1
1174.3303523519432,0,0,0
2179.782938297147,0,0,0
603.3503780744646,1,0,0
1476.8351761068334,0,0,0
1851.7861786118688,0,0,0
1240.8983290633864,1,0,0
708.8239943239363,1,0,0
983.1415499519352,1,0,0
1205.6642195587988,0,0,0
291.80308982004084,0,1,0
1658.5192387907985,0,1,0
3002.244209606415,1,1,1
625.9359502560524,1,0,0
1207.5364235138068,1,0,0
1335.6997527599324,0,0,0
1085.4420409438549,1,0,1
792.1172880592736,1,0,1
2134.091660322404,0,0,1
595.8874646437598,0,0,0
63.049450605971,0,0,0
1861.4721578708275,0,0,0
1120.8004523836921,0,0,0
1892.1896688904433,1,0,0
149.13529411230718,1,0,0
31.235736234737228,1,0,0
2723.7915543996573,0,0,0
159.8499131406379,0,0,0
1658.9030477151628,1,0,0
1732.7923644131574,0,0,0
1233.41946807348,0,0,0
140.71393813616066,1,0,1
1100.8105768163691,0,0,0
2199.005412023239,0,0,1
554.3102655444145,0,0,0
533.6113485199411,1,0,0
584.9356900388113,0,0,0
85.85410943797442,0,0,0
2225.8608301652202,1,0,0
2033.9548392166953,0,0,0
6170.2667633895,0,0,0
879.9181609705205,0,0,0
1391.0723031330099,0,0,0
226.4890240569662,0,0,0
1101.2020939932927,1,0,0
1049.0591263911817,0,0,0
2314.746097587063,1,0,1
1776.6308235095541,0,0,0
2788.172929515971,0,0,0
2031.2875623214918,0,0,0
2030.2240014112622,0,0,1
65.8442550384685,0,0,0
1870.5556466670357,0,0,0
935.1636974227129,0,0,0
478.7529156953659,1,0,0
58.17441443999061,0,0,0
1132.1911244609291,0,0,0
397.79720754955076,1,0,0
630.6913235112373,0,1,0
1144.8502891034495,1,0,0
2427.859775108598,1,0,0
1745.469087512913,1,0,1
598.9232798224211,0,0,0
490.6687413275005,1,0,0
274.1470703802206,1,0,0
465.89488359507766,1,0,1
117.71022401060127,1,0,0
3544.10430288696,0,0,0
853.1221579661903,1,0,0
136.7432225126858,0,1,0
435.1091983024473,0,0,0
791.9495669912637,0,0,0
761.1811618737798,0,0,0
36.14893935228418,0,0,0
3012.696032526585,1,1,1
322.1019397745638,1,0,1
16.317071221167954,1,0,1
79.52385199856481,1,0,0
867.9647307640568,0,0,0
148.25122334583037,0,0,0
42.62026967063977,0,0,0
477.43350882942957,0,0,0
974.8768500054056,1,0,0
118.6031523069426,1,0,0
375.8982944685883,0,0,0
540.8736986373339,0,0,0
173.7108528840956,0,0,0
705.3693650220943,0,0,0
89.06521583901306,0,0,0
47.63525249905233,0,0,0
733.6262487926724,0,0,0
284.88196009588796,1,0,0
100.23346801092113,0,0,0
551.4958719663293,1,0,1
2466.7611538039637,1,0,1
1288.0519269571812,0,0,0
1690.7342804078244,1,0,1
2055.053277905298,0,0,0
3598.2252381949893,0,0,0
1440.7360740076858,0,0,0
937.5345982022114,1,0,0
454.8011827356383,0,0,0
200.45689633380002,0,0,0
1160.4660138444583,0,0,0
5288.364287568319,0,0,0
629.9070356085299,1,0,0
1286.193377719011,1,0,0
683.3799357593842,0,0,0
565.5166547415755,0,0,0
528.1508653696653,1,0,0
702.4395874146095,1,0,1
457.1200392447838,1,0,0
1381.399647088563,0,0,0
2073.634647106465,0,0,0
2144.601539266134,1,0,1
258.38053750881915,0,0,0
2262.4910952214427,1,0,1
417.868561668428,1,0,0
370.0608010887941,0,0,0
1297.3903201427884,1,0,0
363.4066081002656,0,0,0
54.42071188430464,1,0,0
467.7945068509333,1,0,0
1278.2137096781878,1,1,1
395.9481685864089,1,0,1
993.0612423492981,0,0,0
1079.1610297508355,1,0,0
1323.2670252216085,1,0,0
2274.2937568613947,0,0,1
566.628191184367,0,0,0
182.04008840484695,0,0,0
384.0838971837767,0,0,0
565.9283669583083,1,0,0
1251.3840622720722,0,0,0
13.208981309349841,0,0,0
379.4836436733645,0,0,0
1513.4124476857687,1,0,0
1111.265109050752,1,0,0
1315.7985210425493,0,0,0
1670.3072768432824,1,0,0
1528.944777962388,0,0,0
1146.2800563414671,0,0,0
579.2142713518864,1,0,1
4110.372051669657,0,0,0
841.8170306558469,0,0,0
226.61106791826452,0,0,0
346.45994529108805,0,0,0
1182.7413158887698,0,0,0
2586.8007165210647,0,0,0
196.89133749274737,1,0,0
85.93540595862066,0,0,0
2133.104361530552,0,0,0
2468.379721892735,0,0,0
323.4879815288259,1,0,0
473.66749199513015,1,0,0
1079.3627481134376,1,0,1
400.37312554751264,0,0,0
2096.862067916553,1,0,1
113.81695152908283,0,0,0
38.722347156849835,1,0,1
233.80797308238897,0,0,0
336.995262862551,1,0,0
119.82753943060084,0,0,0
67.94744956732828,0,0,0
1408.9806131557425,1,0,0
179.45754108784013,1,0,1
2452.5037296689648,0,0,1
458.8653491520308,1,0,0
1110.500098678123,0,1,0
255.41124204825394,1,0,0
274.86163129442195,1,0,0
854.9821154884675,0,0,0
822.442814167743,0,0,0
1464.166081810988,0,0,0
1418.0463861776188,0,0,0
1110.7489346983944,1,0,0
596.2574596032568,1,1,0
2213.113618765596,1,0,0
974.3926530276727,0,0,0
4625.218870714351,0,0,0
1711.303530890211,0,0,0
45.321488785850896,1,0,0
386.5362552068435,0,0,0
848.3417434758398,1,0,0
1278.227846319748,0,0,0
799.2557487436236,1,0,0
1542.388900508748,0,0,0
332.199292523633,1,0,0
203.2331494739848,0,0,0
55.42464170454171,1,0,0
851.7063006299737,1,0,0
1166.6754803268254,0,0,0
394.74732496941886,0,0,0
950.8412480193447,1,0,0
53.56664581314762,0,0,0
104.57565296181909,1,0,1
1209.8392189988438,1,0,0
458.97618398335317,0,0,0
1112.7133360813223,0,0,0
1782.1326775194264,1,0,0
1914.7575324970867,1,0,1
188.9446154644638,1,0,0
666.0877561554953,0,0,0
1323.9835330708868,1,0,0
1487.1344261693118,0,0,0
1535.611318962007,1,0,0
258.98750683098183,0,0,0
213.85534273910739,0,0,0
891.6285301698384,0,0,0
1351.2585375616336,0,1,0
384.3978624469027,1,0,0
110.60218128536772,0,0,0
1261.4126091999608,0,0,0
356.2433676240525,0,0,0
181.95689246613975,0,0,0
159.8443076041812,0,0,0
378.2044020311495,0,0,0
898.1514133685902,0,0,0
443.7937116719182,0,0,0
20.87829424379171,0,0,0
101.93132946317598,0,0,0
343.19935913475274,1,0,0
1077.9408687259665,1,0,1
103.71195690953901,1,0,1
822.4745163441131,1,0,0
127.70368767374737,1,0,1
237.76914497497418,0,0,0
188.96984080698323,0,0,0
69.5951623678497,1,0,0
1112.7005154981068,1,0,0
622.5089518697787,0,0,0
1778.1728323940667,0,0,0
104.12887441973174,1,0,1
156.34150015026816,1,0,0
365.94309133760413,0,0,0
1451.8616221678712,1,0,0
364.93586177868593,1,0,1
524.9561705161512,0,0,0
358.9683808517475,1,0,0
83.62543409789146,1,0,1
2804.0153731542227,0,0,0
795.2662710309361,1,0,0
1550.3824655312446,0,0,0
1073.9892165989295,1,0,0
722.0699999491326,1,0,0
93.95717784973134,0,0,0
1029.2734038075428,0,0,0
168.85703875206502,1,0,1
535.0895758946929,1,0,0
991.8582318371359,0,0,0
1524.3112291950677,1,0,0
1155.3260653894095,0,0,0
1113.3205134040552,0,0,0
161.3927511396902,1,0,1
424.8444912942996,1,0,0
43.86022261893419,1,0,0
1271.099180144701,0,0,0
3048.8373412102783,0,0,0
306.67515815873713,1,0,0
91.78278844912847,0,0,0
645.4434668472821,0,0,0
1942.802544556839,1,0,1
802.9044483861816,1,0,0
47.906562360134075,0,0,0
3660.1847349077816,0,0,0
1764.0465052026593,1,0,0
141.0960204709861,1,0,0
2548.456942628958,0,0,0
599.089218280447,0,0,0
465.0526903149169,0,0,0
618.1386564325384,1,0,1
1799.2189634300153,0,0,0
1077.2804731963342,1,0,1
61.07620443923138,0,0,0
3160.7100144211295,0,0,1
159.91541978210785,1,0,0
1368.7214795674113,0,1,1
1010.9765653006089,1,0,1
207.67388592370574,0,0,0
187.21198681280515,0,0,0
2042.7439605232078,0,1,1
544.2013197617968,0,0,0
1062.9841195595811,0,0,0
701.3225154414105,1,0,1
1299.5792572933387,0,0,0
652.4705566810045,1,0,1
338.80684104841555,0,0,0
451.5876428863919,0,0,0
1959.5465649442594,0,0,0
631.1770040276698,1,0,1
240.09813674647904,0,0,0
2727.3154104152813,0,0,1
1592.5830397083325,0,0,0
57.275516520410704,0,0,0
6852.284603505149,0,0,1
1187.203191710998,0,0,0
174.67081733063134,0,0,0
270.71703764080326,0,0,0
1179.1029106753233,1,0,0
1513.0422096554594,1,0,1
273.16915370738525,1,0,0
297.0173157611009,0,0,0
366.8994578348951,0,0,0
911.3488750798725,1,0,1
188.52014235424278,0,0,0
110.08633017703102,0,0,0
1135.8908469724718,1,0,0
1510.0358421766055,1,0,0
695.0077191219177,1,0,0
452.2937160602316,1,0,0
565.7090629591947,1,0,0
491.6896138254045,1,0,0
3218.498601967587,0,0,0
1461.4055049183678,1,0,1
233.3040129915774,1,0,0
484.81542762542944,0,0,0
785.2894245746984,0,0,0
949.2940544844655,0,0,0
631.457518624877,1,1,0
1661.3979290945015,0,0,0
1459.3211556230938,0,0,0
703.5165948452056,0,0,0
1927.0939958825343,1,0,0
1390.6620071842108,1,0,0
1507.7022779698443,0,0,0
3132.7160057001674,0,0,0
309.8826124886152,0,0,0
311.49422799293484,0,0,0
2197.795041235574,0,0,1
1479.403008972029,0,0,0
2611.089676170881,0,0,0
65.21091815853943,0,0,0
988.2086197185541,0,0,0
156.21921224340602,1,0,1
700.9721122260185,0,0,0
169.30298555480087,0,0,0
137.05589236593326,0,0,0
12.242985815091753,0,0,0
994.897920601922,0,0,0
444.7611061318147,0,0,0
111.14195700547948,1,0,1
389.8444154701562,0,0,0
185.05820775150968,0,0,0
2842.0645360673475,1,0,1
385.6696657809555,0,0,0
406.3958260258314,1,0,0
1831.694378572145,0,0,0
1043.4304840106422,0,0,0
1238.4662808200737,0,0,0
1010.6063673713053,0,0,0
2922.4127426117266,1,0,1
231.93310597084664,0,0,0
4513.433816989937,0,0,0
1777.5972932733084,1,0,1
889.095372978303,0,0,0
1085.8094688334409,1,0,1
1046.4731001766263,0,0,0
60.170712911521335,1,0,0
245.92163652631825,1,0,0
3256.3410773879905,0,0,1
764.3519869852289,0,0,0
475.38384188714747,0,1,0
1435.646229249574,0,0,0
743.4282351315651,0,0,0
13.25016847988719,1,0,1
1332.7065686250414,0,0,0
1317.580419394244,0,0,0
180.50166832797206,0,0,0
3138.681323120891,0,0,0
253.48437861684292,0,0,0
612.0269626224439,0,0,0
121.86932961365423,0,0,0
924.5303833866813,0,0,0
470.72568195460246,1,0,0
435.6771227604853,1,0,1
1754.3300357333644,0,0,0
9.607719530113789,1,0,0
1599.2241058601567,0,0,0
847.3445148876915,1,0,0
4275.759500693008,0,0,0
890.2410420036208,1,0,0
56.971632147278754,1,0,0
51.97281620360994,1,0,0
2146.8897756352194,1,0,0
1840.1988116622633,0,0,0
424.47986149901254,0,0,0
962.4197111148188,1,0,1
672.5436134264352,0,0,0
3416.231483631776,0,0,0
2994.9505966808083,0,0,0
4125.154875096344,1,0,1
2013.2702090617406,0,1,0
2402.9756546376843,1,0,0
244.97868568228793,1,0,0
1777.8967364030889,0,0,0
1233.9411124048947,0,0,0
3291.08391753833,1,0,1
846.908869086909,1,1,0
89.01392625606857,0,0,0
909.8090116499676,0,0,0
1160.2140958425316,0,0,0
248.8730192911927,0,0,0
501.0624119246455,0,0,0
912.5562488735158,1,0,0
468.57383160013325,1,0,0
469.9199803262662,1,0,1
142.81623703666466,0,0,0
2825.9341937901977,0,0,0
1388.2738570101621,0,0,0
1.2442125776507196,1,0,1
1450.7828953347337,0,0,0
1346.2854688838986,1,0,0
9.77861535419651,1,1,1
461.40755774242336,1,0,0
933.3038637629191,0,0,0
602.850733732064,1,0,0
1505.0153707786662,0,1,0
554.1826562718948,1,0,1
167.073957851535,0,0,0
3747.170831700679,0,0,1
277.12465564993886,0,0,0
1264.7577054869707,0,0,0
154.4997710272522,1,0,0
399.00494067289065,0,0,0
583.4457952987544,1,0,0
213.48039600766515,0,0,0
597.7635059448111,0,0,0
170.98148671950824,0,0,0
818.7252312776254,0,0,0
1089.7910678520914,1,0,0
64.46842655746514,0,0,0
2048.9675939013905,1,0,1
204.74004576641693,0,0,0
255.3600045836953,0,0,0
1082.7876811024166,0,0,0
632.524554857341,1,0,1
691.9391089145664,1,0,0
137.14360546057006,0,0,0
1638.5363033447122,0,0,0
959.8619345694783,1,0,1
145.46753818039232,1,0,1
468.4038967413293,0,0,0
1662.8910783764925,1,0,1
840.1518943645801,0,0,0
115.0167419020615,0,0,0
466.45321270313696,1,0,0
277.98840615887536,1,0,0
728.7029693600998,1,0,0
1853.8123070184847,0,0,0
573.174782958731,0,0,0
567.999385432522,1,0,0
2357.5789346742754,1,0,0
858.4592130401576,1,0,0
835.151135381807,0,0,0
303.689364105161,0,0,0
935.7864132677207,0,0,0
857.8106842902603,0,0,0
505.5917947451888,0,0,0
4677.264207414442,0,0,0
2136.1470553018958,1,0,0
1384.6408891656397,1,0,0
770.7749148586608,1,0,0
620.0078809366062,1,0,0
204.4412782337819,0,0,0
364.90511048715786,1,0,1
1487.0468426412397,1,0,0
604.6766175857066,1,0,1
2139.35730563614,0,0,0
160.06445752776145,0,0,0
709.9822911602489,1,0,1
1041.1900143694352,1,0,0
727.424919484335,1,0,1
2200.2712379619197,1,0,0
4562.425097396588,0,0,0
123.11119575856009,1,0,0
139.21023428251976,1,0,1
139.63468106736167,1,0,1
1143.1194904514139,1,0,1
466.29227763249304,0,0,0
1321.6858221807706,1,0,0
519.9865789512069,0,0,0
987.8047824318566,1,0,1
1469.0587939378047,1,0,1
794.5508917146864,1,0,0
775.4502201684329,1,0,0
92.37225754163039,0,0,0
528.9586086371925,0,0,0
789.1673494417394,1,0,0
619.8610794301829,0,0,0
2310.435831437865,0,0,0
2370.121512616647,1,0,0
1725.5076823804766,0,1,1
470.4806636055274,0,0,0
1263.3660135355358,0,0,0
503.00372981062947,0,0,0
264.7387600205425,0,0,0
419.9230881436005,0,0,0
73.60847123258034,1,0,0
403.1340905487832,0,0,0
617.5615612925344,0,0,0
3111.8368511781605,0,0,1
376.01881639902984,1,0,1
2327.426493509378,0,0,0
259.8831036648181,0,0,0
211.91791737123677,1,0,0
731.8785628340147,0,0,0
1116.301939921351,0,0,0
45.34496901790015,1,0,0
249.82878745265165,0,0,0
608.2247057271408,0,1,1
401.9777001651685,0,0,0
1246.9536530108098,1,0,0
715.7212607104311,1,0,0
174.78098522311686,0,0,0
2248.7162217473247,0,0,0
346.5912068266677,0,0,0
1313.5314121151123,1,0,0
1513.7449836393794,0,0,0
3301.1086443561635,0,0,0
690.1665600740336,1,0,1
956.6844729632946,0,0,0
407.78223078395206,0,0,0
1133.760700353725,1,0,0
622.4715659634606,1,0,0
575.6350522168298,1,0,0
1934.2510846743396,1,0,0
51.47104018201801,0,0,0
2136.7522969931024,0,0,0
1911.014993807093,0,0,0
705.9614407412923,0,0,0
673.7423857329784,0,0,0
449.11511023047683,0,0,0
5145.388864430246,0,0,1
117.8485371496308,0,0,0
892.1232220739474,0,0,0
1144.7031082027092,0,0,0
2723.113203904046,1,0,0
1515.0531464056005,0,0,0
1032.3954346269343,0,0,0
124.21754922244766,1,0,0
467.97930650064427,1,0,1
149.47686875761838,0,0,0
2130.4210534329486,0,0,0
1384.7801304006791,1,0,1
1416.9052782448289,0,0,0
1056.290191053136,0,0,0
707.3344190554733,1,0,0
162.48488238738108,0,0,0
400.0222772795031,0,0,0
147.24301731343962,0,0,0
1290.6683870105392,0,0,0
174.6257766465788,1,0,1
1211.0429059358241,0,0,0
1178.4850269739477,0,0,0
614.8989663186837,1,0,0
145.29014701510894,0,0,0
378.0457182159649,0,0,0
385.7994152981886,0,0,0
1205.2574062180627,0,0,0
120.7483246237723,1,0,0
1766.493242938209,0,0,0
1431.3222303857813,0,0,0
206.1720334347223,1,0,1
1269.9857693579177,0,0,0
1104.167233247311,0,0,0
1378.8056719226445,0,0,0
209.39913435555493,0,0,0
171.48882981011553,0,0,0
269.82117998251476,0,0,0
455.50398405336836,0,0,0
1578.254125544099,0,0,0
1339.120502388054,0,0,0
2596.306596531118,1,0,1
60.41854959305296,1,0,0
11.623573767973305,0,0,0
1201.1063488735815,1,0,0
327.5149671178426,1,0,0
406.5840772213854,1,0,1
791.4262200821261,0,0,0
108.04536455988507,1,1,1
1029.1638872851966,1,0,0
393.2610508318134,0,0,0
1001.617503974067,1,0,0
1795.8091365131684,1,0,1
187.66943122204256,0,0,0
2671.8112305801737,0,0,0
756.4877870836945,0,0,0
2563.0121822591836,0,0,0
232.85313992786124,0,1,0
927.7629483336635,0,0,0
517.3252293870402,1,0,0
1488.2039100235952,1,0,0
931.1732877899863,0,0,0
682.2378185525532,0,0,0
2441.679432222384,0,0,0
473.3966818182302,1,0,1
248.4359812848594,0,0,0
936.7516022376099,1,0,0
978.2417692311541,0,0,0
578.203053588655,0,0,0
666.7195738244628,0,0,0
3207.7730469487115,0,0,0
1319.3301271420087,1,0,0
117.21017019303996,0,0,0
238.42226730552406,0,0,0
3712.2149997942024,1,0,0
1296.3277191403154,0,0,0
2465.6350592863528,0,0,0
362.20659246152735,1,0,0
1354.279780990558,0,0,0
1251.7729385690568,1,0,0
349.117835860408,1,0,0
800.323400168102,0,0,0
987.2903779180629,0,0,0
656.1053988381135,0,0,0
1755.4972048450802,0,0,0
1788.9775930241758,1,0,0
1901.1316763139614,0,0,0
1626.703961966166,0,1,1
669.5937086359964,0,0,0
480.3583316548578,0,0,0
1780.0855773186022,1,0,0
673.7396480804385,1,0,0
282.8556034518334,1,0,0
707.9431679576317,1,0,0
152.97616208245947,0,0,0
1176.4532663750012,0,0,0
409.3545847611837,0,0,0
301.99575748022573,1,1,0
3135.1954239710485,0,0,0
1500.049998555202,1,0,0
1546.7894703896266,1,0,0
977.4269654393958,1,0,0
1827.4248476648706,0,0,0
1423.6327685622807,0,0,0
913.2296820053595,0,0,0
3247.388522150108,0,0,0
212.69204617434153,1,0,0
2871.3880363073617,1,0,0
513.2254376820987,1,0,0
751.6219546840236,0,0,0
130.95108966480893,0,0,0
776.7623796525106,1,0,1
944.7075724370569,0,1,0
6075.516732365256,1,0,1
3696.6056674408555,1,0,0
3393.1486162813553,0,0,0
428.30607845352444,1,0,0
4740.588929401266,1,0,1
607.8472117853196,0,0,0
1909.4372570660128,0,0,0
243.75446568558172,0,0,0
704.8821257968342,0,0,0
3381.7505861255704,1,0,1
2938.055935746783,0,0,0
1151.1744229181622,1,0,0
1598.5688085003296,0,0,0
194.1027188783929,1,0,0
1278.9066796946654,1,0,0
962.4676853351995,1,0,1
96.0173391089083,0,0,0
120.0895760901523,0,0,0
114.78659942892874,0,0,0
1288.648492361357,0,1,0
152.81930944975093,0,0,0
630.6086664433674,1,0,0
441.58225946482935,0,0,0
799.6286370599843,0,0,0
1225.7975312341794,0,0,0
1154.3021936453167,1,1,1
724.6789546146201,0,0,0
624.2460773562935,0,0,0
507.19156018491043,1,0,1
1979.8492581231499,0,0,0
401.74972600505896,1,0,1
300.2484613750936,1,0,1
1359.9075499786916,0,1,0
445.917579811521,0,0,0
1877.308205718302,1,0,1
397.3313549025476,0,0,0
1210.4766571810612,0,0,0
46.15808772333957,0,0,0
487.0486824865677,0,0,0
420.42166429813284,0,0,0
1696.5151421879214,1,0,0
3412.92801413002,1,0,1
617.8194664523389,0,0,0
1742.0341832999109,0,0,0
1202.9556583189183,0,0,0
3423.013256691244,1,0,1
1666.582578771736,0,0,0
80.6441266170334,0,0,0
1249.2551564061237,1,0,0
766.7931080747687,0,0,0
16.57262845432256,0,0,0
289.43421819693566,0,1,0
2547.913480906099,1,0,1
2604.51989187204,1,0,1
1603.706668437003,1,0,0
4005.2136134021616,0,0,0
1642.7115128169785,0,0,0
10.256606908988907,1,0,1
339.44472651733537,1,0,0
31.102901454281863,0,0,0
98.83515083256897,0,0,0
246.97633038557385,1,0,0
700.2897205273808,0,0,0
1880.8005637254325,0,0,0
1980.2607254237946,0,0,0
957.6385379353653,1,0,0
2633.53574856682,1,0,0
693.2718415102149,0,0,0
2198.5498523241167,1,0,1
605.255827471566,0,0,0
324.6573188452693,0,0,0
2481.866293563737,0,0,0
490.91691660443524,0,0,0
699.9786798940955,1,0,0
398.77846243082035,0,0,0
1087.1905664583535,0,0,0
5304.581949342429,1,0,0
25.844663532682834,0,0,0
2301.066307004623,0,0,0
3.933784182571986,0,0,0
452.9150835371301,1,0,0
184.6524387373003,0,0,0
1416.1013305232696,0,0,0
51.936491465158205,0,1,0
806.2821806540348,1,0,0
349.4527069708528,1,0,0
143.48966791307527,0,1,1
1477.6126523754233,1,0,0
245.15508011346284,1,0,0
253.18430519652452,1,1,1
321.68954027144525,1,0,0
883.7431089308665,0,0,0
1077.8275899112675,1,0,0
17.75929050679421,1,0,0
276.899924108575,0,0,0
563.8236027684984,0,0,0
403.4326032880526,0,0,0
2155.637365203711,1,0,1
1549.7960363490151,1,0,0
983.2059833024016,0,0,0
412.5537976009406,1,0,0
1206.216468947211,1,0,0
1855.5815292982472,1,0,0
903.4494782209373,0,0,0
1534.615577503211,0,0,0
1382.7206002163878,1,0,0
848.0185127021357,0,0,0
374.23278003351015,0,0,0
1369.563733867212,0,1,0
231.67530135556984,1,0,0
1511.8047350225386,0,0,0
1632.4337625708752,0,0,0
1726.7859902816965,0,0,0
640.3952952925192,0,0,0
213.78840716637197,1,1,1
105.05345176906657,0,0,0
1360.0858268529694,0,0,0
2173.85230993837,0,0,0
1052.2203088078613,0,0,0
155.67190675954916,1,0,0
2731.7761769941076,1,0,1
4519.177326949443,0,0,0
568.0639406832615,0,0,0
903.4369203859379,0,0,0
1501.6087863113967,0,0,0
1333.2837443650492,1,0,0
3435.3911394777647,0,0,0
122.03554222276234,1,0,0
869.2279305057897,1,0,0
1177.4328573953264,0,0,0
2208.17007907363,1,0,0
2072.3438120088076,1,0,1
3816.7034420901177,0,0,0
717.6006523190069,1,0,0
1776.442574942173,1,0,1
557.3613203810684,0,0,0
548.7245990834857,1,0,0
292.15655399422855,1,0,0
1705.053217390134,0,0,0
4255.577670284965,0,0,1
296.1736619599498,1,0,0
57.768516643014465,0,0,0
1690.3358550697787,0,0,0
968.1896109983863,0,0,0
3211.3740474700376,0,0,0
290.67216375849915,1,0,0
73.67631241049818,0,0,0
678.1448028460801,0,0,0
89.34065816741972,1,0,1
303.5269435073771,1,0,0
134.64957277690584,1,0,0
253.7731079210096,0,0,0
112.21132095108442,1,0,1
3077.0724768689106,1,0,0
326.5098254743086,0,0,0
586.8028038387986,1,0,0
2288.7986407022945,0,0,0
1131.099080090324,0,0,0
962.4327918431751,1,0,0
1222.690867201636,0,0,0
1765.052830182737,1,0,1
2101.026982915153,0,0,0
1029.010680361092,1,0,1
2207.341048958985,0,0,0
766.5731367174088,0,1,0
324.74842859173083,0,0,0
2120.902981300242,0,0,0
779.7357249480705,1,0,1
2365.9252664875517,1,0,0
40.99681599916152,0,0,0
506.69375759598324,0,0,0
2952.768925927057,0,0,0
287.21563826019377,1,0,0
2839.3483071713645,0,0,0
3076.995717156283,0,0,0
2138.277435144927,0,0,0
829.3519608590848,0,0,0
1041.1157044093654,0,0,0
2037.2789941973467,0,0,0
1495.6498790238804,0,0,0
994.5059526945408,0,0,0
4031.8999244560887,0,0,0
1157.333002382009,0,0,0
3708.3474292810406,0,0,0
59.10103733098739,0,0,0
149.61474860108763,1,0,1
600.4929720003204,1,0,0
485.9370318187387,1,0,0
1526.6367421593109,0,0,0
175.0846383356809,1,1,1
3733.675129569186,0,0,1
378.4326136084838,0,0,0
560.2324665879015,0,0,0
321.23200655909363,0,0,0
865.986517615679,0,0,0
60.417637438174744,0,1,0
162.1395962424956,0,0,0
1369.6248857228431,1,0,0
206.41006947733234,1,0,0
268.55215707051576,1,0,0
1574.9506716444937,0,0,0
97.9449439419269,1,0,0
575.3176086901054,1,0,0
23.3335082633721,1,0,1
425.8832457483701,0,0,0
1200.5832307955666,1,0,1
94.42418010695118,0,0,0
2192.2486189856386,0,0,0
2402.394853091467,0,0,0
110.92080671497767,1,0,1
4681.234757656956,0,0,0
353.1519475495325,0,0,0
87.84991515353215,1,0,1
5.079995854558763,0,0,0
525.1323042822049,1,0,1
993.7388530210121,1,0,0
403.73547963323495,0,0,0
1812.2726255949312,0,0,0
1260.9180958135375,0,0,0
431.03145769641026,1,0,1
1325.423808544004,1,0,0
2821.5728863093736,0,0,0
97.71867630217851,0,0,0
365.4331281942552,0,0,0
622.3643317232259,1,0,1
689.1354936566236,0,0,0
781.3133583723403,0,0,0
357.5709259802866,1,0,0
1100.3928108043283,0,0,0
1035.875555954486,0,1,0
862.327083452763,1,0,0
120.76942741325435,0,0,0
648.1124231037273,0,0,0
440.40892471956056,1,0,0
675.3828445376195,0,0,0
2549.33555152633,1,0,0
654.9488035804193,1,0,1
14.079443676261748,1,0,1
577.7433963395121,1,0,1
1718.4059275748853,1,0,0
1514.4046946991755,0,0,0
720.2924491864096,0,0,0
287.3741370145184,0,0,0
625.6542708939639,1,0,0
829.4302857740415,0,0,0
8959.101412028267,0,1,0
1033.3249265832944,1,0,0
1185.0363365559833,0,0,0
676.1998877523026,1,0,1
437.7138810379709,0,0,0
1676.3952693828628,0,0,0
683.0628474760439,0,0,0
5238.187919456274,0,0,0
610.8680357644233,0,0,0
70.42276863948636,0,0,0
1147.5235920083555,0,0,0
47.76421410832505,1,0,0
288.3510920417588,0,0,0
436.55067580811664,1,0,1
1345.0894087232627,1,0,0
681.6849761491578,0,0,0
29.064233810239564,0,0,0
959.3283334043015,0,0,0
530.070010532739,1,0,1
2548.927032761308,1,0,0
692.2721857600421,0,0,0
1234.3466063146327,0,0,0
247.01175961643094,1,0,0
1431.1811245131419,1,0,0
1276.383332509937,0,0,0
2344.2585805702674,0,0,1
34.406825911279206,0,0,0
593.3031082470465,1,0,0
1136.798393760581,1,0,1
100.00145674472387,0,0,0
528.6571091925317,0,0,0
2849.843107380911,1,0,0
572.584883326817,1,0,0
4227.061439611823,0,0,0
58.518343975120075,0,0,0
1265.2447594496969,0,0,0
869.9231098066697,0,0,0
694.2271177465009,0,0,0
3535.211227277301,0,0,0
138.86030953303765,1,0,1
2263.3542999003494,1,0,0
1175.192334474794,0,0,0
299.74935450931173,1,0,1
2319.4174214481322,1,0,0
560.882696381899,0,0,0
1683.2315466983043,1,0,0
492.3907893927941,0,0,0
1903.3448353507501,1,0,0
1012.3312540374287,0,1,1
152.04064669473868,0,0,0
1048.8601972120475,0,0,0
212.38261184284127,0,0,0
530.8967545260759,0,0,0
186.68576722413584,1,0,0
22.262087270324354,1,0,0
238.11321401957366,0,0,0
768.6728236170926,0,0,0
656.9328431391172,1,0,0
696.1458631901236,0,0,0
284.6026566520804,0,0,0
1155.694519125736,1,0,0
1218.2857029835413,1,1,1
443.11686059726145,1,0,0
2130.0621232245703,0,0,1
1032.8897655251076,0,0,0
1248.4099201780532,1,0,0
324.81631667134303,1,0,0
0.6118222806742291,1,0,0
2005.2666902353974,0,0,0
1728.3587584126371,1,0,0
131.4671110552142,0,0,0
468.5728692012983,0,0,0
1082.75658254713,0,0,0
1055.8714051833872,1,0,1
1968.6183840772228,0,0,0
151.1347542144051,0,0,0
562.0132180998463,1,0,0
102.28128128803105,0,0,0
493.6330147018012,0,0,0
15.222725574830335,1,0,0
2285.4631644851747,1,0,1
748.7529113676345,0,0,0
1895.8025917118134,1,0,0
61.774026945570974,0,0,0
258.06904575538704,1,0,0
300.2675992838239,1,0,1
488.8871982558968,0,0,0
1623.8734674914188,1,0,0
488.6693529915397,0,0,0
228.97744750054375,0,0,0
67.19833299772372,1,0,0
82.82931403922983,0,0,0
1427.313066490529,0,0,0
588.4322571178742,0,0,0
1295.2884203673314,0,0,0
1146.6072026884278,1,1,1
145.44489080496805,1,0,0
154.18660369682453,0,0,0
1407.8940250909693,0,1,0
1277.5055852148594,0,0,0
474.8646518945145,0,0,0
80.5836392278766,0,0,0
12.17179840152656,0,0,0
339.8978265067291,0,0,0
9.265062026591766,1,0,0
261.4590817038624,1,0,1
543.866752972202,1,0,0
129.44349127542225,1,0,1
110.12491164623947,0,0,0
2267.579363095358,1,0,0
880.6100006827411,1,0,1
2725.0288271167774,1,0,0
424.3821582356716,0,0,0
1130.5517788468053,1,0,0
229.02540885026346,1,0,1
963.2259503793915,0,0,0
138.78600826529296,1,0,0
2.082806713073223,0,0,0
2681.3858956677213,0,0,0
809.4436680709495,0,0,0
2616.4833294059363,0,0,0
406.21267301830306,1,0,0
397.17863965975397,0,0,0
511.9178896930101,0,0,0
1224.3149225789678,1,0,0
834.2699070101288,0,0,0
2595.010491907969,1,0,0
25.7701165500699,1,0,1
1231.6727224027356,0,0,0
400.9667748467677,1,0,1
198.73592056933305,0,1,0
714.1576068928201,1,0,1
703.3263816454988,1,0,0
147.35336745710939,1,0,1
225.51643454226667,0,0,0
524.5268329606106,0,0,0
525.6202133103708,1,0,1
382.07794180752575,1,0,1
160.80880613379435,0,0,0
4.383271615356527,0,1,1
3514.4241697423495,0,0,0
2873.501007363863,1,0,0
660.9711832043665,0,0,0
5308.721962114954,1,0,1
1119.7981243497509,1,0,0
71.3429925818546,0,0,0
125.24377183140429,0,0,0
2478.2589214144577,1,0,1
994.3933701884462,0,0,0
1852.6797546892915,0,0,0
2285.42959010342,0,0,0
594.1021861979564,0,0,0
49.74286700221885,0,0,0
208.60025569818177,1,0,0
68.89139160310378,1,0,0
209.16649418362994,1,0,0
528.5364154516374,0,0,0
125.78638904849443,0,0,0
182.40145735233116,0,0,0
590.2689509555464,0,0,0
415.7744932521718,0,0,0
630.4693723279992,0,0,0
560.6673892526759,0,0,0
1034.1682200594605,0,0,0
2767.6338001798267,0,0,0
114.13707102025825,0,0,0
104.53879703794735,0,1,1
1916.0045891123489,1,0,1
706.0231302634452,0,0,0
1454.166533261194,0,0,0
242.60916250598083,0,0,0
1765.2883795589942,0,0,0
2575.0058696018355,1,0,1
1009.182132038732,0,0,0
111.91419022767933,1,0,0
2256.6066318292687,0,0,0
1572.5647958559173,1,0,1
1389.8116455769743,1,1,1
37.419652499330944,1,0,1
1604.2639467935135,0,0,0
148.44317753004566,1,0,0
251.52524846934838,0,0,0
860.7019093063307,0,0,0
307.85862081469105,1,0,0
1082.7828567515207,1,0,0
936.6731688601491,0,0,0
114.45687124435291,1,0,0
1067.1560050403523,0,0,0
2576.428822846555,0,0,0
175.67557654949783,1,0,0
908.9726270002938,0,0,0
418.3457666650203,0,0,0
615.4672715260925,0,0,0
338.2741097305233,1,0,0
437.15801909789843,0,0,0
29.338004583695394,0,0,0
3992.785108987646,0,0,0
980.2958541548552,1,0,0
694.5593582013555,1,0,0
484.0463272146152,1,0,1
775.1700582621212,1,0,1
478.2067812299476,0,0,0
446.1432496846149,0,0,0
623.5213872913396,0,0,0
322.94045271518246,0,0,0
198.51179419352582,0,0,0
813.2962840541504,1,0,0
1850.0165513378734,0,0,0
165.85174507560117,0,1,1
33.28209592720817,0,0,0
283.4400759931017,0,0,0
3898.151829254172,0,0,0
1764.6779488977145,1,0,1
906.0089052999747,0,0,0
2648.587410323832,0,0,0
589.2902049592319,1,0,1
4091.185711160051,0,0,0
351.4060562512934,1,0,0
274.8392286415747,0,0,0
1016.2442283617352,1,0,0
475.0627537829578,0,0,0
984.4773444829988,1,0,0
363.8369849527921,0,0,0
962.1207059324842,0,0,0
322.6134791910686,1,0,0
52.31704858076584,0,0,0
2431.963998262346,0,0,0
2147.336746167655,0,0,0
3533.5231906435174,0,0,0
1260.6390200966584,1,0,0
1147.9743261921465,1,0,0
818.7173651804546,0,0,0
134.60902031675477,0,0,0
209.77741610409666,1,0,0
341.7436703881038,0,0,0
2208.697402387871,1,0,0
189.9137340969932,0,0,0
2562.3041275117853,1,1,1
739.7896919953498,0,0,0
1257.2668197799187,0,0,0
116.80855812951192,0,0,0
313.3877146438281,1,0,1
3182.510342216189,0,0,0
309.4505586073348,1,0,1
351.71827766075495,0,0,0
220.1447831685851,0,0,0
138.1978812595392,1,0,0
265.60444206808353,0,0,0
1028.1358157244892,0,1,0
607.644452432139,0,0,0
806.8890246021584,1,0,0
130.52429421297776,0,0,0
1620.0765382805755,0,0,0
1532.9153960463034,0,0,0
21.826383074721367,0,0,0
483.7214408791111,0,0,0
71.24963245512116,1,1,0
1570.7258835183168,0,1,1
1336.627184022383,1,0,0
2322.6663208859595,0,0,0
269.7163717342342,1,0,1
609.3500829034369,1,0,0
203.93899150660252,0,0,0
463.997596780291,0,0,0
738.6535705128188,1,0,1
54.805549708381506,0,0,0
1254.8115026803268,0,0,0
783.7140206246393,1,0,0
1765.8520857599906,0,0,0
317.1527668775105,0,0,0
2336.360155455216,1,0,1
6640.98001149555,0,0,0
2516.997352935276,0,0,0
1504.5936712722137,0,0,0
1673.276960253678,0,0,0
852.7157432488556,1,0,0
210.91100357233853,1,0,0
1130.2289239027853,0,0,0
1247.4128133433294,1,0,1
4225.716477995308,0,0,0
779.3617469194737,1,0,0
316.58786858264284,0,0,0
1150.9772783986764,0,0,0
3881.291088954962,0,0,0
195.05902493041944,0,0,0
394.5220798484898,0,0,0
780.6262023824083,0,0,0
186.5882078766467,1,0,0
22.471237180578328,1,0,1
410.9548327722436,1,0,0
2005.2309573702098,0,0,0
44.44145282604493,0,0,0
560.2418371429444,0,0,0
1436.3285450506808,0,0,0
3061.5002843031366,0,0,0
4231.91144680614,0,0,1
548.1284369875103,0,0,0
3003.4478497905798,1,0,1
36.06144112485674,1,0,0
1370.0940496678827,0,0,0
1029.3083625377863,1,0,0
287.04475236491487,0,0,0
707.8923597204356,0,0,0
138.74925374199816,0,0,0
2052.582699121674,1,0,0
443.00824263487067,0,0,0
983.6183936259106,0,0,0
172.8976452124425,0,0,0
230.87945217519112,0,1,0
4822.8749049954895,0,0,1
1398.7167786058367,1,0,0
3269.4291240163766,0,0,0
350.7655321176108,1,0,0
179.80019005604746,0,0,0
699.3030158529232,0,0,0
682.540198472849,1,1,0
192.3070629404474,0,1,1
1321.329316886517,0,0,0
449.06836431401223,0,0,0
206.24370031639737,1,0,0
403.4422472863268,1,0,0
829.3305428581837,0,0,0
1296.3473818916202,0,0,0
657.5694142284581,1,0,0
745.69387028435,0,0,0
149.5979843570509,0,0,0
2461.4744375087703,1,0,1
2641.1983919428767,1,0,0
1150.2001224849935,0,0,0
17.788693735159782,1,1,1
770.1885312719857,0,0,0
992.143611886948,1,0,1
5231.448367729951,0,0,0
5538.341393478569,0,1,1
1949.1941828751392,0,0,0
65.95925472961044,0,0,0
3063.505691278365,0,0,0
948.4556384739667,1,0,0
1613.8816235055997,0,0,0
522.8861431395591,1,0,0
385.17652719273485,0,0,0
622.2119349400353,1,0,0
158.84862972994475,0,0,0
441.7134196823773,0,0,0
1949.238179187227,0,0,0
38.68936005766084,0,0,0
163.5524596703717,0,0,0
133.6641553222259,0,0,0
515.9647107823519,1,0,1
5804.78612553551,1,0,0
190.38348322184942,1,0,0
157.2184718921503,0,0,0
2465.7598819459668,1,1,1
2137.4988560627357,0,0,0
32.77153865325358,0,0,0
1393.1415907001951,0,0,0
1065.5616331835818,0,0,0
1459.9013320073777,0,0,0
682.2120967073333,0,0,0
4753.579531165468,0,0,0
44.837356464066346,1,0,0
267.0583266843636,1,0,0
505.0854418013333,0,0,0
597.4333396299236,0,0,0
2542.968941596475,1,0,0
820.990470476424,0,0,0
46.160170931939156,1,0,1
524.0171901857593,1,0,1
538.6943961464217,0,0,0
3366.533335455087,0,0,0
914.2854713064539,1,0,0
1009.6432747876611,1,0,0
1249.1550940878888,0,0,0
1469.8469224188257,0,0,0
1007.997853552117,1,0,0
270.75199984797,0,0,0
2071.8378379733517,1,0,1
1317.2154148704972,1,1,1
1354.2938242700004,1,0,1
5671.336359692141,0,0,0
1622.151057405541,1,0,0
1766.9775132444545,0,0,0
3024.2452464949592,0,0,0
163.85393769408387,0,0,0
688.6122319572444,0,0,0
868.8515360201528,1,0,0
399.3971492976371,1,0,0
1828.8592989471724,0,0,0
1437.2492775878059,0,0,0
1276.1244971690278,0,0,0
5860.239727938311,0,0,0
300.2694601415962,1,0,0
1329.7524213681984,0,0,0
801.6336322152889,1,0,0
375.40524087775196,1,0,0
175.05228694112165,0,0,0
2262.248051893146,0,0,0
904.9934934288153,0,0,0
1742.5913058852825,0,0,0
788.2163542119848,0,0,0
248.43197595329633,0,0,0
411.80840398770977,1,1,1
480.52089021066547,0,0,0
3609.506971127496,1,0,0
5.649205135433143,0,0,0
4245.1225476979425,0,0,0
3935.3753160035067,0,0,1
5559.887484269049,0,0,0
647.3867039665716,0,0,0
3318.943970438469,1,0,0
503.5176949276642,0,0,0
26.646321522492894,1,0,0
254.0502640327041,1,0,0
2905.8229235993217,1,0,0
13.860305118482037,1,1,1
789.6451634536807,0,0,0
78.61211942228847,1,0,0
337.4279029234301,1,0,0
92.2171040818984,1,0,1
1962.7515199495563,0,0,0
894.2130221097551,0,0,0
2323.8747757361075,1,0,1
1165.884782233462,1,0,0
3541.464479562825,1,0,0
713.1002348809321,1,0,0
1018.0759292809007,0,0,0
858.7504379199725,0,0,0
662.1533491385137,1,0,0
1870.538850484142,0,0,0
1034.3007373591295,1,0,0
1616.0208568225314,1,0,0
1543.4813500162884,0,0,0
212.0121862942753,0,0,0
1050.2894694520164,1,0,1
222.7036720519473,0,0,0
875.4378856148697,0,0,0
1131.4496344038278,1,0,1
5890.740534971159,1,0,0
31.01810399882772,1,0,0
95.6768805559209,0,0,0
80.15496837670084,0,0,0
508.0981571316231,1,0,0
1723.6618226559349,0,0,0
1858.260444557497,0,0,0
1335.523667004454,0,0,0
2271.8448707481766,0,0,0
389.87715031599254,0,0,0
92.28486935187388,0,0,0
59.912467697602224,0,0,0
1911.4401617276408,1,0,0
1310.9505319801033,0,0,0
1199.3677771287498,0,0,0
415.0251680236312,0,0,0
477.8828910508072,0,0,0
3172.7923896180473,1,0,1
65.93121752692862,1,0,0
1486.0339789429047,1,0,0
370.53240762636165,1,0,1
39.8377066036583,1,0,0
1357.0078706798242,0,0,0
401.83951703127127,0,0,0
1280.6649490920017,0,0,0
1229.8185571806314,0,0,0
765.2596459950903,1,0,0
1502.2581340861088,0,0,0
869.9758290457412,1,0,0
337.7646654352076,0,0,0
1324.69252682072,0,0,0
889.5023069791476,0,0,0
12.808967370769603,1,0,0
2319.1635368175102,1,0,0
788.8734072132486,1,1,1
2029.7166943069276,1,0,0
2143.33463046884,0,0,1
588.7270890855151,0,0,0
708.5857370411726,1,0,1
537.4338155196567,1,0,0
596.8134798374443,0,0,0
2255.197425880441,0,0,0
1551.8485463158943,0,0,0
135.2765445917234,0,0,0
942.3980348637705,1,0,1
5498.389224677165,1,0,1
905.2288933124482,0,1,1
1541.1795634105627,0,0,0
1465.6037224093711,1,0,0
431.2715367901506,1,0,1
464.97517745345806,0,0,0
1287.631342151191,1,0,1
693.1142443120198,1,0,0
845.2981823808627,0,0,0
1247.9448605184061,1,0,0
1503.1654344161116,0,0,0
316.7904095880519,0,0,0
158.75397810902209,0,0,0
345.02118034352856,0,0,0
708.3386388437667,0,1,0
418.7651386513849,1,0,0
840.1697630546017,0,0,0
54.948095703318906,1,0,0
712.8406535057629,1,0,1
458.842003692759,0,0,0
765.0014739258318,0,0,0
549.1045956307931,0,0,0
334.3905956325292,0,0,0
2344.5317348768367,0,0,1
204.27884954317787,0,1,0
1143.710838317828,0,0,0
2585.541184937081,0,0,0
773.6415695445669,0,0,0
2090.773414144501,1,0,1
133.36166809515615,0,0,0
680.8012467165673,0,0,0
610.6925171871519,0,0,0
8.151944027944447,0,0,0
585.6521590282916,1,0,0
460.49657505302883,0,0,0
1108.0528946101804,0,0,0
2785.9540995282096,0,0,0
89.69616500472127,0,0,0
396.71805543056877,0,0,0
587.1034256728616,0,0,0
607.3096853630611,0,1,0
1490.8095490223818,0,0,0
585.9006430601553,1,0,0
27.53698798339056,0,0,0
1238.2333673102978,0,0,0
2161.3433343105694,1,0,1
721.3506095872098,1,0,0
870.1433942738008,1,0,0
177.85527227080726,1,0,0
249.28983659485132,0,0,0
268.1020047235587,0,0,0
563.4214764324254,1,0,0
2633.108153646751,1,0,1
737.6943689966258,0,0,0
213.3140757852282,0,0,0
309.3657886686466,1,0,1
484.53271465404214,0,0,0
976.1972657614501,1,0,0
579.8776987983042,0,0,0
498.31231641041745,1,0,1
831.7855353138417,0,0,0
276.8542322730123,0,1,0
82.1902239033698,0,0,0
24.717285587525062,0,0,0
289.3623679807923,0,0,0
96.06169968357734,1,0,0
409.98627096069487,0,0,0
1482.512530605034,0,0,0
1259.8179531824453,0,0,0
943.9898929997676,1,0,0
1913.9287566238243,0,0,0
331.3798989716177,1,0,0
2163.2906775444453,1,0,0
509.55837651171385,1,0,0
512.3155970027349,0,0,0
519.7849953844496,1,0,0
103.24538328489207,0,0,0
3708.694413393228,0,0,0
149.08809051481612,0,0,0
416.8583520307001,0,0,0
384.6340691126775,0,0,0
77.61504239038132,0,0,0
165.18144745725203,0,0,0
45.89561042966472,0,0,0
345.88266714136483,1,0,0
2014.8299534285302,1,1,1
414.6706580716245,1,0,1
132.03746003187533,0,0,0
1037.59396097742,0,0,0
5684.2481347901485,0,0,0
264.38723568616473,0,0,0
327.9084185315869,1,0,0
3570.1032862047227,0,0,0
196.95971888951803,1,1,0
715.8306511198324,1,0,0
273.9792307078105,1,0,0
2693.4359794705415,1,0,0
3991.121115590344,0,0,0
1685.7675220131835,0,0,0
378.02089315671975,1,0,0
516.6550406495209,0,0,0
277.4752512824214,0,0,0
2214.1893722329905,0,1,0
2459.920745829208,1,0,0
542.7819345914984,0,0,0
1068.6644453254958,1,0,0
180.98626442338286,0,0,0
570.8161035865065,1,0,0
998.3121431317971,1,0,1
486.7887033598357,0,0,0
442.54337800374924,0,0,0
0.9994915922931805,1,0,0
1631.1390059406785,1,0,0
2201.271262325597,1,0,1
3488.833557115844,0,0,0
1270.3668594819112,0,0,0
795.8275407561237,0,0,0
313.73111498267167,0,0,0
7263.681879426066,1,1,0
890.9955070668706,0,0,0
1143.0472782341924,1,0,0
1146.981951419907,0,0,0
1865.9559717314912,0,0,0
9.719621703959016,1,0,1
248.77799972041785,1,0,0
1095.220049333437,1,0,0
2255.1838627046445,1,0,0
1156.2587170826985,1,0,0
533.5677627357213,1,0,0
448.7205232936324,1,0,0
1339.2123532412675,1,0,0
1351.8453882370243,0,0,0
934.0932416291699,1,0,0
344.55867767033817,0,0,0
2592.33354414375,0,0,1
802.6940961267544,0,0,0
1562.9950545973716,1,0,1
241.19075452553997,0,0,0
421.65666973751894,1,0,0
2076.0833179294123,0,0,0
51.40596382921729,0,0,0
718.0862115850028,0,0,0
657.2116265686055,0,0,0
1391.2272635341624,1,0,0
331.13776906618796,1,0,0
247.26569216214415,0,1,1
2605.4869174913238,0,0,0
847.953930123647,0,0,0
110.58476976649602,1,0,0
214.47642239071598,0,0,0
6747.38925242874,0,0,0
217.66980495049603,0,0,0
942.8285436417361,1,0,0
544.9480256818051,0,0,0
2168.0462879159513,0,0,0
1407.1854371264455,1,0,1
908.6981194982393,1,0,0
10.79706084381293,1,0,0
2118.558386573196,0,0,1
588.188193013432,0,0,0
2682.055797457077,1,0,1
684.2647719193078,0,0,0
1184.90407104425,0,0,0
71.81038996697245,0,0,0
1367.086630452512,1,0,0
412.4837280660035,1,0,0
432.8758961275573,1,0,0
126.30708767999118,0,0,0
158.8282761569052,0,0,0
205.49895703220832,0,0,0
397.8037840006445,0,0,0
2225.345505244567,1,0,0
459.27773898695176,0,0,0
1288.6694317374584,0,1,1
86.37249445295193,1,0,0
894.281715132586,0,0,0
657.5700805226049,1,0,0
3814.803148151149,1,0,1
1872.1527425558097,1,1,1
606.6571889389053,1,0,0
1492.2895850305633,1,0,1
214.47961842436348,0,0,0
826.3045343269309,0,0,0
77.54979443154629,1,0,1
427.8472789128864,0,0,0
256.00536132351925,1,0,0
1269.0797192360633,0,0,0
673.5223949871802,0,0,0
1390.5854701653282,0,0,0
724.215723407303,0,0,0
90.45487227641297,1,0,0
1329.413773748576,1,0,0
1791.1352480214905,0,0,0
2338.5359075905103,1,0,0
848.6132642005724,0,0,0
1400.739629443143,1,0,0
1394.5053265523306,1,0,0
169.30633520236879,0,0,0
179.39068096114298,0,0,0
73.5233032080609,1,0,0
385.535481730094,1,1,1
641.5202585403056,1,0,0
6164.79595865583,1,0,1
563.8631438138409,1,0,1
1295.5129242722421,0,0,0
1182.2016135455835,1,0,0
228.76174164470936,0,0,0
60.28852671774679,0,1,1
789.6729522707225,1,0,0
1204.9919645415757,0,0,0
6349.162978205902,0,0,0
444.11922336697944,1,0,0
2266.8759427933196,0,0,0
481.1575327866237,1,0,0
1169.2870651484254,1,1,1
911.9325687708379,0,0,0
54.43379249092687,0,0,0
81.63143157840335,1,0,0
20.982694821006586,0,0,0
463.3602805844519,0,0,0
1369.6380459867135,1,1,1
189.65485258937076,1,0,0
931.0312626066866,0,0,0
340.8406563314396,1,1,1
1594.5129655219903,1,0,0
1601.450640799664,0,0,0
1493.498864618421,1,0,0
744.0900390970523,0,0,0
334.86691994359444,0,0,0
1657.8093946258964,1,0,0
205.91846107724734,1,0,0
342.15177756295776,0,0,0
203.27684048395005,1,0,0
1121.502769266254,0,0,0
1159.1142576258842,0,0,0
1057.0193706116304,0,0,0
537.1721091441086,0,0,0
105.55054171322607,0,0,0
2421.02617090674,1,0,0
708.729890828677,0,0,0
522.5139922322118,0,0,0
888.7361047288715,1,0,0
214.17196142411345,0,0,0
142.19599825776663,1,0,0
520.0769884071702,0,0,0
257.76177452196237,0,0,0
280.0979640276975,1,0,0
2230.3713001807705,0,0,1
756.639160842244,0,0,0
660.6200973919648,0,0,0
1169.505659087267,0,0,0
3027.1840080026204,1,0,1
119.00716963212861,0,0,0
1792.9676013814421,0,0,0
877.1161252353155,0,0,0
158.01772667135663,0,0,0
352.6108118500502,1,0,1
658.4779954220637,1,0,0
1174.9874498962442,0,0,0
277.873028085286,0,0,0
765.4572954505061,0,0,0
1154.140730484889,0,0,0
595.5500738539137,0,0,0
1987.963868338441,0,0,0
2036.0687131190778,1,0,1
636.1833078516265,0,0,0
3609.1707249951696,1,0,0
78.5942739328977,0,0,0
3.3680438201914975,1,1,0
479.1142270805185,1,0,0
919.0371532704087,0,0,0
992.0928699120504,1,0,0
647.1145984442346,0,0,0
133.39804521927869,1,0,0
186.92918175862545,1,0,0
1911.5433963343482,0,0,0
2024.2803385235745,1,0,0
1120.5467124824727,0,0,0
1091.2930565538388,0,0,0
910.5127765234673,0,0,0
226.8076129243911,0,0,0
559.0546708458963,1,1,1
1190.3810963685762,0,0,0
770.5732373262962,1,0,0
18.755116863053185,0,0,0
3069.5253631059463,1,1,1
1863.1441081039702,0,0,0
301.84186969108043,0,0,0
958.308584810372,1,0,1
2567.063579320772,1,0,0
100.9381002058059,1,0,0
699.2245721432523,0,0,0
609.2528706316928,0,0,0
527.9802690451302,0,0,0
1805.3835097879517,0,0,0
479.07851647461234,0,0,0
65.7801804679766,0,0,0
68.10513224866648,0,0,0
43.685054297026994,1,0,0
526.1853525545106,1,0,0
1267.2899479096675,0,0,0
227.80748799115167,0,0,0
1039.7827464973104,0,0,0
1161.834786875709,0,0,0
294.64240481657646,1,0,0
917.6858447432842,1,0,0
1154.764759312129,1,0,1
628.5092071219038,0,0,0
410.55292504635935,1,0,0
965.3537561491294,0,0,0
3809.7862935313906,1,0,1
556.5928280818662,0,0,0
497.1447950048315,0,0,0
624.1191942182726,0,0,0
79.27959181932248,0,0,0
805.5620300060716,0,0,0
398.53525592116165,1,0,0
129.45072682786628,0,0,0
627.8403442471584,1,0,1
3.3897252065049206,1,0,0
513.8054676988987,1,0,0
111.75342675612023,0,0,0
24.592638572714947,1,0,0
1739.974059542765,0,0,0
2479.904819216481,0,0,0
232.78317399553367,1,0,1
775.0044385087543,0,0,0
325.6721876563763,1,0,0
680.3838567594925,0,0,0
573.821017726585,0,0,0
313.4116644628419,0,0,0
1205.2855977799613,1,0,0
135.23679951339406,1,0,0
54.533044263182376,0,0,0
1459.6198894693603,0,0,0
1096.4048205816164,0,0,0
690.2037649537288,0,0,0
630.7166994142195,1,0,1
687.9832953773232,1,0,0
574.5184156976545,1,0,0
499.04906681126033,0,0,0
692.5285777063906,0,0,0
751.8683537990642,0,0,0
1177.3383842276528,0,0,0
1242.0456670562583,0,0,0
474.2190297996961,1,0,0
533.6517057623695,0,0,0
467.9212704385042,0,0,0
769.0260784558658,0,0,0
603.9530071141633,1,0,0
2203.6131088424686,1,0,1
1191.9166622717057,0,0,0
2289.238395284932,1,0,0
1234.9028840261642,0,0,0
3540.1887450811396,0,0,0
1009.8785360213824,0,0,0
3311.817611016264,0,0,0
172.1770551805857,0,0,0
53.90478645011846,1,0,0
865.419841545805,0,0,0
4103.983213118869,0,0,0
540.6067919314526,0,0,0
238.31221880201718,1,0,0
737.18569502507,1,0,1
1046.395500881716,0,0,0
378.5973441185049,0,0,0
1254.457157570966,0,0,0
3693.4702575741007,0,0,0
2272.668313189619,0,0,0
344.72572607062307,0,0,0
395.59945877789755,1,1,1
464.4848449083039,0,0,0
501.7878847651961,1,0,0
105.71557778856871,1,0,0
1435.328478378473,0,0,0
454.6646962670138,1,0,0
2118.7644662458883,0,0,0
2616.4827865332322,1,0,0
24.734705516646603,0,0,0
4465.675229529305,0,0,0
1237.9527435572365,0,0,0
734.7866466043563,0,0,0
493.5222090134133,0,0,0
730.8867070402097,0,0,0
392.48677812421977,0,0,0
974.6823538230171,1,0,0
97.5910831770794,0,0,0
970.5426167665405,0,0,0
322.0593926507306,0,0,0
17.792175243329275,0,0,0
804.5386596679575,1,0,0
863.8115610662333,0,0,0
556.11767172965,1,0,0
75.03203402159956,0,0,0
2238.13675846246,0,0,0
945.2840226592633,1,0,0
122.97394717086611,0,0,0
715.2508294289564,0,0,0
687.6708350474205,0,0,0
62.303015123289725,0,0,0
933.5887425303682,0,0,0
1651.9613479676962,0,0,0
1382.3344290045598,0,0,0
226.86222472272814,1,0,0
1982.62362311569,1,0,0
419.37464726703337,1,0,0
2928.230240931487,1,0,1
74.45199279588331,1,0,0
665.9381047643263,1,0,0
909.1273929030802,0,0,0
284.5537686666115,0,0,0
1475.6948678604283,0,0,0
985.8972196495007,0,0,0
18.2754201046906,0,0,0
937.4341639228227,0,0,0
676.2472609060193,0,0,0
218.19233098952785,1,0,0
5460.419220570255,1,0,0
2274.602238971034,1,0,0
346.02852589005994,0,0,0
778.8595924035566,1,0,0
380.53175363545625,1,0,1
1493.8606483088477,1,0,0
2664.006041365351,1,0,1
444.45847389325553,0,0,0
1637.7563673142513,0,0,0
689.9673270835149,1,0,0
505.139423076574,0,0,0
2787.4482132415887,0,0,0
714.1761244618856,0,0,0
630.0043208876469,0,0,0
1116.0669446124432,1,0,1
302.77432439004747,0,0,0
392.73577708953803,0,0,0
2688.921863420872,1,0,0
1134.8505714547946,0,0,0
1752.3684692532759,1,0,0
316.23486727983783,0,0,0
784.8024654828968,1,0,0
3554.2180448312365,0,0,1
383.7582641430321,0,0,0
174.92078179344566,0,0,0
715.159704658647,1,0,1
490.7307005075954,0,0,0
173.85021945334358,0,0,0
2194.191625717736,1,0,0
4680.315216877456,0,0,0
840.6782401082303,1,0,0
1490.2193226718869,1,0,1
1959.267550078384,0,0,0
1207.251526873219,0,0,0
45.160610542834206,1,0,0
171.54095492917526,0,0,0
73.63490530744393,0,0,0
9.928733794863351,1,0,0
365.278143787333,0,0,0
498.1660297837238,1,0,0
275.79267539190096,0,0,0
66.7860027922,1,0,0
754.7313306043268,0,0,0
319.2681275904058,0,1,0
1589.817433410039,1,0,0
8.085219097479728,0,0,0
1848.5015896749417,0,0,0
3095.6339148145257,1,0,0
1259.2567284267425,1,0,1
1322.921764142439,0,1,0
2711.4907871772466,0,0,0
234.54743575642365,1,0,1
5215.000310070557,0,0,0
1484.927350211097,1,0,0
1296.7122219081432,0,1,0
447.9925858185906,1,0,0
789.1680807585299,0,0,0
1061.0789260018867,0,0,0
968.4867001734951,0,0,0
1220.7278510407132,0,0,0
85.97381262219753,0,0,0
439.5107900813717,0,0,0
569.1612300995855,1,0,1
301.9558571150249,0,0,0
189.49998448907044,1,0,0
149.5765503578824,0,0,0
456.31122710919374,1,0,0
680.1158593753637,1,0,1
65.04685313949851,1,0,0
2927.290653001512,0,0,0
1449.205717680634,1,0,1
1312.493022090748,0,0,0
189.78194641159965,0,0,0
925.838083165272,1,0,1
754.4375358961906,0,0,0
4043.775740042724,0,0,0
1377.0245393056643,0,0,0
857.460386376752,0,0,0
1902.5524907286856,0,0,0
168.5302209973628,1,0,0
15.333489073004891,0,0,0
1171.9359533490533,1,0,0
103.4861181469709,1,0,0
122.65774273982106,0,0,0
1365.2404637515888,1,0,0
315.4436765657947,1,0,0
990.559681977305,0,0,0
2493.8294529726936,0,1,1
380.4913618266823,1,0,0
244.80670957111823,1,0,0
112.67932597639425,1,0,0
139.79365851079504,0,0,0
64.24277327937956,0,0,0
91.72323729392183,0,0,0
565.6419391829756,1,1,1
386.93541568516986,1,0,0
1226.0848650098928,0,0,0
2042.0814680354842,1,0,0
1536.0629377327407,0,0,0
756.3793695410908,1,0,0
108.0776662510836,0,0,0
1237.0722086407943,1,0,0
450.7167815713891,0,0,0
89.54227947627614,0,0,0
1848.1165559201181,0,0,0
412.81684177299735,1,0,0
246.21878921590766,1,0,0
2051.453406222577,0,0,0
2324.1547387075825,1,0,1
413.9573208775933,1,0,0
438.1971324876463,1,0,0
866.6165004719742,0,0,0
1322.1615240509425,0,0,0
65.23124304798904,0,0,0
899.7868167742167,0,0,0
3053.786514532537,1,0,1
303.9386944274926,0,0,0
2394.998826617723,0,0,0
2999.1047692920274,0,0,0
313.5520204901125,0,0,0
1403.2446729504168,1,0,0
272.82631214896793,1,0,1
1337.927759905851,0,0,0
1596.6202669959114,1,0,0
283.96326740100045,0,0,0
1258.3217927113305,1,0,0
1671.8695285973663,0,0,0
444.06905198950506,0,0,0
183.56566155912324,1,0,0
96.47187836414379,1,0,0
856.5646397556908,0,0,0
3821.1827698519837,1,0,1
1731.324907950377,1,0,0
572.4167397674352,0,0,0
769.209775586389,0,0,0
327.8485671531855,0,0,0
178.00990616518447,1,0,0
657.9367251217197,1,0,0
622.6916361461857,0,0,0
737.9980149754003,1,0,0
3053.458542888573,1,0,0
926.0767090996704,0,0,0
930.8254424278589,0,0,0
136.9942532528461,0,0,0
5651.816267119316,0,0,1
1482.1224296379696,1,0,0
2097.2254956757633,0,0,0
534.9482690298851,0,0,0
697.4124554974007,1,0,0
738.3198948387779,0,0,0
215.78883775901198,0,0,0
1169.5364549557887,0,0,0
2332.804366558567,0,0,1
178.7748356180427,1,0,0
90.27298861518574,0,0,0
1340.2466417897383,1,0,1
319.10646265176945,0,0,0
977.8006215956478,0,0,0
1189.9329525588205,0,0,0
388.47638256656074,1,0,0
1688.181367225316,0,0,0
798.4832123268753,0,0,0
2032.553436339311,1,0,0
1440.9345239609584,0,0,0
2029.3237413994984,0,0,0
20.367396508544008,0,0,0
279.0610217147331,1,0,0
94.31940527407876,1,1,1
583.5451039941198,0,0,0
2206.912448118288,0,0,0
630.2479941479629,0,0,0
1895.2087762784197,1,0,0
396.27482545309584,0,0,0
414.86425119318085,0,0,0
2259.1591029529272,1,0,0
554.8073733079173,0,0,0
1559.5316465506664,0,1,0
270.0301849429952,1,0,0
2972.031951709289,1,0,0
854.6742410179522,0,0,0
1424.3018558065605,0,0,0
93.77862301078765,0,0,0
678.5822181308499,0,1,1
2313.0243704757713,1,0,1
2095.885030198668,1,1,1
47.945176368138505,1,0,0
361.9724784563411,0,0,0
585.7647220692718,0,0,0
189.061999852706,0,0,0
